account_id,rating_region,industry,covered_lives_2025,annual_premium_2025,risk_score_2025,risk_band,renewal_month,account_status,prior_renewal_rate,prior_rate_mean,prior_rate_last,paid_claims_2025,process_cv
ACC00001,R24,Retail,113,684580.32,0.717,0.50–0.99,1,Active,1.0,3.3333333333333335,-10,315973.42,0.24580198084832697
ACC00002,R47,Financial services,76,499477.76,0.7489,0.50–0.99,5,Active,1.0,5.0,10,695337.76,0.4560749563864018
ACC00003,R04,Financial services,349,1814285.13,0.2664,0.15–0.49,11,Active,1.0,8.333333333333334,5,526992.84,0.17088115015203395
ACC00004,R23,Financial services,233,1834061.38,0.53,0.50–0.99,7,Active,0.6666666666666666,6.666666666666667,5,1106250.57,0.19480919908399882
ACC00005,R39,Retail,256,1756384.54,2.0557,1.50–2.49,7,Active,1.0,5.0,5,2893400.31,0.14480303538506684
ACC00006,R31,Technology,197,1363414.01,1.1874,1.00–1.49,9,Active,1.0,5.0,10,1463115.69,0.25268360161004794
ACC00007,R01,Hospitality,224,1140978.78,0.8864,0.50–0.99,11,Active,1.0,13.333333333333334,20,881956.12,0.19254008284296675
ACC00008,R01,Healthcare,128,649001.11,0.2714,0.15–0.49,4,Active,0.6666666666666666,-3.3333333333333335,0,278013.36,0.23727498982837025
ACC00009,R19,Healthcare,62,432274.67,0.3413,0.15–0.49,8,Active,0.3333333333333333,0.0,-5,106130.76999999999,0.37299199599017907
ACC00010,R33,Retail,223,1666802.68,0.4028,0.15–0.49,4,Active,0.6666666666666666,8.333333333333334,0,289855.75,0.18152521674440758
ACC00011,R05,Healthcare,147,851188.63,0.7271,0.50–0.99,9,Active,0.6666666666666666,16.666666666666668,10,531590.98,0.17542275582050357
ACC00012,R19,Manufacturing,254,1947028.19,1.262,1.00–1.49,12,Active,1.0,5.0,-10,1963121.51,0.21678795445811333
ACC00013,R27,Technology,117,592532.36,0.1734,0.15–0.49,6,Active,0.3333333333333333,-1.6666666666666667,-5,209887.24,0.3748419163899333
ACC00014,R40,Technology,322,2142166.27,0.9063,0.50–0.99,5,Active,1.0,6.666666666666667,5,1779658.1,0.16397147843311538
ACC00015,R38,Technology,137,830757.75,0.8645,0.50–0.99,1,Active,0.6666666666666666,5.0,-5,389483.26,0.3567656016804036
ACC00016,R07,Logistics,498,2988052.42,1.1046,1.00–1.49,12,Active,1.0,5.0,0,3538125.32,0.08877817026433299
ACC00017,R21,Hospitality,491,3574921.69,0.2418,0.15–0.49,2,Active,1.0,3.3333333333333335,10,756884.44,0.1422724895995564
ACC00018,R26,Manufacturing,330,2130559.54,0.5822,0.50–0.99,11,Active,0.6666666666666666,-5.0,-10,1239818.26,0.12810156314791518
ACC00019,R12,Professional services,441,3141578.33,3.087,2.50–5.00,7,Active,1.0,13.333333333333334,10,11582669.55,0.11519317178709826
ACC00020,R18,Manufacturing,371,2363669.21,0.2475,0.15–0.49,7,Active,1.0,0.0,-5,575797.03,0.14434928724079002
ACC00021,R40,Financial services,604,4048724.75,0.7026,0.50–0.99,12,Active,1.0,-5.0,5,2221664.67,0.09984084698709966
ACC00022,R30,Manufacturing,187,1111677.62,0.7709,0.50–0.99,1,Active,0.3333333333333333,11.666666666666666,5,595969.85,0.1896809652231139
ACC00023,R03,Retail,257,1670725.53,0.8608,0.50–0.99,6,Active,0.6666666666666666,5.0,0,1174346.69,0.15480974908508097
ACC00024,R48,Logistics,421,2971019.59,0.2045,0.15–0.49,3,Active,0.6666666666666666,5.0,15,648520.6,0.11979494303408646
ACC00025,R32,Financial services,224,1942277.16,3.079,2.50–5.00,2,Active,0.6666666666666666,13.333333333333334,10,4924127.44,0.11768959184146437
ACC00026,R15,Retail,428,2722264.85,4.4549,2.50–5.00,7,Active,1.0,5.0,10,10963670.91,0.08491311791063465
ACC00027,R37,Healthcare,157,975853.19,0.7536,0.50–0.99,2,Active,1.0,-1.6666666666666667,-10,474782.32,0.25273683531562285
ACC00028,R48,Professional services,146,1008505.03,1.9801,1.50–2.49,9,Active,1.0,0.0,-10,1767662.42,0.14045942820360954
ACC00029,R38,Healthcare,62,263354.14,0.438,0.15–0.49,9,Active,0.6666666666666666,10.0,10,105151.6,0.31597628155381696
ACC00030,R30,Manufacturing,457,2554566.15,0.8482,0.50–0.99,1,Active,1.0,6.666666666666667,-5,1510310.44,0.12345194080314836
ACC00031,R12,Professional services,142,1011053.44,0.902,0.50–0.99,4,Active,1.0,1.6666666666666667,5,735663.46,0.2027821670703231
ACC00032,R23,Technology,62,363573.13,1.2764,1.00–1.49,1,Active,1.0,16.666666666666668,15,442751.78,0.2805260492205678
ACC00033,R30,Hospitality,189,1122845.18,2.302,1.50–2.49,8,Active,1.0,0.0,-10,2695361.66,0.16968757635119128
ACC00034,R03,Manufacturing,105,913863.41,0.9024,0.50–0.99,1,Active,1.0,10.0,5,474349.26,0.24604245605590097
ACC00035,R48,Professional services,590,3867223.62,2.1374,1.50–2.49,11,Active,1.0,1.6666666666666667,-10,7212033.0,0.07302193341562982
ACC00036,R47,Retail,334,1844227.39,0.4884,0.15–0.49,8,Active,0.3333333333333333,11.666666666666666,0,647648.45,0.1948380504720342
ACC00037,R44,Professional services,116,617998.32,0.1873,0.15–0.49,3,Active,1.0,6.666666666666667,-5,141447.07,0.2466141414958098
ACC00038,R45,Hospitality,681,3937088.73,0.5035,0.50–0.99,7,Active,1.0,3.3333333333333335,5,2273896.77,0.09411747297128338
ACC00039,R23,Technology,247,1689056.55,0.7757,0.50–0.99,7,Active,1.0,6.666666666666667,0,1004633.81,0.2049329314981366
ACC00040,R30,Healthcare,62,353937.34,1.3911,1.00–1.49,2,Active,0.6666666666666666,8.333333333333334,0,322143.71,0.3165086474381201
ACC00041,R23,Retail,66,420728.97,0.5534,0.50–0.99,10,Active,0.3333333333333333,3.3333333333333335,-5,397125.02,0.29328995114270445
ACC00042,R36,Healthcare,644,3897976.47,0.2553,0.15–0.49,11,Active,0.6666666666666666,1.6666666666666667,10,1348644.66,0.19521771758290554
ACC00043,R33,Financial services,109,801557.23,0.6612,0.50–0.99,5,Active,1.0,8.333333333333334,5,360397.73,0.21261751134626755
ACC00044,R04,Healthcare,437,1948554.74,0.4039,0.15–0.49,10,Active,0.3333333333333333,3.3333333333333335,10,823468.37,0.16467376396638778
ACC00045,R04,Healthcare,149,686915.25,0.3892,0.15–0.49,3,Active,1.0,3.3333333333333335,10,259400.8,0.22968125898926336
ACC00046,R07,Hospitality,178,1232960.48,1.3662,1.00–1.49,4,Active,0.6666666666666666,13.333333333333334,20,1651638.02,0.1952748091683465
ACC00047,R19,Logistics,140,881397.31,0.6886,0.50–0.99,5,Active,0.6666666666666666,5.0,0,547662.36,0.2152549048272081
ACC00048,R27,Technology,293,2388224.27,0.7429,0.50–0.99,7,Active,0.6666666666666666,11.666666666666666,20,694676.52,0.148388838279248
ACC00049,R02,Technology,78,408397.4,0.7692,0.50–0.99,3,Active,0.6666666666666666,13.333333333333334,5,122962.52,0.24014319764518907
ACC00050,R46,Professional services,218,1712565.04,3.982,2.50–5.00,7,Active,1.0,5.0,15,5576656.13,0.11833926240735157
ACC00051,R07,Hospitality,798,5018272.77,0.213,0.15–0.49,7,Active,1.0,15.0,5,1271619.58,0.11158579529317213
ACC00052,R02,Retail,232,1622431.26,0.7641,0.50–0.99,12,Active,0.6666666666666666,6.666666666666667,10,753127.82,0.18703586786689752
ACC00053,R07,Healthcare,266,1663728.56,0.3179,0.15–0.49,12,Active,0.6666666666666666,10.0,10,289841.93,0.1442185232580904
ACC00054,R17,Financial services,232,1673994.22,0.2009,0.15–0.49,1,Active,0.0,15.0,10,378186.0,0.178287154830405
ACC00055,R45,Hospitality,161,1257122.3,0.3151,0.15–0.49,6,Active,0.6666666666666666,3.3333333333333335,15,253925.62,0.1948497366719566
ACC00056,R34,Hospitality,184,1220408.47,2.1702,1.50–2.49,4,Active,1.0,0.0,-10,3013401.71,0.20477154594493974
ACC00057,R36,Financial services,68,635326.63,1.6613,1.50–2.49,7,Active,1.0,0.0,-10,723426.47,0.29811539799266334
ACC00058,R06,Healthcare,470,2053103.06,0.7847,0.50–0.99,11,Active,1.0,1.6666666666666667,5,1862082.76,0.14110442709652396
ACC00059,R33,Logistics,105,759027.87,0.1572,0.15–0.49,2,Active,0.6666666666666666,10.0,0,224194.48,0.39546829351529206
ACC00060,R24,Hospitality,385,3392113.14,1.8152,1.50–2.49,3,Active,0.6666666666666666,10.0,25,5526882.5,0.11430437352160679
ACC00061,R04,Logistics,511,4583446.03,0.568,0.50–0.99,3,Active,1.0,5.0,0,1975945.53,0.13833397719983653
ACC00062,R24,Healthcare,62,342944.4,0.4803,0.15–0.49,6,Active,0.6666666666666666,6.666666666666667,10,91646.01999999999,0.3796582891284878
ACC00063,R04,Professional services,347,2264168.85,0.5976,0.50–0.99,3,Active,0.6666666666666666,8.333333333333334,0,1466059.94,0.1507236040449297
ACC00064,R02,Financial services,196,1087859.01,0.8127,0.50–0.99,3,Active,0.6666666666666666,5.0,10,712364.85,0.21718087198800146
ACC00065,R35,Retail,320,1615734.34,0.5709,0.50–0.99,2,Active,0.6666666666666666,15.0,15,697226.35,0.1213478356020465
ACC00066,R09,Hospitality,206,1201088.19,0.192,0.15–0.49,7,Active,0.6666666666666666,6.666666666666667,25,387336.45,0.176863790755512
ACC00067,R27,Manufacturing,83,565965.23,0.7001,0.50–0.99,11,Active,1.0,11.666666666666666,10,358554.21,0.3368367965999285
ACC00068,R37,Retail,403,2666916.8,0.7087,0.50–0.99,9,Active,1.0,1.6666666666666667,-5,1587528.23,0.15009100041776766
ACC00069,R16,Professional services,117,980469.29,0.5882,0.50–0.99,10,Active,1.0,6.666666666666667,0,464491.95,0.23851021835827071
ACC00070,R15,Manufacturing,275,1895955.39,1.2779,1.00–1.49,2,Active,1.0,1.6666666666666667,10,1730578.26,0.1473751043165347
ACC00071,R37,Retail,657,4369703.84,0.9798,0.50–0.99,5,Active,1.0,10.0,15,2282772.42,0.10695064716278063
ACC00072,R14,Technology,302,2637973.5,0.9869,0.50–0.99,6,Active,1.0,-3.3333333333333335,-10,1010091.76,0.15531486968293712
ACC00073,R12,Hospitality,145,733979.62,0.2185,0.15–0.49,7,Active,0.6666666666666666,6.666666666666667,5,366369.57,0.27496077096751137
ACC00074,R11,Manufacturing,229,1130100.57,0.4682,0.15–0.49,7,Active,1.0,6.666666666666667,10,345701.23,0.162061119791462
ACC00075,R39,Professional services,475,3395207.38,1.2827,1.00–1.49,6,Active,0.6666666666666666,1.6666666666666667,20,3124628.78,0.12861021998704134
ACC00076,R12,Professional services,280,2145784.7,0.7795,0.50–0.99,2,Active,1.0,8.333333333333334,10,807503.42,0.15689307468319533
ACC00077,R17,Manufacturing,124,827756.15,0.6999,0.50–0.99,8,Active,1.0,0.0,5,498040.22,0.3433058496167613
ACC00078,R28,Healthcare,191,1388602.23,0.6622,0.50–0.99,5,Active,1.0,13.333333333333334,15,614951.11,0.18644218319308628
ACC00079,R28,Manufacturing,959,8332654.32,1.2501,1.00–1.49,5,Active,1.0,11.666666666666666,10,6595710.46,0.08178464417725809
ACC00080,R33,Financial services,228,1818447.89,3.9203,2.50–5.00,6,Active,1.0,-6.666666666666667,5,6038656.06,0.12223979902850327
ACC00081,R21,Professional services,115,729172.02,0.5221,0.50–0.99,4,Active,0.6666666666666666,-1.6666666666666667,-10,316103.41,0.2098816304460916
ACC00082,R35,Manufacturing,234,1362646.99,1.3637,1.00–1.49,5,Active,1.0,1.6666666666666667,0,1648841.78,0.13439213229305555
ACC00083,R42,Manufacturing,290,3140784.07,0.7914,0.50–0.99,3,Active,0.6666666666666666,13.333333333333334,20,787538.42,0.1377305081843354
ACC00084,R30,Professional services,678,4996571.31,1.0772,1.00–1.49,4,Active,1.0,8.333333333333334,5,4065746.26,0.09208464782023362
ACC00085,R01,Hospitality,455,3011790.5,0.4284,0.15–0.49,1,Active,1.0,1.6666666666666667,-10,822366.89,0.13587729079114869
ACC00086,R45,Healthcare,169,1023612.37,0.689,0.50–0.99,9,Active,0.6666666666666666,15.0,20,664352.53,0.2201126259018813
ACC00087,R27,Logistics,118,1177213.46,1.4605,1.00–1.49,9,Active,0.6666666666666666,8.333333333333334,0,676842.46,0.24469847553984603
ACC00088,R13,Healthcare,267,1934081.48,2.4163,1.50–2.49,8,Active,1.0,5.0,-5,2848196.65,0.11754231182047246
ACC00089,R19,Professional services,476,3714016.48,0.3667,0.15–0.49,2,Active,0.6666666666666666,8.333333333333334,10,608830.29,0.14411090683975014
ACC00090,R20,Logistics,87,599301.01,1.3256,1.00–1.49,7,Active,1.0,10.0,5,477248.89,0.1616560718532691
ACC00091,R40,Logistics,449,2839327.97,0.6745,0.50–0.99,1,Active,0.6666666666666666,6.666666666666667,-5,1666573.79,0.1359077978300402
ACC00092,R16,Financial services,245,1738332.81,0.8585,0.50–0.99,12,Active,1.0,13.333333333333334,15,756705.04,0.1690070396480502
ACC00093,R07,Financial services,717,4435214.67,1.1236,1.00–1.49,5,Active,1.0,5.0,0,5197069.18,0.08996805201367788
ACC00094,R28,Manufacturing,146,1007144.99,0.6851,0.50–0.99,1,Active,1.0,1.6666666666666667,5,532976.89,0.2282531058326599
ACC00095,R38,Manufacturing,373,1686274.62,0.2523,0.15–0.49,8,Active,0.3333333333333333,6.666666666666667,25,650159.08,0.20277052537955342
ACC00096,R03,Hospitality,176,1260549.6,0.9087,0.50–0.99,6,Active,1.0,3.3333333333333335,5,682124.04,0.158462215390119
ACC00097,R23,Technology,166,1305907.36,0.542,0.50–0.99,2,Active,1.0,-5.0,-15,591590.01,0.19363960496158145
ACC00098,R34,Retail,648,5025451.23,0.5971,0.50–0.99,1,Active,0.6666666666666666,1.6666666666666667,-15,2633141.69,0.10805949543824267
ACC00099,R06,Manufacturing,106,693635.45,0.9621,0.50–0.99,4,Active,0.3333333333333333,21.666666666666668,25,386591.37,0.33469525363667496
ACC00100,R24,Logistics,720,5540016.81,0.541,0.50–0.99,5,Active,1.0,5.0,-5,2430297.17,0.09302919695952197
ACC00101,R33,Healthcare,348,2104519.77,1.3028,1.00–1.49,7,Active,1.0,11.666666666666666,20,2104416.39,0.1097233734496255
ACC00102,R41,Logistics,144,840697.49,1.3049,1.00–1.49,11,Active,1.0,6.666666666666667,5,744725.78,0.1934130762793417
ACC00103,R06,Logistics,138,948971.54,0.4527,0.15–0.49,3,Active,0.6666666666666666,10.0,0,209325.38,0.22115625134266353
ACC00104,R46,Professional services,922,5298850.57,0.962,0.50–0.99,6,Active,1.0,5.0,5,4037335.2399999998,0.10347947228165512
ACC00105,R06,Professional services,220,1613065.48,0.8238,0.50–0.99,9,Active,1.0,18.333333333333332,10,1040499.31,0.1646006886576241
ACC00106,R09,Professional services,349,2084794.92,0.5203,0.50–0.99,7,Active,1.0,6.666666666666667,0,883262.77,0.1190531840320069
ACC00107,R48,Financial services,122,808446.36,1.1186,1.00–1.49,1,Active,0.6666666666666666,0.0,0,675277.51,0.21051005106921003
ACC00108,R38,Professional services,333,2347476.01,2.3581,1.50–2.49,8,Active,1.0,6.666666666666667,5,4430816.26,0.11676943733437471
ACC00109,R05,Manufacturing,735,4697831.97,0.5434,0.50–0.99,7,Active,0.6666666666666666,-3.3333333333333335,0,2249689.94,0.11741295610085305
ACC00110,R35,Manufacturing,133,783622.96,1.3151,1.00–1.49,7,Active,1.0,-8.333333333333334,-5,969558.76,0.23452218292991264
ACC00111,R26,Technology,792,4724008.68,0.8706,0.50–0.99,8,Active,1.0,1.6666666666666667,-5,2358436.55,0.0898014211248042
ACC00112,R24,Logistics,185,1053356.55,0.9322,0.50–0.99,8,Active,0.3333333333333333,8.333333333333334,20,630765.76,0.21969670385205967
ACC00113,R21,Technology,183,1203601.04,0.3947,0.15–0.49,9,Active,0.6666666666666666,13.333333333333334,10,480815.68,0.31192804784199246
ACC00114,R38,Hospitality,243,1329436.29,1.6263,1.50–2.49,5,Active,1.0,18.333333333333332,10,2553054.96,0.12426114126059921
ACC00115,R36,Professional services,62,401955.84,0.617,0.50–0.99,6,Active,1.0,15.0,10,251469.69,0.2920706042925193
ACC00116,R34,Hospitality,64,542212.37,0.7649,0.50–0.99,6,Active,1.0,1.6666666666666667,0,167262.42,0.23773738347304335
ACC00117,R16,Healthcare,189,1236039.86,0.6427,0.50–0.99,11,Active,1.0,-3.3333333333333335,0,702203.2899999999,0.20825318220263428
ACC00118,R37,Healthcare,180,1026528.98,0.5713,0.50–0.99,6,Active,0.3333333333333333,11.666666666666666,10,567036.79,0.1503540205870248
ACC00119,R19,Professional services,82,504223.57,0.754,0.50–0.99,1,Active,1.0,-5.0,0,228699.64,0.24162426693632943
ACC00120,R12,Technology,378,2211127.08,0.6794,0.50–0.99,6,Active,1.0,3.3333333333333335,10,1248492.24,0.13639596997690973
ACC00121,R08,Professional services,149,896747.22,0.5826,0.50–0.99,8,Active,1.0,10.0,5,390867.8,0.17688098826437226
ACC00122,R35,Manufacturing,365,2838641.95,4.1315,2.50–5.00,11,Active,1.0,5.0,15,10069890.55,0.09946658164329586
ACC00123,R04,Professional services,452,2603118.41,0.6338,0.50–0.99,3,Active,0.6666666666666666,15.0,10,2232820.03,0.2302274002082263
ACC00124,R17,Hospitality,1279,7610273.09,1.4326,1.00–1.49,5,Active,1.0,6.666666666666667,-5,9431143.66,0.0762196198730573
ACC00125,R15,Logistics,161,916045.02,1.2647,1.00–1.49,11,Active,0.6666666666666666,6.666666666666667,5,1277185.41,0.1888292630570021
ACC00126,R33,Financial services,323,2436750.58,1.0496,1.00–1.49,4,Active,0.6666666666666666,-6.666666666666667,-10,2152174.38,0.12573938722847888
ACC00127,R02,Financial services,176,1392491.95,1.4154,1.00–1.49,10,Active,1.0,11.666666666666666,-5,1137224.75,0.15212862184660536
ACC00128,R14,Manufacturing,120,1057483.23,3.2104,2.50–5.00,3,Active,1.0,6.666666666666667,-5,2896751.5700000003,0.23778052654834364
ACC00129,R16,Healthcare,698,4322361.94,0.5191,0.50–0.99,12,Active,0.6666666666666666,13.333333333333334,10,2605537.37,0.11266993719046317
ACC00130,R17,Technology,197,1426135.8,0.2725,0.15–0.49,2,Active,0.6666666666666666,6.666666666666667,25,342060.6,0.19012696682134028
ACC00131,R23,Technology,190,1627327.31,0.7844,0.50–0.99,4,Active,0.6666666666666666,5.0,25,1366787.61,0.20692221819195972
ACC00132,R06,Logistics,206,1631123.11,0.7425,0.50–0.99,10,Active,1.0,3.3333333333333335,5,540607.39,0.1685400984089744
ACC00133,R13,Retail,89,573223.95,0.7422,0.50–0.99,11,Active,0.6666666666666666,13.333333333333334,20,555733.72,0.366292277174109
ACC00134,R41,Logistics,438,2492223.08,0.9535,0.50–0.99,1,Active,1.0,11.666666666666666,25,1938040.75,0.12657057834887472
ACC00135,R25,Logistics,508,4243745.63,0.7804,0.50–0.99,8,Active,1.0,3.3333333333333335,15,1743918.09,0.13853502273477927
ACC00136,R15,Healthcare,498,3541873.1,1.0773,1.00–1.49,3,Active,1.0,10.0,5,3517041.11,0.12290307546346901
ACC00137,R45,Healthcare,83,481939.18,0.4652,0.15–0.49,7,Active,0.3333333333333333,10.0,20,107036.43,0.3466122724925541
ACC00138,R15,Hospitality,113,985568.39,0.5621,0.50–0.99,4,Active,1.0,5.0,5,185314.86,0.27467323423931733
ACC00139,R19,Professional services,168,954426.72,0.674,0.50–0.99,9,Active,0.6666666666666666,15.0,20,595678.75,0.18038027392117156
ACC00140,R47,Financial services,250,2314605.28,0.8539,0.50–0.99,3,Active,1.0,-1.6666666666666667,-5,801208.82,0.15322438097576122
ACC00141,R28,Healthcare,338,2691617.71,2.3198,1.50–2.49,2,Active,1.0,6.666666666666667,5,4301073.06,0.11160328568455909
ACC00142,R43,Professional services,457,4074108.47,0.7284,0.50–0.99,5,Active,1.0,-3.3333333333333335,0,1329253.7,0.13289973404726585
ACC00143,R15,Hospitality,62,605093.57,1.7823,1.50–2.49,7,Active,1.0,8.333333333333334,10,821342.83,0.24878911955317706
ACC00144,R35,Professional services,110,762232.78,0.6053,0.50–0.99,12,Active,1.0,3.3333333333333335,0,422660.03,0.217712459629729
ACC00145,R17,Technology,160,998328.23,0.9086,0.50–0.99,11,Active,1.0,1.6666666666666667,-5,575118.68,0.20944280906000562
ACC00146,R24,Retail,547,3651466.89,0.8301,0.50–0.99,6,Active,1.0,6.666666666666667,0,1907559.45,0.1109708316974409
ACC00147,R18,Hospitality,296,1767197.85,0.5955,0.50–0.99,8,Active,1.0,0.0,0,1326026.7,0.20352226916780697
ACC00148,R08,Technology,132,924834.34,1.4302,1.00–1.49,11,Active,0.6666666666666666,3.3333333333333335,15,729527.74,0.23307676545395362
ACC00149,R46,Retail,288,2279382.63,0.1785,0.15–0.49,3,Active,1.0,3.3333333333333335,-5,526238.22,0.1897463937247372
ACC00150,R27,Healthcare,247,1598495.0,0.2133,0.15–0.49,8,Active,0.0,10.0,20,448564.89,0.19286256255005418
ACC00151,R03,Manufacturing,629,3758711.68,1.3149,1.00–1.49,8,Active,1.0,-3.3333333333333335,-10,3809051.57,0.09481543645843712
ACC00152,R14,Manufacturing,216,1409521.69,0.2493,0.15–0.49,2,Active,1.0,10.0,10,296556.83,0.19958880465883672
ACC00153,R26,Financial services,112,558405.94,0.151,0.15–0.49,3,Active,0.6666666666666666,0.0,-5,134444.64,0.2570262013633313
ACC00154,R35,Retail,221,1600717.1,1.4802,1.00–1.49,2,Active,1.0,5.0,0,1373645.48,0.2175892408401119
ACC00155,R30,Manufacturing,250,1368358.16,0.3794,0.15–0.49,10,Active,0.6666666666666666,6.666666666666667,5,392605.25,0.18253742939498002
ACC00156,R32,Logistics,167,936639.4,0.359,0.15–0.49,4,Active,1.0,10.0,20,252277.17,0.19281990536946306
ACC00157,R23,Technology,317,2222083.06,1.2421,1.00–1.49,7,Active,1.0,6.666666666666667,0,1823380.76,0.1195595630870156
ACC00158,R31,Healthcare,331,2040988.73,0.7632,0.50–0.99,1,Active,1.0,1.6666666666666667,0,1105967.19,0.15599851790697483
ACC00159,R39,Professional services,178,1387385.22,0.5196,0.50–0.99,8,Active,0.6666666666666666,-3.3333333333333335,-10,804115.46,0.2672959799859402
ACC00160,R34,Financial services,277,3197976.55,1.343,1.00–1.49,5,Active,0.6666666666666666,13.333333333333334,15,1663945.89,0.19045423572034192
ACC00161,R04,Manufacturing,91,587971.55,0.2751,0.15–0.49,4,Active,0.3333333333333333,10.0,5,120620.49,0.24764139064390361
ACC00162,R23,Manufacturing,192,1978949.11,2.9873,2.50–5.00,1,Active,1.0,6.666666666666667,10,7810216.04,0.2249987652758912
ACC00163,R20,Manufacturing,151,955339.1,1.4604,1.00–1.49,9,Active,1.0,1.6666666666666667,0,1027392.03,0.16474259385568246
ACC00164,R22,Hospitality,419,3464298.76,1.9855,1.50–2.49,12,Active,1.0,16.666666666666668,10,5116477.93,0.09580647083583513
ACC00165,R36,Healthcare,74,673376.55,0.1562,0.15–0.49,6,Active,0.6666666666666666,8.333333333333334,5,83177.17,0.3028626404795836
ACC00166,R05,Technology,72,485256.05,0.9538,0.50–0.99,11,Active,1.0,5.0,10,193581.38,0.26039261330446967
ACC00167,R31,Retail,341,2558949.45,0.736,0.50–0.99,3,Active,0.6666666666666666,3.3333333333333335,5,1360936.95,0.14915445639876868
ACC00168,R05,Professional services,202,1404100.72,1.9088,1.50–2.49,12,Active,1.0,6.666666666666667,-5,2792939.24,0.1521466330539564
ACC00169,R20,Professional services,749,3660945.07,0.9478,0.50–0.99,3,Active,1.0,6.666666666666667,5,2552753.38,0.0832813506706969
ACC00170,R10,Financial services,136,620263.88,0.745,0.50–0.99,10,Active,1.0,6.666666666666667,10,395030.0,0.22427660225977256
ACC00171,R45,Healthcare,175,872799.17,1.3919,1.00–1.49,8,Active,1.0,5.0,0,1113904.48,0.1616160678272599
ACC00172,R08,Financial services,120,753958.54,1.4083,1.00–1.49,12,Active,1.0,11.666666666666666,10,601039.8099999999,0.1795220309337396
ACC00173,R24,Technology,224,1913952.61,1.2063,1.00–1.49,10,Active,1.0,3.3333333333333335,10,2025315.95,0.26923414935038326
ACC00174,R25,Retail,328,2637979.39,1.7909,1.50–2.49,9,Active,1.0,1.6666666666666667,-5,3771959.73,0.2205863667951303
ACC00175,R23,Hospitality,215,1892163.59,1.7088,1.50–2.49,2,Active,1.0,8.333333333333334,5,2253957.39,0.1415246801554526
ACC00176,R40,Manufacturing,376,2494537.56,0.2366,0.15–0.49,6,Active,1.0,3.3333333333333335,5,505248.8,0.15071588484231174
ACC00177,R44,Hospitality,67,398350.7,0.7567,0.50–0.99,3,Active,1.0,-1.6666666666666667,-5,234986.3,0.23464938807471158
ACC00178,R35,Technology,74,572163.11,2.2307,1.50–2.49,2,Active,1.0,15.0,15,938140.12,0.2816890057039416
ACC00179,R43,Retail,62,354847.63,0.3362,0.15–0.49,10,Active,0.6666666666666666,6.666666666666667,25,92737.13,0.3337422580437614
ACC00180,R08,Financial services,284,2046642.4,0.6838,0.50–0.99,4,Active,0.6666666666666666,6.666666666666667,25,750277.63,0.14066570688906485
ACC00181,R28,Professional services,114,770701.7,0.8644,0.50–0.99,6,Active,1.0,3.3333333333333335,5,278295.99,0.19932095221195587
ACC00182,R40,Technology,174,1770522.38,1.8438,1.50–2.49,4,Active,1.0,11.666666666666666,15,3043063.76,0.21602471408483898
ACC00183,R27,Manufacturing,548,3312943.01,0.2,0.15–0.49,4,Active,0.6666666666666666,3.3333333333333335,-5,802980.56,0.11595164923715646
ACC00184,R11,Retail,362,2335885.69,0.768,0.50–0.99,2,Active,1.0,8.333333333333334,0,1292527.31,0.16275324933196628
ACC00185,R42,Financial services,225,1297397.8,0.2354,0.15–0.49,3,Active,0.6666666666666666,6.666666666666667,10,251199.19,0.18859239866386285
ACC00186,R21,Logistics,412,3239742.06,1.3942,1.00–1.49,11,Active,0.6666666666666666,8.333333333333334,20,2450085.73,0.12589667474162863
ACC00187,R05,Healthcare,492,3554325.49,0.6538,0.50–0.99,9,Active,1.0,8.333333333333334,10,1826953.75,0.1616845794055441
ACC00188,R33,Retail,295,1951805.91,0.9014,0.50–0.99,3,Active,0.6666666666666666,6.666666666666667,10,944899.63,0.158618294350412
ACC00189,R03,Manufacturing,897,7470994.14,0.7639,0.50–0.99,12,Active,1.0,6.666666666666667,0,3242033.53,0.0950803438898347
ACC00190,R05,Financial services,234,1389497.43,0.7673,0.50–0.99,10,Active,0.6666666666666666,3.3333333333333335,5,728373.86,0.1653760018198074
ACC00191,R39,Manufacturing,420,2498381.84,0.4446,0.15–0.49,7,Active,1.0,0.0,10,834974.16,0.14334354410270467
ACC00192,R34,Professional services,317,2675718.41,0.6158,0.50–0.99,11,Active,0.6666666666666666,0.0,5,1035068.73,0.13557435033203938
ACC00193,R29,Retail,673,3834328.34,0.3681,0.15–0.49,6,Active,0.3333333333333333,3.3333333333333335,-5,1063956.38,0.10554213263743774
ACC00194,R29,Technology,409,2526535.23,0.8617,0.50–0.99,3,Active,1.0,3.3333333333333335,15,1335741.24,0.11718619876969218
ACC00195,R14,Healthcare,317,1821335.93,0.674,0.50–0.99,3,Active,0.6666666666666666,10.0,0,1252150.2,0.1376462500832868
ACC00196,R47,Healthcare,617,4255094.89,0.9198,0.50–0.99,1,Active,1.0,-1.6666666666666667,-5,2077883.3,0.1054578979015687
ACC00197,R43,Hospitality,200,1556355.77,2.949,2.50–5.00,10,Active,1.0,10.0,10,4507550.95,0.18393409250093676
ACC00198,R31,Professional services,667,3919031.49,1.4112,1.00–1.49,6,Active,1.0,5.0,0,4517001.01,0.12241734217302737
ACC00199,R32,Logistics,252,1328767.53,0.2614,0.15–0.49,5,Active,0.3333333333333333,8.333333333333334,10,482349.49,0.16946348738692502
ACC00200,R41,Professional services,822,4118103.22,0.7986,0.50–0.99,5,Active,0.6666666666666666,18.333333333333332,25,2647670.77,0.09221150909734994
ACC00201,R16,Financial services,197,851628.06,0.8238,0.50–0.99,9,Active,1.0,10.0,20,436918.35,0.1533941132476783
ACC00202,R28,Hospitality,163,1223104.99,2.0142,1.50–2.49,10,Active,1.0,6.666666666666667,0,2095573.86,0.1539114626712777
ACC00203,R02,Logistics,461,2354285.54,0.718,0.50–0.99,8,Active,0.6666666666666666,11.666666666666666,25,1494913.69,0.15897839989955254
ACC00204,R40,Healthcare,208,1385036.25,2.8931,2.50–5.00,1,Active,1.0,6.666666666666667,0,5109794.4,0.11984919856674153
ACC00205,R13,Financial services,887,6359153.68,0.6772,0.50–0.99,4,Active,1.0,10.0,10,3634629.98,0.1476435676487824
ACC00206,R26,Financial services,365,2342032.54,1.393,1.00–1.49,1,Active,0.6666666666666666,8.333333333333334,25,2973815.81,0.13600420317931852
ACC00207,R48,Professional services,622,4085906.45,0.7999,0.50–0.99,6,Active,1.0,1.6666666666666667,0,1834197.86,0.12578100953458723
ACC00208,R27,Financial services,769,5898649.48,0.5384,0.50–0.99,3,Active,0.3333333333333333,1.6666666666666667,0,2853756.84,0.10928233319069221
ACC00209,R08,Hospitality,732,6867938.24,2.6758,2.50–5.00,11,Active,1.0,6.666666666666667,10,20669594.79,0.081935909557338
ACC00210,R15,Professional services,332,1839807.77,0.2492,0.15–0.49,10,Active,0.3333333333333333,8.333333333333334,15,541502.29,0.1597378550456465
ACC00211,R47,Financial services,465,3504525.38,2.297,1.50–2.49,9,Active,1.0,11.666666666666666,10,6344777.29,0.10402015478615621
ACC00212,R13,Financial services,228,1389451.45,0.6142,0.50–0.99,4,Active,1.0,-5.0,-15,754510.49,0.15638075393202416
ACC00213,R09,Technology,228,2096735.3,0.5227,0.50–0.99,4,Active,1.0,5.0,5,828809.16,0.16521587558091652
ACC00214,R14,Logistics,430,2844043.93,1.9723,1.50–2.49,9,Active,1.0,10.0,25,5580843.43,0.13773128271311516
ACC00215,R24,Healthcare,530,3305598.89,0.3085,0.15–0.49,12,Active,0.3333333333333333,6.666666666666667,0,684271.57,0.126472580148974
ACC00216,R23,Retail,62,455427.11,0.6121,0.50–0.99,1,Active,0.6666666666666666,3.3333333333333335,10,169570.96,0.32622605725805315
ACC00217,R12,Technology,112,678336.19,0.3712,0.15–0.49,7,Active,1.0,5.0,0,169639.08000000002,0.22526197863250352
ACC00218,R42,Financial services,360,2784545.57,0.6521,0.50–0.99,1,Active,1.0,6.666666666666667,5,1175617.42,0.12108095159191377
ACC00219,R15,Logistics,413,2214965.91,0.2503,0.15–0.49,3,Active,1.0,-5.0,0,657253.26,0.13746251548233554
ACC00220,R28,Professional services,243,1074125.42,0.4887,0.15–0.49,11,Active,0.6666666666666666,10.0,15,292284.55,0.176750453003443
ACC00221,R23,Retail,165,1172933.7,0.5881,0.50–0.99,10,Active,0.6666666666666666,6.666666666666667,20,555996.42,0.21184483828250367
ACC00222,R34,Financial services,232,1556801.92,1.3421,1.00–1.49,5,Active,1.0,8.333333333333334,-5,1622241.28,0.16737002315479674
ACC00223,R34,Logistics,198,1216879.08,0.4726,0.15–0.49,11,Active,0.6666666666666666,5.0,5,346583.5,0.18475072862319297
ACC00224,R34,Professional services,591,5018696.3,4.4508,2.50–5.00,12,Active,1.0,18.333333333333332,15,15904395.27,0.08217049010445823
ACC00225,R12,Financial services,390,2413489.18,2.1172,1.50–2.49,2,Active,1.0,3.3333333333333335,5,5832240.56,0.1742890344268234
ACC00226,R17,Technology,132,897781.65,0.5032,0.50–0.99,11,Active,1.0,3.3333333333333335,15,337206.9,0.19671040874913204
ACC00227,R19,Manufacturing,349,2364170.58,0.4784,0.15–0.49,10,Active,1.0,5.0,15,663386.78,0.15297892718004474
ACC00228,R03,Technology,167,949489.73,0.5922,0.50–0.99,6,Active,0.6666666666666666,5.0,0,413380.8,0.2164749710995737
ACC00229,R39,Technology,172,1126884.51,1.0088,1.00–1.49,1,Active,1.0,6.666666666666667,10,821463.99,0.19001900618812298
ACC00230,R33,Logistics,356,2212806.36,0.5865,0.50–0.99,12,Active,1.0,5.0,5,1315850.06,0.13712701017301024
ACC00231,R06,Hospitality,138,891014.16,0.7682,0.50–0.99,2,Active,1.0,0.0,-5,616639.27,0.229735603565795
ACC00232,R06,Technology,70,500224.74,0.4104,0.15–0.49,4,Active,0.6666666666666666,5.0,20,79747.35,0.28878586671703005
ACC00233,R21,Hospitality,104,979974.57,0.9543,0.50–0.99,1,Active,0.3333333333333333,10.0,5,569499.05,0.39850459410317446
ACC00234,R31,Retail,195,1528515.18,0.6113,0.50–0.99,11,Active,1.0,8.333333333333334,5,782596.22,0.1721992045324782
ACC00235,R41,Professional services,221,1658889.34,0.4653,0.15–0.49,5,Active,1.0,15.0,10,357292.48000000004,0.21628820446350322
ACC00236,R25,Logistics,306,1433277.22,0.2295,0.15–0.49,6,Active,1.0,11.666666666666666,15,604975.01,0.17081097598806672
ACC00237,R14,Hospitality,260,1855242.35,0.8928,0.50–0.99,7,Active,1.0,5.0,20,1169176.14,0.19002326514318746
ACC00238,R36,Healthcare,401,2845712.35,0.9082,0.50–0.99,9,Active,1.0,6.666666666666667,15,1806086.1,0.14123026826989557
ACC00239,R35,Professional services,391,2414412.33,0.5473,0.50–0.99,1,Active,1.0,10.0,15,1691287.68,0.13074136250571072
ACC00240,R14,Retail,182,1106544.7,0.4864,0.15–0.49,4,Active,0.6666666666666666,5.0,0,244535.38999999998,0.2412987186210313
ACC00241,R14,Financial services,72,460444.56,0.9474,0.50–0.99,1,Active,1.0,-10.0,-10,183843.62,0.26769368014899503
ACC00242,R35,Hospitality,366,2072037.33,0.3331,0.15–0.49,2,Active,0.3333333333333333,10.0,25,492566.12,0.18368230234985514
ACC00243,R35,Retail,548,3599660.15,0.4009,0.15–0.49,4,Active,0.6666666666666666,11.666666666666666,0,939014.5,0.10962070978714773
ACC00244,R43,Healthcare,257,1639657.6,0.1519,0.15–0.49,3,Active,0.3333333333333333,1.6666666666666667,-15,484415.07,0.20441581323166225
ACC00245,R04,Manufacturing,389,2575711.65,0.7773,0.50–0.99,6,Active,1.0,18.333333333333332,10,1153110.46,0.13300265869398878
ACC00246,R04,Retail,152,1035850.18,0.3153,0.15–0.49,7,Active,1.0,-3.3333333333333335,0,340756.86,0.24242139556916983
ACC00247,R03,Professional services,761,4314208.19,0.7482,0.50–0.99,1,Active,0.6666666666666666,10.0,10,2553056.27,0.08531344198219719
ACC00248,R45,Hospitality,116,679562.06,2.5696,2.50–5.00,10,Active,1.0,10.0,0,3555680.23,0.15919845231658475
ACC00249,R34,Retail,452,2168428.45,0.3028,0.15–0.49,9,Active,0.6666666666666666,6.666666666666667,5,679949.71,0.14217730971257986
ACC00250,R46,Retail,398,2452047.34,0.874,0.50–0.99,8,Active,1.0,10.0,20,1767573.56,0.218706714769486
ACC00251,R07,Retail,169,1128291.57,0.4311,0.15–0.49,10,Active,0.6666666666666666,10.0,5,213610.12,0.1894308199609373
ACC00252,R40,Technology,548,2907246.82,0.6392,0.50–0.99,6,Active,0.3333333333333333,8.333333333333334,20,2113807.32,0.12682633381636224
ACC00253,R07,Manufacturing,251,1200759.97,0.7461,0.50–0.99,7,Active,0.6666666666666666,6.666666666666667,0,1079299.54,0.15644595812810677
ACC00254,R29,Healthcare,85,802928.95,1.0709,1.00–1.49,6,Active,1.0,1.6666666666666667,0,630455.26,0.2126716359843879
ACC00255,R22,Hospitality,125,937164.37,0.4026,0.15–0.49,12,Active,0.6666666666666666,-5.0,-5,160630.48,0.28243824347682367
ACC00256,R18,Logistics,122,692860.16,0.8022,0.50–0.99,12,Active,1.0,13.333333333333334,25,352609.41,0.2263399927721143
ACC00257,R28,Retail,76,587589.75,0.8359,0.50–0.99,11,Active,0.3333333333333333,10.0,20,162496.22,0.275354659956867
ACC00258,R07,Financial services,406,3487717.12,0.8425,0.50–0.99,3,Active,1.0,3.3333333333333335,5,1339802.68,0.11742351745422247
ACC00259,R17,Financial services,284,1782039.72,0.6839,0.50–0.99,4,Active,1.0,1.6666666666666667,10,1529612.71,0.22468518622297293
ACC00260,R32,Healthcare,142,815346.49,0.4358,0.15–0.49,11,Active,1.0,0.0,-5,193663.46,0.21385466041574508
ACC00261,R14,Manufacturing,313,1779813.13,0.1661,0.15–0.49,6,Active,0.0,1.6666666666666667,0,482173.26,0.1632645489380448
ACC00262,R30,Manufacturing,94,631479.25,0.9473,0.50–0.99,10,Active,1.0,1.6666666666666667,0,250187.91999999998,0.1635847860689214
ACC00263,R29,Hospitality,743,4120025.05,0.2663,0.15–0.49,1,Active,0.6666666666666666,8.333333333333334,15,1088896.1300000001,0.09622286176990756
ACC00264,R01,Professional services,581,3833105.86,0.5567,0.50–0.99,2,Active,0.6666666666666666,10.0,5,1757074.77,0.09961824544419191
ACC00265,R02,Professional services,564,3406960.27,0.5046,0.50–0.99,3,Active,1.0,15.0,15,2196335.78,0.17664531283748022
ACC00266,R17,Manufacturing,342,2079487.23,0.8177,0.50–0.99,11,Active,0.3333333333333333,8.333333333333334,15,1159766.72,0.13458898308728137
ACC00267,R23,Financial services,256,1542191.75,0.3612,0.15–0.49,6,Active,0.6666666666666666,3.3333333333333335,-10,333353.85,0.17712622211211532
ACC00268,R12,Technology,694,5407449.19,1.2219,1.00–1.49,1,Active,1.0,5.0,5,4368218.85,0.085154282407482
ACC00269,R29,Manufacturing,1662,12730093.42,0.7228,0.50–0.99,9,Active,0.6666666666666666,5.0,0,5935547.98,0.07053798831225827
ACC00270,R21,Logistics,157,966814.5,0.6172,0.50–0.99,3,Active,0.6666666666666666,8.333333333333334,15,536026.87,0.1533201972557099
ACC00271,R41,Healthcare,413,2933606.46,2.302,1.50–2.49,1,Active,1.0,0.0,-15,4965201.9,0.11255191942945102
ACC00272,R47,Financial services,159,931335.44,0.9247,0.50–0.99,10,Active,1.0,15.0,-5,537762.54,0.253519456869906
ACC00273,R41,Technology,417,3222740.47,1.105,1.00–1.49,3,Active,1.0,5.0,0,2203855.18,0.11191654797979649
ACC00274,R35,Financial services,317,1934190.25,4.4499,2.50–5.00,5,Active,1.0,3.3333333333333335,20,8854101.51,0.11050230772320713
ACC00275,R09,Manufacturing,649,4393960.92,0.2967,0.15–0.49,9,Active,0.6666666666666666,5.0,10,1481122.22,0.12609846519564724
ACC00276,R45,Retail,180,886571.69,0.9139,0.50–0.99,4,Active,0.6666666666666666,16.666666666666668,25,505082.42,0.17916688746085355
ACC00277,R33,Hospitality,131,957626.08,2.25,1.50–2.49,9,Active,1.0,3.3333333333333335,5,2212031.78,0.22792292849582302
ACC00278,R38,Financial services,71,642584.42,1.7436,1.50–2.49,2,Active,1.0,1.6666666666666667,5,525736.02,0.2020141829354328
ACC00279,R23,Technology,397,2842205.06,2.3617,1.50–2.49,12,Active,1.0,8.333333333333334,0,4654741.9,0.09534317002169478
ACC00280,R23,Retail,250,1723443.97,0.4453,0.15–0.49,4,Active,0.3333333333333333,16.666666666666668,20,477351.31,0.17496492865052687
ACC00281,R40,Manufacturing,92,611445.95,0.5304,0.50–0.99,12,Active,1.0,10.0,0,249334.99,0.21492846217571232
ACC00282,R33,Financial services,120,772178.5,0.724,0.50–0.99,9,Active,0.3333333333333333,5.0,10,411407.6,0.2587823487129774
ACC00283,R07,Hospitality,274,2119107.45,0.3436,0.15–0.49,8,Active,1.0,16.666666666666668,25,429808.25,0.16727704969221416
ACC00284,R34,Financial services,217,1451036.66,0.3819,0.15–0.49,11,Active,0.3333333333333333,8.333333333333334,0,299240.81,0.24545740111381859
ACC00285,R12,Hospitality,101,812398.94,0.6501,0.50–0.99,12,Active,1.0,3.3333333333333335,-15,339058.24,0.24308410031773955
ACC00286,R38,Financial services,549,3072670.26,0.9232,0.50–0.99,11,Active,0.6666666666666666,10.0,15,1886338.71,0.11770897173513829
ACC00287,R19,Professional services,162,968941.7,0.5299,0.50–0.99,7,Active,0.6666666666666666,1.6666666666666667,5,331014.24,0.17191451687055842
ACC00288,R01,Technology,509,3088267.47,0.4204,0.15–0.49,8,Active,0.6666666666666666,6.666666666666667,5,867734.13,0.12178196206734475
ACC00289,R21,Retail,497,3907825.88,1.8297,1.50–2.49,2,Active,1.0,1.6666666666666667,10,6466894.46,0.10966560087491743
ACC00290,R42,Retail,580,2934651.61,0.8285,0.50–0.99,2,Active,1.0,10.0,0,1774375.6300000001,0.11348647634264171
ACC00291,R06,Retail,698,4307240.94,1.0022,1.00–1.49,8,Active,0.6666666666666666,5.0,5,4679293.37,0.0950763379940127
ACC00292,R13,Healthcare,89,869519.17,0.7026,0.50–0.99,2,Active,1.0,5.0,0,345420.64,0.2644808359709814
ACC00293,R38,Financial services,250,1492434.66,0.9665,0.50–0.99,3,Active,0.6666666666666666,5.0,5,727892.48,0.1653779722344723
ACC00294,R04,Technology,573,3452914.26,0.4611,0.15–0.49,9,Active,1.0,8.333333333333334,15,1179445.66,0.16073383317036025
ACC00295,R01,Retail,143,738513.22,0.7027,0.50–0.99,11,Active,1.0,0.0,10,455656.56,0.2159985070681199
ACC00296,R10,Logistics,98,623537.85,0.4645,0.15–0.49,11,Active,0.6666666666666666,6.666666666666667,0,194342.47,0.2449833720180995
ACC00297,R02,Manufacturing,146,953184.17,0.4547,0.15–0.49,3,Active,0.6666666666666666,13.333333333333334,15,364014.93,0.25312231874671115
ACC00298,R04,Hospitality,258,1413945.15,0.8664,0.50–0.99,5,Active,1.0,1.6666666666666667,0,923805.62,0.1400526465225924
ACC00299,R33,Technology,241,1354639.58,0.5536,0.50–0.99,2,Active,1.0,5.0,10,881067.72,0.18017832937243122
ACC00300,R34,Manufacturing,705,4912651.4,0.6385,0.50–0.99,9,Active,0.6666666666666666,3.3333333333333335,5,2486706.75,0.15798004903810955
ACC00301,R40,Logistics,139,968107.23,2.4541,1.50–2.49,10,Active,1.0,-3.3333333333333335,0,2131259.3000000003,0.1696192926257066
ACC00302,R42,Technology,311,1424039.55,0.5936,0.50–0.99,6,Active,0.3333333333333333,10.0,15,1098331.46,0.15769041047780102
ACC00303,R43,Retail,422,4369305.28,2.1691,1.50–2.49,3,Active,1.0,10.0,10,5595562.85,0.1336184702117292
ACC00304,R22,Healthcare,123,899490.57,0.5441,0.50–0.99,3,Active,1.0,0.0,5,658688.47,0.22086901331568334
ACC00305,R44,Retail,164,1530740.85,4.2264,2.50–5.00,11,Active,1.0,-3.3333333333333335,-10,4114679.71,0.1263558088081506
ACC00306,R04,Hospitality,352,2872314.29,1.0478,1.00–1.49,8,Active,1.0,5.0,10,2302876.1,0.12613178344660325
ACC00307,R30,Retail,129,938581.52,4.3749,2.50–5.00,9,Active,1.0,1.6666666666666667,0,3701567.3,0.1874871608654867
ACC00308,R33,Logistics,337,2470776.31,0.4199,0.15–0.49,5,Active,0.6666666666666666,10.0,0,619419.37,0.22457553311753825
ACC00309,R12,Logistics,218,1526812.56,0.9376,0.50–0.99,5,Active,0.6666666666666666,6.666666666666667,0,868887.94,0.1675380885840018
ACC00310,R36,Manufacturing,501,3420494.44,0.7431,0.50–0.99,1,Active,1.0,8.333333333333334,10,1813469.52,0.11251521919693976
ACC00311,R34,Logistics,66,489123.17,3.7293,2.50–5.00,7,Active,1.0,8.333333333333334,-10,1985602.72,0.1893159178130013
ACC00312,R29,Technology,954,5168530.26,0.7133,0.50–0.99,9,Active,1.0,3.3333333333333335,5,3248979.14,0.09044713658832897
ACC00313,R01,Healthcare,88,593514.9,0.4016,0.15–0.49,5,Active,1.0,-8.333333333333334,-15,141443.17,0.24518334599325856
ACC00314,R20,Logistics,94,842478.48,1.6811,1.50–2.49,5,Active,0.6666666666666666,10.0,20,903933.57,0.15842626505668672
ACC00315,R29,Manufacturing,123,1162036.88,2.0348,1.50–2.49,6,Active,1.0,0.0,-15,1479881.5,0.1733341176513133
ACC00316,R14,Retail,397,2589780.9,0.4527,0.15–0.49,4,Active,0.6666666666666666,6.666666666666667,-10,726878.17,0.1749390132887592
ACC00317,R23,Professional services,119,1006649.04,1.6778,1.50–2.49,3,Active,1.0,3.3333333333333335,5,1552365.61,0.15057150876424735
ACC00318,R29,Healthcare,253,2186013.66,0.3441,0.15–0.49,8,Active,0.6666666666666666,10.0,10,447940.08,0.18245071580523572
ACC00319,R43,Retail,264,2095666.68,0.614,0.50–0.99,6,Active,0.6666666666666666,6.666666666666667,0,987083.31,0.15131267337837442
ACC00320,R35,Logistics,105,820208.58,0.8079,0.50–0.99,3,Active,1.0,6.666666666666667,0,435660.64,0.20196655444808972
ACC00321,R42,Healthcare,112,845474.65,0.3354,0.15–0.49,6,Active,0.6666666666666666,15.0,25,255673.74999999997,0.3978230229579591
ACC00322,R30,Retail,71,422514.55,0.3882,0.15–0.49,8,Active,0.6666666666666666,13.333333333333334,10,147288.73,0.3209287139299179
ACC00323,R47,Retail,174,1338997.78,0.4627,0.15–0.49,2,Active,1.0,-1.6666666666666667,-5,388482.77999999997,0.43851361657548704
ACC00324,R04,Technology,257,1892711.45,0.205,0.15–0.49,1,Active,1.0,11.666666666666666,15,463814.27,0.21512908309684128
ACC00325,R30,Retail,331,2553625.03,0.6696,0.50–0.99,9,Active,1.0,3.3333333333333335,5,1590935.03,0.17797174294704937
ACC00326,R43,Healthcare,88,552951.25,1.2069,1.00–1.49,7,Active,1.0,0.0,0,307009.1,0.23266450544410683
ACC00327,R07,Retail,654,4924966.85,0.7198,0.50–0.99,7,Active,1.0,-1.6666666666666667,-5,2699656.29,0.12871215131888036
ACC00328,R48,Logistics,351,1962596.09,0.7994,0.50–0.99,3,Active,1.0,10.0,-5,1006216.94,0.12119434674349472
ACC00329,R44,Manufacturing,62,400836.37,0.5252,0.50–0.99,3,Active,0.6666666666666666,8.333333333333334,10,401632.48,0.45117550875080054
ACC00330,R36,Financial services,130,1014353.15,0.8067,0.50–0.99,10,Active,0.6666666666666666,3.3333333333333335,-5,342305.24,0.16402333723525533
ACC00331,R11,Manufacturing,620,6462578.22,3.7591,2.50–5.00,6,Active,1.0,8.333333333333334,-5,16134529.88,0.07232982229675972
ACC00332,R29,Financial services,496,3526445.56,0.1526,0.15–0.49,10,Active,0.3333333333333333,10.0,5,787471.81,0.19510011418841725
ACC00333,R38,Logistics,560,2952253.67,1.4013,1.00–1.49,11,Active,1.0,8.333333333333334,15,4442931.1,0.1190700974943376
ACC00334,R04,Technology,421,2555246.82,1.049,1.00–1.49,4,Active,0.6666666666666666,18.333333333333332,20,2585177.61,0.11689622571672913
ACC00335,R04,Professional services,402,2643005.25,0.9494,0.50–0.99,3,Active,1.0,18.333333333333332,15,1387658.94,0.16156363609911892
ACC00336,R44,Healthcare,117,881309.4,1.4192,1.00–1.49,11,Active,0.6666666666666666,3.3333333333333335,15,596460.24,0.18213977766494777
ACC00337,R21,Manufacturing,234,1697602.03,0.9889,0.50–0.99,1,Active,0.6666666666666666,8.333333333333334,15,852220.26,0.2057423363249015
ACC00338,R33,Logistics,648,6664682.55,1.7586,1.50–2.49,3,Active,1.0,11.666666666666666,25,8626676.03,0.1027701032735346
ACC00339,R42,Manufacturing,242,1104169.14,0.1646,0.15–0.49,11,Active,0.3333333333333333,3.3333333333333335,0,308298.48,0.15840192775095138
ACC00340,R07,Hospitality,250,1579186.35,1.3118,1.00–1.49,3,Active,1.0,1.6666666666666667,-15,1857494.42,0.1712674726737336
ACC00341,R40,Hospitality,203,1770480.98,4.2036,2.50–5.00,5,Active,1.0,6.666666666666667,10,5725952.42,0.1384608647269637
ACC00342,R06,Logistics,387,2787451.47,1.8622,1.50–2.49,6,Active,1.0,8.333333333333334,0,4470817.31,0.09514021184186243
ACC00343,R04,Financial services,111,642716.44,0.6645,0.50–0.99,9,Active,1.0,6.666666666666667,10,498070.09,0.29036869077148314
ACC00344,R44,Logistics,172,1032417.23,1.1109,1.00–1.49,5,Active,1.0,8.333333333333334,15,1056213.11,0.16607223582204766
ACC00345,R36,Financial services,239,1586623.38,0.5186,0.50–0.99,9,Active,1.0,3.3333333333333335,-15,985197.12,0.16704836248652496
ACC00346,R31,Hospitality,285,1628252.22,1.1105,1.00–1.49,9,Active,1.0,3.3333333333333335,5,1791221.38,0.12723379664518053
ACC00347,R02,Financial services,94,815933.66,0.5917,0.50–0.99,9,Active,0.6666666666666666,6.666666666666667,5,498951.9,0.4216669663046819
ACC00348,R30,Hospitality,959,7636994.75,0.7119,0.50–0.99,5,Active,0.6666666666666666,6.666666666666667,5,3703655.65,0.08687516482931827
ACC00349,R40,Technology,334,2322199.38,0.5428,0.50–0.99,8,Active,1.0,1.6666666666666667,-10,1527505.65,0.15723793621271032
ACC00350,R24,Retail,111,755891.54,1.0976,1.00–1.49,6,Active,0.6666666666666666,6.666666666666667,0,768480.54,0.2102310999491025
ACC00351,R46,Financial services,516,2778086.73,0.6882,0.50–0.99,7,Active,0.6666666666666666,6.666666666666667,20,1596679.21,0.13912632712494735
ACC00352,R42,Logistics,440,2663567.45,1.3682,1.00–1.49,7,Active,0.6666666666666666,6.666666666666667,0,2867398.54,0.11676532208050203
ACC00353,R01,Retail,123,925495.08,4.7294,2.50–5.00,6,Active,1.0,6.666666666666667,10,3406076.0,0.1758247126331349
ACC00354,R14,Healthcare,265,2056529.07,0.7602,0.50–0.99,1,Active,0.6666666666666666,10.0,10,808147.04,0.24098471483028902
ACC00355,R12,Technology,96,665500.78,1.0453,1.00–1.49,7,Active,1.0,3.3333333333333335,10,639386.96,0.16542547372510435
ACC00356,R04,Manufacturing,186,1098232.99,0.593,0.50–0.99,8,Active,1.0,6.666666666666667,5,623972.84,0.23219681934184705
ACC00357,R06,Technology,219,1287208.3,1.0197,1.00–1.49,11,Active,1.0,5.0,10,1362963.06,0.20791453575481883
ACC00358,R39,Healthcare,351,2176317.72,0.2771,0.15–0.49,7,Active,0.0,5.0,5,587067.63,0.160533874465158
ACC00359,R32,Logistics,409,3204333.1,0.6139,0.50–0.99,7,Active,0.6666666666666666,10.0,20,1324761.31,0.13770501507191005
ACC00360,R42,Hospitality,62,309986.95,0.9577,0.50–0.99,11,Active,1.0,0.0,5,266699.92,0.30928915337303287
ACC00361,R20,Manufacturing,206,1428067.03,0.9728,0.50–0.99,12,Active,1.0,0.0,5,599713.13,0.1997739076082714
ACC00362,R47,Financial services,154,883888.28,0.909,0.50–0.99,1,Active,1.0,1.6666666666666667,20,356444.37,0.16378323894121663
ACC00363,R44,Retail,215,1396254.81,0.613,0.50–0.99,7,Active,1.0,-5.0,5,722277.46,0.15858765962657548
ACC00364,R19,Retail,422,2373143.55,0.5467,0.50–0.99,8,Active,1.0,8.333333333333334,10,1360253.33,0.12051606539939255
ACC00365,R20,Technology,159,1345404.0,0.6442,0.50–0.99,2,Active,0.6666666666666666,5.0,15,528070.85,0.2907288436766379
ACC00366,R02,Professional services,618,3761319.72,0.1858,0.15–0.49,6,Active,0.6666666666666666,11.666666666666666,10,787268.81,0.14119834510124826
ACC00367,R40,Manufacturing,99,894021.26,4.9822,2.50–5.00,11,Active,1.0,5.0,10,3424171.68,0.2531731291354892
ACC00368,R20,Manufacturing,81,424205.55,0.7574,0.50–0.99,2,Active,0.6666666666666666,10.0,15,338427.89,0.24017176377126084
ACC00369,R16,Financial services,405,2592260.11,0.5034,0.50–0.99,6,Active,1.0,0.0,10,1457571.65,0.15759605076686195
ACC00370,R44,Professional services,619,3937225.48,0.8786,0.50–0.99,10,Active,0.6666666666666666,3.3333333333333335,5,1750628.34,0.12476131787650442
ACC00371,R41,Healthcare,225,997639.82,0.3981,0.15–0.49,5,Active,0.6666666666666666,-5.0,0,384054.97000000003,0.31737131414019343
ACC00372,R07,Healthcare,294,2417974.51,0.1525,0.15–0.49,2,Active,0.3333333333333333,21.666666666666668,25,370941.35,0.1695825753804251
ACC00373,R42,Technology,249,1701861.28,0.8495,0.50–0.99,12,Active,1.0,5.0,15,647858.13,0.19128096014443152
ACC00374,R32,Financial services,277,1984091.48,0.3966,0.15–0.49,7,Active,1.0,1.6666666666666667,-5,726849.84,0.23083677930982177
ACC00375,R38,Manufacturing,843,6989043.72,4.7976,2.50–5.00,2,Active,1.0,8.333333333333334,5,22928286.82,0.06533906426725573
ACC00376,R44,Manufacturing,295,1708798.97,0.5233,0.50–0.99,7,Active,0.3333333333333333,1.6666666666666667,10,852681.87,0.13021982025548592
ACC00377,R46,Professional services,71,681764.77,2.1908,1.50–2.49,9,Active,1.0,3.3333333333333335,10,933443.24,0.31590576905392526
ACC00378,R47,Hospitality,334,2432472.35,0.4682,0.15–0.49,1,Active,1.0,8.333333333333334,0,467977.14,0.1442321968149026
ACC00379,R07,Professional services,290,1743121.34,0.7508,0.50–0.99,4,Active,1.0,5.0,5,651486.58,0.14316099843383162
ACC00380,R17,Manufacturing,226,1799311.08,1.2496,1.00–1.49,1,Active,0.6666666666666666,11.666666666666666,10,1437468.6199999999,0.14306243901433233
ACC00381,R03,Financial services,259,2084942.55,2.1794,1.50–2.49,10,Active,1.0,1.6666666666666667,0,2903912.5,0.1490080498616934
ACC00382,R29,Technology,367,2089323.8,0.6762,0.50–0.99,9,Active,1.0,6.666666666666667,0,1622152.93,0.1874591896349317
ACC00383,R48,Healthcare,103,813108.73,4.0575,2.50–5.00,5,Active,1.0,-1.6666666666666667,-10,2191593.7,0.1670865460279779
ACC00384,R30,Technology,85,469962.96,1.231,1.00–1.49,3,Active,1.0,-1.6666666666666667,0,550062.84,0.3054563643819148
ACC00385,R21,Professional services,399,2385751.36,0.5428,0.50–0.99,6,Active,1.0,16.666666666666668,15,1160446.89,0.1256329456778611
ACC00386,R01,Professional services,72,570545.18,1.3266,1.00–1.49,2,Active,1.0,5.0,10,398353.86,0.28826923404501503
ACC00387,R16,Professional services,348,2822627.93,0.2692,0.15–0.49,12,Active,1.0,6.666666666666667,15,675499.34,0.1558921569477271
ACC00388,R44,Retail,76,510267.44,0.3204,0.15–0.49,2,Active,1.0,6.666666666666667,0,76721.11,0.3719518186350741
ACC00389,R42,Financial services,315,2110040.24,0.5138,0.50–0.99,4,Active,1.0,11.666666666666666,5,901323.1900000001,0.15066964848745734
ACC00390,R39,Healthcare,674,4853642.26,1.4398,1.00–1.49,11,Active,0.6666666666666666,6.666666666666667,0,4084490.06,0.08977660373278935
ACC00391,R43,Professional services,147,806725.7,0.2752,0.15–0.49,11,Active,0.6666666666666666,3.3333333333333335,5,178686.57,0.2175023620650021
ACC00392,R45,Professional services,1194,8221333.45,0.8692,0.50–0.99,1,Active,1.0,6.666666666666667,-5,3765014.7,0.0699105563859031
ACC00393,R27,Retail,149,818760.06,0.3642,0.15–0.49,12,Active,1.0,-1.6666666666666667,5,190007.07,0.19611965558984454
ACC00394,R04,Retail,107,677029.85,0.7729,0.50–0.99,10,Active,1.0,13.333333333333334,10,383885.08,0.23847302342115914
ACC00395,R28,Hospitality,344,1949352.4,0.358,0.15–0.49,3,Active,1.0,5.0,0,519060.2,0.13691224794822648
ACC00396,R02,Logistics,133,1029103.98,0.8009,0.50–0.99,9,Active,1.0,3.3333333333333335,-5,412622.14,0.2328630140026787
ACC00397,R04,Professional services,200,1570672.76,0.3053,0.15–0.49,5,Active,0.6666666666666666,11.666666666666666,5,319876.78,0.20865205722465285
ACC00398,R41,Logistics,154,1002755.64,0.5663,0.50–0.99,11,Active,1.0,15.0,10,429465.22000000003,0.24758165342168661
ACC00399,R09,Hospitality,387,2777663.48,0.7889,0.50–0.99,7,Active,0.6666666666666666,10.0,5,1185939.22,0.1317911751248915
ACC00400,R26,Financial services,355,2352773.78,1.2674,1.00–1.49,1,Active,1.0,10.0,15,2454235.79,0.13834989957595767
ACC00401,R11,Financial services,145,1199615.57,0.6969,0.50–0.99,11,Active,1.0,1.6666666666666667,-10,427089.02999999997,0.251486722499365
ACC00402,R39,Hospitality,62,381704.44,0.9253,0.50–0.99,9,Active,1.0,0.0,15,326389.97000000003,0.37953095770657574
ACC00403,R01,Retail,80,613543.6,0.4791,0.15–0.49,1,Active,0.6666666666666666,15.0,20,98668.86,0.27693798550977045
ACC00404,R22,Professional services,357,2541194.57,1.2955,1.00–1.49,3,Active,1.0,8.333333333333334,15,2249939.61,0.10514197041476636
ACC00405,R16,Hospitality,62,386805.44,1.2912,1.00–1.49,11,Active,0.6666666666666666,6.666666666666667,15,501271.18,0.37567466632098645
ACC00406,R03,Financial services,87,686996.75,4.278,2.50–5.00,6,Active,1.0,5.0,10,2226771.13,0.19543729405403315
ACC00407,R06,Retail,579,4576371.47,0.2158,0.15–0.49,5,Active,1.0,8.333333333333334,20,780603.33,0.14078831111213644
ACC00408,R15,Manufacturing,926,4945844.36,1.2736,1.00–1.49,11,Active,1.0,-3.3333333333333335,-5,6014781.94,0.07659949107293194
ACC00409,R28,Logistics,319,2025634.78,0.9727,0.50–0.99,3,Active,1.0,5.0,-15,1412770.41,0.1246275585825181
ACC00410,R22,Logistics,183,1489229.8,4.38,2.50–5.00,10,Active,1.0,10.0,10,4653996.7299999995,0.14066274670026085
ACC00411,R39,Technology,104,696904.99,0.3641,0.15–0.49,7,Active,1.0,8.333333333333334,10,259994.93,0.2729357939096483
ACC00412,R48,Retail,510,2858727.15,0.8692,0.50–0.99,6,Active,0.6666666666666666,15.0,10,1846323.35,0.12208030714162924
ACC00413,R02,Healthcare,62,389335.65,0.5657,0.50–0.99,6,Active,1.0,11.666666666666666,-5,274612.73000000004,0.3772944552405467
ACC00414,R19,Healthcare,543,3805470.33,0.5277,0.50–0.99,10,Active,1.0,3.3333333333333335,5,2142572.6,0.15594431082994445
ACC00415,R01,Financial services,246,2071231.8,1.1121,1.00–1.49,3,Active,0.3333333333333333,16.666666666666668,25,1398042.48,0.128725599756863
ACC00416,R43,Hospitality,433,2846972.12,0.4836,0.15–0.49,11,Active,1.0,1.6666666666666667,5,563749.51,0.11978159097951988
ACC00417,R29,Retail,76,408017.7,0.6255,0.50–0.99,7,Active,0.6666666666666666,-1.6666666666666667,-15,518945.61,0.34569078738904546
ACC00418,R28,Logistics,95,517918.06,0.9763,0.50–0.99,5,Active,1.0,-3.3333333333333335,10,248344.34,0.24678735951456857
ACC00419,R32,Manufacturing,1757,10883649.19,0.1571,0.15–0.49,2,Active,0.3333333333333333,8.333333333333334,10,3140205.81,0.08384809181466649
ACC00420,R24,Healthcare,320,1599609.92,0.4054,0.15–0.49,3,Active,1.0,6.666666666666667,5,432575.58,0.16002335328378958
ACC00421,R30,Healthcare,89,782059.65,0.9279,0.50–0.99,4,Active,0.6666666666666666,10.0,25,285035.14,0.26689657601818534
ACC00422,R02,Professional services,379,2420694.85,0.7705,0.50–0.99,7,Active,0.6666666666666666,5.0,10,1315285.07,0.1452283616639798
ACC00423,R01,Financial services,445,4165045.46,1.6175,1.50–2.49,2,Active,1.0,15.0,20,5502728.04,0.09835220169459781
ACC00424,R39,Logistics,479,3523976.34,0.9217,0.50–0.99,1,Active,1.0,1.6666666666666667,-15,1870281.96,0.11250384002226836
ACC00425,R15,Professional services,229,1826058.45,1.0339,1.00–1.49,3,Active,1.0,-5.0,-10,1385206.34,0.13009259245137442
ACC00426,R19,Financial services,131,902458.91,0.2386,0.15–0.49,6,Active,1.0,10.0,15,161823.62,0.3000348113019638
ACC00427,R17,Hospitality,737,4118494.64,0.6826,0.50–0.99,11,Active,1.0,15.0,10,2285266.3,0.09979953562017838
ACC00428,R19,Retail,968,8871696.5,1.7167,1.50–2.49,12,Active,1.0,13.333333333333334,5,12594389.85,0.06676707917342083
ACC00429,R28,Financial services,196,991398.44,0.2105,0.15–0.49,5,Active,0.3333333333333333,-3.3333333333333335,15,362621.62,0.23397155155353894
ACC00430,R06,Manufacturing,119,635554.66,0.2674,0.15–0.49,2,Active,1.0,10.0,15,224706.75,0.31415168052849807
ACC00431,R15,Manufacturing,276,2043112.05,0.7602,0.50–0.99,1,Active,0.6666666666666666,18.333333333333332,15,1247440.11,0.23169921551689562
ACC00432,R44,Healthcare,146,954739.66,0.8954,0.50–0.99,2,Active,0.6666666666666666,0.0,0,466755.14,0.23071753430682992
ACC00433,R07,Logistics,123,709583.58,0.4577,0.15–0.49,2,Active,0.6666666666666666,16.666666666666668,5,178731.39,0.22378607210504442
ACC00434,R11,Logistics,127,764666.38,0.8292,0.50–0.99,6,Active,0.6666666666666666,1.6666666666666667,0,374391.88,0.20592366577634175
ACC00435,R15,Financial services,114,720429.16,0.3701,0.15–0.49,3,Active,0.3333333333333333,10.0,0,122710.06,0.22221245051033317
ACC00436,R07,Logistics,231,2587823.45,3.4333,2.50–5.00,6,Active,1.0,6.666666666666667,10,5890459.99,0.11606149974446418
ACC00437,R08,Logistics,635,3614926.27,0.3869,0.15–0.49,8,Active,1.0,10.0,10,1136918.1,0.16457924641182106
ACC00438,R27,Retail,124,888391.27,0.3542,0.15–0.49,1,Active,0.3333333333333333,13.333333333333334,20,142316.27,0.22800354589408464
ACC00439,R22,Manufacturing,113,711575.07,0.6183,0.50–0.99,9,Active,0.6666666666666666,3.3333333333333335,10,468991.59,0.26555471971075706
ACC00440,R16,Healthcare,445,2841639.28,0.9003,0.50–0.99,9,Active,1.0,-1.6666666666666667,-15,1307632.0999999999,0.13895355716189375
ACC00441,R48,Professional services,266,1658953.69,0.2626,0.15–0.49,3,Active,0.6666666666666666,0.0,-10,615345.97,0.1752244311011346
ACC00442,R20,Financial services,116,819799.07,0.1939,0.15–0.49,12,Active,0.3333333333333333,15.0,20,249602.09,0.24533253432664495
ACC00443,R44,Professional services,196,1477499.73,4.0714,2.50–5.00,3,Active,1.0,8.333333333333334,5,6358486.0200000005,0.1516338052667136
ACC00444,R30,Healthcare,194,1170286.8,1.341,1.00–1.49,3,Active,1.0,6.666666666666667,20,1266756.71,0.16318806353059465
ACC00445,R39,Logistics,308,2581632.86,1.2494,1.00–1.49,5,Active,1.0,15.0,5,2356391.39,0.1290036827752251
ACC00446,R01,Logistics,170,1152548.34,0.3399,0.15–0.49,1,Active,1.0,3.3333333333333335,15,252127.03,0.22636729296387953
ACC00447,R04,Manufacturing,745,5038949.23,0.3021,0.15–0.49,8,Active,0.6666666666666666,6.666666666666667,10,1230794.63,0.1076495683544276
ACC00448,R45,Professional services,62,415220.8,0.6582,0.50–0.99,2,Active,0.3333333333333333,11.666666666666666,25,139898.13,0.2676557669387102
ACC00449,R14,Manufacturing,62,380008.38,0.1981,0.15–0.49,4,Active,1.0,15.0,10,68987.36,0.5350525209482955
ACC00450,R30,Hospitality,636,4198218.72,1.5566,1.50–2.49,12,Active,1.0,6.666666666666667,0,8988309.89,0.08513847925844634
ACC00451,R21,Technology,128,872279.78,0.7775,0.50–0.99,10,Active,0.6666666666666666,8.333333333333334,10,250113.29,0.17814656985671884
ACC00452,R08,Financial services,70,599869.61,0.9357,0.50–0.99,2,Active,1.0,6.666666666666667,0,236973.6,0.27706645998158014
ACC00453,R15,Technology,278,1521670.27,0.6102,0.50–0.99,7,Active,0.6666666666666666,1.6666666666666667,5,1448729.6500000001,0.22848389469930883
ACC00454,R37,Hospitality,1040,7459131.56,1.0266,1.00–1.49,5,Active,1.0,1.6666666666666667,0,6520019.53,0.0813754996086715
ACC00455,R27,Technology,77,633565.01,0.7091,0.50–0.99,10,Active,1.0,5.0,15,196718.21,0.27326204696763506
ACC00456,R24,Manufacturing,146,1052865.17,0.4322,0.15–0.49,2,Active,1.0,-3.3333333333333335,-5,253804.88,0.2501198829419711
ACC00457,R08,Logistics,112,743709.61,1.4308,1.00–1.49,1,Active,0.6666666666666666,18.333333333333332,15,843419.64,0.25356713409788023
ACC00458,R19,Financial services,225,1293066.51,0.544,0.50–0.99,10,Active,0.6666666666666666,8.333333333333334,15,685385.49,0.17185240000895036
ACC00459,R12,Logistics,273,1907579.5,3.1783,2.50–5.00,9,Active,1.0,3.3333333333333335,10,9115154.41,0.10804512457018638
ACC00460,R04,Hospitality,252,1903406.66,0.1855,0.15–0.49,2,Active,1.0,6.666666666666667,0,348128.35,0.27300958612097975
ACC00461,R35,Retail,66,486437.64,1.7518,1.50–2.49,6,Active,1.0,3.3333333333333335,10,560472.57,0.21862692772069617
ACC00462,R14,Logistics,342,2574456.08,0.9343,0.50–0.99,1,Active,0.6666666666666666,6.666666666666667,20,1243061.33,0.13572862543900965
ACC00463,R29,Healthcare,509,3299662.55,0.2476,0.15–0.49,6,Active,0.6666666666666666,1.6666666666666667,-5,766092.99,0.12361705475290048
ACC00464,R07,Retail,376,2500507.71,0.3586,0.15–0.49,9,Active,0.6666666666666666,3.3333333333333335,5,636691.5700000001,0.12675727653095561
ACC00465,R03,Retail,214,1737400.97,1.1389,1.00–1.49,12,Active,0.6666666666666666,6.666666666666667,10,1846393.07,0.13521264410762504
ACC00466,R18,Financial services,529,3008895.67,0.632,0.50–0.99,11,Active,0.6666666666666666,6.666666666666667,5,1993857.75,0.11657615922192414
ACC00467,R09,Professional services,213,1052970.66,0.7248,0.50–0.99,5,Active,1.0,3.3333333333333335,5,894644.54,0.21857185505644952
ACC00468,R35,Healthcare,62,373207.42,2.4453,1.50–2.49,5,Active,1.0,5.0,5,699931.68,0.23139940042714224
ACC00469,R30,Healthcare,132,769478.26,0.419,0.15–0.49,2,Active,0.6666666666666666,8.333333333333334,20,146827.25,0.19241761658106224
ACC00470,R30,Logistics,205,1200287.01,0.9289,0.50–0.99,4,Active,1.0,8.333333333333334,10,715782.63,0.17532655645403125
ACC00471,R27,Professional services,450,3188589.45,0.3539,0.15–0.49,3,Active,0.6666666666666666,16.666666666666668,20,564488.58,0.13906007179946714
ACC00472,R01,Healthcare,292,3282601.53,3.4981,2.50–5.00,10,Active,1.0,5.0,-5,7501729.67,0.11187686791502532
ACC00473,R14,Manufacturing,540,3382939.32,0.6536,0.50–0.99,11,Active,1.0,5.0,5,2100582.12,0.1164402396950921
ACC00474,R07,Healthcare,185,1608032.39,2.5902,2.50–5.00,5,Active,1.0,6.666666666666667,20,5186835.56,0.14629931205894134
ACC00475,R18,Technology,268,1729388.25,0.4855,0.15–0.49,1,Active,1.0,5.0,10,370834.27,0.2864025203861294
ACC00476,R47,Financial services,282,1462919.65,0.4243,0.15–0.49,5,Active,0.6666666666666666,11.666666666666666,10,381967.75,0.1617415547307638
ACC00477,R16,Hospitality,601,3978542.53,0.7941,0.50–0.99,7,Active,0.6666666666666666,10.0,20,1994035.58,0.11794059944962014
ACC00478,R31,Hospitality,158,1019472.3,0.3138,0.15–0.49,2,Active,1.0,5.0,20,251271.41,0.2033766792137872
ACC00479,R08,Logistics,135,791271.79,2.1657,1.50–2.49,11,Active,1.0,8.333333333333334,10,2208679.98,0.15759418685676246
ACC00480,R31,Hospitality,174,972666.24,0.6571,0.50–0.99,11,Active,1.0,8.333333333333334,10,796353.17,0.15777851837191448
ACC00481,R05,Financial services,285,1891921.02,0.5424,0.50–0.99,11,Active,0.6666666666666666,3.3333333333333335,25,972506.7,0.19119238168643302
ACC00482,R32,Retail,223,1623285.68,4.6989,2.50–5.00,6,Active,1.0,10.0,5,4900974.13,0.1202980009902699
ACC00483,R28,Hospitality,220,1269877.69,0.8707,0.50–0.99,12,Active,1.0,0.0,5,882944.21,0.20374302816092618
ACC00484,R23,Financial services,208,1170849.0,0.5709,0.50–0.99,12,Active,0.6666666666666666,13.333333333333334,15,549626.29,0.15085279498114987
ACC00485,R21,Retail,285,1900277.41,1.2569,1.00–1.49,10,Active,0.6666666666666666,5.0,0,1644898.95,0.11193269364911913
ACC00486,R43,Financial services,673,5822822.32,3.0221,2.50–5.00,2,Active,1.0,10.0,5,18663233.43,0.09002937088415226
ACC00487,R01,Retail,62,491168.76,4.1849,2.50–5.00,12,Active,1.0,10.0,5,1605763.29,0.387452293260738
ACC00488,R02,Hospitality,308,2209705.08,2.9883,2.50–5.00,3,Active,1.0,8.333333333333334,5,8755442.78,0.15472941568660636
ACC00489,R42,Technology,174,1295493.06,2.169,1.50–2.49,3,Active,1.0,10.0,15,2025300.89,0.14722425893377739
ACC00490,R44,Logistics,329,1805125.87,0.7149,0.50–0.99,4,Active,0.3333333333333333,15.0,25,1093807.3,0.13625313996134691
ACC00491,R36,Logistics,140,1163185.94,2.025,1.50–2.49,7,Active,1.0,3.3333333333333335,0,1611653.71,0.16631030124007903
ACC00492,R43,Logistics,280,2036345.07,0.2412,0.15–0.49,1,Active,0.6666666666666666,13.333333333333334,15,405867.02,0.2634666264464604
ACC00493,R29,Healthcare,149,964187.77,1.3283,1.00–1.49,4,Active,1.0,8.333333333333334,10,927778.35,0.23212276670492496
ACC00494,R14,Financial services,116,916054.12,0.8565,0.50–0.99,6,Active,0.3333333333333333,13.333333333333334,5,250054.37,0.23969835839670528
ACC00495,R05,Professional services,180,903158.42,0.5517,0.50–0.99,1,Active,0.3333333333333333,1.6666666666666667,0,661565.41,0.17153650145296873
ACC00496,R28,Technology,390,2173136.07,0.9128,0.50–0.99,10,Active,1.0,10.0,10,1434068.07,0.14011659869876464
ACC00497,R05,Logistics,446,2061688.89,0.6744,0.50–0.99,2,Active,0.6666666666666666,15.0,10,1249682.49,0.12295883285666755
ACC00498,R01,Professional services,62,344932.01,1.2769,1.00–1.49,1,Active,0.3333333333333333,3.3333333333333335,-5,307777.46,0.23705171638909156
ACC00499,R11,Logistics,184,1240407.16,0.2029,0.15–0.49,3,Active,1.0,5.0,0,193790.68,0.2070800180329458
ACC00500,R29,Manufacturing,62,374472.02,0.1648,0.15–0.49,6,Active,0.6666666666666666,10.0,25,72896.7,0.32350009781535716
ACC00501,R09,Manufacturing,241,1238888.68,0.3279,0.15–0.49,8,Active,0.3333333333333333,16.666666666666668,15,562261.15,0.2202474251856179
ACC00502,R22,Manufacturing,629,4770915.33,1.8406,1.50–2.49,9,Active,1.0,-6.666666666666667,-10,8478670.85,0.09905568347628708
ACC00503,R47,Logistics,282,1872732.85,0.2081,0.15–0.49,12,Active,0.6666666666666666,3.3333333333333335,5,473603.05,0.164297822937221
ACC00504,R20,Manufacturing,290,2526017.87,1.1062,1.00–1.49,5,Active,1.0,11.666666666666666,10,2372473.49,0.15303428012832002
ACC00505,R45,Hospitality,200,1380005.88,0.6326,0.50–0.99,12,Active,1.0,3.3333333333333335,-5,446939.11,0.16611682908561426
ACC00506,R19,Financial services,511,4300612.63,1.5829,1.50–2.49,9,Active,1.0,10.0,5,6016482.47,0.09394727907787379
ACC00507,R09,Professional services,150,804652.62,0.6549,0.50–0.99,8,Active,0.6666666666666666,13.333333333333334,10,527285.32,0.17322406310137525
ACC00508,R07,Technology,337,2691372.79,1.8169,1.50–2.49,4,Active,0.6666666666666666,0.0,-15,4242237.98,0.1282626636400927
ACC00509,R38,Professional services,153,867051.28,0.9411,0.50–0.99,4,Active,1.0,5.0,0,483060.54,0.2903751938705925
ACC00510,R33,Financial services,640,3772825.67,0.2405,0.15–0.49,12,Active,1.0,1.6666666666666667,10,1039063.36,0.14065732458844574
ACC00511,R07,Hospitality,204,1395706.12,1.6735,1.50–2.49,12,Active,1.0,11.666666666666666,10,3068847.85,0.14448713465853028
ACC00512,R22,Healthcare,479,3234814.12,0.2014,0.15–0.49,5,Active,0.6666666666666666,8.333333333333334,-15,769483.1799999999,0.1376010835854265
ACC00513,R41,Technology,252,1823552.71,1.1365,1.00–1.49,1,Active,1.0,5.0,5,1708260.39,0.15835597741870913
ACC00514,R15,Hospitality,323,2250832.1,0.6221,0.50–0.99,11,Active,0.6666666666666666,8.333333333333334,5,1025539.34,0.14097216736681295
ACC00515,R07,Logistics,451,2986154.75,0.5432,0.50–0.99,8,Active,0.6666666666666666,13.333333333333334,10,1257131.33,0.10887791872502832
ACC00516,R07,Technology,209,1340849.24,0.8159,0.50–0.99,2,Active,1.0,1.6666666666666667,10,767370.32,0.16841668508524357
ACC00517,R08,Retail,286,2127671.16,3.5732,2.50–5.00,8,Active,1.0,15.0,20,10825118.42,0.14281608787614405
ACC00518,R15,Manufacturing,158,1224435.73,1.4855,1.00–1.49,12,Active,0.6666666666666666,11.666666666666666,0,1027562.47,0.23699444968189443
ACC00519,R05,Hospitality,146,940690.04,0.637,0.50–0.99,10,Active,1.0,3.3333333333333335,15,395901.45,0.17423125381029442
ACC00520,R15,Financial services,408,2260340.04,0.7965,0.50–0.99,5,Active,0.6666666666666666,8.333333333333334,5,1586378.83,0.179820062811459
ACC00521,R18,Manufacturing,105,544370.36,0.2213,0.15–0.49,8,Active,1.0,8.333333333333334,0,85331.68000000001,0.27569363292965055
ACC00522,R20,Professional services,97,554628.45,0.5575,0.50–0.99,9,Active,0.6666666666666666,6.666666666666667,5,485141.14999999997,0.22714646947753797
ACC00523,R31,Technology,900,6841636.47,1.3128,1.00–1.49,12,Active,1.0,5.0,5,6164023.12,0.0796690911591452
ACC00524,R33,Hospitality,85,695790.47,1.5786,1.50–2.49,4,Active,1.0,15.0,5,1308739.03,0.2211087568298321
ACC00525,R45,Technology,181,1477643.48,2.9846,2.50–5.00,1,Active,1.0,10.0,25,5608741.85,0.14201553040350468
ACC00526,R20,Logistics,220,1393070.18,0.5171,0.50–0.99,4,Active,0.6666666666666666,3.3333333333333335,0,675007.27,0.19312644502922638
ACC00527,R36,Professional services,503,4611156.26,0.7599,0.50–0.99,3,Active,1.0,10.0,10,1739245.86,0.11405560300746298
ACC00528,R08,Retail,472,2858298.51,0.2331,0.15–0.49,8,Active,1.0,5.0,10,535807.84,0.11786061599160991
ACC00529,R40,Retail,121,454501.94,0.3884,0.15–0.49,10,Active,1.0,3.3333333333333335,-5,93191.07,0.3069683549022701
ACC00530,R21,Hospitality,62,537509.4,0.6655,0.50–0.99,8,Active,1.0,6.666666666666667,5,339783.86,0.46671684358772786
ACC00531,R05,Financial services,216,1502551.35,0.6745,0.50–0.99,1,Active,1.0,8.333333333333334,15,598320.83,0.1662329425266025
ACC00532,R01,Logistics,81,591548.68,1.7661,1.50–2.49,9,Active,1.0,1.6666666666666667,15,1773548.55,0.22241336501978218
ACC00533,R43,Professional services,118,909872.5,0.5709,0.50–0.99,1,Active,0.3333333333333333,11.666666666666666,0,330444.46,0.1696687293132986
ACC00534,R13,Retail,250,1723575.48,0.8749,0.50–0.99,12,Active,0.6666666666666666,6.666666666666667,-10,1034989.65,0.21201002009957212
ACC00535,R20,Retail,110,706166.94,0.3892,0.15–0.49,7,Active,0.6666666666666666,8.333333333333334,20,164911.35,0.24469417600109222
ACC00536,R07,Professional services,131,744649.19,0.2,0.15–0.49,9,Active,0.3333333333333333,6.666666666666667,10,91155.79,0.18699323734095552
ACC00537,R48,Logistics,260,1727754.14,1.0981,1.00–1.49,2,Active,1.0,1.6666666666666667,10,1285609.45,0.13682766063742124
ACC00538,R03,Healthcare,279,1706955.46,0.6211,0.50–0.99,6,Active,1.0,10.0,10,1217939.23,0.20409291820991088
ACC00539,R47,Technology,292,1883665.27,0.7474,0.50–0.99,2,Active,0.6666666666666666,11.666666666666666,15,1310759.29,0.1703591797258023
ACC00540,R43,Retail,464,3043160.21,0.8659,0.50–0.99,8,Active,0.3333333333333333,6.666666666666667,5,1621286.23,0.13566673756067477
ACC00541,R47,Healthcare,202,1268624.49,0.8573,0.50–0.99,9,Active,1.0,-1.6666666666666667,5,668820.87,0.1905617946401205
ACC00542,R09,Technology,488,2929872.83,0.3478,0.15–0.49,9,Active,0.3333333333333333,6.666666666666667,25,748650.59,0.1614687920378265
ACC00543,R37,Hospitality,138,972261.05,0.4815,0.15–0.49,5,Active,1.0,3.3333333333333335,10,160431.87,0.2179663583307629
ACC00544,R05,Hospitality,316,2667559.66,1.3817,1.00–1.49,11,Active,1.0,8.333333333333334,0,1857566.31,0.11871669769102787
ACC00545,R25,Logistics,188,1329521.32,1.753,1.50–2.49,11,Active,1.0,10.0,0,2040256.37,0.14185437819844465
ACC00546,R40,Logistics,880,6317539.15,0.4684,0.15–0.49,4,Active,0.6666666666666666,6.666666666666667,-15,1531829.56,0.1423917819143735
ACC00547,R10,Financial services,173,1044571.22,0.4342,0.15–0.49,1,Active,1.0,8.333333333333334,15,379584.56,0.3229457676996873
ACC00548,R15,Healthcare,255,1792757.31,1.8169,1.50–2.49,4,Active,1.0,11.666666666666666,10,3602194.06,0.17904042459757716
ACC00549,R32,Healthcare,1191,5265033.58,0.845,0.50–0.99,7,Active,0.6666666666666666,8.333333333333334,0,4224082.08,0.07979945980074364
ACC00550,R01,Technology,286,2003853.97,1.0964,1.00–1.49,6,Active,1.0,6.666666666666667,10,2038772.28,0.16505800152771372
ACC00551,R48,Healthcare,127,840931.7,0.8714,0.50–0.99,2,Active,1.0,-3.3333333333333335,10,457681.76,0.1780181892135496
ACC00552,R42,Logistics,147,1036729.12,0.1997,0.15–0.49,8,Active,0.6666666666666666,1.6666666666666667,0,201196.43,0.27545031135135317
ACC00553,R37,Hospitality,164,1387488.62,1.2384,1.00–1.49,8,Active,1.0,3.3333333333333335,5,1076723.04,0.15096492983765208
ACC00554,R30,Healthcare,270,1705568.93,0.1565,0.15–0.49,3,Active,1.0,1.6666666666666667,5,551658.4400000001,0.16653367468767305
ACC00555,R41,Healthcare,200,1622631.8,1.0958,1.00–1.49,10,Active,0.6666666666666666,13.333333333333334,15,1747659.3900000001,0.21675806428734584
ACC00556,R42,Healthcare,242,1543710.0,0.7432,0.50–0.99,12,Active,1.0,3.3333333333333335,10,868278.4199999999,0.16037988479970056
ACC00557,R42,Financial services,373,2332480.39,0.4487,0.15–0.49,10,Active,0.6666666666666666,6.666666666666667,0,543530.87,0.15001196289374522
ACC00558,R23,Logistics,105,682376.85,0.6028,0.50–0.99,12,Active,0.6666666666666666,5.0,10,351929.99,0.22838837596742673
ACC00559,R27,Financial services,62,458485.29,4.9359,2.50–5.00,10,Active,1.0,0.0,5,1091757.37,0.24003044068477564
ACC00560,R33,Technology,325,1975829.34,0.3223,0.15–0.49,8,Active,0.6666666666666666,11.666666666666666,20,509920.0,0.13163273348130736
ACC00561,R14,Hospitality,255,1747452.58,0.2672,0.15–0.49,8,Active,0.6666666666666666,3.3333333333333335,10,349482.9,0.17150944177283917
ACC00562,R47,Manufacturing,89,826388.58,0.8977,0.50–0.99,10,Active,1.0,6.666666666666667,5,370273.66000000003,0.36779391674261297
ACC00563,R22,Manufacturing,165,1138072.24,0.6553,0.50–0.99,9,Active,0.6666666666666666,11.666666666666666,10,430985.08,0.20060220226582784
ACC00564,R46,Healthcare,460,2555080.71,0.939,0.50–0.99,9,Active,0.3333333333333333,8.333333333333334,10,1690491.29,0.10765245166737453
ACC00565,R31,Technology,138,995072.23,0.4292,0.15–0.49,5,Active,0.6666666666666666,10.0,20,251149.77000000002,0.27909481876109576
ACC00566,R01,Healthcare,392,2290458.7,0.9782,0.50–0.99,5,Active,1.0,1.6666666666666667,10,1497182.72,0.13088246314591506
ACC00567,R23,Manufacturing,276,1570126.17,2.4257,1.50–2.49,11,Active,1.0,8.333333333333334,5,4264739.04,0.15065547947339517
ACC00568,R16,Professional services,104,739217.65,0.3725,0.15–0.49,5,Active,0.6666666666666666,10.0,10,191373.46,0.37950269758406935
ACC00569,R05,Technology,834,4839961.84,0.9626,0.50–0.99,12,Active,1.0,-5.0,10,2855684.43,0.08963030502520258
ACC00570,R38,Financial services,240,1491887.57,0.4849,0.15–0.49,2,Active,0.6666666666666666,5.0,0,294962.97,0.2043620863958464
ACC00571,R45,Financial services,62,436675.2,0.452,0.15–0.49,9,Active,1.0,5.0,10,221811.74,0.3593913470208104
ACC00572,R47,Retail,411,2393745.44,0.9632,0.50–0.99,8,Active,1.0,5.0,5,1405218.85,0.18648349339255763
ACC00573,R32,Professional services,134,1107396.73,0.5233,0.50–0.99,3,Active,0.6666666666666666,6.666666666666667,10,272385.82,0.30728260491263787
ACC00574,R41,Technology,220,1544688.78,1.2476,1.00–1.49,2,Active,1.0,6.666666666666667,0,1175666.77,0.14447135074983256
ACC00575,R13,Technology,544,3374704.29,1.2459,1.00–1.49,1,Active,1.0,0.0,5,3819438.88,0.1124580083085818
ACC00576,R15,Financial services,245,2007095.85,1.783,1.50–2.49,2,Active,0.6666666666666666,16.666666666666668,10,3049720.19,0.22722173541762078
ACC00577,R18,Healthcare,111,665160.52,0.411,0.15–0.49,10,Active,0.6666666666666666,15.0,20,162428.99,0.24049842369372174
ACC00578,R27,Retail,634,5241281.58,0.6886,0.50–0.99,6,Active,1.0,3.3333333333333335,5,1899898.02,0.08860985126241622
ACC00579,R17,Retail,339,2254951.02,2.4419,1.50–2.49,3,Active,1.0,8.333333333333334,10,4975175.86,0.14029354615752618
ACC00580,R37,Logistics,412,2846950.66,1.1783,1.00–1.49,7,Active,1.0,3.3333333333333335,10,2688572.01,0.14457728660019672
ACC00581,R34,Logistics,541,2907533.57,0.7859,0.50–0.99,9,Active,1.0,5.0,-15,1416970.6199999999,0.10300787608867296
ACC00582,R44,Retail,373,1865853.04,0.3128,0.15–0.49,3,Active,1.0,5.0,10,590072.84,0.15464407507809141
ACC00583,R11,Professional services,409,2146982.37,0.5464,0.50–0.99,1,Active,1.0,1.6666666666666667,5,1147306.8800000001,0.15037897838184439
ACC00584,R15,Manufacturing,161,1119874.68,0.7839,0.50–0.99,9,Active,0.6666666666666666,10.0,10,413576.66,0.17985095139318638
ACC00585,R33,Professional services,190,1462684.5,2.0585,1.50–2.49,5,Active,1.0,8.333333333333334,0,2088060.82,0.12938330268021717
ACC00586,R34,Financial services,627,5188589.14,0.8016,0.50–0.99,1,Active,0.0,-1.6666666666666667,5,2552890.96,0.10400011806660536
ACC00587,R07,Technology,804,5993959.86,1.9274,1.50–2.49,5,Active,1.0,10.0,15,10307121.22,0.08686446170054306
ACC00588,R23,Professional services,246,2070006.26,1.9412,1.50–2.49,8,Active,1.0,11.666666666666666,15,3402784.29,0.1500383646132287
ACC00589,R34,Manufacturing,137,746675.46,0.6534,0.50–0.99,1,Active,1.0,1.6666666666666667,0,574122.97,0.23389857502347539
ACC00590,R08,Retail,199,1114577.42,0.3481,0.15–0.49,6,Active,0.3333333333333333,13.333333333333334,10,310185.7,0.17721407036712
ACC00591,R47,Manufacturing,231,1616005.01,0.2428,0.15–0.49,12,Active,0.6666666666666666,6.666666666666667,-10,257293.81,0.1738161358876646
ACC00592,R26,Financial services,128,574400.98,0.7795,0.50–0.99,1,Active,1.0,11.666666666666666,20,384631.36,0.2832562741888922
ACC00593,R35,Manufacturing,123,1029380.34,2.4195,1.50–2.49,11,Active,1.0,0.0,10,1476584.28,0.16199446215252353
ACC00594,R18,Hospitality,112,658702.03,0.7133,0.50–0.99,7,Active,1.0,0.0,0,426736.24,0.1940366583572624
ACC00595,R01,Manufacturing,246,1651422.26,1.5025,1.50–2.49,12,Active,1.0,3.3333333333333335,-5,3443175.64,0.18048845178520131
ACC00596,R27,Logistics,127,989055.07,0.8107,0.50–0.99,11,Active,0.6666666666666666,16.666666666666668,25,332275.43,0.16015302762163613
ACC00597,R07,Financial services,62,617640.17,4.615,2.50–5.00,3,Active,1.0,15.0,25,1433376.15,0.2087436375642951
ACC00598,R15,Professional services,265,1939228.21,0.5424,0.50–0.99,3,Active,1.0,10.0,20,947494.05,0.15205134570257897
ACC00599,R21,Technology,224,1665180.56,4.9104,2.50–5.00,4,Active,1.0,11.666666666666666,5,5319889.63,0.13891652394832357
ACC00600,R20,Financial services,253,1290851.2,0.3234,0.15–0.49,10,Active,1.0,6.666666666666667,0,404632.6,0.23185877404624605
ACC00601,R17,Financial services,490,2546994.76,0.8,0.50–0.99,5,Active,0.3333333333333333,18.333333333333332,20,1228782.56,0.10612619136390072
ACC00602,R42,Professional services,304,1848442.34,0.3755,0.15–0.49,12,Active,1.0,5.0,10,569944.85,0.15725391349642345
ACC00603,R47,Logistics,62,373881.91,0.8989,0.50–0.99,10,Active,1.0,10.0,10,213333.45,0.27700932625967706
ACC00604,R34,Hospitality,495,3639554.73,1.8295,1.50–2.49,11,Active,1.0,5.0,5,5831052.62,0.10656076892170634
ACC00605,R18,Financial services,599,3532013.47,0.3924,0.15–0.49,5,Active,0.6666666666666666,8.333333333333334,15,955045.9400000001,0.12563165282498134
ACC00606,R42,Retail,194,984672.5,0.2758,0.15–0.49,8,Active,0.3333333333333333,11.666666666666666,20,209940.75,0.23793442305202825
ACC00607,R01,Logistics,62,315539.53,0.2991,0.15–0.49,2,Active,0.6666666666666666,-1.6666666666666667,10,290788.54,0.442825096179718
ACC00608,R17,Professional services,536,3850036.71,4.7752,2.50–5.00,1,Active,1.0,-1.6666666666666667,5,16169124.2,0.08546518833403889
ACC00609,R23,Hospitality,241,1724354.92,1.1753,1.00–1.49,5,Active,0.6666666666666666,16.666666666666668,25,1209010.8,0.1365496338957781
ACC00610,R45,Healthcare,182,950542.17,0.3612,0.15–0.49,2,Active,1.0,0.0,5,303796.95,0.24883247619980292
ACC00611,R34,Manufacturing,231,1528814.03,1.3653,1.00–1.49,2,Active,1.0,11.666666666666666,20,1525975.81,0.14869520259270153
ACC00612,R35,Hospitality,102,668802.32,0.5137,0.50–0.99,1,Active,0.3333333333333333,-1.6666666666666667,-5,236381.78,0.28208571140365263
ACC00613,R37,Technology,180,892631.28,0.373,0.15–0.49,5,Active,1.0,0.0,10,382805.13,0.19767876590413713
ACC00614,R46,Manufacturing,317,2368707.05,0.5916,0.50–0.99,1,Active,1.0,3.3333333333333335,-5,1072755.55,0.14073136346861653
ACC00615,R41,Retail,386,2221032.59,0.2163,0.15–0.49,5,Active,1.0,8.333333333333334,15,546856.95,0.1573670395343671
ACC00616,R41,Professional services,462,3385126.79,0.4232,0.15–0.49,9,Active,1.0,3.3333333333333335,10,804310.14,0.12337231466328971
ACC00617,R28,Financial services,113,709929.07,0.5927,0.50–0.99,3,Active,1.0,1.6666666666666667,-5,522088.64,0.2078009970429931
ACC00618,R42,Hospitality,231,995447.04,1.1748,1.00–1.49,8,Active,0.6666666666666666,10.0,10,2763892.81,0.4091855879688298
ACC00619,R19,Technology,145,848058.59,0.3782,0.15–0.49,5,Active,0.6666666666666666,10.0,20,178839.62,0.1896309767786976
ACC00620,R17,Technology,62,394924.45,0.3058,0.15–0.49,1,Active,0.6666666666666666,15.0,10,188014.62,0.3248321230582251
ACC00621,R46,Technology,95,991539.88,2.1607,1.50–2.49,3,Active,0.6666666666666666,6.666666666666667,10,1030276.61,0.17502496200085924
ACC00622,R09,Healthcare,479,3610550.3,0.9449,0.50–0.99,9,Active,0.6666666666666666,3.3333333333333335,0,1656833.58,0.1360329592115259
ACC00623,R08,Logistics,462,3321964.39,0.8359,0.50–0.99,6,Active,1.0,13.333333333333334,20,1579360.66,0.1267980475625113
ACC00624,R38,Logistics,260,1542461.3,1.3312,1.00–1.49,6,Active,1.0,3.3333333333333335,5,1362420.06,0.13608276517330536
ACC00625,R38,Logistics,325,1944325.72,0.9506,0.50–0.99,7,Active,1.0,1.6666666666666667,5,1289630.49,0.1673492083999205
ACC00626,R05,Retail,814,5537628.11,0.7957,0.50–0.99,7,Active,0.6666666666666666,11.666666666666666,15,3046480.39,0.08140068120166598
ACC00627,R30,Hospitality,91,887432.5,0.9205,0.50–0.99,1,Active,1.0,1.6666666666666667,10,310978.72,0.26220175783753874
ACC00628,R09,Retail,117,743852.1,0.7736,0.50–0.99,7,Active,1.0,-3.3333333333333335,-5,377172.24,0.22917857562916866
ACC00629,R39,Healthcare,763,5987094.63,0.3627,0.15–0.49,3,Active,1.0,1.6666666666666667,-15,1260378.24,0.14299297433639765
ACC00630,R15,Hospitality,263,1860226.48,0.7075,0.50–0.99,11,Active,1.0,11.666666666666666,15,888726.36,0.14881594350461566
ACC00631,R38,Professional services,159,1157847.78,0.7007,0.50–0.99,1,Active,1.0,5.0,5,624820.31,0.24591215609164127
ACC00632,R12,Financial services,142,1072482.93,0.9327,0.50–0.99,7,Active,0.6666666666666666,6.666666666666667,5,592361.36,0.18830711032530362
ACC00633,R29,Manufacturing,78,515200.63,0.8802,0.50–0.99,9,Active,0.6666666666666666,8.333333333333334,10,346588.26,0.25068801313624905
ACC00634,R04,Professional services,336,2092602.86,1.364,1.00–1.49,1,Active,1.0,0.0,10,1909512.02,0.11354530138649502
ACC00635,R47,Hospitality,111,635853.14,1.3721,1.00–1.49,3,Active,1.0,10.0,5,797780.61,0.20458273067421465
ACC00636,R43,Technology,250,1969708.08,0.8576,0.50–0.99,9,Active,0.6666666666666666,-1.6666666666666667,-15,873352.59,0.15019167853002163
ACC00637,R14,Healthcare,109,727900.48,0.913,0.50–0.99,6,Active,0.3333333333333333,11.666666666666666,5,293755.38,0.2384075526573523
ACC00638,R44,Hospitality,375,2069029.0,0.4156,0.15–0.49,2,Active,1.0,-3.3333333333333335,5,716818.24,0.14605028029769138
ACC00639,R36,Manufacturing,342,2122842.83,0.9818,0.50–0.99,12,Active,0.3333333333333333,3.3333333333333335,10,1096838.05,0.14663529239717712
ACC00640,R08,Manufacturing,295,2408835.16,1.8952,1.50–2.49,3,Active,1.0,11.666666666666666,15,3243696.75,0.13213246472179463
ACC00641,R25,Healthcare,292,1855188.23,0.4421,0.15–0.49,4,Active,0.6666666666666666,8.333333333333334,15,548085.28,0.14771048330048783
ACC00642,R41,Healthcare,138,867652.7,0.7886,0.50–0.99,7,Active,0.6666666666666666,13.333333333333334,25,541233.91,0.21187949549667667
ACC00643,R37,Technology,153,1287189.87,3.3418,2.50–5.00,8,Active,1.0,10.0,0,4519701.68,0.1905668262180172
ACC00644,R21,Manufacturing,1491,9574376.43,0.2021,0.15–0.49,4,Active,1.0,8.333333333333334,0,2180348.63,0.07746671721170964
ACC00645,R08,Retail,201,1640844.94,2.0957,1.50–2.49,8,Active,0.6666666666666666,3.3333333333333335,5,3018929.44,0.1376922326581891
ACC00646,R28,Technology,581,4885985.51,1.6329,1.50–2.49,9,Active,1.0,6.666666666666667,20,7221751.2,0.09112284015418365
ACC00647,R06,Logistics,220,1617134.36,1.449,1.00–1.49,3,Active,1.0,11.666666666666666,25,1312663.26,0.15180682495010794
ACC00648,R11,Hospitality,255,2013564.22,2.3355,1.50–2.49,6,Active,1.0,10.0,5,2772958.95,0.1264089359941703
ACC00649,R32,Technology,376,2297561.06,2.0699,1.50–2.49,9,Active,1.0,0.0,0,4327736.08,0.10790582089468534
ACC00650,R37,Manufacturing,530,2682524.66,0.3032,0.15–0.49,3,Active,0.6666666666666666,6.666666666666667,15,864750.29,0.1400314883172239
ACC00651,R20,Retail,83,539256.9,0.2543,0.15–0.49,6,Active,1.0,11.666666666666666,25,233215.74,0.6634683590813565
ACC00652,R38,Financial services,443,2787917.71,0.7973,0.50–0.99,10,Active,1.0,6.666666666666667,0,1579505.74,0.12676495490419493
ACC00653,R06,Professional services,128,699442.65,0.7371,0.50–0.99,3,Active,0.6666666666666666,8.333333333333334,5,476979.67,0.2286115107504164
ACC00654,R31,Financial services,100,661434.6,0.4608,0.15–0.49,8,Active,1.0,0.0,-5,230052.91,0.2429724594837048
ACC00655,R29,Healthcare,92,590686.81,0.4853,0.15–0.49,10,Active,1.0,8.333333333333334,0,125986.65,0.2532019171992929
ACC00656,R34,Hospitality,154,732370.05,0.6215,0.50–0.99,8,Active,1.0,-3.3333333333333335,0,721256.55,0.19165474585061415
ACC00657,R22,Hospitality,312,2672296.19,3.9734,2.50–5.00,4,Active,1.0,5.0,-5,8439015.76,0.10914496571544063
ACC00658,R36,Retail,347,2362152.22,0.885,0.50–0.99,8,Active,1.0,6.666666666666667,10,1362788.42,0.12389134994259358
ACC00659,R12,Professional services,108,803992.1,3.1666,2.50–5.00,9,Active,1.0,13.333333333333334,5,4035357.16,0.2264900773055076
ACC00660,R03,Financial services,271,2022900.97,0.8387,0.50–0.99,12,Active,0.6666666666666666,8.333333333333334,-5,1096180.28,0.18976456972676914
ACC00661,R17,Technology,124,917589.47,4.916,2.50–5.00,2,Active,1.0,20.0,25,3695747.07,0.17921109458391912
ACC00662,R31,Hospitality,203,1677381.79,1.0727,1.00–1.49,6,Active,1.0,-1.6666666666666667,10,977480.88,0.16833914732646896
ACC00663,R29,Professional services,123,768471.6,0.9023,0.50–0.99,3,Active,0.6666666666666666,13.333333333333334,15,323650.04,0.3239971652876452
ACC00664,R43,Manufacturing,190,1422951.5,1.3001,1.00–1.49,11,Active,1.0,0.0,10,1164338.1300000001,0.19126770732726353
ACC00665,R14,Financial services,535,3477940.47,0.4696,0.15–0.49,6,Active,0.6666666666666666,11.666666666666666,5,992324.3099999999,0.14237721746269932
ACC00666,R16,Healthcare,305,1907957.71,0.6381,0.50–0.99,9,Active,0.6666666666666666,15.0,15,863438.23,0.13314947656722748
ACC00667,R36,Professional services,271,2077970.35,1.1672,1.00–1.49,6,Active,1.0,1.6666666666666667,-15,1595027.8699999999,0.12847899440803154
ACC00668,R11,Technology,97,605825.09,2.0454,1.50–2.49,9,Active,1.0,8.333333333333334,0,1077043.8,0.22056064731881134
ACC00669,R46,Manufacturing,302,2404989.79,2.1796,1.50–2.49,3,Active,0.6666666666666666,0.0,0,3148524.2,0.11849326533636709
ACC00670,R34,Professional services,276,1706997.08,0.6007,0.50–0.99,7,Active,1.0,-1.6666666666666667,-5,932604.15,0.13408107932601004
ACC00671,R04,Financial services,377,3168449.24,0.8481,0.50–0.99,2,Active,0.6666666666666666,11.666666666666666,-5,941363.05,0.11992962782400424
ACC00672,R28,Hospitality,123,1071925.53,0.6283,0.50–0.99,1,Active,1.0,8.333333333333334,15,574585.9600000001,0.30077595742129226
ACC00673,R40,Logistics,121,837963.33,0.9333,0.50–0.99,6,Active,1.0,5.0,10,600527.52,0.2880188128749937
ACC00674,R28,Logistics,285,1856252.92,0.6743,0.50–0.99,9,Active,1.0,3.3333333333333335,5,972615.7,0.17222824548154922
ACC00675,R42,Logistics,181,1220370.55,0.9414,0.50–0.99,9,Active,1.0,1.6666666666666667,0,589630.4500000001,0.18706006138815898
ACC00676,R24,Technology,173,1151170.99,0.8545,0.50–0.99,1,Active,0.6666666666666666,11.666666666666666,5,670574.85,0.17474283617551284
ACC00677,R22,Manufacturing,280,1932927.09,2.3996,1.50–2.49,9,Active,1.0,20.0,20,3575369.92,0.1271193608986154
ACC00678,R15,Healthcare,68,491426.05,0.4725,0.15–0.49,12,Active,0.3333333333333333,10.0,-5,190733.44,0.3755531569164794
ACC00679,R16,Professional services,134,1116809.04,1.0303,1.00–1.49,10,Active,1.0,3.3333333333333335,15,885285.55,0.18443469075588786
ACC00680,R28,Retail,99,802775.15,0.904,0.50–0.99,6,Active,1.0,8.333333333333334,5,264097.21,0.2072784978009441
ACC00681,R36,Healthcare,431,2658966.54,0.5758,0.50–0.99,9,Active,0.6666666666666666,15.0,10,1198048.42,0.13508895240764854
ACC00682,R34,Financial services,95,720549.22,0.8395,0.50–0.99,12,Active,1.0,5.0,0,284962.76,0.24881900142350527
ACC00683,R32,Hospitality,276,1286016.97,0.3941,0.15–0.49,2,Active,0.6666666666666666,8.333333333333334,0,306139.13,0.15795874092897025
ACC00684,R09,Healthcare,353,3167629.53,0.5843,0.50–0.99,2,Active,0.6666666666666666,13.333333333333334,10,974015.47,0.12107052089468072
ACC00685,R45,Manufacturing,129,825147.79,0.1856,0.15–0.49,6,Active,0.3333333333333333,3.3333333333333335,5,220058.91,0.2939303629891962
ACC00686,R32,Financial services,464,3752446.2,0.7605,0.50–0.99,10,Active,0.6666666666666666,8.333333333333334,5,1428068.28,0.11883143215118445
ACC00687,R29,Financial services,426,2544420.86,0.6046,0.50–0.99,4,Active,0.6666666666666666,0.0,-10,1308821.34,0.12011152424872587
ACC00688,R45,Hospitality,548,3961138.06,1.3326,1.00–1.49,1,Active,1.0,11.666666666666666,5,3530417.81,0.09636439165157103
ACC00689,R44,Technology,100,680573.78,0.3115,0.15–0.49,11,Active,1.0,5.0,0,203424.96,0.3772159229612045
ACC00690,R02,Professional services,293,2099967.91,0.5165,0.50–0.99,1,Active,1.0,5.0,15,1202521.6099999999,0.17365959226232858
ACC00691,R37,Technology,1093,7052474.13,1.0274,1.00–1.49,6,Active,1.0,11.666666666666666,5,7492964.38,0.0714773436301089
ACC00692,R31,Manufacturing,259,1585100.7,1.4803,1.00–1.49,3,Active,1.0,1.6666666666666667,10,1698161.1300000001,0.14861660584797623
ACC00693,R23,Retail,604,4645359.69,0.5269,0.50–0.99,8,Active,0.6666666666666666,5.0,0,2237919.98,0.13812120720374566
ACC00694,R31,Financial services,156,1050687.27,0.3658,0.15–0.49,7,Active,0.3333333333333333,6.666666666666667,5,196782.21,0.2278750950685949
ACC00695,R41,Hospitality,485,3055937.86,4.663,2.50–5.00,8,Active,1.0,6.666666666666667,-5,13173604.79,0.0766290468973391
ACC00696,R40,Manufacturing,109,686204.72,0.2185,0.15–0.49,7,Active,1.0,0.0,-5,142908.4,0.272505130887412
ACC00697,R19,Technology,172,1343159.12,0.5642,0.50–0.99,4,Active,1.0,6.666666666666667,-5,595769.4199999999,0.1941192903732961
ACC00698,R11,Technology,159,1091039.95,0.2864,0.15–0.49,5,Active,0.6666666666666666,5.0,10,243435.77,0.2725790708545241
ACC00699,R08,Professional services,977,6329000.15,0.1915,0.15–0.49,5,Active,1.0,3.3333333333333335,-15,1578205.95,0.09721187155066043
ACC00700,R38,Professional services,93,818289.05,1.6128,1.50–2.49,6,Active,1.0,13.333333333333334,0,713992.41,0.19802374677297063
ACC00701,R28,Financial services,154,1059592.54,1.4856,1.00–1.49,10,Active,1.0,1.6666666666666667,10,752784.34,0.2266531750375657
ACC00702,R07,Professional services,869,6927574.9,0.6489,0.50–0.99,11,Active,1.0,5.0,5,3327297.51,0.0950428222415628
ACC00703,R11,Professional services,371,3042062.07,0.6803,0.50–0.99,11,Active,1.0,0.0,5,1426887.68,0.15235550791368446
ACC00704,R42,Logistics,236,1694942.65,0.3477,0.15–0.49,8,Active,1.0,5.0,0,396304.82,0.19187975986860517
ACC00705,R11,Professional services,180,1070762.63,0.2479,0.15–0.49,10,Active,0.6666666666666666,6.666666666666667,-5,180444.53,0.19061181175394767
ACC00706,R28,Technology,62,372880.67,0.5332,0.50–0.99,5,Active,1.0,8.333333333333334,10,287266.5,0.33502170435818096
ACC00707,R02,Logistics,186,1162185.74,0.8096,0.50–0.99,7,Active,0.6666666666666666,6.666666666666667,5,935019.75,0.24155367636150998
ACC00708,R05,Manufacturing,330,1912549.05,0.3771,0.15–0.49,6,Active,0.3333333333333333,16.666666666666668,20,572997.3,0.2078218256248138
ACC00709,R47,Logistics,266,1522466.33,0.754,0.50–0.99,3,Active,1.0,3.3333333333333335,-5,718762.44,0.13293316304522546
ACC00710,R04,Hospitality,416,3004649.68,0.7263,0.50–0.99,1,Active,0.6666666666666666,8.333333333333334,25,1362317.6400000001,0.15686226942808495
ACC00711,R13,Hospitality,143,924110.21,0.2126,0.15–0.49,5,Active,1.0,3.3333333333333335,-10,203836.49,0.2205436870276923
ACC00712,R01,Logistics,165,1454264.45,4.4997,2.50–5.00,12,Active,1.0,5.0,10,4564326.47,0.15810803154838118
ACC00713,R42,Financial services,158,1152201.57,1.7031,1.50–2.49,10,Active,1.0,1.6666666666666667,10,1670712.94,0.13925562906067926
ACC00714,R37,Professional services,72,412237.38,0.7735,0.50–0.99,7,Active,0.6666666666666666,11.666666666666666,15,258683.91,0.3127639317740156
ACC00715,R03,Professional services,458,4072259.67,0.5714,0.50–0.99,10,Active,1.0,1.6666666666666667,-5,1673155.87,0.11688473504542449
ACC00716,R35,Healthcare,896,7171041.87,0.2602,0.15–0.49,11,Active,0.6666666666666666,-3.3333333333333335,-10,1503061.27,0.09042661649645155
ACC00717,R26,Manufacturing,161,1110159.47,0.3199,0.15–0.49,7,Active,0.3333333333333333,13.333333333333334,10,213667.79,0.26908331884945125
ACC00718,R04,Healthcare,102,645947.22,0.2925,0.15–0.49,2,Active,1.0,5.0,5,233563.68,0.3109840637538546
ACC00719,R35,Manufacturing,343,2752888.98,0.7029,0.50–0.99,9,Active,1.0,13.333333333333334,15,1136566.38,0.1474792343696362
ACC00720,R46,Retail,84,611645.06,0.7586,0.50–0.99,9,Active,1.0,11.666666666666666,10,339453.56,0.1992229306070953
ACC00721,R41,Logistics,1053,7327839.47,0.3364,0.15–0.49,4,Active,1.0,-1.6666666666666667,5,1922423.23,0.1036964821719996
ACC00722,R39,Healthcare,290,2132515.03,0.5071,0.50–0.99,12,Active,1.0,3.3333333333333335,0,1240348.46,0.17734930252121006
ACC00723,R09,Financial services,235,1784264.94,0.8548,0.50–0.99,7,Active,0.6666666666666666,16.666666666666668,20,647910.5,0.20039518795175204
ACC00724,R39,Logistics,276,1788967.89,0.9686,0.50–0.99,6,Active,1.0,6.666666666666667,5,999848.53,0.16325898108861248
ACC00725,R30,Financial services,118,766749.9,0.6038,0.50–0.99,4,Active,0.6666666666666666,10.0,5,849800.15,0.3538609519082189
ACC00726,R33,Healthcare,126,962113.46,0.3468,0.15–0.49,11,Active,0.6666666666666666,1.6666666666666667,-10,230950.12,0.25877331939846604
ACC00727,R04,Professional services,263,1494008.84,0.1519,0.15–0.49,4,Active,0.3333333333333333,11.666666666666666,5,403362.0,0.17255635284842855
ACC00728,R42,Financial services,229,1365783.71,0.2464,0.15–0.49,5,Active,0.3333333333333333,6.666666666666667,5,338813.84,0.20312649400096308
ACC00729,R07,Hospitality,197,1235662.36,2.0058,1.50–2.49,4,Active,1.0,-1.6666666666666667,-5,3090512.43,0.15700927147648006
ACC00730,R20,Professional services,348,2511107.07,0.7729,0.50–0.99,10,Active,1.0,-3.3333333333333335,0,1304160.4,0.13924438245360474
ACC00731,R25,Financial services,141,966896.28,0.8115,0.50–0.99,8,Active,1.0,8.333333333333334,5,625374.26,0.2775060275606731
ACC00732,R32,Hospitality,204,1786647.74,2.8279,2.50–5.00,7,Active,1.0,10.0,15,4808038.2,0.14503425199560022
ACC00733,R38,Logistics,135,685613.54,0.508,0.50–0.99,6,Active,0.6666666666666666,-1.6666666666666667,5,385866.5,0.2280762794976363
ACC00734,R10,Manufacturing,307,1159462.0,0.1796,0.15–0.49,6,Active,0.6666666666666666,6.666666666666667,5,696674.76,0.15221718188468464
ACC00735,R32,Logistics,604,4912742.61,0.5305,0.50–0.99,7,Active,0.6666666666666666,3.3333333333333335,5,1779102.62,0.11251712542140337
ACC00736,R43,Retail,866,5530005.3,0.4618,0.15–0.49,12,Active,0.6666666666666666,5.0,10,1508115.25,0.11515404035350321
ACC00737,R28,Technology,105,749637.98,1.3768,1.00–1.49,11,Active,1.0,5.0,10,872465.5800000001,0.22369399369081364
ACC00738,R10,Logistics,119,734160.43,0.9399,0.50–0.99,11,Active,0.6666666666666666,0.0,15,309440.08,0.20935818984173252
ACC00739,R41,Manufacturing,82,549795.25,0.54,0.50–0.99,2,Active,1.0,8.333333333333334,0,189756.07,0.22118723244294472
ACC00740,R34,Hospitality,867,4784679.66,0.3439,0.15–0.49,1,Active,0.6666666666666666,10.0,25,1434856.08,0.11329615011379039
ACC00741,R37,Professional services,675,7786227.42,0.5619,0.50–0.99,4,Active,0.6666666666666666,-1.6666666666666667,15,2207093.35,0.09236914350928378
ACC00742,R21,Financial services,73,578970.14,1.7487,1.50–2.49,2,Active,1.0,6.666666666666667,-5,1244840.76,0.2304158876119654
ACC00743,R30,Technology,116,752826.14,0.9642,0.50–0.99,4,Active,1.0,16.666666666666668,10,568631.26,0.2098842786785208
ACC00744,R06,Healthcare,62,334036.51,0.218,0.15–0.49,7,Active,0.3333333333333333,6.666666666666667,0,123572.48999999999,0.28944646497078785
ACC00745,R40,Retail,249,1472165.07,0.8276,0.50–0.99,11,Active,1.0,8.333333333333334,5,1042247.39,0.20773226780908174
ACC00746,R46,Financial services,245,1282739.04,0.8717,0.50–0.99,8,Active,0.6666666666666666,10.0,20,798078.58,0.17886145192286923
ACC00747,R06,Logistics,266,2092243.21,0.2282,0.15–0.49,7,Active,1.0,3.3333333333333335,10,419630.75,0.25958169204643783
ACC00748,R39,Hospitality,98,557258.61,0.3729,0.15–0.49,4,Active,0.3333333333333333,0.0,5,143162.63,0.2831749428691614
ACC00749,R11,Technology,112,726886.48,1.2723,1.00–1.49,11,Active,1.0,-3.3333333333333335,0,605748.99,0.20150678746573294
ACC00750,R33,Manufacturing,324,2500606.68,0.5573,0.50–0.99,3,Active,1.0,6.666666666666667,5,987579.26,0.14888777810966755
ACC00751,R15,Logistics,668,3768483.12,0.7426,0.50–0.99,12,Active,1.0,5.0,0,2278595.81,0.08686316649194303
ACC00752,R37,Healthcare,1165,7780735.08,1.5138,1.50–2.49,2,Active,1.0,3.3333333333333335,-10,15265061.709999999,0.056345174864436263
ACC00753,R37,Technology,877,6840820.1,4.3559,2.50–5.00,7,Active,1.0,6.666666666666667,5,21486041.27,0.057738091265858695
ACC00754,R06,Manufacturing,875,4502019.0,0.5596,0.50–0.99,2,Active,0.6666666666666666,8.333333333333334,0,3063888.0,0.09966829132004829
ACC00755,R06,Retail,256,1578707.82,0.3278,0.15–0.49,8,Active,0.6666666666666666,10.0,0,448911.99,0.1806045676752722
ACC00756,R07,Hospitality,257,2278942.63,1.1916,1.00–1.49,3,Active,0.6666666666666666,8.333333333333334,10,1621393.55,0.15436067647620938
ACC00757,R01,Technology,200,1144887.02,1.0679,1.00–1.49,7,Active,0.6666666666666666,21.666666666666668,20,1321890.97,0.19739543058155434
ACC00758,R44,Manufacturing,192,1956811.35,2.2032,1.50–2.49,10,Active,0.6666666666666666,10.0,10,2567357.88,0.1491520031420428
ACC00759,R17,Professional services,147,1197691.23,0.7151,0.50–0.99,8,Active,0.6666666666666666,8.333333333333334,0,712328.47,0.1808123940048798
ACC00760,R04,Hospitality,318,1912410.73,0.7658,0.50–0.99,1,Active,0.6666666666666666,5.0,5,936281.73,0.133453205520777
ACC00761,R18,Hospitality,152,1078062.96,0.8227,0.50–0.99,4,Active,1.0,-3.3333333333333335,0,552602.46,0.19229132287247885
ACC00762,R15,Professional services,137,754816.03,0.459,0.15–0.49,8,Active,0.6666666666666666,5.0,25,145101.1,0.2302161211391531
ACC00763,R41,Professional services,103,703818.95,0.7733,0.50–0.99,11,Active,1.0,-1.6666666666666667,-10,314904.38,0.2976398730435791
ACC00764,R47,Financial services,345,2330957.38,0.967,0.50–0.99,8,Active,1.0,6.666666666666667,5,1296723.02,0.1279578685350093
ACC00765,R32,Logistics,292,1693720.54,0.5288,0.50–0.99,4,Active,0.6666666666666666,3.3333333333333335,0,1086509.65,0.1974718682171467
ACC00766,R37,Manufacturing,191,1770038.12,2.6194,2.50–5.00,5,Active,1.0,10.0,25,4569672.62,0.14568999043105035
ACC00767,R43,Retail,208,1842132.65,3.6449,2.50–5.00,2,Active,1.0,5.0,0,4752740.9,0.11854992344623667
ACC00768,R43,Manufacturing,153,1369679.56,0.7916,0.50–0.99,11,Active,1.0,-3.3333333333333335,0,454076.25,0.17783389471879962
ACC00769,R42,Retail,560,4632601.95,1.9425,1.50–2.49,5,Active,1.0,-5.0,5,7678495.17,0.08596845970376325
ACC00770,R25,Hospitality,290,1593315.93,1.2585,1.00–1.49,2,Active,0.6666666666666666,1.6666666666666667,10,2579942.86,0.17639417389325845
ACC00771,R01,Financial services,747,5284578.71,0.7773,0.50–0.99,1,Active,1.0,5.0,10,2664366.13,0.10507751142419508
ACC00772,R26,Technology,82,598717.69,0.5562,0.50–0.99,2,Active,1.0,1.6666666666666667,-5,320669.65,0.23688392624600152
ACC00773,R39,Manufacturing,168,1353359.06,0.5958,0.50–0.99,5,Active,1.0,5.0,5,517332.94,0.17601628772306324
ACC00774,R32,Professional services,162,888061.4,0.1594,0.15–0.49,8,Active,0.6666666666666666,3.3333333333333335,5,290994.35,0.2389727555587206
ACC00775,R34,Healthcare,206,1562022.11,0.9045,0.50–0.99,3,Active,1.0,-5.0,-5,570061.6,0.15289830610244934
ACC00776,R11,Logistics,672,3872695.23,0.2663,0.15–0.49,6,Active,0.6666666666666666,8.333333333333334,15,1183980.26,0.11619646179981431
ACC00777,R35,Retail,417,3088721.49,0.8731,0.50–0.99,10,Active,0.6666666666666666,6.666666666666667,-5,1232325.85,0.16027332986607368
ACC00778,R21,Retail,388,2214564.57,0.9066,0.50–0.99,12,Active,1.0,3.3333333333333335,0,1193233.06,0.132424417612542
ACC00779,R21,Healthcare,294,1831641.05,0.2687,0.15–0.49,6,Active,1.0,11.666666666666666,10,583060.46,0.25355686797444765
ACC00780,R05,Financial services,527,3501767.86,0.9486,0.50–0.99,11,Active,1.0,3.3333333333333335,0,1798404.3699999999,0.11699491537089385
ACC00781,R47,Professional services,459,3050029.14,4.2227,2.50–5.00,8,Active,1.0,-1.6666666666666667,-5,11584856.78,0.08315390056617154
ACC00782,R03,Retail,920,5894776.66,0.2634,0.15–0.49,4,Active,1.0,1.6666666666666667,10,1554472.06,0.1285049116486568
ACC00783,R46,Logistics,454,3445180.56,1.2383,1.00–1.49,11,Active,1.0,1.6666666666666667,0,3060966.75,0.10809077346216961
ACC00784,R15,Hospitality,464,2366138.08,0.2105,0.15–0.49,1,Active,0.6666666666666666,6.666666666666667,15,762194.15,0.15574546304552325
ACC00785,R28,Professional services,219,1640975.47,0.6321,0.50–0.99,4,Active,1.0,-1.6666666666666667,-10,751711.69,0.19729798985267885
ACC00786,R37,Technology,101,474911.09,0.6428,0.50–0.99,12,Active,0.6666666666666666,15.0,15,433446.23,0.23625409081225665
ACC00787,R31,Retail,197,1449970.23,0.9817,0.50–0.99,1,Active,1.0,0.0,10,679313.71,0.16636958485982223
ACC00788,R28,Logistics,128,800412.1,0.5182,0.50–0.99,6,Active,1.0,-3.3333333333333335,0,646941.57,0.23117235956597146
ACC00789,R06,Professional services,438,3210461.95,0.3594,0.15–0.49,9,Active,1.0,0.0,-10,729416.72,0.1368749278871855
ACC00790,R16,Healthcare,365,1843929.25,0.3386,0.15–0.49,7,Active,1.0,6.666666666666667,15,684707.18,0.15879110479526945
ACC00791,R09,Technology,1544,8511642.59,0.8187,0.50–0.99,5,Active,1.0,8.333333333333334,25,5239339.97,0.07346277676568395
ACC00792,R06,Financial services,163,978286.3,0.8898,0.50–0.99,7,Active,1.0,13.333333333333334,10,506460.34,0.21195157198272466
ACC00793,R05,Financial services,211,1507058.48,1.2377,1.00–1.49,1,Active,1.0,-1.6666666666666667,15,1674612.39,0.20220150089444275
ACC00794,R03,Hospitality,159,994311.54,0.9449,0.50–0.99,9,Active,0.6666666666666666,5.0,5,685758.75,0.3026450287591533
ACC00795,R02,Financial services,164,1153107.55,1.3686,1.00–1.49,12,Active,1.0,13.333333333333334,20,1806902.25,0.3484440627265344
ACC00796,R04,Professional services,116,750027.88,0.1574,0.15–0.49,5,Active,1.0,5.0,-10,170739.85,0.268350898672219
ACC00797,R47,Financial services,638,4159957.88,1.6947,1.50–2.49,5,Active,1.0,3.3333333333333335,10,10692413.27,0.10460941307803656
ACC00798,R02,Retail,240,1837212.03,0.5773,0.50–0.99,5,Active,1.0,11.666666666666666,0,827792.82,0.15535080086919897
ACC00799,R09,Technology,245,1573746.01,0.3913,0.15–0.49,1,Active,0.3333333333333333,8.333333333333334,-5,307964.22,0.17068823565201283
ACC00800,R42,Hospitality,177,1657225.26,0.5965,0.50–0.99,8,Active,1.0,8.333333333333334,15,674674.12,0.22415376298162268
ACC00801,R36,Professional services,219,1346077.11,0.4099,0.15–0.49,10,Active,1.0,5.0,10,285912.68,0.15951083267531685
ACC00802,R10,Professional services,174,1074786.09,0.3539,0.15–0.49,7,Active,1.0,0.0,-5,306595.55,0.2539315842637281
ACC00803,R19,Financial services,379,2980435.6,3.0365,2.50–5.00,5,Active,1.0,-3.3333333333333335,-15,8756321.26,0.10718555479908594
ACC00804,R30,Hospitality,498,2802728.24,0.8104,0.50–0.99,8,Active,1.0,-1.6666666666666667,-15,1682458.45,0.12264634762660212
ACC00805,R42,Hospitality,319,2463493.6,1.9828,1.50–2.49,3,Active,1.0,11.666666666666666,0,4132688.02,0.19214930128191693
ACC00806,R16,Healthcare,314,3066753.8,3.0224,2.50–5.00,12,Active,1.0,-5.0,5,8710139.99,0.09292682938702186
ACC00807,R05,Hospitality,648,6131109.24,1.8854,1.50–2.49,4,Active,1.0,3.3333333333333335,-10,6751578.46,0.07873595906993179
ACC00808,R13,Retail,565,3258606.64,1.2277,1.00–1.49,9,Active,1.0,3.3333333333333335,0,3628730.68,0.12826104300742494
ACC00809,R11,Retail,339,3584751.35,1.1801,1.00–1.49,5,Active,1.0,3.3333333333333335,5,2609347.1,0.14813337379701194
ACC00810,R05,Professional services,686,3650001.97,0.6796,0.50–0.99,5,Active,1.0,13.333333333333334,25,2663322.41,0.10236050818056867
ACC00811,R27,Retail,117,806194.41,1.3175,1.00–1.49,2,Active,1.0,10.0,10,814340.26,0.2539789013660693
ACC00812,R28,Manufacturing,122,808415.74,0.2805,0.15–0.49,2,Active,0.6666666666666666,3.3333333333333335,5,136833.63,0.31031315133753246
ACC00813,R18,Financial services,218,1280243.94,0.1941,0.15–0.49,6,Active,0.3333333333333333,11.666666666666666,-15,465835.19,0.1964981412681923
ACC00814,R20,Hospitality,307,1809673.71,0.8135,0.50–0.99,4,Active,0.6666666666666666,-1.6666666666666667,5,883409.71,0.15959315994404866
ACC00815,R36,Manufacturing,187,1581011.6,0.7804,0.50–0.99,4,Active,1.0,8.333333333333334,-10,833008.09,0.28026266103514136
ACC00816,R32,Financial services,172,1019852.05,0.787,0.50–0.99,7,Active,1.0,0.0,-15,506152.23,0.23241223279342485
ACC00817,R45,Logistics,146,919229.43,0.7491,0.50–0.99,8,Active,0.6666666666666666,-6.666666666666667,0,891920.88,0.4366699784202655
ACC00818,R30,Logistics,336,2307421.05,1.776,1.50–2.49,5,Active,1.0,6.666666666666667,10,3801495.23,0.10060010064815322
ACC00819,R47,Logistics,78,419379.14,0.6919,0.50–0.99,11,Active,1.0,-1.6666666666666667,-10,251945.13,0.317140066389253
ACC00820,R17,Hospitality,173,1167691.53,1.6862,1.50–2.49,4,Active,1.0,0.0,-5,2316546.45,0.1541668407789287
ACC00821,R12,Manufacturing,131,986970.94,0.875,0.50–0.99,5,Active,1.0,10.0,20,890966.27,0.27308247723675855
ACC00822,R21,Technology,895,4052813.4,0.9822,0.50–0.99,6,Active,0.6666666666666666,8.333333333333334,5,3342649.24,0.09593947034094191
ACC00823,R40,Professional services,261,1583008.67,1.0453,1.00–1.49,2,Active,0.6666666666666666,11.666666666666666,20,1517517.88,0.12411829020807659
ACC00824,R35,Logistics,192,1174104.42,1.3085,1.00–1.49,7,Active,0.6666666666666666,6.666666666666667,5,803324.8099999999,0.1828357184066414
ACC00825,R13,Manufacturing,101,622358.61,0.157,0.15–0.49,7,Active,1.0,5.0,5,221075.8,0.3378393360794299
ACC00826,R43,Professional services,139,779021.46,0.3036,0.15–0.49,2,Active,0.6666666666666666,6.666666666666667,0,248004.16,0.2782907674879984
ACC00827,R39,Professional services,371,2741056.97,2.6501,2.50–5.00,3,Active,1.0,-5.0,-5,8625713.98,0.086237407710781
ACC00828,R35,Professional services,284,2287464.4,0.4136,0.15–0.49,2,Active,1.0,15.0,25,424708.64,0.16054969796126725
ACC00829,R01,Hospitality,112,714095.92,0.2894,0.15–0.49,4,Active,1.0,18.333333333333332,5,160839.44999999998,0.322746171671119
ACC00830,R23,Logistics,367,2931407.75,1.275,1.00–1.49,3,Active,1.0,10.0,15,1848026.75,0.16268205723532939
ACC00831,R34,Hospitality,292,2120507.59,2.1128,1.50–2.49,9,Active,1.0,3.3333333333333335,15,3963547.65,0.13154493490965344
ACC00832,R43,Healthcare,778,5805785.21,0.976,0.50–0.99,4,Active,0.3333333333333333,5.0,10,2899150.48,0.0885804257564162
ACC00833,R28,Healthcare,257,1736631.9,0.6645,0.50–0.99,7,Active,1.0,0.0,0,878972.27,0.18277449976216992
ACC00834,R09,Technology,227,1462560.99,0.6014,0.50–0.99,11,Active,0.6666666666666666,3.3333333333333335,-5,638794.34,0.17190684252590926
ACC00835,R07,Logistics,372,2189820.95,0.6841,0.50–0.99,7,Active,0.6666666666666666,3.3333333333333335,10,1379200.89,0.15198422779093804
ACC00836,R30,Healthcare,298,1610029.64,0.4237,0.15–0.49,3,Active,0.3333333333333333,11.666666666666666,25,496410.99,0.16859423831764775
ACC00837,R02,Technology,244,1193286.13,0.3969,0.15–0.49,9,Active,1.0,5.0,-5,380048.58,0.16914978270076295
ACC00838,R17,Technology,564,5312262.39,2.3263,1.50–2.49,5,Active,1.0,8.333333333333334,15,7405003.11,0.1255895267044106
ACC00839,R47,Hospitality,62,392660.46,2.4352,1.50–2.49,4,Active,1.0,-5.0,-15,824109.31,0.2364185903278977
ACC00840,R15,Professional services,175,1398120.97,0.6529,0.50–0.99,9,Active,1.0,10.0,20,445939.36,0.22270632417903063
ACC00841,R25,Financial services,282,1885532.95,0.6491,0.50–0.99,9,Active,1.0,6.666666666666667,5,920393.33,0.12573020025466022
ACC00842,R37,Technology,276,1823627.91,0.3595,0.15–0.49,5,Active,0.6666666666666666,1.6666666666666667,15,482235.6,0.2354107809568097
ACC00843,R19,Retail,128,907470.85,0.7234,0.50–0.99,9,Active,0.6666666666666666,13.333333333333334,10,275125.63,0.1901451751548045
ACC00844,R32,Hospitality,165,1289645.59,0.7515,0.50–0.99,9,Active,1.0,8.333333333333334,0,758425.61,0.19013853037159467
ACC00845,R08,Manufacturing,291,2338176.07,0.8115,0.50–0.99,4,Active,0.6666666666666666,10.0,10,928144.61,0.14497735155610572
ACC00846,R14,Hospitality,493,3950378.95,1.0813,1.00–1.49,1,Active,1.0,11.666666666666666,20,3180574.83,0.11150624705664353
ACC00847,R08,Financial services,106,1098307.64,2.2727,1.50–2.49,8,Active,1.0,3.3333333333333335,5,1711009.3,0.21559124981644132
ACC00848,R33,Retail,218,1737520.0,1.8935,1.50–2.49,5,Active,0.6666666666666666,11.666666666666666,20,2574186.68,0.12680000851247203
ACC00849,R03,Healthcare,152,1309312.21,0.8813,0.50–0.99,2,Active,1.0,8.333333333333334,10,584302.6,0.20129566348485434
ACC00850,R04,Technology,1750,13623510.24,2.166,1.50–2.49,2,Active,1.0,1.6666666666666667,-10,22472498.79,0.05238909712165271
ACC00851,R07,Healthcare,576,3603360.69,0.8417,0.50–0.99,3,Active,0.6666666666666666,8.333333333333334,5,1820009.7,0.10286187914342106
ACC00852,R29,Technology,239,1625901.33,0.7582,0.50–0.99,4,Active,1.0,5.0,20,621457.0,0.1700495463800428
ACC00853,R04,Hospitality,449,3003620.01,0.4359,0.15–0.49,6,Active,0.3333333333333333,1.6666666666666667,0,700906.92,0.1459891096612869
ACC00854,R02,Hospitality,252,1902148.86,0.5211,0.50–0.99,10,Active,0.3333333333333333,8.333333333333334,15,822690.73,0.14548633490567336
ACC00855,R36,Technology,222,1174198.89,0.329,0.15–0.49,9,Active,0.3333333333333333,5.0,5,483743.93,0.1868622262661085
ACC00856,R04,Healthcare,103,754260.88,1.1659,1.00–1.49,7,Active,0.6666666666666666,10.0,15,665996.56,0.3334946622746427
ACC00857,R39,Hospitality,246,1610461.26,0.658,0.50–0.99,1,Active,0.6666666666666666,0.0,20,734755.48,0.16068819387374123
ACC00858,R06,Professional services,174,1329491.01,0.3097,0.15–0.49,6,Active,0.6666666666666666,6.666666666666667,-15,228849.86,0.21206558726152694
ACC00859,R46,Hospitality,162,966505.32,0.8226,0.50–0.99,8,Active,0.3333333333333333,13.333333333333334,15,806095.89,0.16875803693532537
ACC00860,R46,Retail,118,833906.2,4.5654,2.50–5.00,9,Active,1.0,5.0,5,4027136.01,0.18061333463285106
ACC00861,R08,Financial services,276,2270827.07,0.8282,0.50–0.99,4,Active,1.0,11.666666666666666,25,1062954.82,0.14984407945639303
ACC00862,R13,Technology,62,341182.08,0.8972,0.50–0.99,5,Active,0.6666666666666666,8.333333333333334,15,165600.88,0.3212843219598687
ACC00863,R02,Retail,3062,24183234.91,0.6686,0.50–0.99,9,Active,0.6666666666666666,6.666666666666667,5,12151681.97,0.05783929001618749
ACC00864,R39,Technology,142,1174945.35,2.076,1.50–2.49,5,Active,1.0,3.3333333333333335,-5,2027255.4,0.15328799862844564
ACC00865,R29,Manufacturing,284,1581956.43,1.6464,1.50–2.49,12,Active,1.0,-5.0,5,3185379.2,0.10880159304296198
ACC00866,R02,Financial services,255,1353025.3,0.6202,0.50–0.99,3,Active,0.6666666666666666,13.333333333333334,25,1117749.94,0.19390543698560003
ACC00867,R07,Retail,361,2466214.32,0.7815,0.50–0.99,11,Active,0.6666666666666666,21.666666666666668,15,1198535.3699999999,0.13179163807212188
ACC00868,R41,Financial services,340,2229486.32,0.578,0.50–0.99,10,Active,0.6666666666666666,11.666666666666666,20,1058476.77,0.19802718228238433
ACC00869,R23,Healthcare,269,2011877.16,0.576,0.50–0.99,10,Active,0.6666666666666666,8.333333333333334,25,868235.35,0.15121671014613133
ACC00870,R06,Healthcare,700,3054682.58,0.3099,0.15–0.49,7,Active,1.0,8.333333333333334,10,1016618.98,0.1440366686335103
ACC00871,R39,Hospitality,384,2575311.2,4.776,2.50–5.00,4,Active,1.0,6.666666666666667,0,9843841.03,0.08498116014105604
ACC00872,R19,Professional services,409,2892543.12,2.0585,1.50–2.49,9,Active,1.0,13.333333333333334,15,5278389.59,0.09946871648221077
ACC00873,R45,Professional services,405,2397787.59,2.2259,1.50–2.49,6,Active,1.0,3.3333333333333335,15,5461257.78,0.0939005706176057
ACC00874,R42,Manufacturing,482,3696554.44,0.4692,0.15–0.49,2,Active,0.6666666666666666,1.6666666666666667,10,780011.74,0.13094046013630073
ACC00875,R31,Logistics,348,2640943.02,0.199,0.15–0.49,12,Active,0.6666666666666666,3.3333333333333335,0,647206.57,0.2258463886577949
ACC00876,R22,Technology,244,1738560.33,0.1677,0.15–0.49,2,Active,1.0,-1.6666666666666667,10,520070.95,0.2167318929375422
ACC00877,R32,Manufacturing,431,2831872.3,0.3196,0.15–0.49,6,Active,1.0,10.0,10,838405.56,0.15304876107373255
ACC00878,R04,Financial services,208,1656430.59,2.3189,1.50–2.49,2,Active,1.0,3.3333333333333335,-5,2947094.1,0.16408968807711372
ACC00879,R16,Financial services,245,1380032.72,0.5902,0.50–0.99,8,Active,1.0,8.333333333333334,5,674654.08,0.1359428683424493
ACC00880,R32,Technology,237,2210098.77,2.4286,1.50–2.49,7,Active,1.0,3.3333333333333335,0,2541574.81,0.12621740336023088
ACC00881,R04,Healthcare,62,402709.93,0.1877,0.15–0.49,3,Active,1.0,11.666666666666666,5,80514.13,0.308486160440101
ACC00882,R30,Healthcare,443,4205517.7,1.2612,1.00–1.49,5,Active,1.0,5.0,-10,3119711.08,0.10541228044944324
ACC00883,R23,Retail,959,5345167.31,0.1968,0.15–0.49,7,Active,0.6666666666666666,-3.3333333333333335,-15,1582129.75,0.16223794548725837
ACC00884,R15,Financial services,237,1671581.73,0.7143,0.50–0.99,12,Active,0.6666666666666666,15.0,25,892046.86,0.16959958113423068
ACC00885,R35,Technology,700,3863635.01,0.161,0.15–0.49,8,Active,0.3333333333333333,-5.0,5,1208429.38,0.13039333136191525
ACC00886,R30,Retail,73,405067.29,0.1569,0.15–0.49,5,Active,0.3333333333333333,0.0,10,77081.42,0.36719068614237765
ACC00887,R33,Financial services,571,3532088.53,0.2752,0.15–0.49,6,Active,0.6666666666666666,1.6666666666666667,-5,1085063.64,0.1175085079621614
ACC00888,R31,Manufacturing,127,901459.32,0.1721,0.15–0.49,12,Active,0.6666666666666666,6.666666666666667,5,252829.6,0.287095757016069
ACC00889,R40,Logistics,270,1578845.4,0.5652,0.50–0.99,1,Active,0.6666666666666666,6.666666666666667,-5,1146369.4,0.18095669760211258
ACC00890,R35,Manufacturing,85,705159.1,0.6658,0.50–0.99,3,Active,0.6666666666666666,13.333333333333334,20,262326.79,0.23929627564529654
ACC00891,R18,Professional services,106,738447.15,0.572,0.50–0.99,8,Active,1.0,8.333333333333334,5,328958.79,0.2421302049206113
ACC00892,R06,Hospitality,170,1748432.38,1.6338,1.50–2.49,10,Active,1.0,3.3333333333333335,5,2213779.38,0.18441068202504188
ACC00893,R10,Professional services,249,1747210.7,3.1223,2.50–5.00,5,Active,1.0,3.3333333333333335,-10,7562400.34,0.11485357008241089
ACC00894,R15,Healthcare,63,387778.28,0.5142,0.50–0.99,5,Active,1.0,1.6666666666666667,0,215906.29,0.2742426211882552
ACC00895,R20,Logistics,340,2779892.81,1.4471,1.00–1.49,7,Active,0.6666666666666666,3.3333333333333335,10,1939093.3599999999,0.12331409154754654
ACC00896,R09,Healthcare,829,5104308.57,1.0169,1.00–1.49,9,Active,1.0,23.333333333333332,20,4717867.13,0.08830182558141314
ACC00897,R05,Healthcare,83,638606.01,0.5649,0.50–0.99,8,Active,1.0,8.333333333333334,10,285205.2,0.2417136572244621
ACC00898,R12,Professional services,94,546191.46,0.4262,0.15–0.49,2,Active,1.0,5.0,-5,67552.73,0.2954612748407037
ACC00899,R12,Financial services,315,2541327.05,0.9134,0.50–0.99,12,Active,1.0,15.0,25,1027151.68,0.14096038257432933
ACC00900,R16,Logistics,161,1004714.39,0.3375,0.15–0.49,12,Active,1.0,3.3333333333333335,10,220072.27,0.2136709210191914
ACC00901,R10,Financial services,86,458395.51,0.3561,0.15–0.49,4,Active,1.0,3.3333333333333335,15,224877.25,0.2580046977718976
ACC00902,R21,Healthcare,173,1180036.68,0.6793,0.50–0.99,6,Active,1.0,5.0,5,560625.38,0.21871300476194036
ACC00903,R01,Technology,397,3215029.83,0.6452,0.50–0.99,9,Active,0.3333333333333333,11.666666666666666,20,1496085.81,0.18451010325425862
ACC00904,R45,Healthcare,223,1675843.28,1.4846,1.00–1.49,6,Active,0.6666666666666666,10.0,15,1560818.76,0.15019305980739148
ACC00905,R38,Hospitality,713,4572617.96,1.2778,1.00–1.49,10,Active,1.0,1.6666666666666667,-5,4841429.75,0.12202840722429935
ACC00906,R41,Manufacturing,243,1511548.93,0.343,0.15–0.49,6,Active,0.6666666666666666,5.0,-10,290648.77,0.20025082167346378
ACC00907,R30,Professional services,798,4663102.47,0.5244,0.50–0.99,1,Active,1.0,5.0,-15,2530768.54,0.08185870444709516
ACC00908,R41,Professional services,176,1336800.17,0.9361,0.50–0.99,10,Active,0.6666666666666666,3.3333333333333335,-15,726089.0,0.3316311653774431
ACC00909,R42,Healthcare,548,2982495.5,0.2427,0.15–0.49,1,Active,0.6666666666666666,3.3333333333333335,10,884709.11,0.12797345179638375
ACC00910,R40,Healthcare,365,2497423.16,0.9351,0.50–0.99,4,Active,0.6666666666666666,3.3333333333333335,20,1232066.82,0.1466381491145503
ACC00911,R33,Retail,191,1207325.87,0.1982,0.15–0.49,3,Active,0.6666666666666666,3.3333333333333335,5,203601.7,0.20539933734528174
ACC00912,R48,Logistics,400,2661602.29,0.6816,0.50–0.99,6,Active,0.6666666666666666,11.666666666666666,5,1209912.33,0.14387097730894632
ACC00913,R12,Manufacturing,182,1278284.88,0.8352,0.50–0.99,5,Active,1.0,8.333333333333334,5,938431.69,0.2000060839094094
ACC00914,R30,Technology,561,4423648.53,1.043,1.00–1.49,10,Active,0.6666666666666666,8.333333333333334,5,3827333.26,0.12351673576430829
ACC00915,R19,Technology,749,3755947.15,0.3695,0.15–0.49,12,Active,0.3333333333333333,8.333333333333334,0,1386583.98,0.12289021964492945
ACC00916,R43,Professional services,166,1015603.28,1.9953,1.50–2.49,4,Active,1.0,16.666666666666668,25,2435606.2,0.1860243066756653
ACC00917,R23,Financial services,138,1025160.99,1.3859,1.00–1.49,2,Active,0.3333333333333333,8.333333333333334,10,682213.77,0.15738227299352028
ACC00918,R03,Manufacturing,417,2778663.34,0.6497,0.50–0.99,12,Active,1.0,10.0,10,1224892.84,0.11528759809221999
ACC00919,R08,Hospitality,362,2353715.33,1.6083,1.50–2.49,2,Active,1.0,0.0,15,4337116.59,0.12135792599258291
ACC00920,R24,Retail,225,1953819.79,1.1198,1.00–1.49,3,Active,0.6666666666666666,5.0,-5,2059863.64,0.17923365097380878
ACC00921,R23,Logistics,828,7226409.41,1.0696,1.00–1.49,10,Active,1.0,-1.6666666666666667,-5,5686883.04,0.08075060085926039
ACC00922,R27,Professional services,219,1911481.6,1.1127,1.00–1.49,7,Active,1.0,1.6666666666666667,10,1633440.19,0.15574551970497655
ACC00923,R38,Healthcare,108,539682.94,0.4459,0.15–0.49,4,Active,1.0,0.0,0,141459.9,0.2180436562510384
ACC00924,R14,Technology,141,952547.51,0.5935,0.50–0.99,7,Active,0.6666666666666666,0.0,-10,369025.17,0.17807303227479174
ACC00925,R17,Healthcare,190,1460290.4,0.7383,0.50–0.99,1,Active,0.3333333333333333,15.0,10,433585.0,0.16254609832414646
ACC00926,R31,Healthcare,162,1280896.58,3.2863,2.50–5.00,6,Active,1.0,13.333333333333334,20,4177333.75,0.13403398860096943
ACC00927,R12,Retail,76,445766.94,0.7687,0.50–0.99,4,Active,1.0,0.0,0,282442.32,0.24587656114440848
ACC00928,R37,Hospitality,132,664234.2,0.3413,0.15–0.49,3,Active,0.6666666666666666,10.0,5,212502.07,0.2651987120213264
ACC00929,R44,Professional services,153,751608.83,0.2435,0.15–0.49,11,Active,0.6666666666666666,-3.3333333333333335,-10,236971.1,0.190913737879298
ACC00930,R12,Professional services,167,1404844.67,1.7473,1.50–2.49,10,Active,1.0,8.333333333333334,10,2225484.1,0.1816974421609116
ACC00931,R09,Hospitality,326,2341871.23,0.7687,0.50–0.99,1,Active,1.0,10.0,5,1154469.19,0.13518697515175213
ACC00932,R07,Logistics,744,4277949.38,2.352,1.50–2.49,6,Active,1.0,10.0,5,11062671.35,0.07906851652719998
ACC00933,R25,Manufacturing,177,960801.01,0.4301,0.15–0.49,6,Active,0.6666666666666666,3.3333333333333335,0,326197.07,0.18663538435220317
ACC00934,R23,Professional services,135,1232173.99,2.4024,1.50–2.49,8,Active,1.0,10.0,15,1525857.74,0.1596395143319602
ACC00935,R39,Hospitality,270,1829201.83,0.2774,0.15–0.49,1,Active,1.0,8.333333333333334,10,462049.27,0.17108442222593864
ACC00936,R16,Manufacturing,93,482348.15,0.5834,0.50–0.99,8,Active,0.6666666666666666,1.6666666666666667,0,399615.88,0.26553470860787265
ACC00937,R29,Financial services,313,1929479.2,1.2707,1.00–1.49,7,Active,1.0,16.666666666666668,20,1590289.99,0.12580524895900205
ACC00938,R12,Retail,101,775614.95,0.743,0.50–0.99,1,Active,1.0,11.666666666666666,10,259162.84,0.23748073633005562
ACC00939,R11,Retail,80,609798.11,0.513,0.50–0.99,10,Active,0.6666666666666666,11.666666666666666,25,272796.99,0.30872541928217323
ACC00940,R14,Logistics,631,3455786.86,0.7907,0.50–0.99,7,Active,0.3333333333333333,11.666666666666666,0,2488949.44,0.09671996637290545
ACC00941,R34,Manufacturing,872,6587810.63,0.6778,0.50–0.99,8,Active,1.0,8.333333333333334,-5,3551737.46,0.10009184045456053
ACC00942,R05,Technology,780,5313701.79,0.5761,0.50–0.99,8,Active,0.3333333333333333,11.666666666666666,5,2665720.93,0.11754946525716108
ACC00943,R26,Retail,254,1259330.34,0.3282,0.15–0.49,1,Active,1.0,5.0,5,425713.74,0.20667538602189542
ACC00944,R27,Logistics,588,3087108.31,0.4029,0.15–0.49,12,Active,0.3333333333333333,10.0,5,933843.85,0.11495012942106798
ACC00945,R29,Professional services,230,1532320.03,0.2104,0.15–0.49,9,Active,0.3333333333333333,16.666666666666668,20,412437.1,0.21939439320754295
ACC00946,R02,Technology,177,953051.65,0.1656,0.15–0.49,10,Active,0.6666666666666666,3.3333333333333335,5,262448.31,0.22625294034136806
ACC00947,R32,Technology,62,320183.44,0.4741,0.15–0.49,10,Active,1.0,6.666666666666667,10,132850.21,0.2657022681218991
ACC00948,R10,Technology,1211,8719627.46,1.2935,1.00–1.49,6,Active,1.0,-3.3333333333333335,-10,8067981.67,0.09403793181268393
ACC00949,R16,Healthcare,95,732939.84,0.6141,0.50–0.99,2,Active,0.6666666666666666,15.0,20,272768.31,0.2077608765460459
ACC00950,R21,Logistics,263,2098995.94,0.816,0.50–0.99,4,Active,0.6666666666666666,8.333333333333334,5,1008382.3300000001,0.15622190215579182
ACC00951,R27,Technology,461,3703505.41,2.4126,1.50–2.49,2,Active,1.0,5.0,10,6066391.11,0.11030080343939376
ACC00952,R31,Retail,173,1126072.77,1.3986,1.00–1.49,9,Active,0.6666666666666666,8.333333333333334,10,1232167.51,0.20200316327472134
ACC00953,R14,Hospitality,125,786369.25,0.6207,0.50–0.99,2,Active,1.0,0.0,5,372084.46,0.21051350961494184
ACC00954,R05,Financial services,620,4427514.79,2.7385,2.50–5.00,2,Active,1.0,1.6666666666666667,-10,17148321.91,0.07089792071640691
ACC00955,R35,Professional services,115,837349.98,0.7035,0.50–0.99,1,Active,1.0,10.0,20,277000.86,0.2536260264690449
ACC00956,R01,Retail,90,565667.29,0.4194,0.15–0.49,7,Active,0.6666666666666666,10.0,10,220137.44,0.2754491978160638
ACC00957,R09,Financial services,189,1007483.6,0.8802,0.50–0.99,9,Active,0.6666666666666666,8.333333333333334,-10,567289.66,0.17549683936526114
ACC00958,R28,Professional services,425,2571500.86,0.6107,0.50–0.99,10,Active,1.0,-3.3333333333333335,0,2406515.54,0.274081871594462
ACC00959,R39,Retail,289,2033468.66,0.9725,0.50–0.99,1,Active,0.6666666666666666,16.666666666666668,25,1263658.45,0.20737103588116942
ACC00960,R07,Technology,377,2395652.89,0.9423,0.50–0.99,3,Active,0.6666666666666666,16.666666666666668,15,1372285.64,0.17894029124259045
ACC00961,R37,Manufacturing,204,982938.0,0.4674,0.15–0.49,9,Active,0.6666666666666666,8.333333333333334,15,399688.32,0.25595082808991687
ACC00962,R36,Manufacturing,724,6408731.25,2.9416,2.50–5.00,7,Active,1.0,8.333333333333334,5,20294400.46,0.08858516158480634
ACC00963,R47,Financial services,386,3473444.62,0.5952,0.50–0.99,4,Active,0.6666666666666666,10.0,5,1479378.67,0.14715577478578976
ACC00964,R30,Professional services,171,1413610.37,0.6632,0.50–0.99,7,Active,0.0,10.0,15,733506.14,0.1873436603591516
ACC00965,R38,Logistics,485,3047507.7,2.4132,1.50–2.49,6,Active,1.0,10.0,0,5322569.84,0.1125566268660071
ACC00966,R42,Manufacturing,178,1197741.5,4.6441,2.50–5.00,2,Active,1.0,8.333333333333334,5,4516907.74,0.1681634276039754
ACC00967,R27,Financial services,376,2592495.33,0.1819,0.15–0.49,12,Active,0.6666666666666666,11.666666666666666,20,681114.4,0.15343162832238966
ACC00968,R40,Hospitality,214,1336819.03,0.6752,0.50–0.99,9,Active,0.6666666666666666,3.3333333333333335,5,1018384.59,0.24231409874324683
ACC00969,R11,Manufacturing,494,3092642.55,0.8489,0.50–0.99,7,Active,1.0,-1.6666666666666667,0,1611964.59,0.135485241957373
ACC00970,R30,Technology,848,8133704.45,1.6729,1.50–2.49,10,Active,0.6666666666666666,10.0,25,9973451.55,0.07953018361824615
ACC00971,R24,Professional services,902,5032346.0,0.6173,0.50–0.99,1,Active,1.0,5.0,-5,2967553.87,0.08920467125887115
ACC00972,R48,Manufacturing,165,884939.99,0.3189,0.15–0.49,4,Active,1.0,1.6666666666666667,10,168214.44,0.2441250484196656
ACC00973,R19,Manufacturing,348,2494252.93,0.748,0.50–0.99,8,Active,1.0,3.3333333333333335,10,1304823.5,0.11797484471952766
ACC00974,R14,Logistics,273,1728226.62,0.2797,0.15–0.49,1,Active,0.6666666666666666,8.333333333333334,20,634071.51,0.21444200441356606
ACC00975,R16,Retail,62,440071.0,0.6499,0.50–0.99,3,Active,1.0,0.0,15,213307.11000000002,0.23526959008683698
ACC00976,R27,Manufacturing,337,1793881.58,0.5139,0.50–0.99,6,Active,0.6666666666666666,11.666666666666666,0,1368903.16,0.1361473964517958
ACC00977,R08,Hospitality,301,2103826.94,0.7868,0.50–0.99,11,Active,1.0,6.666666666666667,10,1058371.59,0.17148697557852347
ACC00978,R27,Manufacturing,519,3506947.88,0.8019,0.50–0.99,11,Active,1.0,-5.0,-15,1516697.04,0.10552952955004569
ACC00979,R24,Financial services,91,559497.23,1.2369,1.00–1.49,4,Active,0.3333333333333333,6.666666666666667,0,563053.4500000001,0.3345648733003552
ACC00980,R09,Manufacturing,559,3431419.73,0.3723,0.15–0.49,3,Active,0.3333333333333333,15.0,25,930247.27,0.1283244526155002
ACC00981,R08,Hospitality,514,3142321.38,0.471,0.15–0.49,7,Active,1.0,1.6666666666666667,-5,810491.76,0.13202901302732667
ACC00982,R21,Healthcare,69,421133.97,0.8542,0.50–0.99,5,Active,0.6666666666666666,10.0,0,170410.47,0.3566282838432959
ACC00983,R24,Manufacturing,220,1538905.12,2.0905,1.50–2.49,4,Active,0.6666666666666666,3.3333333333333335,-15,3833498.57,0.19769113492983434
ACC00984,R35,Financial services,164,1356863.56,0.7303,0.50–0.99,11,Active,1.0,0.0,-5,361383.8,0.17560896026464987
ACC00985,R15,Professional services,874,6189304.09,3.9188,2.50–5.00,7,Active,1.0,6.666666666666667,0,22370633.0,0.06269263842897949
ACC00986,R40,Manufacturing,442,3097480.05,4.2071,2.50–5.00,8,Active,1.0,1.6666666666666667,25,10311585.9,0.1007516861905899
ACC00987,R23,Retail,293,1985136.82,0.9553,0.50–0.99,12,Active,0.6666666666666666,8.333333333333334,10,1602090.62,0.3804917811850394
ACC00988,R45,Retail,345,2181604.64,1.2795,1.00–1.49,10,Active,1.0,10.0,25,2362919.42,0.13755395393648692
ACC00989,R09,Healthcare,306,2377797.4,4.2242,2.50–5.00,6,Active,1.0,3.3333333333333335,10,8903133.58,0.12147755693727408
ACC00990,R40,Retail,179,1203287.74,0.3164,0.15–0.49,12,Active,0.3333333333333333,8.333333333333334,5,464701.77,0.23224726635113635
ACC00991,R45,Logistics,210,1414829.81,0.5867,0.50–0.99,3,Active,0.6666666666666666,11.666666666666666,15,714832.28,0.21830438929740337
ACC00992,R30,Logistics,164,1629473.99,2.3005,1.50–2.49,10,Active,1.0,10.0,20,2367944.82,0.19914794837905073
ACC00993,R29,Retail,322,2330446.79,0.7911,0.50–0.99,9,Active,1.0,10.0,15,1067697.83,0.22972027234942183
ACC00994,R02,Healthcare,158,1023329.23,0.707,0.50–0.99,11,Active,0.6666666666666666,16.666666666666668,15,477120.87,0.22105813860217022
ACC00995,R25,Financial services,129,875139.35,0.9227,0.50–0.99,6,Active,1.0,-1.6666666666666667,0,320368.15,0.18180243153912218
ACC00996,R48,Retail,62,484157.9,1.3127,1.00–1.49,1,Active,1.0,6.666666666666667,0,457033.63,0.29155223495089033
ACC00997,R04,Hospitality,434,2907941.78,2.3407,1.50–2.49,7,Active,1.0,-5.0,5,5570381.57,0.10053457260704088
ACC00998,R29,Retail,117,913081.56,1.4506,1.00–1.49,9,Active,0.6666666666666666,5.0,-15,566676.61,0.19519886412189558
ACC00999,R38,Technology,165,1206571.17,1.2199,1.00–1.49,3,Active,1.0,3.3333333333333335,5,1154322.13,0.17779784689141676
ACC01000,R46,Technology,340,2701552.62,0.8997,0.50–0.99,5,Active,1.0,6.666666666666667,15,1180192.08,0.14247195055816003
ACC01001,R12,Financial services,62,398831.11,0.881,0.50–0.99,12,Active,0.3333333333333333,6.666666666666667,15,144282.59,0.3145358127595799
ACC01002,R01,Healthcare,239,2035017.8,1.0927,1.00–1.49,5,Active,1.0,3.3333333333333335,5,1642046.0,0.13936834489104222
ACC01003,R48,Logistics,391,2398323.5,0.7511,0.50–0.99,5,Active,0.6666666666666666,1.6666666666666667,20,1324940.55,0.11435000560836676
ACC01004,R21,Manufacturing,352,1683710.12,0.5562,0.50–0.99,11,Active,1.0,0.0,15,1308812.98,0.14919940567464698
ACC01005,R43,Hospitality,68,447865.84,0.3523,0.15–0.49,3,Active,1.0,3.3333333333333335,0,67292.01,0.4123784752951602
ACC01006,R14,Manufacturing,250,1557357.74,1.2399,1.00–1.49,1,Active,1.0,8.333333333333334,0,1553394.11,0.13600644071853107
ACC01007,R03,Healthcare,99,655480.73,0.8997,0.50–0.99,9,Active,0.3333333333333333,13.333333333333334,10,306398.0,0.25294314150654795
ACC01008,R34,Professional services,1833,14760036.39,0.4598,0.15–0.49,8,Active,0.6666666666666666,8.333333333333334,5,3283037.2600000002,0.08126154763086527
ACC01009,R22,Healthcare,319,1926677.34,0.6731,0.50–0.99,11,Active,1.0,5.0,15,1054752.51,0.13200383146800446
ACC01010,R43,Manufacturing,564,2877095.79,0.8294,0.50–0.99,10,Active,0.6666666666666666,15.0,15,2290242.2399999998,0.14124995673684096
ACC01011,R06,Manufacturing,120,884187.08,1.8002,1.50–2.49,1,Active,0.6666666666666666,-1.6666666666666667,0,1322139.68,0.25649888819573036
ACC01012,R38,Manufacturing,86,536782.28,0.2035,0.15–0.49,5,Active,0.6666666666666666,-1.6666666666666667,-5,122668.5,0.28183826214837054
ACC01013,R35,Healthcare,236,1616269.12,0.7291,0.50–0.99,4,Active,0.6666666666666666,8.333333333333334,15,814922.97,0.16767167438588437
ACC01014,R11,Technology,375,2484625.77,0.8596,0.50–0.99,4,Active,0.6666666666666666,11.666666666666666,25,1239190.45,0.12202789141474495
ACC01015,R40,Retail,218,1625247.12,1.715,1.50–2.49,5,Active,1.0,-11.666666666666666,-15,2923703.33,0.1307888751077566
ACC01016,R38,Retail,62,358918.41,0.4001,0.15–0.49,5,Active,0.6666666666666666,3.3333333333333335,-10,95723.95,0.3905021851147773
ACC01017,R12,Healthcare,246,1695829.74,0.6622,0.50–0.99,6,Active,1.0,11.666666666666666,25,865801.57,0.1776028372154629
ACC01018,R09,Healthcare,286,1547884.18,0.4551,0.15–0.49,4,Active,1.0,8.333333333333334,5,820314.7,0.17966579430354843
ACC01019,R18,Technology,137,909066.05,0.6359,0.50–0.99,11,Active,0.6666666666666666,11.666666666666666,15,400438.69,0.21096889383974599
ACC01020,R20,Technology,383,2193237.5,0.8536,0.50–0.99,7,Active,0.6666666666666666,5.0,-5,1356048.69,0.11394211451037083
ACC01021,R35,Hospitality,561,4256684.05,1.2846,1.00–1.49,2,Active,0.6666666666666666,10.0,5,3908471.43,0.11952333761137565
ACC01022,R16,Professional services,201,1521428.34,1.0134,1.00–1.49,8,Active,0.6666666666666666,10.0,15,1360539.6,0.19853616341088634
ACC01023,R31,Healthcare,110,928070.08,1.6771,1.50–2.49,1,Active,0.6666666666666666,13.333333333333334,15,1655854.65,0.16737521317272963
ACC01024,R39,Healthcare,215,2081500.68,1.2013,1.00–1.49,11,Active,1.0,1.6666666666666667,-10,1529843.94,0.13739153979405716
ACC01025,R43,Retail,458,2218073.7,1.1002,1.00–1.49,2,Active,0.6666666666666666,15.0,25,2930932.16,0.0921924573656268
ACC01026,R20,Healthcare,827,6472155.11,0.1859,0.15–0.49,6,Active,0.3333333333333333,13.333333333333334,20,1286662.67,0.10476542891780177
ACC01027,R41,Manufacturing,309,2112238.79,0.5436,0.50–0.99,1,Active,0.6666666666666666,6.666666666666667,5,1034081.84,0.1771797338392638
ACC01028,R46,Logistics,199,1577692.0,1.9915,1.50–2.49,2,Active,1.0,8.333333333333334,10,2165263.19,0.13683335692190038
ACC01029,R19,Professional services,312,2589263.51,0.8059,0.50–0.99,7,Active,1.0,1.6666666666666667,-5,958022.95,0.12873123163355488
ACC01030,R09,Technology,156,1285778.21,2.1911,1.50–2.49,2,Active,1.0,3.3333333333333335,0,1520718.01,0.14884312188836657
ACC01031,R13,Financial services,245,2151899.52,3.7155,2.50–5.00,11,Active,1.0,13.333333333333334,20,7795682.58,0.11427224996704655
ACC01032,R25,Professional services,169,1171220.92,1.2465,1.00–1.49,1,Active,1.0,-3.3333333333333335,10,808546.39,0.1732545784418814
ACC01033,R31,Healthcare,762,7487534.19,3.4949,2.50–5.00,3,Active,1.0,-5.0,-5,18470692.2,0.06915821887240743
ACC01034,R29,Professional services,319,1700450.89,0.7381,0.50–0.99,12,Active,1.0,3.3333333333333335,-5,972486.94,0.11990611334494874
ACC01035,R40,Professional services,384,3068282.72,1.7132,1.50–2.49,1,Active,0.6666666666666666,-1.6666666666666667,10,5100507.26,0.0987990373372073
ACC01036,R41,Technology,192,1760059.3,2.1337,1.50–2.49,12,Active,1.0,5.0,-5,3232634.77,0.139294172278539
ACC01037,R48,Professional services,310,2338339.37,0.8985,0.50–0.99,3,Active,1.0,3.3333333333333335,10,1104733.34,0.20366361040004954
ACC01038,R48,Manufacturing,112,793460.66,0.3166,0.15–0.49,1,Active,1.0,3.3333333333333335,15,102998.59,0.251173690241304
ACC01039,R40,Manufacturing,406,3101335.44,2.2503,1.50–2.49,3,Active,1.0,3.3333333333333335,-5,4419632.72,0.09859499950212697
ACC01040,R13,Professional services,90,467157.88,0.8117,0.50–0.99,12,Active,0.6666666666666666,13.333333333333334,15,272804.45,0.29207389310942117
ACC01041,R24,Technology,394,2861795.49,0.3748,0.15–0.49,5,Active,0.3333333333333333,11.666666666666666,-5,562578.88,0.15003243711853118
ACC01042,R14,Technology,230,1609067.11,0.5057,0.50–0.99,1,Active,1.0,10.0,15,654616.76,0.16144022754663748
ACC01043,R16,Retail,254,2130722.84,2.4842,1.50–2.49,3,Active,1.0,6.666666666666667,0,3169996.51,0.11952358966210527
ACC01044,R04,Retail,216,1564508.93,0.3452,0.15–0.49,5,Active,0.3333333333333333,10.0,15,316276.21,0.18517673881042362
ACC01045,R02,Manufacturing,146,954136.85,0.8443,0.50–0.99,4,Active,1.0,15.0,10,520476.23,0.23157534810437386
ACC01046,R11,Hospitality,176,1154468.28,2.3649,1.50–2.49,5,Active,1.0,0.0,0,2967444.66,0.2887943180998129
ACC01047,R46,Financial services,385,2978714.41,2.109,1.50–2.49,12,Active,1.0,1.6666666666666667,5,6333356.95,0.1416827704518615
ACC01048,R38,Logistics,575,3796219.74,1.4564,1.00–1.49,3,Active,1.0,-3.3333333333333335,-5,4116693.25,0.10570601389570107
ACC01049,R02,Financial services,151,1170060.11,0.1934,0.15–0.49,10,Active,0.6666666666666666,3.3333333333333335,-5,161698.1,0.23835086967557187
ACC01050,R26,Retail,221,1810291.47,1.3322,1.00–1.49,5,Active,1.0,-1.6666666666666667,0,1614487.07,0.14839554367559116
ACC01051,R03,Technology,67,440762.36,0.324,0.15–0.49,7,Active,1.0,5.0,5,104050.09999999999,0.2901650418500806
ACC01052,R07,Retail,789,5921261.3,1.2339,1.00–1.49,3,Active,1.0,5.0,-15,5211078.72,0.07752008835204013
ACC01053,R28,Hospitality,112,863456.98,0.9714,0.50–0.99,2,Active,0.6666666666666666,6.666666666666667,15,401285.09,0.39103168485643125
ACC01054,R40,Financial services,63,358977.56,0.402,0.15–0.49,3,Active,1.0,3.3333333333333335,10,91043.14,0.3043123656081912
ACC01055,R37,Logistics,211,1607994.01,3.2204,2.50–5.00,6,Active,1.0,5.0,0,5030474.82,0.13975895507253136
ACC01056,R07,Professional services,329,2572661.02,0.7371,0.50–0.99,9,Active,1.0,1.6666666666666667,10,1287136.63,0.15892018129564528
ACC01057,R18,Hospitality,782,5355223.21,0.9106,0.50–0.99,8,Active,0.6666666666666666,1.6666666666666667,0,3193848.17,0.11751705722051611
ACC01058,R04,Technology,228,1878606.35,0.6672,0.50–0.99,12,Active,0.6666666666666666,5.0,15,732290.76,0.15228689804419024
ACC01059,R28,Hospitality,384,2510780.8,2.0537,1.50–2.49,2,Active,1.0,5.0,5,4897433.74,0.13365790891044269
ACC01060,R04,Logistics,208,1487712.85,1.5814,1.50–2.49,3,Active,1.0,6.666666666666667,15,2831020.8,0.1829716967475671
ACC01061,R26,Technology,161,1086239.02,3.6426,2.50–5.00,8,Active,1.0,8.333333333333334,10,4969959.51,0.18213326757480178
ACC01062,R05,Financial services,236,1863247.51,1.2864,1.00–1.49,6,Active,1.0,5.0,5,1075986.14,0.1551464555329039
ACC01063,R02,Hospitality,173,993239.16,0.622,0.50–0.99,10,Active,1.0,6.666666666666667,15,450881.52999999997,0.17313110653893035
ACC01064,R23,Professional services,223,1376511.2,0.8058,0.50–0.99,2,Active,0.3333333333333333,13.333333333333334,5,990336.52,0.22189356231478183
ACC01065,R26,Healthcare,245,1792490.12,0.4157,0.15–0.49,5,Active,1.0,5.0,15,408112.69,0.19639270910755835
ACC01066,R33,Technology,239,1563849.99,1.1162,1.00–1.49,12,Active,0.6666666666666666,3.3333333333333335,5,1754193.96,0.16842035922931003
ACC01067,R01,Technology,133,929964.36,1.3528,1.00–1.49,3,Active,1.0,3.3333333333333335,5,969050.69,0.21067000620125031
ACC01068,R18,Hospitality,231,1917548.22,0.2417,0.15–0.49,11,Active,1.0,10.0,10,465089.08,0.23164656340712483
ACC01069,R17,Retail,227,877623.71,0.824,0.50–0.99,6,Active,1.0,3.3333333333333335,15,823230.65,0.19351257814664877
ACC01070,R08,Professional services,357,2258959.91,0.3569,0.15–0.49,2,Active,0.6666666666666666,6.666666666666667,20,556346.64,0.17673057036319548
ACC01071,R11,Hospitality,488,3666982.28,0.7876,0.50–0.99,12,Active,0.6666666666666666,11.666666666666666,20,1477171.58,0.12819415673884502
ACC01072,R05,Logistics,171,914804.09,0.6906,0.50–0.99,2,Active,1.0,-3.3333333333333335,0,599626.7999999999,0.2352966340722177
ACC01073,R30,Technology,71,401880.53,0.9418,0.50–0.99,10,Active,1.0,-3.3333333333333335,-10,289842.61,0.21875431052911054
ACC01074,R17,Professional services,279,1651167.4,1.7631,1.50–2.49,1,Active,1.0,8.333333333333334,0,2915289.79,0.11552392918289633
ACC01075,R38,Manufacturing,62,426563.96,0.9332,0.50–0.99,4,Active,1.0,0.0,-5,229983.0,0.2779981428492491
ACC01076,R05,Manufacturing,271,1394767.49,0.2631,0.15–0.49,1,Active,0.6666666666666666,3.3333333333333335,15,348868.76,0.16415121461944043
ACC01077,R38,Logistics,501,4296873.84,0.6214,0.50–0.99,7,Active,0.6666666666666666,5.0,0,1832334.03,0.10447915465436562
ACC01078,R45,Healthcare,1203,7357368.93,0.6526,0.50–0.99,7,Active,1.0,6.666666666666667,10,3899047.29,0.0947874226599581
ACC01079,R29,Manufacturing,534,4081129.68,0.945,0.50–0.99,9,Active,1.0,0.0,-15,1925040.44,0.10170530290194563
ACC01080,R29,Healthcare,79,411116.2,0.1997,0.15–0.49,1,Active,0.6666666666666666,8.333333333333334,25,216452.91,0.4194949568267777
ACC01081,R19,Healthcare,68,443648.33,0.6289,0.50–0.99,2,Active,0.6666666666666666,11.666666666666666,20,263086.68,0.2865525672733557
ACC01082,R39,Financial services,556,4135096.18,1.2931,1.00–1.49,8,Active,1.0,10.0,15,3998090.85,0.10659675675806665
ACC01083,R44,Healthcare,289,1925184.96,0.188,0.15–0.49,9,Active,0.3333333333333333,6.666666666666667,10,391994.58999999997,0.19726901836552246
ACC01084,R39,Financial services,198,1623147.18,0.6839,0.50–0.99,5,Active,0.6666666666666666,5.0,5,786905.11,0.18499550137612678
ACC01085,R33,Financial services,1128,8288423.99,0.696,0.50–0.99,5,Active,0.3333333333333333,6.666666666666667,15,4412985.5200000005,0.07290105082170702
ACC01086,R37,Hospitality,178,1152377.41,2.4883,1.50–2.49,4,Active,1.0,-3.3333333333333335,0,2177840.9699999997,0.2574283024912502
ACC01087,R33,Retail,318,2274776.37,0.8775,0.50–0.99,8,Active,0.6666666666666666,10.0,10,1301036.0,0.18947326425812047
ACC01088,R41,Professional services,135,612035.58,0.9278,0.50–0.99,10,Active,0.6666666666666666,3.3333333333333335,10,442321.88,0.19454867383152222
ACC01089,R26,Manufacturing,490,2966156.76,0.2313,0.15–0.49,9,Active,0.6666666666666666,0.0,-5,886066.49,0.1600187090589922
ACC01090,R11,Hospitality,200,1178979.84,0.5627,0.50–0.99,5,Active,0.6666666666666666,8.333333333333334,15,974516.2000000001,0.1688165019973791
ACC01091,R32,Healthcare,62,381032.73,1.4293,1.00–1.49,12,Active,0.6666666666666666,10.0,5,296944.72,0.2858747044958137
ACC01092,R15,Professional services,256,1689906.34,1.0063,1.00–1.49,11,Active,0.3333333333333333,8.333333333333334,20,1518347.3800000001,0.13899194620196684
ACC01093,R43,Retail,228,1122350.32,0.7659,0.50–0.99,8,Active,1.0,10.0,10,918307.52,0.17686297988515087
ACC01094,R35,Manufacturing,185,1108340.45,0.5703,0.50–0.99,7,Active,1.0,-5.0,-10,597655.8099999999,0.25499079756797766
ACC01095,R16,Logistics,70,357373.54,1.0063,1.00–1.49,3,Active,1.0,-3.3333333333333335,-5,557925.26,0.26756801547422665
ACC01096,R17,Logistics,122,750677.89,0.7784,0.50–0.99,10,Active,1.0,1.6666666666666667,10,434358.5,0.21106151102361714
ACC01097,R03,Professional services,772,5684149.0,1.0808,1.00–1.49,9,Active,1.0,11.666666666666666,15,5104452.41,0.10352773772143624
ACC01098,R30,Professional services,493,2511770.14,0.5189,0.50–0.99,9,Active,1.0,-1.6666666666666667,5,1631954.44,0.13554933509085937
ACC01099,R09,Logistics,148,1018422.74,1.2473,1.00–1.49,8,Active,1.0,6.666666666666667,5,626119.86,0.16822429944479877
ACC01100,R39,Hospitality,322,2942298.8,0.5106,0.50–0.99,5,Active,1.0,0.0,5,1194175.75,0.141222158775829
ACC01101,R13,Retail,289,2929222.5,1.8505,1.50–2.49,6,Active,0.6666666666666666,1.6666666666666667,0,3264073.37,0.13845621784242385
ACC01102,R30,Professional services,496,3293103.55,0.5718,0.50–0.99,4,Active,1.0,5.0,5,1909613.42,0.13539427107637464
ACC01103,R36,Technology,82,788349.49,0.6247,0.50–0.99,7,Active,1.0,8.333333333333334,20,246190.81,0.2911333647793285
ACC01104,R38,Professional services,142,1288866.54,0.5117,0.50–0.99,6,Active,1.0,0.0,0,366293.32,0.20147470229315967
ACC01105,R35,Financial services,266,2025409.88,0.2897,0.15–0.49,11,Active,0.3333333333333333,5.0,5,459159.11,0.19539338469625314
ACC01106,R31,Healthcare,215,1946441.21,2.1921,1.50–2.49,1,Active,1.0,-1.6666666666666667,5,2885126.7399999998,0.15690796572782625
ACC01107,R06,Technology,125,541916.94,0.3095,0.15–0.49,7,Active,0.6666666666666666,11.666666666666666,15,233567.11,0.2610159791630506
ACC01108,R40,Manufacturing,246,1529149.71,0.3253,0.15–0.49,2,Active,0.6666666666666666,0.0,0,593292.44,0.30091585695441586
ACC01109,R29,Financial services,326,2713772.0,1.5906,1.50–2.49,5,Active,1.0,0.0,5,3933212.69,0.11156009857079305
ACC01110,R39,Healthcare,319,2611803.92,1.4833,1.00–1.49,12,Active,1.0,8.333333333333334,25,2180873.52,0.16588904849731645
ACC01111,R04,Logistics,74,559568.41,0.418,0.15–0.49,1,Active,0.6666666666666666,15.0,10,99533.76,0.32778153555858547
ACC01112,R10,Healthcare,89,520090.48,0.276,0.15–0.49,4,Active,0.6666666666666666,10.0,10,151880.41,0.273603375773319
ACC01113,R19,Professional services,104,607343.91,0.3956,0.15–0.49,7,Active,0.6666666666666666,10.0,15,206206.1,0.37763060372227164
ACC01114,R05,Logistics,707,5342078.2,2.7729,2.50–5.00,1,Active,1.0,6.666666666666667,-5,17691804.27,0.07038012909607898
ACC01115,R47,Financial services,91,659487.3,1.3098,1.00–1.49,1,Active,1.0,5.0,15,448503.32,0.2225982113187085
ACC01116,R36,Logistics,242,2013239.17,0.9352,0.50–0.99,2,Active,1.0,0.0,0,713567.13,0.15582779036213285
ACC01117,R07,Professional services,173,1207750.9,2.3804,1.50–2.49,10,Active,0.6666666666666666,3.3333333333333335,-5,2336705.4,0.17801925545207695
ACC01118,R39,Logistics,551,2954867.37,0.2349,0.15–0.49,6,Active,0.6666666666666666,11.666666666666666,20,711418.41,0.14234415955993257
ACC01119,R45,Healthcare,112,666456.68,0.9389,0.50–0.99,6,Active,1.0,-1.6666666666666667,0,231316.51,0.2416886932606572
ACC01120,R43,Manufacturing,494,3178367.95,0.6034,0.50–0.99,11,Active,1.0,5.0,5,1781000.46,0.11207195435977509
ACC01121,R39,Healthcare,311,2013822.92,1.4782,1.00–1.49,5,Active,0.6666666666666666,20.0,15,2458719.7,0.12656346739002122
ACC01122,R24,Hospitality,209,2328492.89,4.5488,2.50–5.00,2,Active,1.0,6.666666666666667,-10,4648060.12,0.1048978966278698
ACC01123,R20,Retail,206,1293172.97,0.7293,0.50–0.99,6,Active,1.0,10.0,10,783833.73,0.18881330099200336
ACC01124,R42,Technology,104,563889.75,1.1115,1.00–1.49,6,Active,1.0,8.333333333333334,25,474015.7,0.20300434825717129
ACC01125,R41,Financial services,199,1181978.14,1.3415,1.00–1.49,9,Active,1.0,10.0,-5,1242791.34,0.1896513040040042
ACC01126,R34,Hospitality,334,2379229.86,0.2107,0.15–0.49,6,Active,0.6666666666666666,11.666666666666666,0,652404.8,0.15421100245078945
ACC01127,R04,Technology,78,476809.5,0.9177,0.50–0.99,7,Active,0.6666666666666666,13.333333333333334,5,233396.6,0.26346367853650676
ACC01128,R22,Hospitality,306,1556844.68,0.2019,0.15–0.49,5,Active,0.6666666666666666,-1.6666666666666667,5,559090.2,0.17179170422874543
ACC01129,R06,Retail,394,2341446.74,1.3569,1.00–1.49,2,Active,1.0,-1.6666666666666667,0,2122084.73,0.1399822266347947
ACC01130,R24,Retail,72,558072.64,0.5322,0.50–0.99,2,Active,0.6666666666666666,11.666666666666666,20,187671.8,0.34760072189150915
ACC01131,R29,Retail,1052,7864406.46,1.4091,1.00–1.49,8,Active,1.0,8.333333333333334,15,6255782.91,0.07656173160958889
ACC01132,R26,Healthcare,100,667051.03,0.8709,0.50–0.99,3,Active,1.0,-5.0,-15,280654.18,0.2984018374113007
ACC01133,R13,Healthcare,62,403473.67,1.2223,1.00–1.49,11,Active,1.0,6.666666666666667,0,434805.84,0.24348254271176448
ACC01134,R31,Professional services,128,868515.44,0.434,0.15–0.49,2,Active,1.0,11.666666666666666,25,220353.68,0.19972963219684442
ACC01135,R45,Professional services,649,3571468.0,0.3054,0.15–0.49,2,Active,1.0,6.666666666666667,10,1166464.03,0.11992589304615192
ACC01136,R09,Technology,259,2023304.18,0.7915,0.50–0.99,3,Active,1.0,11.666666666666666,20,744841.34,0.1545501721997043
ACC01137,R32,Hospitality,94,505459.36,0.6365,0.50–0.99,3,Active,1.0,1.6666666666666667,-10,361662.61,0.22387959079510686
ACC01138,R19,Retail,72,539805.48,0.9072,0.50–0.99,1,Active,0.3333333333333333,11.666666666666666,20,326295.83,0.26530678638632965
ACC01139,R12,Technology,1096,8843307.17,1.2471,1.00–1.49,12,Active,0.6666666666666666,13.333333333333334,15,7522469.69,0.07137394094547636
ACC01140,R07,Logistics,430,2829577.71,2.1616,1.50–2.49,8,Active,1.0,3.3333333333333335,-5,6162303.03,0.12749692244583288
ACC01141,R22,Healthcare,253,1688767.05,0.5075,0.50–0.99,2,Active,1.0,3.3333333333333335,10,904624.0499999999,0.14105007697693148
ACC01142,R05,Logistics,124,745021.74,1.0416,1.00–1.49,9,Active,1.0,8.333333333333334,10,596531.7000000001,0.22219625198972748
ACC01143,R18,Retail,190,1576742.2,0.913,0.50–0.99,10,Active,1.0,1.6666666666666667,-5,757633.75,0.15646119962460658
ACC01144,R48,Logistics,248,1770518.9,2.3004,1.50–2.49,3,Active,1.0,6.666666666666667,15,3773876.93,0.15216550950356755
ACC01145,R28,Logistics,280,1405346.62,0.6463,0.50–0.99,6,Active,0.6666666666666666,10.0,5,890001.09,0.17064801529907017
ACC01146,R08,Manufacturing,295,2008439.88,1.1826,1.00–1.49,5,Active,1.0,15.0,25,2056548.38,0.13916323947532414
ACC01147,R20,Retail,174,1121534.45,0.2589,0.15–0.49,8,Active,0.3333333333333333,11.666666666666666,5,251237.56,0.29002704249083155
ACC01148,R11,Manufacturing,449,2657842.16,0.3844,0.15–0.49,11,Active,0.6666666666666666,11.666666666666666,20,677095.63,0.12248761666746232
ACC01149,R19,Healthcare,88,580850.24,1.1614,1.00–1.49,9,Active,0.6666666666666666,5.0,15,518583.61,0.2137461598489618
ACC01150,R20,Manufacturing,75,468488.48,0.9709,0.50–0.99,1,Active,1.0,-6.666666666666667,-10,199471.94,0.2678256538555575
ACC01151,R38,Hospitality,238,1527132.43,0.7259,0.50–0.99,5,Active,1.0,6.666666666666667,5,821687.57,0.15040427002122378
ACC01152,R04,Logistics,247,1742506.65,1.296,1.00–1.49,1,Active,1.0,0.0,0,1991352.3800000001,0.34565964216035266
ACC01153,R21,Technology,414,3611790.77,0.9819,0.50–0.99,3,Active,1.0,5.0,5,1506224.28,0.13432598956042827
ACC01154,R21,Manufacturing,273,1595774.92,0.3002,0.15–0.49,7,Active,0.6666666666666666,3.3333333333333335,0,646834.09,0.28453319137328814
ACC01155,R26,Professional services,371,3652136.6,1.0503,1.00–1.49,8,Active,0.6666666666666666,11.666666666666666,15,2470133.65,0.12872740292977716
ACC01156,R46,Hospitality,337,1870082.89,0.4692,0.15–0.49,7,Active,1.0,15.0,15,538363.76,0.13901079311096834
ACC01157,R17,Healthcare,332,2075205.98,0.9592,0.50–0.99,4,Active,1.0,6.666666666666667,5,1087536.97,0.15137895815240454
ACC01158,R08,Logistics,702,4029198.39,0.6949,0.50–0.99,10,Active,0.6666666666666666,8.333333333333334,10,2512212.3,0.1060136730286128
ACC01159,R39,Professional services,457,2467001.39,0.2484,0.15–0.49,3,Active,0.6666666666666666,-3.3333333333333335,5,650216.71,0.11226290801915705
ACC01160,R13,Healthcare,2406,14382808.07,0.1703,0.15–0.49,2,Active,0.3333333333333333,-5.0,-15,3992238.92,0.06265298080736867
ACC01161,R08,Manufacturing,126,964171.68,2.4283,1.50–2.49,2,Active,1.0,1.6666666666666667,5,1127957.09,0.16907930235177454
ACC01162,R25,Financial services,121,1044413.53,3.1534,2.50–5.00,5,Active,1.0,-3.3333333333333335,-5,3566134.07,0.23436325065733654
ACC01163,R24,Technology,141,757765.56,0.2327,0.15–0.49,10,Active,0.6666666666666666,13.333333333333334,10,232270.02000000002,0.22377712294093083
ACC01164,R04,Manufacturing,585,5276312.75,1.0852,1.00–1.49,12,Active,1.0,0.0,10,3764521.71,0.1286750188865434
ACC01165,R02,Technology,191,1245429.83,1.14,1.00–1.49,9,Active,1.0,1.6666666666666667,0,1310277.05,0.18512038269605666
ACC01166,R31,Financial services,379,2590095.81,0.87,0.50–0.99,11,Active,1.0,11.666666666666666,15,1147198.67,0.13393089652298984
ACC01167,R23,Manufacturing,274,1842045.51,0.7855,0.50–0.99,5,Active,0.3333333333333333,1.6666666666666667,10,659036.35,0.13580199394077191
ACC01168,R09,Healthcare,159,1243712.45,2.87,2.50–5.00,10,Active,1.0,8.333333333333334,20,5337940.0,0.13944698627421653
ACC01169,R21,Manufacturing,285,1470241.77,0.699,0.50–0.99,10,Active,0.6666666666666666,1.6666666666666667,-15,907109.88,0.16309539835932207
ACC01170,R26,Healthcare,655,4705019.62,0.5278,0.50–0.99,11,Active,1.0,8.333333333333334,15,2726046.14,0.1174676185048637
ACC01171,R20,Financial services,876,5388758.43,0.5203,0.50–0.99,3,Active,1.0,10.0,0,3411666.6,0.13592174824479936
ACC01172,R20,Financial services,351,1966132.69,0.5465,0.50–0.99,8,Active,1.0,3.3333333333333335,0,1019900.13,0.12859229205200917
ACC01173,R37,Logistics,154,993295.3,0.3752,0.15–0.49,2,Active,1.0,5.0,-10,330327.9,0.2103847659667406
ACC01174,R25,Technology,124,767682.02,0.8848,0.50–0.99,3,Active,1.0,8.333333333333334,-10,480141.26,0.20974251445827588
ACC01175,R16,Financial services,627,5062339.17,0.849,0.50–0.99,10,Active,1.0,-1.6666666666666667,10,2183954.97,0.1050028481689812
ACC01176,R09,Financial services,85,607824.58,1.4157,1.00–1.49,1,Active,1.0,13.333333333333334,15,871524.73,0.21730938641555164
ACC01177,R04,Hospitality,364,1993639.28,0.3049,0.15–0.49,1,Active,1.0,8.333333333333334,15,471593.82,0.13955202375617412
ACC01178,R31,Retail,202,1279338.73,0.9384,0.50–0.99,5,Active,0.6666666666666666,0.0,5,460174.72000000003,0.19215539724410952
ACC01179,R35,Hospitality,142,996193.18,1.464,1.00–1.49,4,Active,1.0,3.3333333333333335,5,721533.08,0.18460676524288142
ACC01180,R06,Technology,314,2242138.66,3.8089,2.50–5.00,6,Active,1.0,5.0,-10,9930255.64,0.09791646223140281
ACC01181,R20,Technology,145,843079.11,0.2255,0.15–0.49,5,Active,0.3333333333333333,11.666666666666666,0,190553.28,0.19739410383552522
ACC01182,R25,Hospitality,73,718855.83,4.7403,2.50–5.00,6,Active,1.0,11.666666666666666,20,1752198.52,0.17730588559401944
ACC01183,R17,Financial services,191,1472270.75,0.585,0.50–0.99,8,Active,0.6666666666666666,3.3333333333333335,10,542415.72,0.19805375882260734
ACC01184,R48,Retail,531,4961104.89,3.2517,2.50–5.00,1,Active,1.0,6.666666666666667,5,16888772.12,0.14278136066222344
ACC01185,R07,Logistics,177,981524.94,0.4885,0.15–0.49,7,Active,1.0,10.0,0,337040.64,0.22245475779238166
ACC01186,R06,Logistics,148,905376.74,0.9363,0.50–0.99,1,Active,0.6666666666666666,5.0,5,579136.09,0.2765520021695339
ACC01187,R40,Healthcare,150,1115913.72,0.2472,0.15–0.49,10,Active,0.6666666666666666,6.666666666666667,5,157101.1,0.25492699446485506
ACC01188,R14,Logistics,172,1081380.7,0.5149,0.50–0.99,1,Active,1.0,0.0,-10,496146.07,0.2002573385504595
ACC01189,R21,Healthcare,258,1503348.4,0.2392,0.15–0.49,8,Active,1.0,8.333333333333334,0,413763.4,0.16812529195934683
ACC01190,R41,Professional services,107,801168.57,0.6973,0.50–0.99,8,Active,0.6666666666666666,0.0,-5,421640.67,0.2389623326063163
ACC01191,R42,Retail,330,2191933.42,0.5297,0.50–0.99,3,Active,1.0,15.0,20,1221658.32,0.1603258191183759
ACC01192,R33,Professional services,412,2366627.27,0.615,0.50–0.99,11,Active,0.6666666666666666,10.0,20,1355810.67,0.16378936655436438
ACC01193,R08,Financial services,452,2572047.6,0.2131,0.15–0.49,6,Active,0.6666666666666666,8.333333333333334,10,481290.18,0.1414457799096105
ACC01194,R05,Retail,88,536726.22,1.0914,1.00–1.49,3,Active,0.3333333333333333,-1.6666666666666667,10,711418.5,0.3130505711520674
ACC01195,R46,Technology,111,1005112.58,0.9027,0.50–0.99,6,Active,0.6666666666666666,8.333333333333334,-5,298170.31,0.2000344531952534
ACC01196,R39,Hospitality,211,1844545.65,1.5599,1.50–2.49,10,Active,1.0,6.666666666666667,0,3040542.38,0.13335511137058953
ACC01197,R19,Healthcare,1146,11421852.75,0.7076,0.50–0.99,2,Active,1.0,3.3333333333333335,-5,3738749.05,0.09584088682181202
ACC01198,R37,Healthcare,274,2204282.0,0.8705,0.50–0.99,10,Active,1.0,5.0,10,908302.9,0.14234923059364
ACC01199,R23,Financial services,274,2718832.71,1.6823,1.50–2.49,10,Active,1.0,10.0,5,4004352.54,0.13645350988094979
ACC01200,R34,Retail,688,4600039.55,1.8053,1.50–2.49,8,Active,0.6666666666666666,6.666666666666667,15,10156667.66,0.07401502506444932
ACC01201,R20,Financial services,122,1091168.61,2.2296,1.50–2.49,5,Active,1.0,-3.3333333333333335,-15,2080409.26,0.18891083784365423
ACC01202,R45,Healthcare,862,5943972.1,0.5835,0.50–0.99,7,Active,1.0,10.0,15,3034138.44,0.09613864812671621
ACC01203,R02,Technology,77,602262.27,0.7451,0.50–0.99,6,Active,0.3333333333333333,11.666666666666666,15,251615.63,0.22215666793531683
ACC01204,R38,Healthcare,651,4111461.86,1.0264,1.00–1.49,3,Active,1.0,6.666666666666667,0,3839338.92,0.10493026250528503
ACC01205,R37,Technology,694,4134875.69,0.5729,0.50–0.99,1,Active,1.0,5.0,20,2531911.54,0.09910929332934458
ACC01206,R02,Hospitality,302,2249952.4,0.8215,0.50–0.99,9,Active,0.6666666666666666,6.666666666666667,10,961723.85,0.1480817299622769
ACC01207,R22,Financial services,126,987386.53,2.35,1.50–2.49,3,Active,1.0,6.666666666666667,5,2294310.82,0.26636443685906863
ACC01208,R33,Manufacturing,141,1292721.6,2.2582,1.50–2.49,12,Active,1.0,8.333333333333334,5,1797202.26,0.1657303843420755
ACC01209,R05,Hospitality,167,879283.13,0.8034,0.50–0.99,9,Active,1.0,-3.3333333333333335,-5,574696.17,0.18236596702788765
ACC01210,R06,Logistics,121,675245.3,0.3034,0.15–0.49,7,Active,0.3333333333333333,3.3333333333333335,15,97433.93000000001,0.23299236324465655
ACC01211,R21,Financial services,175,1137741.46,0.5978,0.50–0.99,12,Active,1.0,5.0,5,471313.39999999997,0.17714199412076181
ACC01212,R34,Healthcare,164,1175218.71,0.9793,0.50–0.99,5,Active,0.6666666666666666,-1.6666666666666667,0,463363.64,0.1669033460551252
ACC01213,R16,Retail,62,508454.29,1.3222,1.00–1.49,6,Active,0.6666666666666666,11.666666666666666,20,544398.9099999999,0.5625047832425702
ACC01214,R04,Manufacturing,221,1238369.05,0.8992,0.50–0.99,4,Active,0.6666666666666666,15.0,20,701449.76,0.16865751802775217
ACC01215,R17,Retail,177,1100028.28,0.8297,0.50–0.99,7,Active,0.6666666666666666,-6.666666666666667,-10,618746.94,0.18804082814345366
ACC01216,R40,Retail,133,904468.69,0.7053,0.50–0.99,9,Active,1.0,5.0,0,492512.33,0.2094458553876058
ACC01217,R12,Logistics,205,1794368.76,1.2438,1.00–1.49,1,Active,1.0,8.333333333333334,0,1354293.3800000001,0.1570389454914875
ACC01218,R02,Financial services,494,4552358.69,0.741,0.50–0.99,3,Active,0.6666666666666666,5.0,0,1804530.17,0.11320805869204249
ACC01219,R11,Manufacturing,130,815911.39,0.2737,0.15–0.49,2,Active,1.0,6.666666666666667,10,144611.37,0.2519917718511939
ACC01220,R48,Technology,225,1171527.8,1.2965,1.00–1.49,5,Active,1.0,8.333333333333334,5,1221309.7,0.11778594249265717
ACC01221,R06,Manufacturing,148,1177942.84,2.3406,1.50–2.49,1,Active,1.0,8.333333333333334,15,1838042.73,0.1429367630443922
ACC01222,R02,Retail,329,2186468.17,1.5125,1.50–2.49,7,Active,0.3333333333333333,3.3333333333333335,10,4674374.99,0.11034980184171791
ACC01223,R37,Financial services,250,1787557.94,0.5026,0.50–0.99,8,Active,1.0,5.0,5,1154011.8900000001,0.25001703444928075
ACC01224,R13,Manufacturing,193,1445329.29,0.7807,0.50–0.99,8,Active,1.0,5.0,-5,565799.97,0.2499013832404721
ACC01225,R10,Professional services,354,3441908.49,0.6409,0.50–0.99,8,Active,0.6666666666666666,16.666666666666668,25,1486443.33,0.17202248290391192
ACC01226,R39,Professional services,207,1174259.89,0.87,0.50–0.99,12,Active,1.0,10.0,10,638597.07,0.1505132474221144
ACC01227,R33,Retail,689,3417978.72,0.3706,0.15–0.49,1,Active,0.6666666666666666,1.6666666666666667,15,1141266.48,0.11371160702219694
ACC01228,R48,Logistics,132,774608.7,0.2024,0.15–0.49,6,Active,0.3333333333333333,3.3333333333333335,-5,230391.58,0.3000587724224197
ACC01229,R21,Healthcare,373,3213387.51,3.8193,2.50–5.00,9,Active,1.0,8.333333333333334,5,11229010.25,0.09986027011452242
ACC01230,R18,Retail,347,2935147.83,0.6821,0.50–0.99,2,Active,1.0,6.666666666666667,5,1200551.08,0.1310145684868694
ACC01231,R45,Hospitality,332,1616835.13,0.4587,0.15–0.49,11,Active,1.0,3.3333333333333335,0,544120.55,0.1566893235186749
ACC01232,R46,Professional services,208,2133275.61,0.5326,0.50–0.99,9,Active,0.6666666666666666,6.666666666666667,5,722881.12,0.21119263174083666
ACC01233,R18,Healthcare,3393,27473632.2,0.688,0.50–0.99,10,Active,1.0,13.333333333333334,15,12571994.4,0.04818126282722888
ACC01234,R47,Healthcare,360,2674713.03,0.5783,0.50–0.99,6,Active,0.6666666666666666,5.0,5,1262262.32,0.1331592221347775
ACC01235,R41,Professional services,628,4669345.67,0.2582,0.15–0.49,5,Active,1.0,6.666666666666667,0,1118385.41,0.19295883476785836
ACC01236,R38,Logistics,328,2008377.81,0.7823,0.50–0.99,10,Active,1.0,10.0,15,1219852.21,0.14882417262713682
ACC01237,R28,Healthcare,193,1458990.59,0.6476,0.50–0.99,3,Active,0.6666666666666666,15.0,25,573846.78,0.17015960143174189
ACC01238,R32,Manufacturing,272,1898094.75,2.2729,1.50–2.49,4,Active,1.0,6.666666666666667,0,3645488.76,0.12091380796471515
ACC01239,R19,Technology,273,1601836.77,0.2568,0.15–0.49,5,Active,1.0,6.666666666666667,-15,366682.41,0.17622095502364069
ACC01240,R31,Manufacturing,74,459538.19,1.2375,1.00–1.49,8,Active,1.0,3.3333333333333335,0,525735.5599999999,0.26543574247057344
ACC01241,R15,Financial services,104,798713.98,1.6314,1.50–2.49,3,Active,1.0,11.666666666666666,10,1145297.98,0.26364031108074437
ACC01242,R28,Financial services,286,1618033.75,0.9358,0.50–0.99,5,Active,1.0,8.333333333333334,-5,986410.42,0.11179824884331517
ACC01243,R21,Financial services,229,1341905.89,2.3031,1.50–2.49,12,Active,1.0,-1.6666666666666667,0,1959953.69,0.13292913555073063
ACC01244,R06,Hospitality,796,4875785.91,0.8806,0.50–0.99,10,Active,0.6666666666666666,5.0,10,2875089.37,0.10772977387802692
ACC01245,R38,Logistics,316,2876440.98,2.8545,2.50–5.00,12,Active,1.0,0.0,0,9243928.41,0.11555393553717397
ACC01246,R35,Manufacturing,460,2408423.55,2.4217,1.50–2.49,3,Active,0.6666666666666666,6.666666666666667,5,5896523.43,0.10233298665155406
ACC01247,R05,Hospitality,152,1542976.48,4.9998,2.50–5.00,5,Active,1.0,8.333333333333334,0,3411406.57,0.12922767629788356
ACC01248,R17,Technology,121,523377.59,0.1579,0.15–0.49,10,Active,1.0,-5.0,0,125023.59,0.2608373520375983
ACC01249,R07,Technology,405,3594420.24,2.3645,1.50–2.49,3,Active,1.0,11.666666666666666,5,4925535.5200000005,0.11219924132291101
ACC01250,R13,Healthcare,231,1548950.58,1.5564,1.50–2.49,11,Active,1.0,15.0,15,3271285.7,0.17921805301785818
ACC01251,R31,Retail,833,5008026.42,0.2976,0.15–0.49,8,Active,1.0,6.666666666666667,0,1336116.31,0.1067389968345013
ACC01252,R06,Hospitality,88,742027.07,2.1922,1.50–2.49,8,Active,1.0,11.666666666666666,10,492420.26,0.18326804439859418
ACC01253,R13,Retail,62,372886.91,0.3164,0.15–0.49,4,Active,0.6666666666666666,8.333333333333334,5,58530.81,0.2462811257758816
ACC01254,R38,Retail,374,2224526.87,0.9026,0.50–0.99,1,Active,0.6666666666666666,10.0,5,2179756.64,0.24375422968671723
ACC01255,R47,Manufacturing,552,4516020.06,4.3199,2.50–5.00,12,Active,1.0,6.666666666666667,10,17820658.39,0.08589342029575359
ACC01256,R10,Manufacturing,217,1623801.11,0.5631,0.50–0.99,8,Active,0.6666666666666666,11.666666666666666,10,1086140.29,0.1998259122994172
ACC01257,R13,Technology,89,913799.84,0.8827,0.50–0.99,10,Active,1.0,-3.3333333333333335,0,584797.94,0.36386741127694233
ACC01258,R28,Professional services,171,827677.76,0.2795,0.15–0.49,11,Active,0.3333333333333333,1.6666666666666667,10,329639.04,0.26100933657239855
ACC01259,R47,Manufacturing,278,2013455.8,1.2886,1.00–1.49,7,Active,1.0,1.6666666666666667,-5,2201862.82,0.1477320788135061
ACC01260,R12,Financial services,90,690733.81,0.8671,0.50–0.99,3,Active,1.0,3.3333333333333335,0,319125.49,0.30358758879286474
ACC01261,R03,Logistics,260,2079389.09,2.205,1.50–2.49,10,Active,1.0,0.0,-5,3647207.95,0.14370116383540138
ACC01262,R01,Technology,335,2302240.11,0.8775,0.50–0.99,12,Active,1.0,11.666666666666666,25,1601831.86,0.16072574715660742
ACC01263,R05,Retail,607,3854492.92,0.6575,0.50–0.99,8,Active,1.0,-5.0,-15,2125330.34,0.10504189450320724
ACC01264,R43,Logistics,144,988477.37,4.0078,2.50–5.00,2,Active,1.0,3.3333333333333335,20,3222244.86,0.15300051875291842
ACC01265,R42,Healthcare,134,868083.45,0.5252,0.50–0.99,8,Active,1.0,3.3333333333333335,5,220431.88,0.187007575782388
ACC01266,R30,Healthcare,186,1012034.41,0.2782,0.15–0.49,5,Active,1.0,6.666666666666667,10,212125.5,0.1980180098824203
ACC01267,R12,Retail,405,2549437.82,0.3588,0.15–0.49,4,Active,0.3333333333333333,15.0,10,754034.88,0.1481438343963323
ACC01268,R40,Hospitality,246,1327636.06,0.4638,0.15–0.49,5,Active,0.6666666666666666,8.333333333333334,-5,362535.96,0.20057156757643296
ACC01269,R26,Financial services,104,509503.97,0.3806,0.15–0.49,10,Active,0.6666666666666666,10.0,15,75286.23,0.26717861825835215
ACC01270,R25,Retail,191,1240861.79,3.1941,2.50–5.00,12,Active,1.0,8.333333333333334,0,9204277.69,0.31115058196796275
ACC01271,R45,Logistics,180,830583.26,0.4,0.15–0.49,6,Active,1.0,0.0,5,284785.48,0.20324857139369581
ACC01272,R43,Technology,609,4125657.2,1.0191,1.00–1.49,10,Active,0.6666666666666666,8.333333333333334,10,4237585.64,0.11225120936647423
ACC01273,R39,Logistics,76,557027.16,0.6953,0.50–0.99,8,Active,0.6666666666666666,8.333333333333334,0,320472.29,0.2902665205816933
ACC01274,R14,Technology,72,610855.22,2.2414,1.50–2.49,5,Active,1.0,6.666666666666667,0,1068677.28,0.2752000051706897
ACC01275,R09,Technology,121,713559.24,0.7014,0.50–0.99,8,Active,1.0,8.333333333333334,20,305518.8,0.25518850954503725
ACC01276,R44,Hospitality,115,648988.38,0.5265,0.50–0.99,11,Active,1.0,5.0,20,458005.22,0.20858168622192302
ACC01277,R41,Retail,418,3350966.29,0.8246,0.50–0.99,7,Active,1.0,0.0,10,1403610.72,0.12680964480271623
ACC01278,R45,Manufacturing,84,608968.87,0.3906,0.15–0.49,12,Active,1.0,6.666666666666667,15,132431.35,0.33158421662856613
ACC01279,R38,Logistics,304,1609734.02,0.544,0.50–0.99,2,Active,0.6666666666666666,13.333333333333334,25,992346.37,0.12167425846024618
ACC01280,R31,Healthcare,146,827522.11,0.8988,0.50–0.99,6,Active,1.0,18.333333333333332,20,397047.56,0.2157637087693448
ACC01281,R02,Retail,181,1323916.45,1.2274,1.00–1.49,5,Active,0.6666666666666666,16.666666666666668,15,941205.83,0.15510118592266361
ACC01282,R29,Healthcare,283,1644836.0,0.5364,0.50–0.99,11,Active,0.6666666666666666,10.0,25,1160335.31,0.15803717316577845
ACC01283,R29,Logistics,261,1641625.84,0.2098,0.15–0.49,6,Active,1.0,16.666666666666668,10,575871.61,0.16080019857836095
ACC01284,R41,Hospitality,135,966412.81,0.5435,0.50–0.99,1,Active,1.0,1.6666666666666667,15,687518.0599999999,0.40948921628222196
ACC01285,R08,Manufacturing,239,1480199.9,0.6802,0.50–0.99,9,Active,0.6666666666666666,11.666666666666666,5,591766.58,0.148087220556354
ACC01286,R42,Financial services,512,2855580.73,0.5539,0.50–0.99,2,Active,0.6666666666666666,1.6666666666666667,-15,1854839.01,0.13349261153881978
ACC01287,R34,Hospitality,782,5466836.81,2.8439,2.50–5.00,5,Active,1.0,6.666666666666667,0,25459762.52,0.07440264430497412
ACC01288,R14,Financial services,393,2659232.47,0.6156,0.50–0.99,4,Active,0.6666666666666666,6.666666666666667,-15,1294947.57,0.13353087681741657
ACC01289,R05,Hospitality,405,4273703.69,1.5263,1.50–2.49,6,Active,1.0,1.6666666666666667,15,4496551.38,0.11111877127823772
ACC01290,R41,Manufacturing,187,1212775.39,0.7133,0.50–0.99,11,Active,1.0,11.666666666666666,20,568414.5700000001,0.20365381751160316
ACC01291,R48,Retail,138,898230.09,0.6232,0.50–0.99,10,Active,0.6666666666666666,-1.6666666666666667,5,312856.65,0.22988980147247637
ACC01292,R43,Financial services,388,3218238.84,1.3417,1.00–1.49,3,Active,0.6666666666666666,16.666666666666668,15,1990092.75,0.1000228439421936
ACC01293,R24,Professional services,726,4219076.22,0.2983,0.15–0.49,6,Active,0.6666666666666666,-8.333333333333334,-5,968835.05,0.10687355971007663
ACC01294,R06,Logistics,140,1174467.78,0.7798,0.50–0.99,10,Active,1.0,6.666666666666667,25,410428.84,0.27787417870887127
ACC01295,R20,Financial services,175,1443032.76,0.5638,0.50–0.99,4,Active,0.6666666666666666,1.6666666666666667,20,734023.33,0.16084976540745252
ACC01296,R06,Hospitality,407,2931104.63,0.5623,0.50–0.99,5,Active,0.6666666666666666,1.6666666666666667,0,1453377.21,0.1260595965382243
ACC01297,R18,Financial services,539,4900458.33,4.1065,2.50–5.00,3,Active,1.0,5.0,0,13265104.36,0.0904723509675499
ACC01298,R09,Retail,1224,7768952.83,1.0352,1.00–1.49,4,Active,1.0,5.0,-10,8211194.93,0.07577660247417971
ACC01299,R06,Healthcare,112,612070.35,0.6682,0.50–0.99,12,Active,1.0,6.666666666666667,10,482053.12,0.37255516729741955
ACC01300,R03,Manufacturing,213,1920829.03,1.6255,1.50–2.49,4,Active,1.0,3.3333333333333335,0,2601381.2199999997,0.17307656279576752
ACC01301,R47,Professional services,91,665615.9,0.5527,0.50–0.99,4,Active,1.0,6.666666666666667,10,454292.08,0.2666734404194884
ACC01302,R38,Manufacturing,62,410431.7,0.5263,0.50–0.99,11,Active,1.0,3.3333333333333335,5,119011.3,0.32668213578290456
ACC01303,R01,Technology,125,968390.2,2.2242,1.50–2.49,7,Active,1.0,11.666666666666666,10,1151829.16,0.17210651733475815
ACC01304,R20,Financial services,156,1097455.98,0.8044,0.50–0.99,10,Active,0.6666666666666666,11.666666666666666,25,633616.04,0.24993961516452962
ACC01305,R06,Financial services,233,1262665.49,0.8781,0.50–0.99,11,Active,0.6666666666666666,5.0,25,741607.04,0.16442298268511799
ACC01306,R31,Hospitality,105,651183.54,1.6036,1.50–2.49,4,Active,1.0,10.0,25,1236336.1,0.31439511515406715
ACC01307,R10,Professional services,1132,8799450.6,0.9157,0.50–0.99,9,Active,0.6666666666666666,20.0,25,4156592.85,0.07410061091009772
ACC01308,R34,Professional services,159,1341195.38,0.2952,0.15–0.49,10,Active,0.3333333333333333,1.6666666666666667,-5,362474.57,0.29677866764963573
ACC01309,R30,Logistics,141,962174.12,0.2252,0.15–0.49,3,Active,1.0,6.666666666666667,5,208111.7,0.2291472304717657
ACC01310,R39,Manufacturing,289,1965235.34,0.1571,0.15–0.49,5,Active,1.0,3.3333333333333335,-15,367919.57,0.1721169535645868
ACC01311,R18,Financial services,222,1361634.12,0.8978,0.50–0.99,1,Active,1.0,-3.3333333333333335,0,1003804.06,0.19152756067281532
ACC01312,R23,Technology,105,629727.08,0.8216,0.50–0.99,9,Active,1.0,0.0,5,357542.16000000003,0.29368162391057906
ACC01313,R19,Logistics,930,6165878.69,0.57,0.50–0.99,10,Active,0.3333333333333333,15.0,15,3669575.28,0.09813587937495487
ACC01314,R35,Hospitality,543,3221350.44,0.5544,0.50–0.99,8,Active,1.0,10.0,0,1805150.71,0.11556029721475647
ACC01315,R31,Professional services,214,1268735.34,2.1135,1.50–2.49,5,Active,1.0,8.333333333333334,15,2311686.63,0.13567325366501296
ACC01316,R32,Technology,483,2190070.74,0.3622,0.15–0.49,2,Active,1.0,6.666666666666667,-5,647795.86,0.1213740351226709
ACC01317,R19,Hospitality,270,1732187.48,1.2941,1.00–1.49,9,Active,0.6666666666666666,11.666666666666666,15,2134772.51,0.15273310045335808
ACC01318,R26,Technology,431,2156642.51,0.7653,0.50–0.99,4,Active,0.6666666666666666,10.0,25,1440794.97,0.10219916179531083
ACC01319,R05,Manufacturing,422,2587163.16,0.8589,0.50–0.99,10,Active,0.6666666666666666,5.0,-5,1279589.45,0.10607405616760689
ACC01320,R39,Professional services,212,958118.42,0.2048,0.15–0.49,1,Active,1.0,-3.3333333333333335,-10,215521.32,0.16177420919868893
ACC01321,R17,Professional services,278,1724931.13,0.1799,0.15–0.49,8,Active,1.0,1.6666666666666667,5,521186.33,0.20183781972103593
ACC01322,R21,Logistics,546,5242908.55,1.5913,1.50–2.49,6,Active,1.0,5.0,10,7638343.38,0.11252684932766073
ACC01323,R40,Technology,215,1815476.36,0.7673,0.50–0.99,8,Active,0.3333333333333333,-1.6666666666666667,-5,656114.59,0.145778493850342
ACC01324,R24,Manufacturing,451,2804730.51,1.9088,1.50–2.49,8,Active,1.0,16.666666666666668,10,5536841.13,0.09542482667863471
ACC01325,R16,Retail,271,1942737.72,0.8466,0.50–0.99,4,Active,0.6666666666666666,16.666666666666668,15,715824.67,0.14995854247882126
ACC01326,R24,Financial services,327,2585454.9,0.1737,0.15–0.49,2,Active,0.6666666666666666,1.6666666666666667,-10,375383.48,0.1503575995462453
ACC01327,R37,Professional services,66,453096.26,1.3391,1.00–1.49,12,Active,1.0,10.0,10,306396.79,0.24982401187883432
ACC01328,R32,Retail,179,1362323.76,1.132,1.00–1.49,3,Active,1.0,10.0,10,1225958.96,0.1693867888829817
ACC01329,R07,Manufacturing,268,1741630.6,0.2028,0.15–0.49,10,Active,1.0,-5.0,-5,699983.28,0.3083550329203834
ACC01330,R43,Hospitality,437,2911349.4,4.5675,2.50–5.00,7,Active,1.0,10.0,10,13359068.57,0.10249655453386745
ACC01331,R33,Retail,308,2597313.06,0.9167,0.50–0.99,2,Active,0.6666666666666666,15.0,15,961217.38,0.19594204308774965
ACC01332,R12,Healthcare,133,1168137.83,1.1475,1.00–1.49,4,Active,1.0,0.0,5,1045978.76,0.22952224612901573
ACC01333,R07,Technology,179,1160267.78,1.4063,1.00–1.49,2,Active,1.0,11.666666666666666,15,1249113.74,0.17031993459400965
ACC01334,R06,Professional services,337,2819245.25,1.1601,1.00–1.49,3,Active,1.0,5.0,10,2461340.34,0.12427596570969486
ACC01335,R36,Financial services,408,2312594.59,0.2116,0.15–0.49,7,Active,0.6666666666666666,5.0,-5,826771.96,0.18436942927422054
ACC01336,R18,Retail,119,1048355.17,2.0259,1.50–2.49,2,Active,1.0,-3.3333333333333335,-5,1371425.48,0.17605697358972977
ACC01337,R27,Financial services,169,1407040.54,0.7182,0.50–0.99,2,Active,0.6666666666666666,3.3333333333333335,0,614898.15,0.20227567518732764
ACC01338,R32,Retail,164,1177319.08,1.537,1.50–2.49,7,Active,1.0,1.6666666666666667,0,2089274.85,0.15752772309760107
ACC01339,R19,Hospitality,660,4393146.62,0.1626,0.15–0.49,6,Active,1.0,5.0,15,869455.13,0.11273223950853334
ACC01340,R36,Healthcare,62,444092.2,0.8771,0.50–0.99,11,Active,1.0,-1.6666666666666667,0,136243.64,0.45002295940263487
ACC01341,R04,Hospitality,62,463447.83,0.8556,0.50–0.99,1,Active,1.0,3.3333333333333335,-5,267913.17,0.327536496364696
ACC01342,R48,Professional services,406,2311394.97,1.0398,1.00–1.49,3,Active,1.0,8.333333333333334,15,2351931.19,0.11636904359965052
ACC01343,R44,Financial services,149,1087211.65,1.2806,1.00–1.49,8,Active,1.0,1.6666666666666667,0,778139.36,0.17335580524062796
ACC01344,R36,Financial services,85,489484.52,0.3868,0.15–0.49,2,Active,0.6666666666666666,5.0,15,219608.78,0.5430824499997222
ACC01345,R17,Hospitality,89,581194.12,0.6919,0.50–0.99,5,Active,0.6666666666666666,18.333333333333332,10,419307.74,0.2926479746459493
ACC01346,R24,Hospitality,481,3865427.72,0.3454,0.15–0.49,3,Active,1.0,5.0,5,693674.09,0.12976628995856315
ACC01347,R27,Hospitality,116,797590.36,0.7689,0.50–0.99,3,Active,0.6666666666666666,5.0,10,452802.68,0.25530121378777393
ACC01348,R43,Retail,562,3964633.93,1.2273,1.00–1.49,9,Active,1.0,5.0,-5,3196292.94,0.09289570906831005
ACC01349,R07,Logistics,89,621207.49,1.14,1.00–1.49,1,Active,1.0,5.0,15,458378.27,0.24844554780148978
ACC01350,R32,Retail,335,1976244.9,0.3283,0.15–0.49,9,Active,0.6666666666666666,6.666666666666667,10,594350.12,0.17738951900342786
ACC01351,R34,Manufacturing,222,970458.3,0.9122,0.50–0.99,1,Active,0.6666666666666666,5.0,10,822619.95,0.19574498789487202
ACC01352,R42,Logistics,177,1134359.13,0.1598,0.15–0.49,6,Active,0.3333333333333333,11.666666666666666,5,252681.27,0.22420478633789906
ACC01353,R43,Retail,113,796536.05,0.6466,0.50–0.99,3,Active,0.3333333333333333,-5.0,0,561087.89,0.2409574773762778
ACC01354,R04,Professional services,203,1596263.89,1.5682,1.50–2.49,4,Active,0.6666666666666666,6.666666666666667,10,3213180.04,0.1755625373651022
ACC01355,R34,Technology,288,1490942.97,0.541,0.50–0.99,4,Active,0.6666666666666666,6.666666666666667,15,809134.35,0.14341236320294368
ACC01356,R24,Healthcare,62,386882.9,0.7446,0.50–0.99,4,Active,1.0,1.6666666666666667,0,298805.97,0.30419072900932403
ACC01357,R38,Logistics,665,4579873.24,0.7555,0.50–0.99,12,Active,1.0,3.3333333333333335,0,2317784.93,0.09786517088876424
ACC01358,R34,Logistics,706,4199823.19,0.797,0.50–0.99,10,Active,1.0,0.0,-15,2953518.41,0.11280052097629724
ACC01359,R05,Manufacturing,361,2000421.28,0.2154,0.15–0.49,2,Active,1.0,5.0,15,557392.5,0.1613246138356414
ACC01360,R20,Retail,185,1375729.92,1.6545,1.50–2.49,8,Active,0.6666666666666666,0.0,5,2544538.7800000003,0.15035079670211
ACC01361,R21,Healthcare,213,1420650.99,0.5603,0.50–0.99,10,Active,0.6666666666666666,-3.3333333333333335,5,820181.62,0.182392211990414
ACC01362,R11,Logistics,324,1574965.01,0.9331,0.50–0.99,5,Active,0.6666666666666666,1.6666666666666667,0,1346999.84,0.1454767149424698
ACC01363,R44,Financial services,137,724293.6,0.4836,0.15–0.49,6,Active,1.0,3.3333333333333335,-5,322210.39,0.27320206438963945
ACC01364,R38,Manufacturing,1425,6853335.69,0.2084,0.15–0.49,7,Active,0.6666666666666666,3.3333333333333335,10,2516963.08,0.08928061558816881
ACC01365,R28,Healthcare,162,1513605.8,2.2967,1.50–2.49,5,Active,1.0,-6.666666666666667,0,1655104.03,0.1572556116553622
ACC01366,R35,Logistics,143,805034.65,0.5774,0.50–0.99,10,Active,1.0,13.333333333333334,10,391305.29,0.14886817135585936
ACC01367,R24,Healthcare,294,1805290.52,0.2668,0.15–0.49,4,Active,1.0,1.6666666666666667,5,446318.85,0.18857383293526014
ACC01368,R41,Financial services,335,1462863.03,0.8384,0.50–0.99,5,Active,1.0,-1.6666666666666667,-15,1677659.06,0.1751675387410362
ACC01369,R44,Logistics,403,3332153.2,0.7218,0.50–0.99,2,Active,1.0,0.0,-5,1440320.47,0.1522974234251599
ACC01370,R08,Technology,193,1081676.48,0.6012,0.50–0.99,7,Active,0.6666666666666666,10.0,15,617702.42,0.18799103773537598
ACC01371,R20,Financial services,195,1216606.02,0.5422,0.50–0.99,7,Active,1.0,16.666666666666668,10,771628.69,0.18250691508163686
ACC01372,R21,Financial services,266,1502344.83,0.8294,0.50–0.99,11,Active,1.0,11.666666666666666,20,1008679.4,0.13928385599644577
ACC01373,R11,Professional services,248,1335288.71,1.0744,1.00–1.49,7,Active,1.0,3.3333333333333335,-5,1608582.96,0.1417835045050624
ACC01374,R21,Professional services,138,772755.66,0.1837,0.15–0.49,3,Active,1.0,10.0,10,148184.22,0.2076053270022455
ACC01375,R42,Financial services,62,606985.17,1.5829,1.50–2.49,4,Active,0.6666666666666666,1.6666666666666667,10,1067787.59,0.2570193701966256
ACC01376,R01,Financial services,151,1171264.85,0.7098,0.50–0.99,1,Active,1.0,6.666666666666667,0,362479.24,0.24634760721792892
ACC01377,R15,Professional services,95,578998.6,0.2765,0.15–0.49,12,Active,1.0,11.666666666666666,15,103220.92,0.31606271402076014
ACC01378,R08,Logistics,223,1243245.95,0.5184,0.50–0.99,3,Active,0.6666666666666666,-1.6666666666666667,-10,853702.53,0.25508976680297574
ACC01379,R16,Retail,185,1208784.6,0.3781,0.15–0.49,7,Active,0.3333333333333333,15.0,15,366764.81,0.27121474700245124
ACC01380,R16,Hospitality,162,905704.18,0.9434,0.50–0.99,3,Active,1.0,5.0,0,808110.22,0.28118355907497067
ACC01381,R06,Logistics,82,560302.98,0.5954,0.50–0.99,12,Active,1.0,3.3333333333333335,10,177813.25,0.2819724660738786
ACC01382,R43,Professional services,111,900656.77,0.743,0.50–0.99,4,Active,1.0,3.3333333333333335,0,456507.47000000003,0.19033067867550307
ACC01383,R38,Financial services,62,421433.95,2.0617,1.50–2.49,12,Active,1.0,6.666666666666667,5,1241264.42,0.257606078604754
ACC01384,R18,Technology,133,921987.38,1.6786,1.50–2.49,10,Active,1.0,10.0,0,2058844.44,0.15524019969618372
ACC01385,R47,Logistics,263,1866551.17,1.4627,1.00–1.49,10,Active,1.0,0.0,-10,1576475.76,0.1380400258289383
ACC01386,R32,Logistics,188,1123295.35,1.6038,1.50–2.49,1,Active,1.0,-8.333333333333334,-5,2387385.04,0.142820931539794
ACC01387,R11,Retail,284,1700644.32,0.7939,0.50–0.99,6,Active,0.6666666666666666,11.666666666666666,20,1156047.02,0.1358724542590653
ACC01388,R46,Professional services,152,924413.1,0.4838,0.15–0.49,9,Active,0.6666666666666666,15.0,25,400566.26,0.20854955161212152
ACC01389,R26,Hospitality,864,7129342.52,1.444,1.00–1.49,6,Active,1.0,-1.6666666666666667,20,5310867.64,0.07647180393348997
ACC01390,R36,Professional services,348,2215226.89,0.8212,0.50–0.99,1,Active,1.0,-1.6666666666666667,5,1017628.81,0.1315100968056712
ACC01391,R41,Manufacturing,77,487854.97,1.4111,1.00–1.49,3,Active,0.6666666666666666,10.0,25,377632.51,0.3265948617864323
ACC01392,R42,Technology,872,5953784.2,0.5174,0.50–0.99,12,Active,1.0,-3.3333333333333335,5,2975092.4,0.09147223711870303
ACC01393,R08,Technology,315,2068081.59,0.5884,0.50–0.99,2,Active,0.6666666666666666,10.0,5,1042782.14,0.1590880720152059
ACC01394,R08,Retail,244,1997210.03,4.5004,2.50–5.00,4,Active,1.0,-3.3333333333333335,5,5757377.38,0.12350843439651012
ACC01395,R01,Retail,728,5008714.2,0.6423,0.50–0.99,1,Active,1.0,-3.3333333333333335,-5,2513395.97,0.09291393141465475
ACC01396,R04,Financial services,173,1151795.45,0.4384,0.15–0.49,2,Active,0.6666666666666666,8.333333333333334,5,386127.85,0.31947619004015176
ACC01397,R09,Healthcare,338,1882853.41,1.3977,1.00–1.49,5,Active,1.0,1.6666666666666667,0,2023680.32,0.1272174591319255
ACC01398,R47,Healthcare,500,4029759.68,1.5087,1.50–2.49,8,Active,0.6666666666666666,1.6666666666666667,-5,7111685.92,0.0882063040427652
ACC01399,R02,Financial services,790,5682460.78,1.4654,1.00–1.49,9,Active,1.0,6.666666666666667,5,6322402.19,0.09481508712479168
ACC01400,R29,Manufacturing,172,1377147.37,0.5338,0.50–0.99,8,Active,0.3333333333333333,8.333333333333334,5,469831.64,0.2003055507371973
ACC01401,R17,Healthcare,353,1863287.75,0.5597,0.50–0.99,8,Active,0.0,18.333333333333332,15,1506196.06,0.1722506554962537
ACC01402,R44,Financial services,428,2952734.77,3.2411,2.50–5.00,7,Active,1.0,3.3333333333333335,20,11439787.35,0.11011692837517012
ACC01403,R11,Financial services,391,2162029.54,0.5319,0.50–0.99,1,Active,1.0,5.0,5,1216059.34,0.11535423039351796
ACC01404,R05,Financial services,1043,7687675.26,0.2542,0.15–0.49,1,Active,0.3333333333333333,3.3333333333333335,0,1714305.11,0.1636319378658425
ACC01405,R24,Hospitality,138,799637.81,0.3535,0.15–0.49,6,Active,1.0,-1.6666666666666667,0,168166.05,0.21916028884141955
ACC01406,R35,Logistics,499,3716884.81,1.7746,1.50–2.49,2,Active,1.0,8.333333333333334,15,6842544.09,0.09770822151771599
ACC01407,R39,Manufacturing,90,633040.22,0.6469,0.50–0.99,6,Active,0.6666666666666666,8.333333333333334,15,253551.71,0.2781310321708483
ACC01408,R13,Professional services,397,2929017.8,0.2725,0.15–0.49,12,Active,1.0,-3.3333333333333335,-5,661283.5,0.12673228725249508
ACC01409,R47,Professional services,384,3312183.71,1.4843,1.00–1.49,10,Active,0.6666666666666666,5.0,5,2265511.71,0.13125938341038537
ACC01410,R41,Financial services,265,1829410.02,0.6189,0.50–0.99,12,Active,1.0,5.0,0,877035.06,0.1586218558825824
ACC01411,R19,Healthcare,207,1104738.63,0.5498,0.50–0.99,12,Active,0.6666666666666666,10.0,25,506980.7,0.1503345161133916
ACC01412,R08,Logistics,311,2003059.28,1.4745,1.00–1.49,6,Active,0.6666666666666666,5.0,5,2116699.7,0.12267554466168472
ACC01413,R06,Hospitality,217,1507586.87,1.1295,1.00–1.49,11,Active,0.6666666666666666,0.0,5,1576683.46,0.17972696810991673
ACC01414,R38,Hospitality,83,545058.08,2.2805,1.50–2.49,12,Active,1.0,13.333333333333334,15,1922360.85,0.24049290314656993
ACC01415,R02,Manufacturing,303,1947659.92,0.3222,0.15–0.49,2,Active,1.0,3.3333333333333335,5,332398.58,0.143682971626532
ACC01416,R09,Hospitality,403,2352898.98,0.3667,0.15–0.49,10,Active,1.0,1.6666666666666667,0,533536.84,0.15058463358959265
ACC01417,R03,Technology,113,747051.52,0.2185,0.15–0.49,8,Active,1.0,10.0,10,128214.3,0.31119300844546965
ACC01418,R01,Professional services,140,702733.52,0.6075,0.50–0.99,8,Active,0.6666666666666666,10.0,5,521635.26,0.21099662235329938
ACC01419,R01,Financial services,199,1345831.47,0.5668,0.50–0.99,7,Active,1.0,13.333333333333334,20,513873.44,0.1564931803067693
ACC01420,R15,Professional services,101,896318.33,1.9391,1.50–2.49,10,Active,1.0,-1.6666666666666667,-5,967096.23,0.19318876714649044
ACC01421,R07,Healthcare,179,1051674.7,0.5107,0.50–0.99,12,Active,0.6666666666666666,-1.6666666666666667,0,520192.35,0.17582335328072757
ACC01422,R38,Healthcare,128,897599.44,0.8237,0.50–0.99,3,Active,0.3333333333333333,13.333333333333334,10,464629.42000000004,0.17397420134433206
ACC01423,R05,Healthcare,84,509738.11,0.4026,0.15–0.49,5,Active,0.6666666666666666,10.0,15,132935.88,0.2780400160291697
ACC01424,R42,Logistics,336,1740683.83,0.4369,0.15–0.49,4,Active,1.0,6.666666666666667,0,499714.08,0.14053230694556773
ACC01425,R32,Logistics,208,955264.45,0.4405,0.15–0.49,11,Active,0.3333333333333333,15.0,0,369775.03,0.2154287230359336
ACC01426,R20,Manufacturing,107,908446.52,1.0988,1.00–1.49,4,Active,1.0,5.0,5,619996.44,0.17564907277331487
ACC01427,R07,Manufacturing,62,409025.68,0.8952,0.50–0.99,3,Active,0.6666666666666666,15.0,20,175913.02,0.24297339706086907
ACC01428,R18,Professional services,359,1619050.57,0.3607,0.15–0.49,11,Active,1.0,3.3333333333333335,0,652308.55,0.15387951948304548
ACC01429,R48,Financial services,213,1490056.74,0.7214,0.50–0.99,12,Active,0.6666666666666666,5.0,10,665316.5,0.2024775584560519
ACC01430,R04,Technology,269,1731505.86,1.1843,1.00–1.49,4,Active,0.6666666666666666,13.333333333333334,25,1665141.42,0.17186444668836365
ACC01431,R17,Technology,274,1856366.07,0.7809,0.50–0.99,5,Active,1.0,6.666666666666667,0,916826.2,0.1865718592934956
ACC01432,R37,Retail,139,974210.42,4.0839,2.50–5.00,10,Active,1.0,15.0,10,3174613.16,0.17897801688686937
ACC01433,R12,Healthcare,155,681585.41,0.3356,0.15–0.49,1,Active,0.6666666666666666,6.666666666666667,-5,160082.81,0.2243749954753413
ACC01434,R27,Hospitality,174,1279584.74,4.9451,2.50–5.00,1,Active,1.0,1.6666666666666667,-10,4253657.28,0.15064016070533212
ACC01435,R24,Logistics,538,3972131.34,1.0305,1.00–1.49,6,Active,1.0,6.666666666666667,0,2981607.33,0.09201090350491264
ACC01436,R14,Hospitality,127,853936.61,0.5744,0.50–0.99,8,Active,0.3333333333333333,11.666666666666666,20,405201.21,0.21251716289291264
ACC01437,R04,Financial services,513,4126568.15,0.2395,0.15–0.49,3,Active,0.6666666666666666,13.333333333333334,15,637454.02,0.14441439263548647
ACC01438,R02,Retail,127,724839.57,0.9672,0.50–0.99,9,Active,1.0,5.0,10,619418.94,0.22253371432073943
ACC01439,R19,Logistics,526,3223746.83,0.7479,0.50–0.99,4,Active,0.6666666666666666,5.0,15,2354909.53,0.18985460646518307
ACC01440,R05,Manufacturing,101,762188.85,0.2637,0.15–0.49,6,Active,0.6666666666666666,1.6666666666666667,10,204180.91,0.26407204670482215
ACC01441,R28,Financial services,575,4255320.73,1.4373,1.00–1.49,10,Active,1.0,5.0,0,3841420.06,0.09347597877306336
ACC01442,R01,Logistics,742,4224327.07,0.7595,0.50–0.99,8,Active,1.0,0.0,5,2205216.61,0.10656324834735355
ACC01443,R21,Logistics,1449,7949801.07,0.7295,0.50–0.99,10,Active,1.0,3.3333333333333335,0,5018589.02,0.0734828723111476
ACC01444,R08,Technology,331,2230707.38,0.9779,0.50–0.99,6,Active,1.0,0.0,0,952538.08,0.147177989465695
ACC01445,R14,Healthcare,157,1008895.59,0.3039,0.15–0.49,11,Active,1.0,11.666666666666666,10,212740.1,0.21429582684397244
ACC01446,R26,Technology,1418,10415482.72,4.3363,2.50–5.00,5,Active,1.0,13.333333333333334,25,40363695.77,0.04915923737630529
ACC01447,R28,Hospitality,199,1219161.38,0.2275,0.15–0.49,8,Active,0.6666666666666666,3.3333333333333335,-10,336359.91,0.19722391026920977
ACC01448,R27,Technology,701,3925398.15,0.3268,0.15–0.49,4,Active,0.6666666666666666,6.666666666666667,5,1471999.86,0.11602605385059805
ACC01449,R28,Technology,208,1762186.94,2.1593,1.50–2.49,2,Active,1.0,6.666666666666667,0,2352830.19,0.18113354667768142
ACC01450,R37,Hospitality,138,844003.22,0.5401,0.50–0.99,5,Active,0.3333333333333333,15.0,20,457903.86,0.26020151017566184
ACC01451,R12,Healthcare,113,715517.33,0.2652,0.15–0.49,3,Active,0.6666666666666666,8.333333333333334,10,175739.21,0.23813741537200916
ACC01452,R25,Manufacturing,482,2430569.6,0.3379,0.15–0.49,12,Active,0.6666666666666666,0.0,0,907202.04,0.11720852219696921
ACC01453,R09,Logistics,676,4074293.11,0.8071,0.50–0.99,10,Active,0.6666666666666666,5.0,0,2604866.68,0.09833794957822072
ACC01454,R10,Financial services,168,1097665.88,1.3073,1.00–1.49,2,Active,0.6666666666666666,15.0,10,938648.39,0.1895795522110732
ACC01455,R21,Logistics,90,686053.33,2.1802,1.50–2.49,9,Active,1.0,-3.3333333333333335,-10,832011.61,0.16186212062085692
ACC01456,R22,Retail,202,1094037.37,0.3267,0.15–0.49,5,Active,1.0,3.3333333333333335,5,301144.97,0.16771325691110617
ACC01457,R14,Professional services,171,1083136.97,0.4785,0.15–0.49,8,Active,1.0,3.3333333333333335,10,271895.17,0.20070796342232947
ACC01458,R46,Healthcare,151,799704.85,0.8503,0.50–0.99,3,Active,0.6666666666666666,10.0,5,383889.76,0.1972039634539129
ACC01459,R34,Financial services,282,1757354.83,1.25,1.00–1.49,2,Active,1.0,3.3333333333333335,5,1959928.65,0.12069416031601468
ACC01460,R18,Professional services,633,4382485.15,1.4043,1.00–1.49,1,Active,1.0,-3.3333333333333335,-5,4607635.45,0.0910935222671505
ACC01461,R12,Professional services,99,518975.25,0.9141,0.50–0.99,6,Active,1.0,11.666666666666666,25,402216.07,0.28437580803192364
ACC01462,R11,Financial services,166,1038323.23,1.8934,1.50–2.49,8,Active,1.0,-5.0,-10,2085863.03,0.15969121186083327
ACC01463,R16,Manufacturing,83,452408.68,0.3187,0.15–0.49,1,Active,0.6666666666666666,6.666666666666667,0,101045.63,0.29292881706411045
ACC01464,R04,Financial services,872,5797688.26,0.7758,0.50–0.99,10,Active,0.6666666666666666,8.333333333333334,10,3031764.68,0.10046720734715106
ACC01465,R06,Healthcare,159,1223944.29,2.1395,1.50–2.49,5,Active,1.0,10.0,15,2142943.73,0.132635937864177
ACC01466,R36,Logistics,273,1573170.2,0.8082,0.50–0.99,4,Active,1.0,15.0,5,968216.63,0.1756484443471879
ACC01467,R27,Technology,302,1631007.99,0.5824,0.50–0.99,7,Active,1.0,6.666666666666667,5,927259.25,0.172536894394484
ACC01468,R30,Retail,292,1729479.85,0.9084,0.50–0.99,5,Active,0.6666666666666666,6.666666666666667,15,1149629.11,0.15709954193889614
ACC01469,R33,Healthcare,604,2375292.12,0.6128,0.50–0.99,6,Active,1.0,8.333333333333334,5,2760320.28,0.13864373799540558
ACC01470,R24,Hospitality,250,1327653.96,0.9159,0.50–0.99,7,Active,0.6666666666666666,8.333333333333334,-10,1141236.06,0.19173290210162888
ACC01471,R16,Financial services,468,3702455.4,0.9743,0.50–0.99,3,Active,1.0,6.666666666666667,0,1718727.57,0.10852219180693386
ACC01472,R10,Retail,287,2034865.9,0.7036,0.50–0.99,5,Active,1.0,6.666666666666667,15,1045756.9,0.15903024722061426
ACC01473,R01,Financial services,216,1515028.14,0.243,0.15–0.49,10,Active,0.6666666666666666,10.0,10,333558.93,0.17335561969435187
ACC01474,R31,Logistics,235,1315793.12,0.9055,0.50–0.99,12,Active,1.0,10.0,20,780295.83,0.13171333967064594
ACC01475,R43,Retail,191,1229867.01,0.7495,0.50–0.99,11,Active,1.0,1.6666666666666667,0,746415.41,0.21441880061396307
ACC01476,R46,Technology,600,4603426.26,4.3688,2.50–5.00,1,Active,1.0,10.0,15,17936141.97,0.10682981704070564
ACC01477,R28,Retail,201,1723699.12,4.8995,2.50–5.00,5,Active,1.0,11.666666666666666,20,7677661.12,0.16030397882534203
ACC01478,R08,Financial services,131,779400.92,0.9722,0.50–0.99,2,Active,0.6666666666666666,6.666666666666667,0,461239.91,0.19704154311622488
ACC01479,R09,Manufacturing,387,2433922.73,0.2052,0.15–0.49,2,Active,1.0,8.333333333333334,10,604089.57,0.1424940441225562
ACC01480,R30,Financial services,114,636584.65,0.5719,0.50–0.99,11,Active,1.0,6.666666666666667,-5,444319.54,0.19079712939266216
ACC01481,R05,Retail,463,2788116.4,0.9885,0.50–0.99,4,Active,1.0,0.0,0,1337387.22,0.12763580527148835
ACC01482,R36,Technology,241,1487704.92,0.7613,0.50–0.99,1,Active,0.6666666666666666,13.333333333333334,20,812320.33,0.18586745869163146
ACC01483,R42,Manufacturing,233,1411596.05,0.5928,0.50–0.99,7,Active,0.6666666666666666,-5.0,-10,719342.03,0.14246699837830665
ACC01484,R30,Technology,405,2432805.45,0.7795,0.50–0.99,3,Active,0.6666666666666666,11.666666666666666,25,1138755.52,0.1373240458331285
ACC01485,R30,Hospitality,300,1599485.36,0.486,0.15–0.49,10,Active,1.0,-1.6666666666666667,-10,477109.04,0.15660176462822462
ACC01486,R35,Manufacturing,182,1417079.46,0.5948,0.50–0.99,9,Active,1.0,20.0,20,671397.55,0.19606588315218024
ACC01487,R23,Hospitality,136,1165512.23,0.6364,0.50–0.99,6,Active,0.6666666666666666,5.0,5,479115.13,0.2031202961272169
ACC01488,R30,Manufacturing,328,1872890.76,0.6129,0.50–0.99,12,Active,0.3333333333333333,10.0,15,777625.88,0.1363010526285931
ACC01489,R36,Manufacturing,234,1501265.7,0.354,0.15–0.49,7,Active,0.6666666666666666,8.333333333333334,-10,294183.98,0.1448496264395325
ACC01490,R21,Professional services,273,1742017.05,0.818,0.50–0.99,5,Active,0.6666666666666666,8.333333333333334,-10,981219.65,0.15282580576673738
ACC01491,R40,Technology,449,3260170.73,0.1606,0.15–0.49,8,Active,0.6666666666666666,18.333333333333332,15,733832.75,0.12846169852675163
ACC01492,R26,Financial services,254,1700352.72,2.1927,1.50–2.49,6,Active,1.0,10.0,20,3144058.49,0.1483804710196998
ACC01493,R11,Healthcare,401,2541458.89,1.0705,1.00–1.49,9,Active,0.6666666666666666,0.0,0,2689924.28,0.12808032818615162
ACC01494,R02,Healthcare,159,1053932.82,1.3069,1.00–1.49,4,Active,0.6666666666666666,3.3333333333333335,0,869209.72,0.15426680125976897
ACC01495,R45,Logistics,295,2098312.89,0.2544,0.15–0.49,10,Active,0.3333333333333333,3.3333333333333335,5,549323.97,0.1484288853951806
ACC01496,R37,Financial services,155,694381.37,0.7368,0.50–0.99,3,Active,1.0,1.6666666666666667,10,656799.62,0.25028905113230093
ACC01497,R17,Retail,213,1328225.11,0.8955,0.50–0.99,5,Active,0.6666666666666666,13.333333333333334,10,816729.25,0.23731485434330474
ACC01498,R01,Retail,209,1771597.13,4.515,2.50–5.00,12,Active,1.0,-5.0,-15,4659364.89,0.10893853627731884
ACC01499,R23,Healthcare,122,954684.75,0.4868,0.15–0.49,3,Active,1.0,6.666666666666667,5,220570.97,0.3043130638820499
ACC01500,R16,Hospitality,75,423712.33,0.8959,0.50–0.99,6,Active,0.6666666666666666,13.333333333333334,-10,329906.3,0.29000584057402273
ACC01501,R36,Logistics,83,492408.63,0.4654,0.15–0.49,12,Active,0.3333333333333333,5.0,0,91470.31,0.3041615669722095
ACC01502,R37,Logistics,155,1294365.93,0.9598,0.50–0.99,12,Active,1.0,10.0,25,663666.3099999999,0.18982939249998973
ACC01503,R31,Financial services,197,1766512.33,1.036,1.00–1.49,11,Active,0.6666666666666666,10.0,0,1192699.05,0.17890671272834044
ACC01504,R26,Professional services,115,688752.17,0.7393,0.50–0.99,12,Active,1.0,6.666666666666667,-5,329077.42,0.22010986645752875
ACC01505,R34,Financial services,188,1563546.54,1.3802,1.00–1.49,1,Active,1.0,10.0,5,1056036.52,0.1858136877834932
ACC01506,R06,Hospitality,85,720190.31,1.2946,1.00–1.49,11,Active,0.6666666666666666,11.666666666666666,10,573638.21,0.2594074880974195
ACC01507,R09,Logistics,102,940867.33,1.0957,1.00–1.49,5,Active,0.6666666666666666,3.3333333333333335,-15,559013.32,0.26493708409647493
ACC01508,R13,Retail,267,2494917.91,4.9008,2.50–5.00,3,Active,1.0,5.0,5,7059321.31,0.11180292763915818
ACC01509,R07,Healthcare,1379,7630494.29,0.5016,0.50–0.99,3,Active,1.0,3.3333333333333335,5,5221999.86,0.09562219946825815
ACC01510,R27,Healthcare,117,1063936.49,0.8455,0.50–0.99,3,Active,1.0,11.666666666666666,10,367972.7,0.2460404952313158
ACC01511,R17,Healthcare,511,4176388.51,2.2381,1.50–2.49,10,Active,1.0,1.6666666666666667,0,6818274.14,0.11437245250399533
ACC01512,R09,Manufacturing,90,540931.87,0.9817,0.50–0.99,11,Active,1.0,0.0,20,325999.6,0.33295228749128397
ACC01513,R33,Manufacturing,368,2047912.26,0.8789,0.50–0.99,12,Active,1.0,3.3333333333333335,0,1183839.33,0.11525367221593208
ACC01514,R33,Manufacturing,227,1816178.28,0.3243,0.15–0.49,6,Active,0.3333333333333333,8.333333333333334,5,344723.69,0.18450442493946237
ACC01515,R06,Hospitality,139,990737.53,0.5206,0.50–0.99,2,Active,0.6666666666666666,-1.6666666666666667,0,798659.79,0.3091124631193846
ACC01516,R39,Technology,357,2693933.18,0.6356,0.50–0.99,9,Active,1.0,10.0,15,1195881.28,0.14512453376205997
ACC01517,R34,Technology,438,2717946.79,0.2948,0.15–0.49,7,Active,1.0,1.6666666666666667,5,659764.34,0.14717948401127423
ACC01518,R25,Manufacturing,570,3558710.53,0.4384,0.15–0.49,2,Active,1.0,1.6666666666666667,0,942835.88,0.12474583723187985
ACC01519,R24,Healthcare,271,1417632.72,0.3344,0.15–0.49,9,Active,0.6666666666666666,11.666666666666666,-10,482926.09,0.20556432723211882
ACC01520,R19,Healthcare,612,3146142.36,0.891,0.50–0.99,6,Active,1.0,10.0,-5,2333960.68,0.1472432100455777
ACC01521,R23,Professional services,341,2518586.0,1.2916,1.00–1.49,3,Active,1.0,5.0,-5,1803507.18,0.13335785736023828
ACC01522,R03,Logistics,556,3324269.63,0.8485,0.50–0.99,10,Active,0.6666666666666666,15.0,25,1716543.2,0.12002642313679818
ACC01523,R32,Technology,80,426042.97,0.2364,0.15–0.49,5,Active,0.3333333333333333,15.0,20,97071.87,0.25724790925294927
ACC01524,R14,Retail,174,1171811.6,0.6851,0.50–0.99,12,Active,1.0,6.666666666666667,5,487446.61,0.1740490431097276
ACC01525,R38,Healthcare,241,1324973.54,0.6344,0.50–0.99,5,Active,0.6666666666666666,5.0,10,839815.72,0.1639268686045655
ACC01526,R04,Healthcare,564,3345879.2,0.3122,0.15–0.49,7,Active,0.6666666666666666,3.3333333333333335,10,697556.37,0.11957040503965911
ACC01527,R05,Retail,125,902756.6,1.5196,1.50–2.49,3,Active,1.0,8.333333333333334,5,2027884.14,0.20979608786353957
ACC01528,R05,Retail,220,1265423.94,0.2892,0.15–0.49,8,Active,0.6666666666666666,5.0,-10,269597.59,0.21784071553104423
ACC01529,R02,Healthcare,421,2937419.75,0.6682,0.50–0.99,11,Active,1.0,1.6666666666666667,0,1432540.67,0.13778397965930297
ACC01530,R45,Logistics,232,1774016.5,2.7683,2.50–5.00,10,Active,1.0,5.0,5,6416807.65,0.12320568588687253
ACC01531,R36,Financial services,210,1309327.91,1.9356,1.50–2.49,3,Active,1.0,6.666666666666667,15,2590460.5,0.15297356768105239
ACC01532,R32,Financial services,448,3817023.2,1.3979,1.00–1.49,12,Active,1.0,5.0,5,3150928.99,0.11364061037569016
ACC01533,R37,Healthcare,169,1267627.13,0.732,0.50–0.99,5,Active,0.6666666666666666,3.3333333333333335,10,496806.98,0.18152059486596114
ACC01534,R26,Financial services,582,3779000.96,0.5643,0.50–0.99,4,Active,0.6666666666666666,6.666666666666667,15,2085677.64,0.13285974390421157
ACC01535,R04,Retail,300,2006422.48,0.206,0.15–0.49,10,Active,1.0,-3.3333333333333335,-5,418365.43,0.20057905720834815
ACC01536,R25,Manufacturing,134,908934.36,0.5801,0.50–0.99,4,Active,1.0,11.666666666666666,20,659773.26,0.5435437722791842
ACC01537,R38,Retail,167,1327844.76,4.2535,2.50–5.00,4,Active,1.0,11.666666666666666,10,4221679.29,0.17015480868419167
ACC01538,R32,Manufacturing,242,1722572.85,0.6902,0.50–0.99,12,Active,1.0,3.3333333333333335,-5,795148.56,0.13592108755807653
ACC01539,R13,Professional services,235,1364903.65,0.1547,0.15–0.49,2,Active,0.6666666666666666,6.666666666666667,-5,388960.18,0.22379894910229503
ACC01540,R12,Technology,196,1379566.31,1.376,1.00–1.49,7,Active,1.0,8.333333333333334,5,1571388.36,0.18134057489942718
ACC01541,R38,Professional services,124,961688.03,0.6563,0.50–0.99,2,Active,1.0,-1.6666666666666667,10,419527.69,0.26588422904378783
ACC01542,R16,Financial services,148,1011440.72,0.5441,0.50–0.99,2,Active,0.6666666666666666,6.666666666666667,0,973440.62,0.30411270108624217
ACC01543,R25,Retail,546,3370393.28,1.1739,1.00–1.49,12,Active,1.0,5.0,-5,3159824.7199999997,0.11964829013918009
ACC01544,R22,Professional services,198,1160568.68,0.9729,0.50–0.99,4,Active,1.0,0.0,0,602285.08,0.14565293299521048
ACC01545,R33,Hospitality,206,1174556.84,1.5202,1.50–2.49,5,Active,1.0,-5.0,-10,2208451.46,0.14067715246599855
ACC01546,R10,Healthcare,847,5868345.2,0.3277,0.15–0.49,7,Active,0.6666666666666666,6.666666666666667,5,1340773.54,0.11676654846106051
ACC01547,R26,Technology,638,5239775.12,1.3646,1.00–1.49,9,Active,1.0,-1.6666666666666667,0,4411586.68,0.11366046393315331
ACC01548,R12,Hospitality,208,1433159.91,0.6105,0.50–0.99,6,Active,1.0,-3.3333333333333335,-5,421748.25,0.1855582138606827
ACC01549,R40,Technology,131,718713.69,0.5625,0.50–0.99,5,Active,0.3333333333333333,6.666666666666667,0,454345.42,0.22660593730685774
ACC01550,R44,Professional services,460,3099645.7,0.8161,0.50–0.99,10,Active,1.0,5.0,5,1289252.75,0.11648161269639355
ACC01551,R10,Manufacturing,1221,6303798.77,0.1531,0.15–0.49,4,Active,1.0,6.666666666666667,5,2302167.12,0.09162876384277197
ACC01552,R21,Hospitality,131,828298.66,1.0134,1.00–1.49,7,Active,1.0,10.0,25,882304.65,0.17834064650210305
ACC01553,R01,Financial services,187,1266300.7,0.62,0.50–0.99,2,Active,1.0,6.666666666666667,25,705207.1900000001,0.18246782438609124
ACC01554,R20,Technology,133,808600.73,0.5925,0.50–0.99,1,Active,1.0,8.333333333333334,-10,473501.79,0.17701308354367745
ACC01555,R29,Professional services,62,288918.06,0.5215,0.50–0.99,12,Active,1.0,6.666666666666667,5,223246.24000000002,0.5602592138169595
ACC01556,R30,Hospitality,397,2110618.12,0.6849,0.50–0.99,11,Active,1.0,6.666666666666667,15,1228075.34,0.16145920150219714
ACC01557,R23,Healthcare,289,1521446.46,0.9647,0.50–0.99,4,Active,0.6666666666666666,1.6666666666666667,-5,784184.01,0.15679516379109812
ACC01558,R38,Professional services,267,1739851.15,0.1622,0.15–0.49,9,Active,1.0,3.3333333333333335,-5,465061.56,0.1623973377379596
ACC01559,R13,Hospitality,145,780445.35,0.7641,0.50–0.99,3,Active,1.0,6.666666666666667,20,541418.97,0.19829795223940255
ACC01560,R14,Logistics,97,722897.37,0.8362,0.50–0.99,6,Active,0.6666666666666666,8.333333333333334,5,328649.8,0.2380607647901879
ACC01561,R04,Hospitality,196,1196856.35,0.5869,0.50–0.99,6,Active,0.6666666666666666,6.666666666666667,0,699913.57,0.16175085529039426
ACC01562,R35,Logistics,124,800485.06,0.2371,0.15–0.49,7,Active,1.0,1.6666666666666667,-15,192891.98,0.22681385485641295
ACC01563,R32,Professional services,618,4443753.79,3.8787,2.50–5.00,2,Active,1.0,11.666666666666666,5,15732195.29,0.07278257508661909
ACC01564,R04,Hospitality,146,1095790.06,2.1312,1.50–2.49,12,Active,1.0,6.666666666666667,10,2154414.86,0.21229649641427276
ACC01565,R45,Hospitality,127,828083.13,0.6257,0.50–0.99,11,Active,1.0,-3.3333333333333335,-15,275341.47,0.1775504748686971
ACC01566,R04,Technology,409,1995057.23,0.8349,0.50–0.99,6,Active,0.3333333333333333,1.6666666666666667,0,1360022.58,0.11093497747509377
ACC01567,R46,Financial services,184,1338855.0,0.8862,0.50–0.99,12,Active,0.6666666666666666,13.333333333333334,15,618538.43,0.23586633093975087
ACC01568,R07,Retail,176,861376.39,0.9631,0.50–0.99,2,Active,1.0,6.666666666666667,0,563993.8,0.18381334791083184
ACC01569,R35,Logistics,222,1283867.19,0.6219,0.50–0.99,2,Active,0.6666666666666666,3.3333333333333335,5,950164.6900000001,0.17990484742621138
ACC01570,R04,Technology,82,731584.97,0.9293,0.50–0.99,10,Active,1.0,11.666666666666666,20,333118.87,0.24969153414888492
ACC01571,R19,Financial services,418,2521563.89,0.3417,0.15–0.49,6,Active,1.0,3.3333333333333335,10,645171.27,0.11184676908452895
ACC01572,R22,Logistics,223,1446062.44,1.7309,1.50–2.49,6,Active,1.0,1.6666666666666667,0,2694818.7,0.13106336537265117
ACC01573,R37,Retail,235,1589023.17,3.3091,2.50–5.00,7,Active,1.0,-1.6666666666666667,-10,6784990.16,0.10977835547848482
ACC01574,R01,Healthcare,508,4093407.97,0.974,0.50–0.99,9,Active,1.0,6.666666666666667,15,2007740.39,0.12833388619875424
ACC01575,R43,Professional services,232,1799529.9,0.4358,0.15–0.49,6,Active,0.3333333333333333,6.666666666666667,10,420831.24,0.21930584980870188
ACC01576,R25,Technology,178,1320206.46,0.7199,0.50–0.99,7,Active,0.6666666666666666,3.3333333333333335,20,552825.86,0.2071878056558687
ACC01577,R01,Logistics,324,1855561.3,0.8896,0.50–0.99,5,Active,0.6666666666666666,1.6666666666666667,0,1437366.26,0.15680235171873136
ACC01578,R44,Professional services,476,3186776.57,0.8453,0.50–0.99,7,Active,0.6666666666666666,-1.6666666666666667,0,957813.56,0.11023491144482396
ACC01579,R26,Professional services,130,1069131.73,1.5427,1.50–2.49,6,Active,1.0,-3.3333333333333335,-10,1763857.58,0.17296800150498678
ACC01580,R07,Retail,102,792323.27,0.7575,0.50–0.99,9,Active,1.0,-3.3333333333333335,-5,243689.17,0.1953464550576202
ACC01581,R29,Technology,233,1594167.93,0.8201,0.50–0.99,3,Active,0.6666666666666666,3.3333333333333335,0,882298.55,0.1702527108146304
ACC01582,R07,Financial services,221,1482085.35,0.6121,0.50–0.99,9,Active,1.0,8.333333333333334,-5,975470.39,0.2618664724546263
ACC01583,R01,Technology,139,727771.9,0.3476,0.15–0.49,8,Active,1.0,11.666666666666666,5,230194.76,0.26955565511014934
ACC01584,R20,Retail,62,434024.26,0.3477,0.15–0.49,12,Active,0.3333333333333333,5.0,5,91079.76,0.5379352820553827
ACC01585,R13,Professional services,241,2432333.88,1.9949,1.50–2.49,6,Active,1.0,6.666666666666667,-5,2650569.04,0.15344272281724738
ACC01586,R22,Professional services,464,3601931.61,1.1694,1.00–1.49,4,Active,1.0,8.333333333333334,0,2646160.68,0.11751508851924826
ACC01587,R40,Financial services,186,1271369.77,0.5667,0.50–0.99,2,Active,1.0,13.333333333333334,10,719402.47,0.19696331921902205
ACC01588,R22,Technology,239,1537317.32,0.3851,0.15–0.49,11,Active,0.6666666666666666,5.0,5,361410.22,0.23035698263292662
ACC01589,R12,Manufacturing,854,6091597.23,1.4266,1.00–1.49,9,Active,1.0,6.666666666666667,15,5892104.95,0.09206177795074653
ACC01590,R36,Technology,123,670855.41,0.6203,0.50–0.99,1,Active,0.6666666666666666,11.666666666666666,-5,355854.39,0.16186688877079822
ACC01591,R30,Healthcare,74,653843.89,4.012,2.50–5.00,7,Active,1.0,18.333333333333332,25,2867449.13,0.23236889728526647
ACC01592,R48,Logistics,81,503247.43,1.9252,1.50–2.49,4,Active,1.0,8.333333333333334,-5,1014066.3099999999,0.2150704086172517
ACC01593,R10,Financial services,150,1210132.93,4.802,2.50–5.00,9,Active,1.0,8.333333333333334,20,3565441.24,0.1330639080530361
ACC01594,R01,Logistics,229,1422530.04,0.8822,0.50–0.99,1,Active,1.0,0.0,0,720060.0599999999,0.16237218523562144
ACC01595,R46,Financial services,219,833296.01,0.4541,0.15–0.49,2,Active,0.0,16.666666666666668,15,292901.94,0.18323197650629777
ACC01596,R13,Logistics,457,3129298.75,0.7477,0.50–0.99,11,Active,0.6666666666666666,3.3333333333333335,5,1371598.33,0.11442722255562753
ACC01597,R20,Logistics,461,3270578.76,0.9135,0.50–0.99,1,Active,0.6666666666666666,15.0,15,1687003.73,0.15362496596736425
ACC01598,R12,Healthcare,100,689208.02,1.1448,1.00–1.49,12,Active,1.0,1.6666666666666667,5,620708.32,0.2590522006835966
ACC01599,R07,Financial services,164,1128063.92,0.1844,0.15–0.49,4,Active,1.0,1.6666666666666667,5,293371.51,0.18298613377880055
ACC01600,R05,Manufacturing,587,4071388.1,0.956,0.50–0.99,2,Active,0.3333333333333333,18.333333333333332,25,1885889.14,0.10427132719302502
ACC01601,R26,Logistics,241,1403029.25,0.5312,0.50–0.99,6,Active,0.6666666666666666,11.666666666666666,20,1013571.01,0.1945296018494743
ACC01602,R48,Technology,250,1559360.71,0.3432,0.15–0.49,3,Active,0.6666666666666666,13.333333333333334,10,336076.17,0.15929716390056514
ACC01603,R47,Manufacturing,300,2638782.69,1.7638,1.50–2.49,4,Active,1.0,3.3333333333333335,5,4769182.15,0.1449672091023539
ACC01604,R10,Professional services,277,1791146.84,0.9053,0.50–0.99,8,Active,1.0,6.666666666666667,10,939503.04,0.14869009971879366
ACC01605,R16,Financial services,86,611663.36,0.8837,0.50–0.99,9,Active,0.6666666666666666,11.666666666666666,25,358519.49,0.24724342486521506
ACC01606,R22,Technology,259,1611115.24,0.1809,0.15–0.49,7,Active,1.0,11.666666666666666,15,501821.83999999997,0.20483922133921786
ACC01607,R37,Retail,354,2285200.59,0.3952,0.15–0.49,9,Active,0.3333333333333333,5.0,-5,592243.52,0.17153260011690585
ACC01608,R11,Professional services,564,4518741.85,1.8692,1.50–2.49,4,Active,1.0,5.0,10,7482737.9,0.08962832689796871
ACC01609,R26,Financial services,532,2275139.52,0.1892,0.15–0.49,3,Active,1.0,-3.3333333333333335,5,897682.03,0.16269289238133094
ACC01610,R01,Hospitality,593,3606157.68,1.0008,1.00–1.49,12,Active,1.0,1.6666666666666667,15,4212468.76,0.09596498125662659
ACC01611,R44,Retail,162,1150005.14,0.6794,0.50–0.99,10,Active,1.0,3.3333333333333335,10,577100.7000000001,0.24976618899867753
ACC01612,R27,Logistics,324,2608394.4,2.175,1.50–2.49,7,Active,1.0,13.333333333333334,25,3866205.68,0.12976640827263256
ACC01613,R38,Technology,189,1088082.21,0.3447,0.15–0.49,5,Active,0.3333333333333333,8.333333333333334,25,307089.11,0.22186768998086398
ACC01614,R04,Technology,149,1072893.38,0.8441,0.50–0.99,6,Active,0.3333333333333333,8.333333333333334,-5,447874.44,0.19688600055843306
ACC01615,R10,Healthcare,146,890927.58,0.8745,0.50–0.99,12,Active,0.6666666666666666,6.666666666666667,0,557451.6799999999,0.2090321385707365
ACC01616,R25,Financial services,194,1018717.77,0.7207,0.50–0.99,2,Active,1.0,-3.3333333333333335,-15,816074.18,0.16290596386528705
ACC01617,R01,Manufacturing,175,1386288.48,1.564,1.50–2.49,5,Active,1.0,5.0,5,2549241.37,0.2161709263105994
ACC01618,R30,Retail,295,1808532.16,0.8065,0.50–0.99,1,Active,1.0,8.333333333333334,5,837438.17,0.1617510475116404
ACC01619,R04,Hospitality,279,1956120.22,1.5315,1.50–2.49,7,Active,1.0,1.6666666666666667,0,3444941.93,0.13788140677968502
ACC01620,R26,Logistics,1848,17515564.9,2.937,2.50–5.00,3,Active,1.0,10.0,15,52072141.09,0.04822897682826854
ACC01621,R29,Financial services,253,1766753.24,1.5077,1.50–2.49,8,Active,1.0,8.333333333333334,15,3357342.38,0.11213867300469145
ACC01622,R07,Retail,97,582890.73,1.53,1.50–2.49,12,Active,1.0,3.3333333333333335,-10,1186596.46,0.17853516599870758
ACC01623,R32,Healthcare,404,2218887.11,0.4226,0.15–0.49,4,Active,0.6666666666666666,8.333333333333334,20,574615.42,0.1629941594345169
ACC01624,R14,Retail,1094,9847177.85,0.79,0.50–0.99,8,Active,0.6666666666666666,6.666666666666667,0,3411525.95,0.07817061585285193
ACC01625,R28,Healthcare,609,4064113.9,0.5155,0.50–0.99,4,Active,0.6666666666666666,6.666666666666667,5,2723283.11,0.12302453263374293
ACC01626,R15,Financial services,589,4407387.14,1.4489,1.00–1.49,9,Active,0.6666666666666666,5.0,5,4291240.43,0.11215283779213928
ACC01627,R37,Logistics,104,600461.24,0.5218,0.50–0.99,1,Active,1.0,-3.3333333333333335,-15,410164.18,0.3436853075064161
ACC01628,R23,Healthcare,151,706137.88,0.3356,0.15–0.49,10,Active,0.6666666666666666,5.0,0,293191.56,0.2911121604488696
ACC01629,R15,Hospitality,62,369597.02,0.3567,0.15–0.49,4,Active,0.6666666666666666,15.0,25,73568.29000000001,0.2523801873579968
ACC01630,R14,Manufacturing,470,2827696.54,0.1885,0.15–0.49,8,Active,0.6666666666666666,0.0,-10,796303.07,0.19609456858208177
ACC01631,R35,Manufacturing,205,1163916.25,1.4468,1.00–1.49,10,Active,0.6666666666666666,13.333333333333334,20,1121593.34,0.16095744616509042
ACC01632,R29,Healthcare,854,4984579.92,0.4123,0.15–0.49,6,Active,1.0,8.333333333333334,20,1269667.84,0.10030843977628925
ACC01633,R05,Financial services,333,2187745.1,0.7328,0.50–0.99,6,Active,1.0,5.0,-10,928582.92,0.1253150734021869
ACC01634,R02,Healthcare,423,3210083.58,4.9448,2.50–5.00,1,Active,1.0,-1.6666666666666667,-10,11140689.44,0.09514916432477803
ACC01635,R01,Retail,114,895661.2,1.0144,1.00–1.49,11,Active,0.6666666666666666,8.333333333333334,25,715862.88,0.24896422302425927
ACC01636,R32,Manufacturing,197,1411404.59,1.2685,1.00–1.49,8,Active,0.6666666666666666,8.333333333333334,0,1202027.49,0.20338194295486062
ACC01637,R04,Financial services,645,4040728.2,0.3579,0.15–0.49,7,Active,1.0,5.0,10,970345.25,0.10597650842023665
ACC01638,R06,Hospitality,355,2057216.87,0.2545,0.15–0.49,8,Active,1.0,5.0,0,613247.19,0.18256246744100016
ACC01639,R26,Logistics,2347,13637435.25,0.6922,0.50–0.99,9,Active,1.0,3.3333333333333335,10,8246023.16,0.06336466050947848
ACC01640,R32,Manufacturing,262,1627376.74,0.4273,0.15–0.49,10,Active,1.0,6.666666666666667,15,376793.55,0.16660167600685621
ACC01641,R18,Hospitality,84,542872.01,0.2786,0.15–0.49,11,Active,0.6666666666666666,8.333333333333334,-5,125459.55,0.26847585058752327
ACC01642,R16,Financial services,131,739471.76,0.3274,0.15–0.49,7,Active,0.6666666666666666,0.0,-5,149756.49,0.31004349393008346
ACC01643,R05,Logistics,403,3146536.49,2.1881,1.50–2.49,9,Active,1.0,3.3333333333333335,10,5097783.68,0.1025717421039656
ACC01644,R47,Retail,177,1113316.4,0.4408,0.15–0.49,1,Active,1.0,-6.666666666666667,0,250310.7,0.18008401266330387
ACC01645,R15,Healthcare,358,2622139.1,0.7722,0.50–0.99,12,Active,1.0,-3.3333333333333335,-15,1061956.15,0.12068364922170317
ACC01646,R39,Professional services,450,2688683.37,0.5608,0.50–0.99,8,Active,1.0,8.333333333333334,10,1969550.18,0.19929789394735753
ACC01647,R45,Financial services,111,621031.41,0.3386,0.15–0.49,3,Active,0.6666666666666666,1.6666666666666667,-5,295130.71,0.36378739717799224
ACC01648,R02,Financial services,173,1421003.94,1.0846,1.00–1.49,3,Active,1.0,10.0,20,1269529.52,0.19149592401882484
ACC01649,R42,Healthcare,209,1450529.62,0.8032,0.50–0.99,2,Active,1.0,-3.3333333333333335,-5,777180.09,0.17583870387093953
ACC01650,R46,Logistics,231,1150056.29,0.3579,0.15–0.49,11,Active,1.0,10.0,25,289896.33,0.18262532898474712
ACC01651,R46,Manufacturing,593,3806988.97,1.4814,1.00–1.49,12,Active,1.0,15.0,10,3756253.94,0.10141177309924523
ACC01652,R04,Professional services,159,904668.9,0.6535,0.50–0.99,2,Active,0.6666666666666666,3.3333333333333335,-5,650937.53,0.35120810800885044
ACC01653,R01,Technology,312,1875304.75,0.3177,0.15–0.49,3,Active,1.0,5.0,0,442272.23,0.18358916450182444
ACC01654,R32,Manufacturing,339,2216617.51,0.6392,0.50–0.99,3,Active,1.0,6.666666666666667,10,1093612.93,0.1481577307133142
ACC01655,R19,Logistics,742,5344386.4,0.8667,0.50–0.99,5,Active,0.6666666666666666,6.666666666666667,0,2265165.25,0.10288930770255643
ACC01656,R27,Logistics,417,1862367.57,0.7325,0.50–0.99,11,Active,0.6666666666666666,11.666666666666666,10,1429417.12,0.11146525004337722
ACC01657,R40,Retail,99,708578.53,0.7327,0.50–0.99,5,Active,1.0,8.333333333333334,20,349010.68,0.1790454915019437
ACC01658,R19,Healthcare,872,7260902.91,0.5135,0.50–0.99,7,Active,1.0,1.6666666666666667,5,3367766.81,0.08384257572014821
ACC01659,R37,Technology,237,2009244.26,0.3529,0.15–0.49,7,Active,0.3333333333333333,13.333333333333334,15,410891.48,0.21529821272572847
ACC01660,R35,Professional services,1277,8778550.13,0.5462,0.50–0.99,9,Active,1.0,6.666666666666667,5,4124527.39,0.07470214037579395
ACC01661,R47,Healthcare,208,2073508.26,4.7725,2.50–5.00,5,Active,1.0,15.0,0,5025961.38,0.10282424785240715
ACC01662,R13,Logistics,104,623233.06,0.9287,0.50–0.99,3,Active,1.0,1.6666666666666667,10,355131.63,0.19101594123069818
ACC01663,R26,Financial services,299,1875045.64,1.1062,1.00–1.49,1,Active,1.0,0.0,10,1717129.61,0.1238978710991919
ACC01664,R07,Hospitality,288,1564839.95,0.5124,0.50–0.99,9,Active,0.6666666666666666,3.3333333333333335,10,1056686.04,0.1549643227835684
ACC01665,R15,Professional services,922,6960074.75,0.9879,0.50–0.99,12,Active,0.6666666666666666,6.666666666666667,10,2977534.55,0.09689905412755369
ACC01666,R37,Healthcare,227,1670763.49,0.6308,0.50–0.99,12,Active,0.6666666666666666,3.3333333333333335,0,669606.89,0.18459629157234875
ACC01667,R13,Financial services,88,575763.25,1.3945,1.00–1.49,6,Active,0.6666666666666666,-3.3333333333333335,-10,797127.73,0.37127919820488264
ACC01668,R23,Financial services,533,3838773.41,0.9231,0.50–0.99,4,Active,0.6666666666666666,0.0,0,1455441.13,0.11096533250522175
ACC01669,R04,Manufacturing,241,1630201.7,1.2653,1.00–1.49,11,Active,1.0,1.6666666666666667,10,2275482.81,0.250223613164092
ACC01670,R25,Logistics,778,5015232.37,0.1766,0.15–0.49,6,Active,0.3333333333333333,6.666666666666667,10,1281460.26,0.10217067612162768
ACC01671,R15,Financial services,62,350406.07,0.6615,0.50–0.99,12,Active,1.0,5.0,15,233430.56,0.28625543694858774
ACC01672,R08,Financial services,354,2080998.3,1.0856,1.00–1.49,2,Active,0.6666666666666666,10.0,20,2285323.42,0.10193542525371108
ACC01673,R05,Logistics,228,1356056.75,0.9748,0.50–0.99,9,Active,1.0,5.0,15,848455.85,0.19083437873825437
ACC01674,R14,Retail,317,2158944.63,0.7406,0.50–0.99,2,Active,0.6666666666666666,13.333333333333334,5,1257110.8,0.1351219840194358
ACC01675,R04,Hospitality,284,2061754.19,0.8325,0.50–0.99,3,Active,0.6666666666666666,3.3333333333333335,10,1125191.28,0.17653437871265412
ACC01676,R18,Logistics,162,854527.1,0.8636,0.50–0.99,7,Active,0.6666666666666666,3.3333333333333335,0,349581.84,0.17339665788249478
ACC01677,R27,Technology,76,451913.6,0.4322,0.15–0.49,8,Active,0.6666666666666666,5.0,20,64227.63,0.271570882050741
ACC01678,R28,Professional services,92,638804.17,0.9773,0.50–0.99,11,Active,0.3333333333333333,8.333333333333334,10,259574.22999999998,0.21379067353488682
ACC01679,R08,Financial services,910,5082505.23,0.3875,0.15–0.49,11,Active,0.3333333333333333,-5.0,-15,1654608.33,0.11343950078032118
ACC01680,R27,Logistics,258,1324130.73,1.7543,1.50–2.49,1,Active,1.0,1.6666666666666667,20,3082221.31,0.12701452815639097
ACC01681,R35,Technology,138,864224.96,0.9779,0.50–0.99,10,Active,1.0,10.0,5,432908.02,0.19426536810815226
ACC01682,R24,Hospitality,494,4371611.06,2.4611,1.50–2.49,6,Active,1.0,8.333333333333334,5,7627506.88,0.12821853613824527
ACC01683,R28,Healthcare,1021,8775425.5,1.349,1.00–1.49,1,Active,0.6666666666666666,6.666666666666667,20,7691299.2,0.0885014163903432
ACC01684,R33,Financial services,619,4608124.04,0.5022,0.50–0.99,2,Active,0.6666666666666666,3.3333333333333335,-15,1780607.82,0.12296686667690221
ACC01685,R11,Logistics,827,6109517.53,0.2305,0.15–0.49,6,Active,1.0,5.0,15,1808035.9,0.12707391001845617
ACC01686,R10,Professional services,365,2070449.12,0.6003,0.50–0.99,3,Active,0.6666666666666666,10.0,5,1167853.4,0.11848622729958334
ACC01687,R46,Financial services,190,1302698.86,0.9475,0.50–0.99,4,Active,1.0,6.666666666666667,5,618739.73,0.21971928279554406
ACC01688,R35,Healthcare,358,2266206.56,0.7766,0.50–0.99,2,Active,1.0,8.333333333333334,0,1161457.01,0.1253140695061691
ACC01689,R17,Retail,72,383425.63,0.6507,0.50–0.99,6,Active,0.3333333333333333,5.0,5,282866.81,0.3311130015836636
ACC01690,R07,Healthcare,755,5047398.27,0.277,0.15–0.49,6,Active,0.0,3.3333333333333335,-15,1304851.14,0.12642429835573007
ACC01691,R16,Technology,361,2304369.97,0.6399,0.50–0.99,12,Active,0.6666666666666666,10.0,10,1188250.58,0.14544146343253148
ACC01692,R22,Hospitality,103,821969.56,2.0255,1.50–2.49,11,Active,1.0,1.6666666666666667,5,1295827.35,0.17968235009345715
ACC01693,R46,Retail,62,537806.56,1.3578,1.00–1.49,7,Active,0.6666666666666666,10.0,-5,326434.66,0.3595436233355474
ACC01694,R31,Retail,271,2118819.27,0.3851,0.15–0.49,8,Active,0.6666666666666666,1.6666666666666667,5,577784.98,0.21713462996459867
ACC01695,R43,Logistics,320,2744134.75,0.6994,0.50–0.99,11,Active,0.6666666666666666,6.666666666666667,0,1403859.69,0.21815795120394135
ACC01696,R03,Manufacturing,177,1135436.96,0.6902,0.50–0.99,9,Active,0.6666666666666666,6.666666666666667,5,603018.1799999999,0.18775255634057295
ACC01697,R05,Manufacturing,135,900826.53,0.4829,0.15–0.49,10,Active,0.6666666666666666,8.333333333333334,5,187616.06,0.3170483333587902
ACC01698,R16,Manufacturing,490,2613501.5,0.937,0.50–0.99,5,Active,1.0,16.666666666666668,25,1988403.33,0.10956604183504715
ACC01699,R03,Financial services,389,3052175.3,4.8565,2.50–5.00,4,Active,1.0,3.3333333333333335,10,10207906.1,0.08372683131003805
ACC01700,R32,Healthcare,360,2106754.45,0.1769,0.15–0.49,2,Active,0.3333333333333333,16.666666666666668,20,733845.96,0.15361048683741743
ACC01701,R25,Retail,478,2922010.21,0.4893,0.15–0.49,3,Active,0.6666666666666666,11.666666666666666,10,638592.28,0.12198048809403558
ACC01702,R43,Professional services,112,722674.01,1.7892,1.50–2.49,8,Active,1.0,5.0,0,1207633.48,0.16931816122387194
ACC01703,R47,Financial services,73,439140.56,1.6483,1.50–2.49,8,Active,1.0,5.0,5,680578.75,0.24340636042341235
ACC01704,R06,Professional services,234,1395649.1,1.9692,1.50–2.49,7,Active,1.0,3.3333333333333335,10,2836534.73,0.13269752627467682
ACC01705,R10,Healthcare,62,419741.52,0.306,0.15–0.49,6,Active,0.6666666666666666,16.666666666666668,20,94821.8,0.3000451379392927
ACC01706,R44,Technology,1076,7262334.65,0.3987,0.15–0.49,11,Active,0.6666666666666666,6.666666666666667,-5,1871984.95,0.10119451941679312
ACC01707,R06,Logistics,101,641484.33,0.6385,0.50–0.99,5,Active,0.6666666666666666,13.333333333333334,25,263196.61,0.23532427007110687
ACC01708,R15,Retail,162,919345.01,0.7044,0.50–0.99,4,Active,0.6666666666666666,8.333333333333334,10,408624.0,0.33869345207630236
ACC01709,R38,Logistics,467,3455867.01,1.0669,1.00–1.49,1,Active,1.0,5.0,0,2706030.96,0.10595883229305922
ACC01710,R11,Retail,176,1303784.36,0.2323,0.15–0.49,11,Active,0.6666666666666666,11.666666666666666,25,362866.78,0.2569503506854194
ACC01711,R11,Financial services,322,2002995.25,0.2778,0.15–0.49,4,Active,1.0,13.333333333333334,15,464245.18,0.18750439067239363
ACC01712,R46,Technology,474,3125326.87,1.299,1.00–1.49,3,Active,1.0,5.0,5,2668304.86,0.09251465005686761
ACC01713,R26,Hospitality,344,2328333.27,0.5198,0.50–0.99,8,Active,1.0,3.3333333333333335,-5,1257738.18,0.14076078571271416
ACC01714,R01,Logistics,282,1861612.0,0.8189,0.50–0.99,11,Active,0.6666666666666666,6.666666666666667,15,1099635.26,0.18419882585405542
ACC01715,R46,Manufacturing,112,722355.47,2.414,1.50–2.49,2,Active,1.0,5.0,0,1507173.4,0.19782122779225075
ACC01716,R06,Financial services,201,1080430.69,0.2889,0.15–0.49,7,Active,1.0,1.6666666666666667,-10,313505.04,0.4155280217096357
ACC01717,R13,Technology,62,338143.8,0.951,0.50–0.99,10,Active,1.0,0.0,-15,81730.86,0.24464669410909806
ACC01718,R13,Retail,155,878631.53,0.3824,0.15–0.49,10,Active,0.6666666666666666,15.0,20,262248.74,0.24287833258682934
ACC01719,R13,Professional services,352,2438784.53,0.5556,0.50–0.99,9,Active,0.6666666666666666,0.0,-10,1212971.66,0.14518949662339103
ACC01720,R12,Technology,151,822287.55,0.5003,0.50–0.99,8,Active,0.3333333333333333,11.666666666666666,5,521665.1,0.2861482063071619
ACC01721,R06,Healthcare,109,672821.92,0.4782,0.15–0.49,3,Active,0.6666666666666666,8.333333333333334,10,204413.97,0.25604630719173493
ACC01722,R43,Healthcare,97,756208.75,2.2372,1.50–2.49,4,Active,1.0,8.333333333333334,10,702161.34,0.2792563769427024
ACC01723,R47,Manufacturing,62,492478.72,2.4261,1.50–2.49,8,Active,1.0,-5.0,-15,1028729.4,0.2548472091334657
ACC01724,R02,Healthcare,162,764207.56,0.2078,0.15–0.49,6,Active,1.0,8.333333333333334,15,599041.26,0.2924388217768352
ACC01725,R11,Healthcare,699,5449884.29,0.8767,0.50–0.99,12,Active,1.0,5.0,5,2307057.77,0.1004105191634822
ACC01726,R16,Professional services,203,1209681.72,0.5099,0.50–0.99,11,Active,1.0,-5.0,-5,614197.11,0.1509825414893548
ACC01727,R12,Healthcare,341,3272401.66,1.9716,1.50–2.49,2,Active,0.6666666666666666,0.0,-10,3855349.86,0.1330201278048509
ACC01728,R19,Financial services,149,1078681.73,0.943,0.50–0.99,9,Active,1.0,8.333333333333334,0,669228.74,0.21500508646258956
ACC01729,R41,Hospitality,91,479935.31,0.1685,0.15–0.49,12,Active,0.6666666666666666,11.666666666666666,20,213886.76,0.343688614611747
ACC01730,R20,Professional services,180,974195.96,0.1662,0.15–0.49,9,Active,0.6666666666666666,3.3333333333333335,0,498279.02,0.3597625865053935
ACC01731,R22,Logistics,764,5172049.51,1.3862,1.00–1.49,4,Active,1.0,10.0,15,5693526.35,0.09739196721637775
ACC01732,R30,Technology,126,797702.71,0.5218,0.50–0.99,4,Active,0.6666666666666666,-5.0,0,383841.52999999997,0.18367599702342483
ACC01733,R38,Manufacturing,136,1009075.58,0.928,0.50–0.99,7,Active,0.3333333333333333,1.6666666666666667,10,414342.6,0.2256917561900578
ACC01734,R25,Healthcare,584,3397003.24,0.865,0.50–0.99,2,Active,0.6666666666666666,3.3333333333333335,0,2340187.12,0.13379761300716128
ACC01735,R30,Retail,492,2998186.16,1.0198,1.00–1.49,11,Active,0.6666666666666666,3.3333333333333335,10,2791446.49,0.09889625338133043
ACC01736,R12,Hospitality,601,3778444.6,0.5473,0.50–0.99,6,Active,1.0,0.0,0,1978710.66,0.10311895418151934
ACC01737,R29,Logistics,194,1134696.07,0.4711,0.15–0.49,10,Active,0.6666666666666666,13.333333333333334,5,568505.37,0.2850741263179378
ACC01738,R13,Retail,217,1161248.13,0.3012,0.15–0.49,10,Active,1.0,6.666666666666667,10,394532.64,0.1741031182607486
ACC01739,R30,Retail,152,983448.98,0.4617,0.15–0.49,6,Active,0.6666666666666666,5.0,0,264432.72,0.2992874015074062
ACC01740,R45,Hospitality,129,882743.14,0.5727,0.50–0.99,8,Active,0.6666666666666666,6.666666666666667,5,405133.21,0.2340267576368869
ACC01741,R39,Technology,123,849030.99,0.96,0.50–0.99,11,Active,1.0,-6.666666666666667,-5,499376.49,0.30669491675743604
ACC01742,R47,Financial services,495,2713704.49,0.9756,0.50–0.99,8,Active,1.0,10.0,5,1618883.16,0.14537457357420455
ACC01743,R36,Technology,142,821339.97,0.279,0.15–0.49,3,Active,0.6666666666666666,10.0,-5,211963.63,0.2958709678251779
ACC01744,R26,Professional services,183,1194809.3,2.1548,1.50–2.49,8,Active,1.0,13.333333333333334,15,2612879.2,0.1365311000952222
ACC01745,R14,Professional services,513,3214873.9,0.701,0.50–0.99,11,Active,1.0,5.0,0,1552511.21,0.11880841983679095
ACC01746,R25,Manufacturing,1925,8931983.42,0.2236,0.15–0.49,11,Active,0.6666666666666666,3.3333333333333335,-10,3110217.52,0.07663522519274225
ACC01747,R44,Professional services,137,916525.5,1.0638,1.00–1.49,8,Active,0.3333333333333333,10.0,5,726332.03,0.20203293631023742
ACC01748,R44,Hospitality,204,1229946.96,0.7997,0.50–0.99,9,Active,0.6666666666666666,5.0,5,525023.77,0.22617137482734112
ACC01749,R07,Healthcare,162,1268619.76,1.0489,1.00–1.49,1,Active,1.0,5.0,5,1003368.7,0.18132919144209422
ACC01750,R25,Technology,266,1555908.75,1.0237,1.00–1.49,7,Active,1.0,8.333333333333334,20,2131781.03,0.1441787546141683
ACC01751,R32,Logistics,62,420465.98,0.9766,0.50–0.99,6,Active,1.0,0.0,-5,351924.45,0.2649234728749506
ACC01752,R39,Hospitality,983,4572540.34,0.6188,0.50–0.99,8,Active,1.0,13.333333333333334,20,2944020.39,0.07907874349482044
ACC01753,R35,Manufacturing,432,2285935.28,1.2849,1.00–1.49,3,Active,1.0,11.666666666666666,15,3340057.91,0.1711092036390885
ACC01754,R06,Technology,144,1070752.03,1.3665,1.00–1.49,2,Active,1.0,15.0,25,783364.3200000001,0.20422322212719424
ACC01755,R09,Technology,269,2209496.63,2.2466,1.50–2.49,2,Active,1.0,18.333333333333332,10,3441451.76,0.12040914772831451
ACC01756,R42,Financial services,316,1869357.82,0.5617,0.50–0.99,1,Active,1.0,1.6666666666666667,0,1194401.15,0.14451243560203966
ACC01757,R27,Healthcare,467,2297046.5,0.7634,0.50–0.99,12,Active,0.6666666666666666,5.0,-10,1739074.51,0.17299687425654822
ACC01758,R44,Technology,620,3691575.27,1.3114,1.00–1.49,4,Active,0.6666666666666666,20.0,25,4087327.72,0.08664556035714015
ACC01759,R39,Healthcare,64,492462.93,0.629,0.50–0.99,9,Active,1.0,-5.0,-10,419085.45,0.2666776524263871
ACC01760,R05,Healthcare,110,710414.18,2.2462,1.50–2.49,4,Active,1.0,11.666666666666666,-5,1080712.68,0.18654037620552555
ACC01761,R28,Retail,635,4845503.2,0.5106,0.50–0.99,8,Active,1.0,8.333333333333334,5,2532103.12,0.13444948076899982
ACC01762,R23,Manufacturing,97,553306.6,0.6564,0.50–0.99,1,Active,1.0,0.0,-15,402762.67,0.34469394207229576
ACC01763,R27,Manufacturing,109,590507.73,0.4467,0.15–0.49,7,Active,1.0,11.666666666666666,25,156320.78,0.23983375294969442
ACC01764,R32,Healthcare,222,1062744.72,0.4219,0.15–0.49,5,Active,0.6666666666666666,5.0,10,279113.25,0.1768225500668872
ACC01765,R12,Retail,220,1341358.9,0.874,0.50–0.99,12,Active,1.0,0.0,0,937725.41,0.17245164623327414
ACC01766,R34,Retail,631,4555245.55,1.2788,1.00–1.49,9,Active,1.0,13.333333333333334,15,3822712.46,0.09004523352881083
ACC01767,R45,Manufacturing,147,1216931.47,0.8021,0.50–0.99,11,Active,0.6666666666666666,13.333333333333334,20,366413.94,0.17762010690110785
ACC01768,R44,Hospitality,504,3881591.26,0.8868,0.50–0.99,9,Active,0.6666666666666666,0.0,5,1882096.91,0.12858423561444626
ACC01769,R33,Retail,313,2249724.56,1.457,1.00–1.49,12,Active,0.6666666666666666,8.333333333333334,-5,1622502.74,0.12485678260974087
ACC01770,R16,Manufacturing,487,3539320.6,0.662,0.50–0.99,9,Active,1.0,3.3333333333333335,0,1609776.47,0.1031280740409549
ACC01771,R43,Professional services,423,2996905.01,0.5072,0.50–0.99,5,Active,1.0,5.0,5,1779062.58,0.1369556975383799
ACC01772,R40,Retail,194,1123212.37,0.6046,0.50–0.99,6,Active,1.0,0.0,-10,655281.41,0.181565951928778
ACC01773,R23,Technology,732,4622742.5,0.7146,0.50–0.99,7,Active,0.6666666666666666,10.0,5,2552807.08,0.09604421661404418
ACC01774,R24,Retail,67,549286.54,0.6565,0.50–0.99,10,Active,1.0,11.666666666666666,15,154504.75,0.2727993312543787
ACC01775,R31,Logistics,197,1155993.01,0.6183,0.50–0.99,2,Active,0.6666666666666666,6.666666666666667,5,710351.92,0.18520226318007366
ACC01776,R20,Technology,232,1749926.41,1.3354,1.00–1.49,5,Active,1.0,8.333333333333334,-5,1630143.25,0.13315399656762147
ACC01777,R13,Professional services,244,1743065.58,0.4604,0.15–0.49,9,Active,0.6666666666666666,13.333333333333334,15,482949.83,0.18386393665683526
ACC01778,R31,Retail,259,1635443.62,0.9666,0.50–0.99,1,Active,1.0,10.0,10,666746.88,0.15718455147269594
ACC01779,R01,Hospitality,275,2000358.93,1.941,1.50–2.49,3,Active,1.0,-5.0,-15,3623854.99,0.12453853861374917
ACC01780,R44,Manufacturing,235,1781431.48,0.4411,0.15–0.49,1,Active,0.6666666666666666,0.0,-15,380555.57,0.1728567238168114
ACC01781,R10,Manufacturing,297,2479177.96,0.9207,0.50–0.99,4,Active,1.0,1.6666666666666667,-15,1227324.03,0.1556188586815998
ACC01782,R14,Financial services,528,2712272.99,0.3948,0.15–0.49,12,Active,0.6666666666666666,6.666666666666667,5,1120870.57,0.1484702282117348
ACC01783,R09,Professional services,899,5435805.71,0.6763,0.50–0.99,5,Active,1.0,1.6666666666666667,5,3516044.56,0.08859768381065093
ACC01784,R02,Manufacturing,124,892930.88,1.4542,1.00–1.49,6,Active,1.0,5.0,0,1260336.88,0.2044472565381028
ACC01785,R27,Technology,205,1412410.73,0.8467,0.50–0.99,3,Active,0.6666666666666666,8.333333333333334,10,816471.31,0.18616402722223732
ACC01786,R16,Technology,526,4356332.89,0.7229,0.50–0.99,8,Active,1.0,3.3333333333333335,10,1862773.22,0.11525398965969205
ACC01787,R01,Manufacturing,412,2534510.41,0.4063,0.15–0.49,11,Active,1.0,0.0,10,557980.61,0.1532178313580454
ACC01788,R37,Technology,696,5753691.64,2.3356,1.50–2.49,4,Active,1.0,13.333333333333334,5,10437872.02,0.08679789041816079
ACC01789,R13,Logistics,349,2087927.82,0.7118,0.50–0.99,5,Active,0.6666666666666666,13.333333333333334,5,1760995.84,0.2544699520995564
ACC01790,R36,Hospitality,68,474035.78,0.62,0.50–0.99,11,Active,1.0,11.666666666666666,15,349142.57,0.3277767056851799
ACC01791,R41,Hospitality,231,1744063.31,0.8401,0.50–0.99,12,Active,1.0,1.6666666666666667,5,625314.03,0.1900935525378321
ACC01792,R26,Manufacturing,465,2842563.92,0.3921,0.15–0.49,11,Active,0.6666666666666666,18.333333333333332,25,709370.22,0.14344600931104018
ACC01793,R25,Logistics,170,1180762.73,0.7808,0.50–0.99,2,Active,0.6666666666666666,10.0,5,512466.82,0.17401300095934374
ACC01794,R26,Retail,74,459475.27,1.464,1.00–1.49,10,Active,1.0,3.3333333333333335,10,325139.5,0.22218919445766352
ACC01795,R47,Hospitality,68,448455.11,0.5274,0.50–0.99,12,Active,1.0,5.0,10,218620.81,0.25474215410721573
ACC01796,R35,Logistics,121,595399.76,0.1881,0.15–0.49,5,Active,1.0,0.0,5,190409.5,0.26505262804337
ACC01797,R47,Manufacturing,301,2917823.66,1.3454,1.00–1.49,2,Active,1.0,1.6666666666666667,10,1902944.15,0.1359653668003808
ACC01798,R32,Manufacturing,188,1003363.75,0.3813,0.15–0.49,8,Active,0.6666666666666666,10.0,25,365629.04,0.20198142927174914
ACC01799,R06,Retail,136,719302.89,0.4604,0.15–0.49,4,Active,1.0,1.6666666666666667,0,343475.33,0.26722868828314233
ACC01800,R20,Technology,105,776962.27,0.6451,0.50–0.99,12,Active,0.6666666666666666,-1.6666666666666667,-15,281900.59,0.2243216847521569
ACC01801,R01,Healthcare,338,2541175.22,1.0241,1.00–1.49,3,Active,1.0,6.666666666666667,20,2567661.5,0.13798153072330246
ACC01802,R14,Healthcare,163,1058422.17,0.4256,0.15–0.49,12,Active,0.3333333333333333,6.666666666666667,5,348054.49,0.22274163351987047
ACC01803,R44,Healthcare,328,2697143.56,3.6877,2.50–5.00,9,Active,1.0,3.3333333333333335,5,10521066.209999999,0.09744182091410408
ACC01804,R48,Healthcare,421,2508885.17,1.2486,1.00–1.49,11,Active,1.0,6.666666666666667,20,2617990.6,0.11064985587520683
ACC01805,R44,Healthcare,477,3727541.72,0.8712,0.50–0.99,5,Active,1.0,0.0,15,1521855.36,0.11817500553842315
ACC01806,R30,Retail,354,3514895.16,4.0193,2.50–5.00,6,Active,1.0,13.333333333333334,25,8644165.68,0.09663380408521
ACC01807,R07,Healthcare,177,1355474.37,0.2264,0.15–0.49,7,Active,0.3333333333333333,15.0,10,298483.4,0.18646130770604835
ACC01808,R23,Healthcare,71,697802.59,1.1259,1.00–1.49,5,Active,1.0,6.666666666666667,20,523468.89,0.27086864184474785
ACC01809,R17,Logistics,154,841809.48,0.2891,0.15–0.49,11,Active,1.0,8.333333333333334,0,418701.74,0.37154918860178127
ACC01810,R02,Healthcare,323,1979789.68,0.5676,0.50–0.99,2,Active,0.3333333333333333,11.666666666666666,0,1378950.33,0.14463324948483786
ACC01811,R30,Retail,226,1408368.68,0.2161,0.15–0.49,12,Active,0.6666666666666666,15.0,15,347392.02,0.1679655755789198
ACC01812,R23,Healthcare,102,875108.78,4.2151,2.50–5.00,3,Active,1.0,10.0,0,2868597.91,0.17814063061418678
ACC01813,R12,Manufacturing,282,1661884.52,0.1643,0.15–0.49,7,Active,1.0,8.333333333333334,0,349646.11,0.15372113060639736
ACC01814,R35,Healthcare,516,3160207.99,0.9164,0.50–0.99,10,Active,1.0,10.0,15,1771925.97,0.11547304715748577
ACC01815,R11,Hospitality,314,2063480.12,0.5293,0.50–0.99,3,Active,0.6666666666666666,1.6666666666666667,20,1006856.5,0.15072639487503123
ACC01816,R02,Hospitality,322,2068781.62,0.603,0.50–0.99,1,Active,0.6666666666666666,1.6666666666666667,10,985410.01,0.1673179400528782
ACC01817,R15,Logistics,366,2132373.38,0.3164,0.15–0.49,1,Active,0.3333333333333333,11.666666666666666,5,725698.85,0.1757986289444216
ACC01818,R41,Manufacturing,743,6933435.46,0.6501,0.50–0.99,9,Active,0.6666666666666666,3.3333333333333335,15,2387134.37,0.10973646974110363
ACC01819,R30,Healthcare,369,2352500.55,0.8459,0.50–0.99,2,Active,1.0,1.6666666666666667,0,1332265.43,0.15086406234106722
ACC01820,R31,Technology,852,5216699.52,0.1891,0.15–0.49,5,Active,1.0,8.333333333333334,25,1707426.0,0.16425918381747354
ACC01821,R10,Financial services,74,551521.46,0.2406,0.15–0.49,9,Active,1.0,10.0,15,101510.3,0.3101111193376447
ACC01822,R27,Technology,557,3754473.81,0.6035,0.50–0.99,1,Active,1.0,15.0,20,1975893.3,0.10494215702145349
ACC01823,R23,Professional services,174,1052468.9,0.6083,0.50–0.99,6,Active,0.6666666666666666,8.333333333333334,15,690326.68,0.1592226258162453
ACC01824,R05,Logistics,756,4745003.94,0.7993,0.50–0.99,2,Active,1.0,1.6666666666666667,10,2198075.9,0.08554617765982422
ACC01825,R14,Professional services,129,845256.57,1.2848,1.00–1.49,6,Active,1.0,1.6666666666666667,0,1065395.74,0.38793271044865135
ACC01826,R37,Technology,203,1645252.8,1.1756,1.00–1.49,10,Active,0.6666666666666666,5.0,10,1786846.77,0.22828439417468638
ACC01827,R28,Retail,254,1847574.92,0.7056,0.50–0.99,4,Active,0.3333333333333333,8.333333333333334,20,931043.03,0.18896159494661346
ACC01828,R30,Technology,136,946709.64,1.1473,1.00–1.49,8,Active,1.0,-1.6666666666666667,10,941309.75,0.16387462624041063
ACC01829,R15,Technology,171,897891.21,0.6883,0.50–0.99,4,Active,0.6666666666666666,11.666666666666666,5,783183.54,0.23913478392277343
ACC01830,R43,Logistics,1040,6485879.38,0.2397,0.15–0.49,12,Active,0.6666666666666666,8.333333333333334,15,1797850.69,0.11157021876119307
ACC01831,R29,Retail,502,3147547.45,0.5579,0.50–0.99,10,Active,0.0,8.333333333333334,0,1960532.91,0.12217049662575528
ACC01832,R38,Technology,388,2879882.22,0.9317,0.50–0.99,11,Active,0.6666666666666666,6.666666666666667,-5,1437319.06,0.12069384638453383
ACC01833,R47,Retail,501,2834528.52,0.8656,0.50–0.99,2,Active,0.6666666666666666,8.333333333333334,5,1731106.09,0.12137493312784144
ACC01834,R37,Retail,109,586913.94,1.0236,1.00–1.49,9,Active,1.0,8.333333333333334,5,529729.25,0.17711997417255376
ACC01835,R05,Logistics,138,854247.39,3.6301,2.50–5.00,12,Active,1.0,11.666666666666666,20,3010306.25,0.16474147337874287
ACC01836,R30,Financial services,102,627473.37,0.2253,0.15–0.49,10,Active,0.3333333333333333,10.0,-5,156478.39,0.2806453617163999
ACC01837,R36,Hospitality,398,2678597.63,0.8682,0.50–0.99,11,Active,0.6666666666666666,15.0,20,1593989.27,0.15743523421906605
ACC01838,R22,Professional services,256,2306323.38,0.8984,0.50–0.99,10,Active,1.0,10.0,5,944761.66,0.1411139127872929
ACC01839,R25,Logistics,130,827289.89,0.7499,0.50–0.99,4,Active,1.0,10.0,20,452529.15,0.17052044256054924
ACC01840,R05,Logistics,98,685746.04,1.0071,1.00–1.49,7,Active,1.0,-3.3333333333333335,10,435572.8,0.1987775629305574
ACC01841,R06,Technology,508,3130877.61,0.8446,0.50–0.99,9,Active,1.0,-5.0,0,1459915.43,0.11027183602261509
ACC01842,R27,Retail,1433,12144168.8,1.8887,1.50–2.49,9,Active,0.6666666666666666,5.0,10,17497516.09,0.06226130873289431
ACC01843,R25,Professional services,205,1209764.94,4.0999,2.50–5.00,2,Active,1.0,3.3333333333333335,-10,6411544.37,0.2762095226896476
ACC01844,R16,Manufacturing,117,678613.43,0.9679,0.50–0.99,9,Active,0.6666666666666666,1.6666666666666667,5,356744.97000000003,0.23097814951727794
ACC01845,R35,Retail,137,867542.95,2.4734,1.50–2.49,7,Active,1.0,5.0,5,1577780.15,0.14878748075519593
ACC01846,R27,Technology,199,1794885.95,0.9176,0.50–0.99,11,Active,1.0,1.6666666666666667,-5,975979.86,0.18613891383850503
ACC01847,R36,Hospitality,105,553726.32,0.7529,0.50–0.99,4,Active,1.0,5.0,10,251455.69,0.26136595998528517
ACC01848,R14,Logistics,289,1536789.89,0.8627,0.50–0.99,1,Active,1.0,-3.3333333333333335,10,1105234.67,0.15728759810781104
ACC01849,R44,Healthcare,359,2768018.21,1.0423,1.00–1.49,1,Active,0.6666666666666666,1.6666666666666667,5,2158831.4,0.1479580009326655
ACC01850,R29,Technology,157,990143.31,0.5921,0.50–0.99,11,Active,0.6666666666666666,5.0,15,402694.32,0.18303595340158768
ACC01851,R24,Retail,341,2220005.3,0.8818,0.50–0.99,12,Active,1.0,0.0,5,1164466.31,0.13351748289015647
ACC01852,R13,Manufacturing,337,2220373.46,0.5816,0.50–0.99,9,Active,1.0,8.333333333333334,10,1506909.55,0.24036497740829751
ACC01853,R46,Technology,274,2310802.62,0.6857,0.50–0.99,3,Active,1.0,5.0,0,979603.81,0.16109425380443038
ACC01854,R16,Professional services,652,4556362.29,0.6714,0.50–0.99,12,Active,1.0,6.666666666666667,5,2077229.6,0.10204226852268963
ACC01855,R38,Manufacturing,229,1711725.24,1.4739,1.00–1.49,9,Active,0.6666666666666666,0.0,5,1650049.27,0.22779642629128036
ACC01856,R27,Financial services,145,987590.45,0.9183,0.50–0.99,11,Active,1.0,6.666666666666667,0,408804.87,0.20860486809796586
ACC01857,R31,Technology,194,1194744.88,0.2364,0.15–0.49,4,Active,1.0,5.0,5,255325.53,0.20481518330695953
ACC01858,R13,Manufacturing,137,1057788.5,0.9335,0.50–0.99,1,Active,0.6666666666666666,8.333333333333334,10,540397.39,0.2516965999962811
ACC01859,R16,Healthcare,247,1930484.99,3.0705,2.50–5.00,8,Active,1.0,10.0,5,9378739.36,0.1984220556883184
ACC01860,R02,Logistics,651,4271804.71,0.2786,0.15–0.49,5,Active,0.6666666666666666,8.333333333333334,20,1493286.6300000001,0.17286917974128016
ACC01861,R12,Financial services,62,304520.82,0.2242,0.15–0.49,6,Active,1.0,0.0,5,113025.12,0.2452522498076132
ACC01862,R39,Retail,304,2708681.87,1.1802,1.00–1.49,2,Active,0.6666666666666666,11.666666666666666,5,2493313.0100000002,0.2065285677772526
ACC01863,R03,Retail,267,1946838.14,2.1265,1.50–2.49,11,Active,0.6666666666666666,13.333333333333334,0,3056053.97,0.11669326292434584
ACC01864,R25,Professional services,400,3452827.94,4.8099,2.50–5.00,5,Active,1.0,-3.3333333333333335,-10,11522174.08,0.16261530272256394
ACC01865,R31,Hospitality,323,1820368.06,0.266,0.15–0.49,4,Active,0.3333333333333333,13.333333333333334,25,465292.8,0.15829913807349372
ACC01866,R41,Professional services,81,444118.06,0.7796,0.50–0.99,9,Active,1.0,3.3333333333333335,-5,220230.09,0.3156827980859234
ACC01867,R32,Manufacturing,489,2721622.15,0.2235,0.15–0.49,3,Active,0.6666666666666666,6.666666666666667,0,881237.85,0.1435380022083846
ACC01868,R41,Technology,201,1099771.58,0.8582,0.50–0.99,12,Active,1.0,6.666666666666667,5,788292.64,0.2164488333645172
ACC01869,R34,Financial services,163,1505599.93,3.0031,2.50–5.00,3,Active,1.0,-3.3333333333333335,5,4631918.52,0.160571848284457
ACC01870,R46,Healthcare,206,1553342.05,0.2199,0.15–0.49,8,Active,0.6666666666666666,10.0,10,477061.87,0.23133673452584916
ACC01871,R29,Retail,237,2051369.55,1.3938,1.00–1.49,6,Active,1.0,10.0,20,1271181.09,0.13400763341113248
ACC01872,R42,Healthcare,295,1971882.0,0.4719,0.15–0.49,9,Active,0.6666666666666666,10.0,5,504891.06,0.15973925986384607
ACC01873,R20,Manufacturing,206,1276764.9,0.2967,0.15–0.49,9,Active,1.0,1.6666666666666667,5,301095.03,0.20059013908368115
ACC01874,R47,Technology,416,2933145.75,0.6142,0.50–0.99,7,Active,0.6666666666666666,10.0,20,1255013.34,0.20607198125575013
ACC01875,R43,Hospitality,488,3804341.3,0.9319,0.50–0.99,10,Active,1.0,0.0,0,1529442.64,0.11574699435982418
ACC01876,R32,Professional services,182,1409264.68,2.364,1.50–2.49,7,Active,1.0,8.333333333333334,15,3302211.52,0.21499415101366773
ACC01877,R06,Healthcare,383,2407646.7,0.7247,0.50–0.99,7,Active,0.6666666666666666,1.6666666666666667,-10,1066763.27,0.1395499360637103
ACC01878,R01,Financial services,153,1558253.86,1.4549,1.00–1.49,6,Active,1.0,5.0,-5,1023216.07,0.26830466455321456
ACC01879,R29,Retail,136,706045.66,0.8694,0.50–0.99,10,Active,1.0,5.0,-10,483193.89,0.16125387485517667
ACC01880,R02,Financial services,68,449705.1,0.3779,0.15–0.49,3,Active,0.6666666666666666,6.666666666666667,5,121720.35,0.2576663914300752
ACC01881,R14,Professional services,387,2992189.63,0.9688,0.50–0.99,4,Active,1.0,3.3333333333333335,-5,1626561.56,0.17123564526143553
ACC01882,R19,Technology,326,2775589.8,3.8145,2.50–5.00,5,Active,1.0,6.666666666666667,5,8073379.9,0.10187985779235098
ACC01883,R20,Manufacturing,458,3401983.59,0.8648,0.50–0.99,11,Active,0.6666666666666666,10.0,20,1700927.67,0.11734225486755731
ACC01884,R48,Retail,296,2120986.37,4.9418,2.50–5.00,8,Active,1.0,13.333333333333334,15,7097341.87,0.10324419037552586
ACC01885,R45,Logistics,286,2033314.5,1.2051,1.00–1.49,1,Active,1.0,5.0,5,1525726.25,0.12032178375557011
ACC01886,R16,Professional services,188,1101096.81,0.2961,0.15–0.49,8,Active,1.0,-1.6666666666666667,-5,252441.6,0.1936093552381754
ACC01887,R09,Hospitality,484,3121262.0,3.2529,2.50–5.00,11,Active,1.0,8.333333333333334,15,15596774.15,0.09176072898435866
ACC01888,R42,Financial services,285,1865541.27,0.9815,0.50–0.99,6,Active,0.6666666666666666,5.0,20,1155283.23,0.14786556951224775
ACC01889,R08,Retail,547,3312907.26,0.4503,0.15–0.49,3,Active,0.6666666666666666,6.666666666666667,10,1009393.09,0.12550772185505954
ACC01890,R03,Professional services,553,3549589.25,0.4621,0.15–0.49,9,Active,0.6666666666666666,13.333333333333334,5,985052.08,0.13034823949943367
ACC01891,R04,Healthcare,110,815884.65,1.7625,1.50–2.49,9,Active,0.6666666666666666,-1.6666666666666667,15,1160438.3,0.1734918393852834
ACC01892,R37,Logistics,411,2922263.49,2.1493,1.50–2.49,10,Active,1.0,1.6666666666666667,5,5740740.6,0.12540757008502343
ACC01893,R31,Manufacturing,272,2000560.04,1.6767,1.50–2.49,8,Active,1.0,6.666666666666667,10,3786856.12,0.147989043941921
ACC01894,R18,Technology,265,1496464.67,1.4541,1.00–1.49,4,Active,1.0,8.333333333333334,15,2537798.98,0.1849168103290187
ACC01895,R41,Logistics,275,1585323.91,0.4458,0.15–0.49,7,Active,0.6666666666666666,15.0,25,478261.48,0.16251433535267665
ACC01896,R42,Technology,169,1182193.5,0.9643,0.50–0.99,4,Active,0.6666666666666666,15.0,5,575495.87,0.2199516252521457
ACC01897,R16,Logistics,217,1397546.54,0.4855,0.15–0.49,5,Active,0.3333333333333333,8.333333333333334,5,360931.49,0.2405593451218714
ACC01898,R41,Manufacturing,274,1818984.8,0.9805,0.50–0.99,5,Active,1.0,0.0,5,929129.3,0.16861188895097512
ACC01899,R18,Manufacturing,117,620303.7,0.7169,0.50–0.99,6,Active,1.0,-1.6666666666666667,5,306167.59,0.18946581799957457
ACC01900,R19,Financial services,95,820066.84,0.8142,0.50–0.99,8,Active,1.0,5.0,5,202254.78,0.26586829007611995
ACC01901,R34,Manufacturing,137,780159.51,0.5419,0.50–0.99,4,Active,0.3333333333333333,15.0,15,340909.39,0.19521924508798444
ACC01902,R08,Manufacturing,85,513963.96,0.8286,0.50–0.99,7,Active,1.0,10.0,0,167950.17,0.22057732499009272
ACC01903,R44,Financial services,291,2102504.77,0.9423,0.50–0.99,7,Active,1.0,11.666666666666666,0,1075911.1300000001,0.2179480510871117
ACC01904,R11,Manufacturing,850,6559891.78,0.9873,0.50–0.99,4,Active,1.0,0.0,0,2573449.28,0.11276228188743556
ACC01905,R08,Retail,379,2754200.41,2.3459,1.50–2.49,6,Active,1.0,5.0,20,4855751.07,0.124686735830464
ACC01906,R31,Logistics,274,1424590.27,0.2696,0.15–0.49,3,Active,0.6666666666666666,15.0,25,379144.94,0.15130874463607702
ACC01907,R35,Manufacturing,213,1039036.73,0.4396,0.15–0.49,2,Active,0.6666666666666666,11.666666666666666,15,240596.91,0.18238652088525745
ACC01908,R47,Financial services,306,2129234.67,0.6537,0.50–0.99,2,Active,1.0,8.333333333333334,5,855112.11,0.12898649544879642
ACC01909,R23,Retail,436,2805735.27,0.4397,0.15–0.49,4,Active,1.0,-3.3333333333333335,-10,918285.98,0.16562092423722424
ACC01910,R02,Hospitality,256,1482097.29,1.0239,1.00–1.49,8,Active,0.6666666666666666,1.6666666666666667,0,1803890.07,0.13583548648469906
ACC01911,R38,Hospitality,152,750988.01,0.4512,0.15–0.49,8,Active,1.0,11.666666666666666,10,322997.36,0.33451834018958587
ACC01912,R46,Healthcare,512,4721926.81,3.5032,2.50–5.00,4,Active,1.0,21.666666666666668,15,15084797.0,0.08767904456615234
ACC01913,R17,Manufacturing,738,5769680.26,1.9985,1.50–2.49,12,Active,1.0,5.0,-5,9116895.8,0.07648533933531373
ACC01914,R31,Logistics,194,1772700.84,0.2118,0.15–0.49,2,Active,1.0,5.0,10,331203.19,0.19905145091598556
ACC01915,R47,Logistics,356,2215260.44,1.1229,1.00–1.49,7,Active,1.0,11.666666666666666,15,2098806.6,0.11318150912121613
ACC01916,R25,Hospitality,154,946607.5,0.2912,0.15–0.49,12,Active,0.6666666666666666,6.666666666666667,25,189879.41,0.20962800563672268
ACC01917,R32,Technology,124,1008469.7,1.4362,1.00–1.49,11,Active,1.0,-1.6666666666666667,5,536576.9,0.2788782498063336
ACC01918,R09,Hospitality,1018,5622299.08,0.5016,0.50–0.99,10,Active,0.6666666666666666,-3.3333333333333335,0,3570188.78,0.0822429157350017
ACC01919,R14,Manufacturing,191,1273423.3,0.8695,0.50–0.99,8,Active,0.3333333333333333,5.0,0,397921.73,0.19135471590372405
ACC01920,R48,Logistics,248,1347144.98,0.7,0.50–0.99,5,Active,0.6666666666666666,6.666666666666667,-5,833460.44,0.13977145458686607
ACC01921,R43,Hospitality,649,4071425.39,0.6761,0.50–0.99,12,Active,0.6666666666666666,11.666666666666666,0,2286112.92,0.10788129751120512
ACC01922,R40,Healthcare,249,1798082.55,0.8474,0.50–0.99,7,Active,1.0,3.3333333333333335,0,965370.56,0.18186165812669544
ACC01923,R34,Manufacturing,187,1058333.15,1.1457,1.00–1.49,7,Active,0.6666666666666666,8.333333333333334,-5,966306.13,0.15001270393654517
ACC01924,R33,Retail,176,1507402.28,0.4507,0.15–0.49,2,Active,0.6666666666666666,-3.3333333333333335,-10,230956.68,0.2792243459745484
ACC01925,R33,Hospitality,300,1990339.82,0.9485,0.50–0.99,8,Active,0.6666666666666666,21.666666666666668,20,1154241.31,0.15676319516418394
ACC01926,R38,Retail,190,1127130.02,0.7347,0.50–0.99,11,Active,0.6666666666666666,6.666666666666667,0,394986.14,0.17568413509407343
ACC01927,R41,Professional services,170,875272.14,0.7586,0.50–0.99,8,Active,0.6666666666666666,-5.0,0,461068.17,0.157937802208926
ACC01928,R01,Manufacturing,62,402192.58,0.2814,0.15–0.49,9,Active,0.3333333333333333,10.0,20,413035.05000000005,0.5605259689537968
ACC01929,R16,Financial services,170,1670793.11,0.7803,0.50–0.99,1,Active,1.0,-1.6666666666666667,-15,566181.82,0.22009457443750002
ACC01930,R39,Professional services,1049,6297387.74,3.5435,2.50–5.00,8,Active,1.0,11.666666666666666,5,31687846.99,0.07235172241636258
ACC01931,R35,Technology,98,656114.53,0.593,0.50–0.99,5,Active,0.6666666666666666,15.0,0,489962.21,0.3365625141389573
ACC01932,R23,Retail,1040,8345249.94,1.2671,1.00–1.49,4,Active,1.0,-5.0,0,6518303.59,0.06949389932228238
ACC01933,R16,Professional services,172,914266.44,0.6437,0.50–0.99,10,Active,0.6666666666666666,0.0,5,488783.12,0.22612219145936951
ACC01934,R45,Manufacturing,296,1943509.35,0.8561,0.50–0.99,12,Active,1.0,11.666666666666666,15,1021104.22,0.15249341082416795
ACC01935,R02,Manufacturing,369,2131863.15,0.964,0.50–0.99,4,Active,0.6666666666666666,3.3333333333333335,15,1221480.89,0.1411930067261507
ACC01936,R16,Retail,186,934172.63,0.7368,0.50–0.99,12,Active,0.0,13.333333333333334,10,674425.76,0.16105697524531784
ACC01937,R23,Healthcare,182,1476637.54,0.5987,0.50–0.99,1,Active,1.0,8.333333333333334,0,428118.52,0.14325751892518857
ACC01938,R44,Manufacturing,299,2140130.39,0.6522,0.50–0.99,10,Active,0.6666666666666666,10.0,10,912960.66,0.13462193166465844
ACC01939,R34,Technology,62,391461.24,0.5658,0.50–0.99,6,Active,0.6666666666666666,1.6666666666666667,0,248279.02000000002,0.4628526876227173
ACC01940,R48,Retail,118,640887.16,0.7758,0.50–0.99,4,Active,1.0,5.0,20,225158.72,0.26127972143321765
ACC01941,R32,Professional services,236,1374868.45,0.5363,0.50–0.99,11,Active,0.3333333333333333,11.666666666666666,5,707413.79,0.15859351554644113
ACC01942,R33,Hospitality,229,1754269.38,0.2224,0.15–0.49,4,Active,0.6666666666666666,13.333333333333334,15,399140.0,0.2131520655251222
ACC01943,R16,Manufacturing,259,1598502.21,0.2926,0.15–0.49,9,Active,0.6666666666666666,15.0,10,470850.89,0.2041827744529055
ACC01944,R20,Retail,226,1761815.61,0.1739,0.15–0.49,6,Active,1.0,5.0,5,383580.15,0.21631657598110063
ACC01945,R01,Technology,411,2699863.28,0.5884,0.50–0.99,10,Active,1.0,5.0,5,1493557.7,0.1454352427500994
ACC01946,R22,Professional services,523,3402532.64,0.37,0.15–0.49,5,Active,0.6666666666666666,0.0,5,911698.16,0.2391249988219745
ACC01947,R13,Healthcare,486,3463355.15,0.7909,0.50–0.99,8,Active,0.6666666666666666,5.0,0,1929202.08,0.1511275131497405
ACC01948,R18,Manufacturing,356,2197557.29,1.1099,1.00–1.49,12,Active,0.3333333333333333,11.666666666666666,-10,2997715.21,0.16242743644123192
ACC01949,R07,Retail,316,3019207.85,0.5356,0.50–0.99,1,Active,1.0,10.0,10,1000415.44,0.14146602109229997
ACC01950,R10,Manufacturing,144,967591.6,2.3674,1.50–2.49,2,Active,1.0,8.333333333333334,0,2291517.47,0.17816266079212534
ACC01951,R28,Manufacturing,444,3720606.72,1.2477,1.00–1.49,11,Active,1.0,3.3333333333333335,-5,2897661.53,0.1209209841024758
ACC01952,R35,Hospitality,491,3061961.09,0.4745,0.15–0.49,4,Active,1.0,8.333333333333334,5,744851.04,0.13100882938014727
ACC01953,R01,Hospitality,158,1148846.78,1.1884,1.00–1.49,12,Active,1.0,0.0,5,2012514.06,0.30024276289066587
ACC01954,R03,Retail,469,3428181.64,0.5986,0.50–0.99,3,Active,1.0,6.666666666666667,15,1760684.36,0.12396332038918928
ACC01955,R36,Retail,326,2636599.28,2.9017,2.50–5.00,5,Active,1.0,1.6666666666666667,10,8664641.22,0.1170790822975787
ACC01956,R41,Logistics,385,2277377.01,0.2609,0.15–0.49,2,Active,0.6666666666666666,10.0,5,650779.84,0.15978104974055404
ACC01957,R42,Logistics,114,656010.54,0.8923,0.50–0.99,5,Active,0.6666666666666666,16.666666666666668,15,281911.85,0.23379534324615447
ACC01958,R14,Manufacturing,109,609093.89,0.6439,0.50–0.99,9,Active,0.6666666666666666,6.666666666666667,20,353969.04,0.22298362526649335
ACC01959,R02,Retail,167,1148722.82,0.3642,0.15–0.49,2,Active,0.6666666666666666,10.0,20,223204.86,0.19280148032715025
ACC01960,R21,Technology,76,516647.92,0.5398,0.50–0.99,1,Active,1.0,6.666666666666667,0,192527.41,0.24456573190737924
ACC01961,R08,Retail,62,358258.74,0.3256,0.15–0.49,9,Active,0.6666666666666666,6.666666666666667,0,127703.8,0.3385383287006229
ACC01962,R20,Manufacturing,832,4227307.19,0.5765,0.50–0.99,12,Active,0.6666666666666666,10.0,5,2823662.0,0.11992850157965244
ACC01963,R43,Retail,298,2151924.35,0.3318,0.15–0.49,12,Active,0.6666666666666666,15.0,10,367533.7,0.16427436702306672
ACC01964,R41,Financial services,151,1437173.26,1.5914,1.50–2.49,9,Active,1.0,6.666666666666667,10,2349512.2,0.18198697551552415
ACC01965,R38,Financial services,231,2234965.16,1.4316,1.00–1.49,5,Active,1.0,11.666666666666666,20,1406712.69,0.16617279221174935
ACC01966,R33,Retail,190,1384765.37,0.886,0.50–0.99,10,Active,0.6666666666666666,11.666666666666666,25,494366.68,0.171882593389204
ACC01967,R17,Financial services,235,1501900.69,0.29,0.15–0.49,9,Active,1.0,11.666666666666666,20,531491.34,0.17689549535651614
ACC01968,R18,Hospitality,175,931629.04,0.8373,0.50–0.99,6,Active,1.0,-1.6666666666666667,-15,370417.42,0.17365680675036235
ACC01969,R35,Manufacturing,256,1392560.24,1.475,1.00–1.49,1,Active,0.6666666666666666,10.0,0,1550574.39,0.13655923107561424
ACC01970,R24,Logistics,136,852162.15,0.9702,0.50–0.99,8,Active,1.0,-5.0,5,331476.98,0.29677714070976274
ACC01971,R26,Professional services,117,937067.36,0.6626,0.50–0.99,11,Active,0.6666666666666666,13.333333333333334,15,482256.61,0.22794327625710775
ACC01972,R30,Technology,158,1238211.35,0.7122,0.50–0.99,12,Active,0.6666666666666666,3.3333333333333335,10,598990.32,0.21504583910511543
ACC01973,R19,Technology,146,720207.59,0.6131,0.50–0.99,6,Active,0.6666666666666666,1.6666666666666667,5,468885.46,0.2809783504699394
ACC01974,R18,Hospitality,508,3222360.84,0.689,0.50–0.99,8,Active,0.6666666666666666,6.666666666666667,5,1820511.92,0.1364287202156366
ACC01975,R12,Financial services,272,1796022.57,0.7809,0.50–0.99,9,Active,0.6666666666666666,18.333333333333332,20,933734.71,0.14850765765718232
ACC01976,R03,Healthcare,179,1214527.37,0.3441,0.15–0.49,2,Active,0.6666666666666666,5.0,10,230497.76,0.21294892583760694
ACC01977,R11,Financial services,97,765306.05,1.4031,1.00–1.49,8,Active,1.0,6.666666666666667,10,867646.16,0.357266893487337
ACC01978,R35,Healthcare,335,2337632.85,1.3505,1.00–1.49,9,Active,0.6666666666666666,0.0,5,2293188.94,0.13797133076138532
ACC01979,R42,Logistics,152,947651.65,0.1611,0.15–0.49,8,Active,0.6666666666666666,10.0,-5,186071.04,0.22688093990300331
ACC01980,R04,Healthcare,132,724689.06,2.742,2.50–5.00,4,Active,1.0,0.0,5,3577721.46,0.14755391206970106
ACC01981,R09,Healthcare,287,1757298.59,0.9188,0.50–0.99,7,Active,1.0,8.333333333333334,5,960604.9,0.1423900191388635
ACC01982,R26,Logistics,95,483971.66,0.7536,0.50–0.99,3,Active,1.0,5.0,0,311830.14,0.21937291183253865
ACC01983,R08,Professional services,217,1578984.79,0.9699,0.50–0.99,6,Active,1.0,8.333333333333334,5,958917.47,0.20435770780214227
ACC01984,R46,Manufacturing,307,2482784.82,1.4627,1.00–1.49,5,Active,1.0,1.6666666666666667,0,2861748.07,0.12866585493845306
ACC01985,R28,Technology,192,1142516.07,0.5506,0.50–0.99,2,Active,0.6666666666666666,5.0,-5,499030.18,0.15207501972374612
ACC01986,R23,Manufacturing,152,1035783.43,1.9616,1.50–2.49,3,Active,0.6666666666666666,8.333333333333334,0,1754299.9000000001,0.15413393205401885
ACC01987,R26,Financial services,214,1521351.14,0.6292,0.50–0.99,7,Active,1.0,10.0,15,709791.95,0.1616292036394666
ACC01988,R33,Technology,159,813692.45,0.3859,0.15–0.49,10,Active,0.6666666666666666,-1.6666666666666667,-10,345013.92,0.27876438463575537
ACC01989,R31,Healthcare,289,1784138.69,0.4367,0.15–0.49,4,Active,0.3333333333333333,13.333333333333334,15,423191.12,0.20802080350038488
ACC01990,R48,Manufacturing,134,911664.25,0.8459,0.50–0.99,9,Active,0.6666666666666666,8.333333333333334,10,505176.4,0.22614383003210226
ACC01991,R16,Retail,64,533383.87,0.8625,0.50–0.99,2,Active,0.3333333333333333,6.666666666666667,0,339546.95,0.6231765005633884
ACC01992,R34,Technology,108,495251.19,0.6429,0.50–0.99,3,Active,1.0,1.6666666666666667,10,206902.81,0.2963941240536491
ACC01993,R12,Manufacturing,145,1424915.1,0.8569,0.50–0.99,10,Active,1.0,6.666666666666667,5,271593.09,0.1416816420204285
ACC01994,R21,Technology,137,914086.75,0.2527,0.15–0.49,9,Active,0.3333333333333333,11.666666666666666,25,394103.66,0.2865719749713428
ACC01995,R25,Hospitality,877,8017980.22,1.636,1.50–2.49,2,Active,0.6666666666666666,3.3333333333333335,15,10855365.86,0.07085957513682124
ACC01996,R01,Financial services,674,3670912.8,0.5221,0.50–0.99,12,Active,0.6666666666666666,11.666666666666666,20,2319047.1,0.11064782109376689
ACC01997,R30,Professional services,254,2376017.31,2.2515,1.50–2.49,11,Active,1.0,3.3333333333333335,5,3167002.02,0.13377609410628213
ACC01998,R11,Hospitality,310,1928699.67,0.784,0.50–0.99,7,Active,0.6666666666666666,5.0,-10,1335724.91,0.125603446734683
ACC01999,R13,Logistics,267,1316528.22,0.3667,0.15–0.49,12,Active,1.0,-5.0,-5,428584.2,0.19219473575845208
ACC02000,R46,Financial services,525,4327385.88,1.6144,1.50–2.49,1,Active,1.0,1.6666666666666667,10,8235904.59,0.09789841933723555
ACC02001,R29,Professional services,230,1666055.73,1.2494,1.00–1.49,10,Active,1.0,3.3333333333333335,15,1402519.74,0.141142072768361
ACC02002,R12,Technology,104,791213.01,1.1205,1.00–1.49,1,Active,1.0,18.333333333333332,20,703334.46,0.2525430688710789
ACC02003,R39,Healthcare,246,1773108.78,0.3025,0.15–0.49,9,Active,0.3333333333333333,13.333333333333334,20,352157.87,0.1790981513681114
ACC02004,R01,Healthcare,192,1254978.59,0.8997,0.50–0.99,8,Active,1.0,6.666666666666667,5,660792.5,0.15522187519705763
ACC02005,R12,Retail,169,1109840.4,1.1298,1.00–1.49,11,Active,1.0,5.0,15,1580731.38,0.21156418928463933
ACC02006,R25,Logistics,236,1604105.95,0.4362,0.15–0.49,9,Active,1.0,11.666666666666666,20,415019.1,0.18170342375775037
ACC02007,R30,Healthcare,183,1420372.16,0.838,0.50–0.99,11,Active,0.6666666666666666,8.333333333333334,10,713060.03,0.21054497031875968
ACC02008,R03,Technology,66,468238.65,0.7294,0.50–0.99,6,Active,0.3333333333333333,20.0,10,190713.59,0.28879273260777844
ACC02009,R31,Hospitality,581,3686709.85,0.9787,0.50–0.99,2,Active,0.6666666666666666,10.0,10,1966726.87,0.097667126582897
ACC02010,R06,Retail,590,5277503.76,2.0292,1.50–2.49,1,Active,1.0,10.0,5,7883502.01,0.11953888096407976
ACC02011,R13,Retail,829,5164848.28,0.8864,0.50–0.99,6,Active,1.0,3.3333333333333335,10,3311155.12,0.13527287490412554
ACC02012,R26,Logistics,392,2106280.39,0.4435,0.15–0.49,6,Active,1.0,6.666666666666667,15,640282.41,0.18491268631140295
ACC02013,R20,Hospitality,311,2205732.72,0.2825,0.15–0.49,5,Active,0.6666666666666666,-1.6666666666666667,-5,557473.25,0.16492214840393563
ACC02014,R11,Technology,333,1595128.69,0.6893,0.50–0.99,11,Active,1.0,11.666666666666666,10,1036949.0599999999,0.15654719956426663
ACC02015,R24,Technology,349,2481378.79,0.5892,0.50–0.99,8,Active,1.0,15.0,15,1332512.62,0.1828184368975487
ACC02016,R40,Manufacturing,152,843800.18,0.7335,0.50–0.99,8,Active,1.0,5.0,5,661556.18,0.23073393518541027
ACC02017,R04,Logistics,351,2563666.26,0.5142,0.50–0.99,9,Active,0.6666666666666666,10.0,5,1129985.58,0.12075342744941371
ACC02018,R19,Healthcare,198,1316819.71,0.5264,0.50–0.99,5,Active,1.0,8.333333333333334,25,867645.28,0.24835651211601328
ACC02019,R41,Healthcare,86,684703.95,0.5531,0.50–0.99,8,Active,0.6666666666666666,6.666666666666667,5,406389.98,0.2644769479847925
ACC02020,R14,Financial services,172,1153589.43,0.212,0.15–0.49,3,Active,1.0,18.333333333333332,10,158779.9,0.17773389167554324
ACC02021,R46,Professional services,162,1001540.28,0.3657,0.15–0.49,6,Active,0.3333333333333333,3.3333333333333335,-10,202455.33000000002,0.22609237662809903
ACC02022,R15,Financial services,307,2316978.44,0.7529,0.50–0.99,7,Active,0.6666666666666666,13.333333333333334,10,986138.27,0.17541362550900536
ACC02023,R33,Hospitality,212,1697652.48,0.8448,0.50–0.99,5,Active,1.0,13.333333333333334,5,762339.43,0.1495773002835809
ACC02024,R27,Technology,62,485449.57,0.628,0.50–0.99,4,Active,0.6666666666666666,3.3333333333333335,0,456806.88,0.3382254207154378
ACC02025,R33,Healthcare,62,381447.24,0.5347,0.50–0.99,8,Active,1.0,6.666666666666667,5,160489.72,0.2093191047301686
ACC02026,R37,Technology,468,3465514.93,0.709,0.50–0.99,12,Active,0.6666666666666666,-1.6666666666666667,0,1606127.1,0.1295486602859535
ACC02027,R41,Professional services,181,1811548.86,2.4732,1.50–2.49,4,Active,1.0,11.666666666666666,15,2162653.64,0.13898991144563094
ACC02028,R42,Retail,135,660992.32,0.9488,0.50–0.99,10,Active,1.0,-1.6666666666666667,-15,426714.57,0.22097014608671145
ACC02029,R35,Manufacturing,221,1916160.51,2.4264,1.50–2.49,3,Active,1.0,1.6666666666666667,10,2993499.71,0.14889899362151252
ACC02030,R05,Retail,129,732633.21,0.586,0.50–0.99,11,Active,0.6666666666666666,8.333333333333334,0,340384.47,0.19196401320352635
ACC02031,R43,Manufacturing,119,856049.74,0.7797,0.50–0.99,6,Active,1.0,1.6666666666666667,-15,392210.47000000003,0.2041922274421008
ACC02032,R17,Manufacturing,410,2725941.22,0.6156,0.50–0.99,6,Active,1.0,8.333333333333334,5,1579538.95,0.13316747100031578
ACC02033,R48,Healthcare,307,1804648.6,0.589,0.50–0.99,5,Active,1.0,1.6666666666666667,-10,1158958.54,0.1474063878819974
ACC02034,R23,Manufacturing,618,3012189.81,0.6247,0.50–0.99,11,Active,1.0,13.333333333333334,10,1970386.88,0.11956640540235511
ACC02035,R13,Retail,549,3872341.15,0.7037,0.50–0.99,9,Active,1.0,8.333333333333334,5,1979058.51,0.1318231452887881
ACC02036,R06,Technology,674,4477748.8,0.9196,0.50–0.99,8,Active,1.0,8.333333333333334,15,2578773.54,0.09501799950301375
ACC02037,R17,Professional services,277,1700657.1,0.7848,0.50–0.99,6,Active,1.0,13.333333333333334,15,959265.07,0.14018189196052958
ACC02038,R48,Financial services,83,564671.93,1.7574,1.50–2.49,11,Active,1.0,0.0,0,1127883.2,0.22101757746666534
ACC02039,R44,Logistics,221,1637411.63,1.5651,1.50–2.49,1,Active,0.6666666666666666,6.666666666666667,5,2752913.14,0.1347000304458121
ACC02040,R47,Logistics,382,2685598.11,0.9844,0.50–0.99,1,Active,0.3333333333333333,-1.6666666666666667,-15,1164423.72,0.11739515105673554
ACC02041,R20,Hospitality,379,1683979.09,0.5446,0.50–0.99,7,Active,0.6666666666666666,11.666666666666666,5,1665911.48,0.1500570607477836
ACC02042,R02,Healthcare,148,1146389.86,0.8825,0.50–0.99,7,Active,0.6666666666666666,15.0,5,569283.37,0.1772297442508134
ACC02043,R42,Hospitality,643,3314390.61,0.844,0.50–0.99,5,Active,1.0,5.0,0,2506550.68,0.12640873644239542
ACC02044,R23,Healthcare,316,2217188.26,0.8314,0.50–0.99,8,Active,1.0,3.3333333333333335,0,898915.24,0.1384349539982757
ACC02045,R11,Financial services,452,2620076.95,0.7099,0.50–0.99,8,Active,0.6666666666666666,13.333333333333334,5,1246009.86,0.11877951595771538
ACC02046,R33,Healthcare,199,1506709.84,1.3922,1.00–1.49,7,Active,1.0,-1.6666666666666667,-5,1118930.13,0.1443227065931446
ACC02047,R31,Retail,96,791889.15,1.5453,1.50–2.49,4,Active,1.0,1.6666666666666667,20,1572465.98,0.1961360419895494
ACC02048,R40,Logistics,795,4535869.4,0.2271,0.15–0.49,11,Active,1.0,1.6666666666666667,-10,1557290.86,0.15136628070849914
ACC02049,R47,Manufacturing,529,4995385.97,0.7709,0.50–0.99,11,Active,1.0,-1.6666666666666667,5,1667145.48,0.13093915755508212
ACC02050,R04,Manufacturing,212,1346167.82,0.7813,0.50–0.99,12,Active,1.0,8.333333333333334,5,673669.19,0.155056659375613
ACC02051,R19,Retail,1022,6759394.84,0.4278,0.15–0.49,4,Active,1.0,0.0,-5,1644943.78,0.08965160101763665
ACC02052,R38,Retail,308,1871132.05,0.3118,0.15–0.49,2,Active,0.6666666666666666,5.0,0,454885.20999999996,0.18118150355070362
ACC02053,R14,Logistics,67,386081.58,0.4186,0.15–0.49,6,Active,0.6666666666666666,1.6666666666666667,5,77642.87,0.3557299747488458
ACC02054,R14,Hospitality,233,1844395.84,3.3122,2.50–5.00,11,Active,1.0,10.0,10,7235072.19,0.11622514885959963
ACC02055,R40,Healthcare,132,824507.39,0.8144,0.50–0.99,4,Active,1.0,13.333333333333334,0,535139.43,0.20000636092078086
ACC02056,R05,Retail,99,520411.32,1.4164,1.00–1.49,5,Active,1.0,5.0,-10,694460.47,0.18935454304897215
ACC02057,R17,Healthcare,178,893916.93,0.5648,0.50–0.99,4,Active,0.6666666666666666,5.0,0,711741.67,0.31923718817961333
ACC02058,R33,Healthcare,139,1264578.76,2.4197,1.50–2.49,10,Active,1.0,-3.3333333333333335,0,1617945.11,0.15860358287939513
ACC02059,R02,Financial services,439,3281634.44,0.7839,0.50–0.99,3,Active,0.3333333333333333,-5.0,-15,1576580.58,0.12046938419726946
ACC02060,R08,Retail,698,6835153.39,4.1857,2.50–5.00,11,Active,1.0,-1.6666666666666667,-5,18185148.86,0.07449895938992969
ACC02061,R35,Logistics,243,1306138.17,0.5038,0.50–0.99,12,Active,0.6666666666666666,10.0,25,785769.35,0.15882295886664538
ACC02062,R40,Healthcare,156,929078.67,1.7696,1.50–2.49,9,Active,1.0,11.666666666666666,15,2189369.71,0.1883963495020359
ACC02063,R31,Manufacturing,393,2475097.77,0.1795,0.15–0.49,4,Active,1.0,0.0,5,1253441.08,0.23402366875152297
ACC02064,R11,Hospitality,170,1113657.78,0.4355,0.15–0.49,9,Active,1.0,-3.3333333333333335,5,308155.74,0.23898054811015979
ACC02065,R25,Technology,160,1161924.03,0.5073,0.50–0.99,10,Active,1.0,5.0,0,566288.84,0.2514785494984449
ACC02066,R34,Manufacturing,131,623351.69,0.8,0.50–0.99,5,Active,0.6666666666666666,1.6666666666666667,-5,376810.73,0.24733469162137958
ACC02067,R17,Professional services,70,544712.12,0.3114,0.15–0.49,9,Active,1.0,10.0,0,123238.76000000001,0.3334193884706465
ACC02068,R07,Financial services,193,1283680.18,0.8163,0.50–0.99,7,Active,0.6666666666666666,8.333333333333334,10,688797.23,0.21248616410807397
ACC02069,R07,Hospitality,680,5421946.05,0.9043,0.50–0.99,12,Active,1.0,11.666666666666666,5,2160865.01,0.09881087005598517
ACC02070,R47,Financial services,319,2788847.65,1.4201,1.00–1.49,5,Active,1.0,13.333333333333334,5,1891229.05,0.13851203354110986
ACC02071,R03,Retail,184,1193847.51,0.3332,0.15–0.49,8,Active,0.6666666666666666,10.0,5,344312.71,0.21406871911898373
ACC02072,R01,Hospitality,624,4159380.57,0.8255,0.50–0.99,7,Active,0.6666666666666666,11.666666666666666,20,1706157.01,0.09341634656794455
ACC02073,R13,Healthcare,358,2815280.89,1.739,1.50–2.49,3,Active,1.0,-1.6666666666666667,-15,4427243.28,0.10820204144431671
ACC02074,R14,Healthcare,212,1463360.01,1.064,1.00–1.49,12,Active,0.6666666666666666,5.0,0,1092413.99,0.14643523589943566
ACC02075,R12,Manufacturing,110,620173.89,0.3726,0.15–0.49,1,Active,1.0,6.666666666666667,0,206654.88999999998,0.28884071697973746
ACC02076,R21,Financial services,826,5093633.21,0.911,0.50–0.99,10,Active,1.0,5.0,0,3206279.95,0.10168051938443964
ACC02077,R24,Financial services,427,2522553.98,0.2257,0.15–0.49,11,Active,1.0,5.0,15,892769.0,0.287615702040783
ACC02078,R06,Logistics,294,1710246.89,0.9627,0.50–0.99,10,Active,1.0,8.333333333333334,0,898244.1,0.13793376860719436
ACC02079,R32,Professional services,641,3949723.45,0.9277,0.50–0.99,12,Active,0.6666666666666666,-1.6666666666666667,-10,1821017.55,0.09777016775021129
ACC02080,R48,Manufacturing,304,1410213.33,0.5736,0.50–0.99,5,Active,1.0,10.0,0,891299.5,0.13911190947259178
ACC02081,R19,Financial services,375,1733027.36,0.1525,0.15–0.49,10,Active,1.0,1.6666666666666667,-5,672074.45,0.2229644205052537
ACC02082,R04,Hospitality,485,2240163.77,0.6752,0.50–0.99,3,Active,0.6666666666666666,15.0,20,1406808.57,0.1065906634362548
ACC02083,R07,Logistics,202,1494891.49,0.7311,0.50–0.99,7,Active,1.0,5.0,15,823754.99,0.21493713382077106
ACC02084,R07,Manufacturing,110,743805.77,0.2969,0.15–0.49,7,Active,1.0,5.0,0,234657.16999999998,0.2627408730675821
ACC02085,R48,Financial services,142,694846.33,0.8522,0.50–0.99,10,Active,1.0,3.3333333333333335,0,686288.96,0.23513266647443568
ACC02086,R03,Professional services,364,1874927.13,0.5945,0.50–0.99,10,Active,1.0,-5.0,-5,963114.38,0.1549621848805076
ACC02087,R09,Retail,156,937044.1,0.2547,0.15–0.49,8,Active,0.6666666666666666,11.666666666666666,5,272354.39,0.24119638055894047
ACC02088,R25,Financial services,273,1646310.92,0.2644,0.15–0.49,4,Active,1.0,-5.0,-10,559736.26,0.1667543088003907
ACC02089,R23,Technology,154,1115364.5,0.1738,0.15–0.49,3,Active,0.6666666666666666,6.666666666666667,10,205295.63,0.21119781690925296
ACC02090,R37,Manufacturing,416,4132241.98,1.2979,1.00–1.49,12,Active,1.0,13.333333333333334,15,2659522.5100000002,0.11338968155894842
ACC02091,R35,Retail,854,4694943.14,0.8235,0.50–0.99,11,Active,1.0,10.0,10,3530397.65,0.09650710217937777
ACC02092,R11,Hospitality,105,616766.6,1.4025,1.00–1.49,8,Active,1.0,13.333333333333334,10,781718.15,0.28144412446371386
ACC02093,R27,Professional services,237,1428626.29,0.2962,0.15–0.49,7,Active,0.6666666666666666,5.0,15,315919.45,0.16130354762694926
ACC02094,R39,Financial services,328,2433760.6,1.9009,1.50–2.49,12,Active,1.0,5.0,5,4214015.02,0.1365125464555629
ACC02095,R26,Retail,317,1705127.56,0.8754,0.50–0.99,10,Active,0.6666666666666666,6.666666666666667,10,1009064.68,0.1378966356790696
ACC02096,R26,Retail,164,1000750.83,0.7065,0.50–0.99,6,Active,1.0,1.6666666666666667,15,495858.72,0.28567605706020816
ACC02097,R31,Financial services,150,1367444.34,0.6809,0.50–0.99,6,Active,1.0,1.6666666666666667,5,434161.62,0.18190338574963594
ACC02098,R07,Logistics,341,2028204.63,0.4384,0.15–0.49,7,Active,0.6666666666666666,11.666666666666666,5,574424.53,0.15505116689116913
ACC02099,R21,Technology,88,510374.23,0.7244,0.50–0.99,5,Active,1.0,5.0,-5,399253.83,0.2886674061888904
ACC02100,R23,Financial services,193,1299482.69,0.8854,0.50–0.99,7,Active,0.3333333333333333,8.333333333333334,5,757474.63,0.16462045832322877
ACC02101,R32,Logistics,327,2822818.41,4.5237,2.50–5.00,4,Active,1.0,8.333333333333334,5,9737729.65,0.10325512758983132
ACC02102,R40,Healthcare,495,3514221.69,0.7447,0.50–0.99,5,Active,0.6666666666666666,3.3333333333333335,-5,1754733.51,0.11018734679092339
ACC02103,R31,Technology,172,1437474.81,1.4062,1.00–1.49,1,Active,1.0,1.6666666666666667,-15,1309823.14,0.17319991532320986
ACC02104,R45,Logistics,149,1100054.08,1.3775,1.00–1.49,3,Active,0.6666666666666666,11.666666666666666,25,874013.86,0.13898755235161198
ACC02105,R30,Healthcare,695,5994790.86,1.9991,1.50–2.49,6,Active,1.0,10.0,0,8745010.1,0.08403953592413893
ACC02106,R12,Manufacturing,234,1529623.11,0.3704,0.15–0.49,2,Active,1.0,6.666666666666667,10,410804.36,0.17975400012704454
ACC02107,R22,Retail,439,3760795.06,0.9082,0.50–0.99,6,Active,0.6666666666666666,1.6666666666666667,10,1388661.1,0.11383986672454492
ACC02108,R06,Logistics,397,2676757.07,0.2519,0.15–0.49,10,Active,1.0,0.0,5,528551.25,0.15094572679770535
ACC02109,R26,Technology,96,648156.1,0.8209,0.50–0.99,1,Active,0.6666666666666666,15.0,25,456477.9,0.2951691120353734
ACC02110,R15,Retail,506,3311541.69,0.6725,0.50–0.99,6,Active,1.0,6.666666666666667,5,1526570.05,0.12258038325140072
ACC02111,R02,Hospitality,227,1520554.09,1.3803,1.00–1.49,5,Active,1.0,8.333333333333334,5,2236952.26,0.16256961999176342
ACC02112,R17,Healthcare,320,1584160.38,0.2341,0.15–0.49,11,Active,1.0,1.6666666666666667,0,908986.87,0.3160616144891716
ACC02113,R42,Hospitality,163,1074294.37,0.9402,0.50–0.99,7,Active,1.0,-1.6666666666666667,-10,739756.74,0.21177706709043717
ACC02114,R18,Professional services,293,1627774.8,0.7187,0.50–0.99,11,Active,0.6666666666666666,-5.0,5,1424711.29,0.2520372534733497
ACC02115,R40,Hospitality,1005,7477030.36,0.7584,0.50–0.99,10,Active,0.6666666666666666,5.0,0,3008932.53,0.08547170786550704
ACC02116,R26,Professional services,62,339212.14,0.2497,0.15–0.49,8,Active,0.6666666666666666,1.6666666666666667,5,117227.34,0.4566651238418988
ACC02117,R30,Financial services,493,2703883.56,0.8365,0.50–0.99,4,Active,0.6666666666666666,8.333333333333334,0,1589397.26,0.13600698725983082
ACC02118,R12,Logistics,147,874341.84,0.8534,0.50–0.99,11,Active,1.0,13.333333333333334,10,367977.99,0.18596229675754852
ACC02119,R06,Professional services,590,3929639.88,0.5102,0.50–0.99,5,Active,1.0,8.333333333333334,20,1969521.88,0.14331494404215414
ACC02120,R11,Retail,448,3013588.36,0.4051,0.15–0.49,2,Active,0.6666666666666666,3.3333333333333335,-10,819085.82,0.15311690280537818
ACC02121,R35,Retail,433,2414344.09,0.6372,0.50–0.99,5,Active,1.0,-1.6666666666666667,0,1139516.42,0.10369320424663003
ACC02122,R43,Technology,418,3396456.22,0.6476,0.50–0.99,7,Active,1.0,1.6666666666666667,-10,1527225.75,0.10975174527159307
ACC02123,R14,Healthcare,439,4085712.98,0.5784,0.50–0.99,8,Active,0.6666666666666666,10.0,15,1559576.51,0.15067533360579294
ACC02124,R38,Financial services,279,1571241.6,0.7301,0.50–0.99,5,Active,1.0,-1.6666666666666667,0,910543.51,0.16511200686244895
ACC02125,R44,Manufacturing,401,2782555.91,1.0266,1.00–1.49,2,Active,0.6666666666666666,13.333333333333334,20,2420289.56,0.14795688231865528
ACC02126,R16,Logistics,373,2816963.15,0.8533,0.50–0.99,1,Active,0.6666666666666666,5.0,10,1195169.24,0.1394914159763236
ACC02127,R37,Healthcare,265,1930658.72,1.0217,1.00–1.49,11,Active,0.6666666666666666,8.333333333333334,5,2089645.14,0.16457468207264273
ACC02128,R41,Logistics,382,1993659.04,0.8479,0.50–0.99,4,Active,1.0,6.666666666666667,10,1304899.21,0.13342966287106872
ACC02129,R10,Professional services,371,1889533.83,0.2558,0.15–0.49,2,Active,0.6666666666666666,3.3333333333333335,-5,466745.77,0.13324796493103508
ACC02130,R44,Manufacturing,770,5434602.06,1.4276,1.00–1.49,1,Active,1.0,6.666666666666667,10,4967929.38,0.08648084207434655
ACC02131,R13,Hospitality,181,1170184.45,0.6511,0.50–0.99,11,Active,0.6666666666666666,0.0,-15,753943.21,0.1920862801680321
ACC02132,R07,Retail,69,515660.71,1.3047,1.00–1.49,11,Active,1.0,8.333333333333334,25,365366.85,0.20245304102721517
ACC02133,R02,Hospitality,165,1079539.82,0.6477,0.50–0.99,8,Active,0.6666666666666666,8.333333333333334,10,821687.96,0.1745344107990995
ACC02134,R25,Hospitality,170,1537155.27,3.8527,2.50–5.00,4,Active,1.0,20.0,25,4468163.42,0.1555850678960829
ACC02135,R25,Logistics,320,2150507.01,3.4115,2.50–5.00,9,Active,1.0,-1.6666666666666667,0,9107687.62,0.1357256498736082
ACC02136,R20,Retail,928,5901486.93,0.8581,0.50–0.99,9,Active,0.6666666666666666,10.0,5,3653826.94,0.13450997207814794
ACC02137,R07,Manufacturing,381,2180457.12,0.9886,0.50–0.99,9,Active,1.0,6.666666666666667,0,1343494.21,0.1426071863537697
ACC02138,R19,Financial services,134,894154.34,0.6754,0.50–0.99,7,Active,1.0,11.666666666666666,25,467734.45,0.21750329295051504
ACC02139,R01,Healthcare,436,3743259.21,1.2186,1.00–1.49,11,Active,1.0,8.333333333333334,0,2692909.25,0.11763557529381516
ACC02140,R16,Logistics,271,2845897.24,0.579,0.50–0.99,2,Active,1.0,6.666666666666667,-10,903107.79,0.14829111395207306
ACC02141,R46,Manufacturing,223,1323573.47,0.8171,0.50–0.99,10,Active,1.0,8.333333333333334,10,919377.77,0.1427831382983622
ACC02142,R38,Professional services,62,541245.14,1.0403,1.00–1.49,10,Active,0.3333333333333333,11.666666666666666,10,459047.02,0.2602155856451598
ACC02143,R17,Hospitality,352,2644412.2,1.2325,1.00–1.49,3,Active,1.0,6.666666666666667,10,2151515.52,0.11142411570005156
ACC02144,R25,Retail,210,1131756.5,0.533,0.50–0.99,10,Active,1.0,5.0,0,887871.61,0.1691231522416449
ACC02145,R01,Retail,134,884035.15,0.7403,0.50–0.99,10,Active,1.0,13.333333333333334,5,658711.85,0.21758361596096928
ACC02146,R33,Retail,91,650376.25,0.6858,0.50–0.99,10,Active,1.0,5.0,-5,374551.9,0.2663743257450679
ACC02147,R48,Technology,238,1668079.61,0.2111,0.15–0.49,10,Active,0.6666666666666666,10.0,-10,403820.82,0.15704286401304712
ACC02148,R44,Logistics,491,3135324.26,0.5007,0.50–0.99,7,Active,1.0,5.0,0,1722268.89,0.12113243137105716
ACC02149,R10,Healthcare,203,1128980.98,0.3155,0.15–0.49,8,Active,1.0,-10.0,-15,266272.08,0.33956606531089745
ACC02150,R19,Professional services,76,409126.02,0.5683,0.50–0.99,9,Active,0.6666666666666666,10.0,10,269663.91,0.3199846703814603
ACC02151,R27,Hospitality,678,4027638.57,0.5179,0.50–0.99,4,Active,1.0,-5.0,-15,2295214.61,0.11576060721915435
ACC02152,R08,Healthcare,178,1011739.42,0.8599,0.50–0.99,10,Active,1.0,3.3333333333333335,5,522432.41,0.22743213335096382
ACC02153,R43,Healthcare,401,1956320.74,0.8189,0.50–0.99,2,Active,1.0,-5.0,-10,1404091.18,0.1263305448987287
ACC02154,R31,Financial services,211,1192189.57,0.535,0.50–0.99,3,Active,0.6666666666666666,11.666666666666666,10,650708.36,0.16904644391056792
ACC02155,R35,Technology,244,1738272.28,0.9111,0.50–0.99,7,Active,1.0,3.3333333333333335,25,642170.4,0.15743456469645875
ACC02156,R29,Logistics,431,2648280.87,0.398,0.15–0.49,8,Active,0.3333333333333333,15.0,10,682698.6699999999,0.18157212682705093
ACC02157,R48,Retail,335,2204600.09,4.2624,2.50–5.00,1,Active,1.0,13.333333333333334,10,10325595.19,0.11272134439782261
ACC02158,R22,Technology,95,586641.54,0.7964,0.50–0.99,2,Active,1.0,6.666666666666667,15,372637.77,0.23110659613782852
ACC02159,R26,Logistics,186,1080667.1,1.0168,1.00–1.49,1,Active,0.6666666666666666,8.333333333333334,10,1257804.88,0.1560867481619652
ACC02160,R30,Logistics,217,1173260.85,0.8894,0.50–0.99,6,Active,1.0,6.666666666666667,5,654019.34,0.1874785104015301
ACC02161,R38,Financial services,110,1036116.95,1.7097,1.50–2.49,6,Active,1.0,8.333333333333334,0,1717374.7,0.19580260372783967
ACC02162,R12,Technology,218,1250249.57,1.4402,1.00–1.49,4,Active,1.0,11.666666666666666,25,1106652.78,0.14667427694707427
ACC02163,R44,Hospitality,284,1682545.03,0.8444,0.50–0.99,6,Active,1.0,1.6666666666666667,0,806223.26,0.18851281069108347
ACC02164,R34,Hospitality,62,525917.89,1.5103,1.50–2.49,5,Active,1.0,-1.6666666666666667,-10,1098879.07,0.22044503789580164
ACC02165,R48,Technology,279,1764429.27,0.6485,0.50–0.99,7,Active,0.6666666666666666,10.0,5,804544.29,0.15667991113054494
ACC02166,R19,Healthcare,393,2005508.37,1.8462,1.50–2.49,10,Active,1.0,13.333333333333334,15,4166402.48,0.09230384997894296
ACC02167,R43,Logistics,584,3527025.25,0.1969,0.15–0.49,9,Active,0.6666666666666666,10.0,5,786325.42,0.14529256069097843
ACC02168,R32,Logistics,62,442727.86,3.493,2.50–5.00,8,Active,1.0,8.333333333333334,5,2406723.28,0.2126206029453256
ACC02169,R12,Healthcare,376,2591732.16,0.5919,0.50–0.99,2,Active,1.0,-1.6666666666666667,5,1125938.67,0.1300154462336954
ACC02170,R30,Retail,164,892552.18,0.5986,0.50–0.99,3,Active,1.0,-8.333333333333334,-5,474941.65,0.17102678156022807
ACC02171,R06,Logistics,88,502772.19,0.7351,0.50–0.99,4,Active,1.0,6.666666666666667,0,427432.4,0.3495673695209955
ACC02172,R37,Technology,475,2299712.77,0.3965,0.15–0.49,6,Active,0.6666666666666666,11.666666666666666,5,627522.36,0.13336997040768092
ACC02173,R38,Healthcare,134,769759.05,0.9097,0.50–0.99,6,Active,1.0,8.333333333333334,10,381250.5,0.19384811823111608
ACC02174,R41,Hospitality,318,2213084.55,0.8841,0.50–0.99,1,Active,1.0,6.666666666666667,0,1104743.9,0.13067574439126048
ACC02175,R07,Manufacturing,321,1794552.25,0.2723,0.15–0.49,6,Active,0.0,3.3333333333333335,10,573145.17,0.16703228027196945
ACC02176,R12,Retail,260,1906557.47,2.4212,1.50–2.49,4,Active,1.0,3.3333333333333335,5,3937437.92,0.13476834129052948
ACC02177,R34,Healthcare,62,518028.97,0.7056,0.50–0.99,7,Active,1.0,1.6666666666666667,5,261684.44,0.3424773521557433
ACC02178,R26,Retail,206,1569502.2,0.5905,0.50–0.99,6,Active,0.3333333333333333,15.0,15,545952.2,0.18114371274478833
ACC02179,R33,Hospitality,149,1354801.85,1.0867,1.00–1.49,10,Active,1.0,5.0,5,1194335.49,0.22056892857958504
ACC02180,R23,Healthcare,231,1517369.82,2.4481,1.50–2.49,12,Active,1.0,-5.0,-5,2946937.69,0.10204653181308966
ACC02181,R18,Hospitality,62,348073.48,0.7496,0.50–0.99,10,Active,0.6666666666666666,1.6666666666666667,5,150151.86000000002,0.20292522537099797
ACC02182,R40,Technology,462,3872269.33,0.7181,0.50–0.99,7,Active,1.0,5.0,5,1459808.0,0.11437915704834775
ACC02183,R43,Healthcare,62,484301.16,0.3392,0.15–0.49,1,Active,0.3333333333333333,20.0,20,81186.46,0.407252657882201
ACC02184,R29,Manufacturing,201,1642342.7,4.7026,2.50–5.00,3,Active,1.0,8.333333333333334,0,6235849.4,0.1276148301365966
ACC02185,R04,Financial services,208,2097968.21,0.9694,0.50–0.99,11,Active,1.0,15.0,10,631434.45,0.19707706434231295
ACC02186,R23,Professional services,224,1441953.01,3.9159,2.50–5.00,2,Active,1.0,5.0,0,5845094.77,0.1280903719884368
ACC02187,R05,Financial services,308,1573334.37,0.179,0.15–0.49,2,Active,1.0,5.0,10,436036.72,0.1491737483673369
ACC02188,R48,Financial services,134,824339.91,0.2284,0.15–0.49,9,Active,0.6666666666666666,5.0,10,176440.17,0.4616715808324983
ACC02189,R12,Hospitality,223,1658638.09,0.9061,0.50–0.99,4,Active,0.3333333333333333,15.0,20,590539.33,0.16818395168579936
ACC02190,R46,Hospitality,996,7466227.69,0.5209,0.50–0.99,5,Active,1.0,3.3333333333333335,5,3677300.03,0.09974214106954037
ACC02191,R30,Technology,176,1134264.87,1.4869,1.00–1.49,5,Active,1.0,10.0,5,1663172.2,0.17668449688432541
ACC02192,R39,Hospitality,146,915491.97,0.3858,0.15–0.49,3,Active,0.6666666666666666,18.333333333333332,25,100244.7,0.2155166675389722
ACC02193,R35,Logistics,426,3849779.79,3.6098,2.50–5.00,10,Active,1.0,5.0,0,11931532.65,0.09240174716026303
ACC02194,R33,Financial services,90,818716.83,1.3605,1.00–1.49,2,Active,1.0,6.666666666666667,5,357894.6,0.18609347174880062
ACC02195,R18,Professional services,301,1747760.03,0.517,0.50–0.99,6,Active,0.3333333333333333,10.0,20,1124876.61,0.20893873277393726
ACC02196,R10,Financial services,227,1075803.55,0.4519,0.15–0.49,7,Active,0.6666666666666666,1.6666666666666667,15,532143.18,0.21488950726745096
ACC02197,R07,Logistics,147,1189331.66,1.7368,1.50–2.49,5,Active,1.0,8.333333333333334,5,1954496.17,0.19896442452285917
ACC02198,R28,Retail,127,715160.62,0.8651,0.50–0.99,7,Active,0.6666666666666666,-1.6666666666666667,25,425461.06,0.21657920382587864
ACC02199,R05,Professional services,165,979932.0,0.5411,0.50–0.99,6,Active,1.0,8.333333333333334,10,520506.77999999997,0.21232350701418304
ACC02200,R17,Manufacturing,357,2649869.75,0.1951,0.15–0.49,5,Active,1.0,5.0,5,763500.87,0.19420497902857992
ACC02201,R39,Technology,1118,8042670.31,1.4347,1.00–1.49,1,Active,1.0,11.666666666666666,15,7340681.92,0.06748602269169057
ACC02202,R11,Logistics,272,1893861.34,2.2187,1.50–2.49,3,Active,1.0,-1.6666666666666667,-10,3646362.43,0.13383344517902204
ACC02203,R18,Professional services,198,1076119.55,1.9801,1.50–2.49,7,Active,1.0,16.666666666666668,20,2353163.89,0.14164363643168987
ACC02204,R39,Professional services,139,1005852.1,0.8833,0.50–0.99,12,Active,1.0,5.0,0,352413.32,0.22628146681545644
ACC02205,R26,Manufacturing,148,900938.76,0.9865,0.50–0.99,1,Active,0.6666666666666666,0.0,0,383952.98,0.180619939043689
ACC02206,R32,Professional services,301,2376167.13,0.7757,0.50–0.99,1,Active,0.6666666666666666,8.333333333333334,0,1064243.34,0.1305197336927368
ACC02207,R14,Healthcare,91,716596.76,0.6094,0.50–0.99,8,Active,0.6666666666666666,10.0,20,294531.71,0.285207796229501
ACC02208,R35,Logistics,548,3709086.36,0.7197,0.50–0.99,8,Active,1.0,3.3333333333333335,10,1161702.86,0.10997707380529809
ACC02209,R10,Technology,506,4430891.22,0.8505,0.50–0.99,12,Active,1.0,6.666666666666667,0,1481274.84,0.13469628991230384
ACC02210,R48,Retail,262,2079430.51,1.3637,1.00–1.49,1,Active,0.6666666666666666,8.333333333333334,0,1459912.5,0.12819251302732998
ACC02211,R23,Retail,78,657896.38,1.3496,1.00–1.49,10,Active,1.0,0.0,-5,739160.97,0.28159372218773127
ACC02212,R34,Technology,140,1043621.08,1.2057,1.00–1.49,7,Active,0.6666666666666666,3.3333333333333335,10,1121603.06,0.2953211824668196
ACC02213,R45,Retail,94,579275.6,0.3011,0.15–0.49,6,Active,1.0,11.666666666666666,25,92435.86,0.28605263279312
ACC02214,R04,Logistics,376,2208956.45,0.8462,0.50–0.99,9,Active,1.0,10.0,15,1084945.1,0.15327190158352638
ACC02215,R05,Hospitality,654,4451442.76,2.671,2.50–5.00,11,Active,0.6666666666666666,8.333333333333334,15,19916529.080000002,0.07662073914082602
ACC02216,R26,Manufacturing,329,1697871.97,0.6121,0.50–0.99,8,Active,1.0,5.0,15,1361356.71,0.17462430316072577
ACC02217,R36,Manufacturing,99,781097.12,1.759,1.50–2.49,10,Active,0.6666666666666666,1.6666666666666667,-15,1164908.02,0.22862313492438668
ACC02218,R16,Hospitality,980,4406442.54,1.102,1.00–1.49,5,Active,1.0,-3.3333333333333335,0,7320704.27,0.10205755736913127
ACC02219,R36,Financial services,178,1004121.81,0.5459,0.50–0.99,8,Active,1.0,6.666666666666667,0,441846.86,0.18656804408031785
ACC02220,R05,Manufacturing,131,947160.97,2.1028,1.50–2.49,11,Active,1.0,0.0,0,2004212.3,0.2015206488595076
ACC02221,R35,Financial services,946,4967139.03,0.165,0.15–0.49,4,Active,0.6666666666666666,5.0,15,1335826.18,0.12291177876254694
ACC02222,R27,Hospitality,151,765655.82,0.213,0.15–0.49,2,Active,1.0,3.3333333333333335,-10,277332.89,0.1911041233876703
ACC02223,R24,Manufacturing,328,1860907.19,0.1754,0.15–0.49,4,Active,0.6666666666666666,0.0,0,492476.17,0.16067254222620253
ACC02224,R20,Financial services,109,690973.35,0.7661,0.50–0.99,5,Active,0.6666666666666666,6.666666666666667,-5,378546.05,0.3169744730014161
ACC02225,R46,Hospitality,74,607851.97,0.8833,0.50–0.99,5,Active,1.0,6.666666666666667,-5,396985.0,0.35043874321740737
ACC02226,R02,Professional services,234,1497066.36,0.9737,0.50–0.99,3,Active,0.6666666666666666,0.0,5,834909.0700000001,0.1981523980332776
ACC02227,R09,Professional services,443,2625935.62,1.2977,1.00–1.49,6,Active,1.0,-3.3333333333333335,0,2651602.49,0.10168730683774933
ACC02228,R10,Financial services,138,862032.39,0.2135,0.15–0.49,3,Active,1.0,6.666666666666667,10,481168.62999999995,0.47651939652887526
ACC02229,R38,Hospitality,467,3445407.08,1.0311,1.00–1.49,7,Active,1.0,6.666666666666667,10,3113394.17,0.1047064999805538
ACC02230,R22,Financial services,102,605070.66,0.2509,0.15–0.49,10,Active,0.3333333333333333,8.333333333333334,15,305375.81,0.381706992651204
ACC02231,R46,Retail,528,4538132.07,2.1398,1.50–2.49,7,Active,1.0,-3.3333333333333335,0,8028905.7,0.10737351881747177
ACC02232,R30,Hospitality,430,3047707.18,0.912,0.50–0.99,5,Active,0.6666666666666666,13.333333333333334,0,1442848.86,0.12525400583660054
ACC02233,R48,Retail,538,3251123.05,0.3971,0.15–0.49,8,Active,0.6666666666666666,5.0,5,651237.58,0.1403772358124982
ACC02234,R29,Hospitality,286,1658555.86,0.3175,0.15–0.49,2,Active,0.6666666666666666,10.0,25,373728.11,0.15340352591969753
ACC02235,R10,Hospitality,92,563845.67,1.4707,1.00–1.49,11,Active,1.0,6.666666666666667,5,459167.26,0.17780130533905986
ACC02236,R09,Retail,126,625682.75,0.4062,0.15–0.49,2,Active,0.6666666666666666,8.333333333333334,0,112744.03,0.20567453761596938
ACC02237,R36,Manufacturing,197,1470922.68,0.6865,0.50–0.99,2,Active,1.0,1.6666666666666667,-15,537124.35,0.20324153622413665
ACC02238,R42,Logistics,62,664228.64,0.6842,0.50–0.99,12,Active,0.6666666666666666,0.0,10,135959.05,0.24251299897067574
ACC02239,R32,Hospitality,429,3114010.15,1.4464,1.00–1.49,3,Active,0.6666666666666666,0.0,5,2733314.58,0.11592291227666683
ACC02240,R09,Financial services,221,1237871.28,0.9039,0.50–0.99,12,Active,1.0,1.6666666666666667,20,694194.35,0.2153444954534655
ACC02241,R05,Healthcare,102,570454.17,0.4098,0.15–0.49,3,Active,0.6666666666666666,15.0,20,202422.7,0.29569812753351365
ACC02242,R07,Manufacturing,255,1634907.06,1.3453,1.00–1.49,4,Active,1.0,10.0,5,1400248.08,0.15355547911429657
ACC02243,R14,Professional services,672,4526967.87,0.8029,0.50–0.99,12,Active,1.0,1.6666666666666667,0,2398136.72,0.15882945572071278
ACC02244,R23,Professional services,225,1899728.42,0.5557,0.50–0.99,2,Active,1.0,0.0,5,882318.68,0.2072436616763227
ACC02245,R11,Logistics,80,584709.46,0.8081,0.50–0.99,12,Active,1.0,13.333333333333334,0,364245.4,0.2390891105731039
ACC02246,R45,Hospitality,375,2559598.57,0.9252,0.50–0.99,6,Active,1.0,5.0,5,1216360.46,0.11308892328687264
ACC02247,R03,Retail,267,1402230.01,0.2175,0.15–0.49,10,Active,1.0,10.0,0,462538.22000000003,0.16323588767802913
ACC02248,R46,Technology,306,2459294.44,1.3786,1.00–1.49,2,Active,1.0,5.0,0,2095829.06,0.16918520384092886
ACC02249,R26,Professional services,345,1939314.61,1.3827,1.00–1.49,9,Active,0.6666666666666666,5.0,5,1839782.76,0.13322090024841554
ACC02250,R28,Logistics,133,960163.87,0.15,0.15–0.49,11,Active,1.0,5.0,0,177039.0,0.2707311969192528
ACC02251,R19,Healthcare,527,3295130.66,1.4377,1.00–1.49,6,Active,1.0,5.0,-15,3106128.36,0.09730648509405
ACC02252,R22,Hospitality,108,751758.48,0.3324,0.15–0.49,9,Active,0.6666666666666666,3.3333333333333335,15,169638.99000000002,0.2439550946772866
ACC02253,R14,Retail,446,2658823.74,0.9515,0.50–0.99,12,Active,1.0,3.3333333333333335,10,2049724.84,0.18953948055776865
ACC02254,R27,Financial services,125,1172561.18,2.2564,1.50–2.49,12,Active,1.0,6.666666666666667,15,1570828.71,0.20635374465124398
ACC02255,R32,Manufacturing,129,1296775.96,1.6668,1.50–2.49,2,Active,1.0,-3.3333333333333335,10,1018072.83,0.1573603334450286
ACC02256,R40,Retail,583,5318384.36,1.7038,1.50–2.49,4,Active,1.0,6.666666666666667,10,8202837.0600000005,0.1022175659142182
ACC02257,R42,Retail,307,1412857.36,0.4029,0.15–0.49,10,Active,1.0,-1.6666666666666667,5,506533.24,0.15478805358113365
ACC02258,R36,Manufacturing,222,1462777.08,0.74,0.50–0.99,5,Active,1.0,10.0,10,813289.46,0.17221742043295188
ACC02259,R26,Professional services,197,1153032.45,0.9759,0.50–0.99,11,Active,1.0,6.666666666666667,5,594637.93,0.16532080757294373
ACC02260,R39,Retail,125,1003266.49,0.6155,0.50–0.99,11,Active,1.0,10.0,5,647753.8300000001,0.46297381010180677
ACC02261,R11,Professional services,172,938677.7,0.7129,0.50–0.99,10,Active,0.6666666666666666,8.333333333333334,15,522722.49,0.1689863411578325
ACC02262,R24,Retail,243,1844643.32,2.4131,1.50–2.49,12,Active,0.6666666666666666,10.0,10,3194342.37,0.1260977100767828
ACC02263,R20,Retail,284,2024001.41,0.8725,0.50–0.99,2,Active,0.6666666666666666,11.666666666666666,10,1070992.5999999999,0.21390727235173257
ACC02264,R06,Professional services,81,532057.97,0.6052,0.50–0.99,3,Active,1.0,15.0,5,320283.38,0.400456187217242
ACC02265,R35,Financial services,121,862750.28,1.1558,1.00–1.49,1,Active,0.3333333333333333,-1.6666666666666667,5,1403315.52,0.48865693572599533
ACC02266,R08,Technology,74,373631.2,3.3786,2.50–5.00,7,Active,1.0,11.666666666666666,-5,1260852.75,0.161131051027607
ACC02267,R31,Hospitality,822,3205952.68,0.2418,0.15–0.49,8,Active,0.6666666666666666,5.0,5,1497923.12,0.11593921073064055
ACC02268,R13,Logistics,148,1040134.78,0.5441,0.50–0.99,8,Active,1.0,5.0,5,437404.39999999997,0.22447010907451756
ACC02269,R16,Healthcare,717,5735923.23,1.8185,1.50–2.49,8,Active,0.6666666666666666,10.0,10,9488161.41,0.10357302173266593
ACC02270,R12,Financial services,217,1507325.58,0.7991,0.50–0.99,1,Active,1.0,-3.3333333333333335,-10,907860.8,0.21031444207545613
ACC02271,R26,Financial services,374,3031176.82,1.1549,1.00–1.49,7,Active,0.6666666666666666,0.0,-5,2504601.72,0.17155740282463305
ACC02272,R20,Financial services,108,761063.34,0.5839,0.50–0.99,5,Active,0.6666666666666666,5.0,10,230468.66,0.23127053770201955
ACC02273,R15,Healthcare,72,527465.83,0.308,0.15–0.49,5,Active,0.3333333333333333,8.333333333333334,20,66559.08,0.2626099437553627
ACC02274,R20,Healthcare,564,3894844.56,2.0122,1.50–2.49,3,Active,1.0,-5.0,0,6155026.7,0.07860546181123143
ACC02275,R40,Logistics,239,1120814.21,0.5208,0.50–0.99,10,Active,0.6666666666666666,5.0,10,713494.42,0.16831914778593562
ACC02276,R36,Logistics,326,2179836.33,0.8827,0.50–0.99,1,Active,1.0,5.0,10,1030523.36,0.14478003165421177
ACC02277,R13,Healthcare,403,3029242.25,1.3552,1.00–1.49,5,Active,0.6666666666666666,8.333333333333334,15,2462724.66,0.11811934082521416
ACC02278,R14,Retail,442,2750009.34,0.7879,0.50–0.99,12,Active,0.6666666666666666,10.0,15,1204242.02,0.1264116328141503
ACC02279,R04,Logistics,347,2036289.42,0.8529,0.50–0.99,11,Active,0.3333333333333333,11.666666666666666,0,1211853.48,0.11651696646701878
ACC02280,R06,Retail,274,1709136.79,0.2945,0.15–0.49,3,Active,0.6666666666666666,1.6666666666666667,20,293777.29,0.187332355511931
ACC02281,R02,Hospitality,313,1704167.31,0.3101,0.15–0.49,2,Active,1.0,15.0,25,514458.66,0.14458804105279113
ACC02282,R10,Healthcare,130,844839.41,1.199,1.00–1.49,8,Active,1.0,-1.6666666666666667,5,866309.35,0.16971924800914917
ACC02283,R39,Professional services,104,942444.16,1.4867,1.00–1.49,6,Active,1.0,5.0,10,579548.24,0.29088937544646964
ACC02284,R26,Technology,755,4352916.61,0.5677,0.50–0.99,7,Active,1.0,0.0,-15,2266211.82,0.09145938656868609
ACC02285,R04,Healthcare,76,481693.9,0.5542,0.50–0.99,4,Active,1.0,8.333333333333334,15,289335.14,0.25448005319341993
ACC02286,R15,Professional services,336,2165212.88,0.3916,0.15–0.49,9,Active,0.6666666666666666,5.0,15,566760.11,0.2024027709809029
ACC02287,R45,Professional services,248,1810125.78,0.3155,0.15–0.49,9,Active,1.0,3.3333333333333335,0,382067.54000000004,0.18665216177502422
ACC02288,R12,Healthcare,91,581589.13,0.7064,0.50–0.99,2,Active,1.0,1.6666666666666667,0,141750.66,0.20219324338268854
ACC02289,R20,Logistics,62,423926.33,0.4166,0.15–0.49,8,Active,0.3333333333333333,5.0,5,108844.61,0.2901917120762582
ACC02290,R01,Logistics,357,2167363.11,0.7557,0.50–0.99,11,Active,0.3333333333333333,3.3333333333333335,5,1314089.93,0.12885936537490977
ACC02291,R43,Hospitality,164,1133466.98,0.7759,0.50–0.99,11,Active,1.0,16.666666666666668,25,323059.22,0.15471285230216555
ACC02292,R42,Professional services,310,2443135.71,0.864,0.50–0.99,12,Active,0.6666666666666666,8.333333333333334,20,858876.25,0.1818286702188903
ACC02293,R44,Technology,358,2153230.03,0.432,0.15–0.49,1,Active,0.6666666666666666,8.333333333333334,5,688395.94,0.1595515385057654
ACC02294,R17,Professional services,543,3347246.18,0.4522,0.15–0.49,2,Active,1.0,6.666666666666667,5,984342.42,0.1382680970352013
ACC02295,R19,Technology,336,1738100.48,0.8109,0.50–0.99,7,Active,1.0,-1.6666666666666667,0,1627133.04,0.18681719208160505
ACC02296,R12,Retail,487,2872587.28,0.7312,0.50–0.99,5,Active,1.0,18.333333333333332,15,1446385.91,0.12251029352367508
ACC02297,R37,Logistics,440,2775573.95,0.9745,0.50–0.99,4,Active,1.0,3.3333333333333335,10,1501459.66,0.11700065594558834
ACC02298,R23,Logistics,461,2843125.01,0.3953,0.15–0.49,8,Active,0.6666666666666666,3.3333333333333335,0,671442.38,0.13507799825081193
ACC02299,R45,Manufacturing,277,1605881.59,1.3983,1.00–1.49,6,Active,0.6666666666666666,11.666666666666666,25,1842505.49,0.17078579907147498
ACC02300,R01,Healthcare,233,1181353.44,0.6553,0.50–0.99,2,Active,1.0,10.0,15,746943.63,0.1947012390673724
ACC02301,R48,Professional services,454,2626384.2,2.3492,1.50–2.49,1,Active,1.0,3.3333333333333335,5,7292286.16,0.106683541109722
ACC02302,R14,Hospitality,168,903104.57,0.3201,0.15–0.49,9,Active,0.6666666666666666,8.333333333333334,0,329213.45,0.2654869703489247
ACC02303,R29,Hospitality,246,1340580.29,0.2808,0.15–0.49,5,Active,0.6666666666666666,8.333333333333334,25,432645.76,0.16517954307522198
ACC02304,R15,Logistics,82,463612.25,0.5762,0.50–0.99,12,Active,1.0,-6.666666666666667,-15,220646.52000000002,0.26270620091577046
ACC02305,R21,Logistics,994,9416168.08,3.0232,2.50–5.00,10,Active,1.0,11.666666666666666,5,27378527.29,0.058650943658953875
ACC02306,R23,Logistics,108,845923.81,1.4532,1.00–1.49,6,Active,1.0,3.3333333333333335,5,683263.31,0.20570791961668167
ACC02307,R36,Logistics,441,2304574.3,0.9597,0.50–0.99,6,Active,1.0,6.666666666666667,0,1748993.92,0.1315001128948696
ACC02308,R01,Technology,125,864078.69,0.7087,0.50–0.99,8,Active,0.6666666666666666,13.333333333333334,20,375020.02999999997,0.2032230862871793
ACC02309,R35,Manufacturing,787,5548831.54,1.0396,1.00–1.49,5,Active,0.6666666666666666,11.666666666666666,15,5507083.13,0.09369395589091611
ACC02310,R08,Financial services,680,3562985.04,0.654,0.50–0.99,6,Active,0.6666666666666666,11.666666666666666,15,2653479.21,0.0978742245523114
ACC02311,R45,Manufacturing,101,672763.49,1.6394,1.50–2.49,10,Active,1.0,5.0,5,1590473.6400000001,0.1650223498330205
ACC02312,R09,Logistics,163,915370.72,0.8095,0.50–0.99,12,Active,1.0,5.0,0,832795.24,0.18694703397779752
ACC02313,R43,Logistics,854,4892755.66,0.8021,0.50–0.99,3,Active,0.3333333333333333,13.333333333333334,25,2389533.16,0.09695518132583009
ACC02314,R43,Financial services,148,1034269.21,1.7937,1.50–2.49,10,Active,1.0,1.6666666666666667,5,1965264.78,0.14652881901666148
ACC02315,R24,Technology,548,3679369.47,1.1786,1.00–1.49,9,Active,1.0,5.0,5,3774061.16,0.10839983668286657
ACC02316,R13,Retail,176,1077380.77,0.8984,0.50–0.99,4,Active,0.6666666666666666,0.0,0,800394.64,0.20964104246735626
ACC02317,R23,Financial services,873,6295138.67,2.8831,2.50–5.00,9,Active,1.0,5.0,-10,24303884.92,0.06871024052849267
ACC02318,R18,Hospitality,62,465868.65,0.5739,0.50–0.99,10,Active,1.0,13.333333333333334,15,87911.76,0.23478022636504098
ACC02319,R48,Retail,429,2406254.08,0.2125,0.15–0.49,8,Active,0.6666666666666666,10.0,20,902708.67,0.1540987663606479
ACC02320,R41,Technology,295,2096575.38,1.0556,1.00–1.49,3,Active,1.0,5.0,5,1657015.78,0.1289162100955867
ACC02321,R42,Retail,181,1227578.36,0.8922,0.50–0.99,6,Active,1.0,11.666666666666666,5,609947.24,0.1749756782124367
ACC02322,R16,Logistics,233,1870330.84,0.3797,0.15–0.49,5,Active,0.6666666666666666,1.6666666666666667,10,393560.83999999997,0.24025227668266058
ACC02323,R20,Manufacturing,66,400541.66,0.2544,0.15–0.49,11,Active,1.0,8.333333333333334,10,61460.36,0.28175909358464546
ACC02324,R21,Healthcare,239,1276270.7,0.84,0.50–0.99,9,Active,0.6666666666666666,8.333333333333334,5,879358.35,0.17723281422636275
ACC02325,R33,Hospitality,406,2688048.89,0.6652,0.50–0.99,2,Active,1.0,3.3333333333333335,-15,1747517.24,0.13487887807201193
ACC02326,R13,Professional services,204,1751904.09,1.4342,1.00–1.49,12,Active,0.6666666666666666,8.333333333333334,15,1409284.25,0.12145706596540085
ACC02327,R39,Hospitality,403,3268551.4,2.4027,1.50–2.49,12,Active,1.0,1.6666666666666667,-5,4095097.46,0.09227554911614878
ACC02328,R43,Financial services,264,1804591.8,4.537,2.50–5.00,8,Active,1.0,5.0,5,6574723.13,0.09902345569373464
ACC02329,R26,Professional services,243,1607898.08,1.075,1.00–1.49,5,Active,1.0,8.333333333333334,0,1619988.68,0.1466594969083115
ACC02330,R10,Professional services,281,2544571.1,0.8602,0.50–0.99,10,Active,1.0,6.666666666666667,-5,925627.52,0.16282782545840083
ACC02331,R41,Healthcare,857,4860075.69,0.5275,0.50–0.99,4,Active,1.0,-3.3333333333333335,5,3470358.35,0.1431675871159625
ACC02332,R24,Manufacturing,791,5428466.25,0.675,0.50–0.99,8,Active,1.0,8.333333333333334,25,2612809.94,0.12195143287159362
ACC02333,R29,Logistics,131,783878.51,0.6469,0.50–0.99,2,Active,0.6666666666666666,3.3333333333333335,15,468687.51,0.18608903196649487
ACC02334,R18,Financial services,248,1511683.58,0.5745,0.50–0.99,3,Active,1.0,8.333333333333334,10,905277.11,0.14241504613596595
ACC02335,R34,Professional services,108,556283.91,0.4694,0.15–0.49,12,Active,0.3333333333333333,10.0,15,158022.39,0.2321803873339986
ACC02336,R09,Logistics,281,2205312.96,0.7093,0.50–0.99,11,Active,0.6666666666666666,16.666666666666668,25,743484.18,0.14549745103814452
ACC02337,R22,Retail,62,449710.37,1.4106,1.00–1.49,1,Active,1.0,18.333333333333332,15,264987.16,0.20147979889436968
ACC02338,R19,Healthcare,220,1398706.66,0.7387,0.50–0.99,4,Active,1.0,8.333333333333334,5,720898.43,0.16453457466111254
ACC02339,R19,Healthcare,608,3803133.66,0.9897,0.50–0.99,2,Active,1.0,3.3333333333333335,20,2301230.45,0.12346810167078283
ACC02340,R47,Logistics,178,1136428.7,0.7871,0.50–0.99,9,Active,0.6666666666666666,10.0,15,458062.81,0.2135588794146295
ACC02341,R14,Professional services,192,1103687.89,1.4071,1.00–1.49,5,Active,0.6666666666666666,10.0,5,1365964.1,0.2055045149533902
ACC02342,R38,Financial services,238,2059310.6,1.9986,1.50–2.49,5,Active,1.0,5.0,15,2640871.66,0.14265167199946246
ACC02343,R40,Hospitality,94,694516.54,0.5007,0.50–0.99,4,Active,0.6666666666666666,3.3333333333333335,5,220904.78,0.21296950724578176
ACC02344,R36,Hospitality,512,4196949.81,0.7452,0.50–0.99,10,Active,1.0,5.0,5,1915151.99,0.12323380916442321
ACC02345,R11,Logistics,275,1796136.82,0.1908,0.15–0.49,4,Active,0.6666666666666666,3.3333333333333335,-5,503104.35,0.16254135472798908
ACC02346,R41,Retail,365,2338465.72,0.3853,0.15–0.49,3,Active,0.6666666666666666,8.333333333333334,0,551271.09,0.19851114380830004
ACC02347,R14,Hospitality,101,765679.58,0.2038,0.15–0.49,12,Active,0.6666666666666666,5.0,10,302147.87,0.5336954650412428
ACC02348,R25,Financial services,742,5495625.8,0.5691,0.50–0.99,7,Active,0.6666666666666666,8.333333333333334,15,2611226.39,0.1010193337878895
ACC02349,R02,Hospitality,378,1838358.48,0.3915,0.15–0.49,11,Active,1.0,3.3333333333333335,5,585533.7,0.18696072647534512
ACC02350,R15,Logistics,289,1826949.61,0.6336,0.50–0.99,5,Active,0.6666666666666666,8.333333333333334,10,791325.3,0.14505517926980135
ACC02351,R43,Hospitality,296,2051267.17,0.8972,0.50–0.99,7,Active,1.0,13.333333333333334,25,923112.97,0.14830145108113854
ACC02352,R35,Logistics,179,1416434.74,0.7461,0.50–0.99,12,Active,0.6666666666666666,8.333333333333334,5,574609.45,0.17523112650445313
ACC02353,R20,Retail,132,881180.17,0.8344,0.50–0.99,3,Active,1.0,0.0,0,481188.28,0.23765866622169052
ACC02354,R04,Financial services,458,3183159.21,0.9469,0.50–0.99,8,Active,1.0,5.0,5,1457442.24,0.12046471999532472
ACC02355,R48,Hospitality,437,3141693.17,0.6829,0.50–0.99,2,Active,0.6666666666666666,6.666666666666667,0,1485865.35,0.13626916446644657
ACC02356,R30,Professional services,148,982838.77,0.4847,0.15–0.49,11,Active,0.6666666666666666,13.333333333333334,10,350861.25,0.2525825841973074
ACC02357,R46,Logistics,63,324457.49,0.8385,0.50–0.99,4,Active,1.0,10.0,25,340446.13,0.266895399397968
ACC02358,R38,Technology,276,1534339.92,0.8277,0.50–0.99,8,Active,0.6666666666666666,0.0,-5,1222901.91,0.17592014488499866
ACC02359,R44,Hospitality,153,1304522.95,1.1966,1.00–1.49,3,Active,0.6666666666666666,11.666666666666666,5,1039516.48,0.1604316620061889
ACC02360,R47,Hospitality,226,1353358.72,0.3172,0.15–0.49,4,Active,0.6666666666666666,10.0,25,408445.24,0.2586230240131641
ACC02361,R14,Retail,112,834428.64,0.4573,0.15–0.49,11,Active,0.6666666666666666,21.666666666666668,25,180255.44,0.4203505454572042
ACC02362,R20,Financial services,510,4784782.74,3.2238,2.50–5.00,11,Active,1.0,13.333333333333334,5,12931710.88,0.07299293072544774
ACC02363,R36,Manufacturing,170,1115948.61,0.6822,0.50–0.99,9,Active,1.0,-3.3333333333333335,-15,724249.5,0.2831955138540843
ACC02364,R34,Healthcare,480,3481091.63,3.5629,2.50–5.00,3,Active,1.0,8.333333333333334,10,13501685.620000001,0.0907562856912826
ACC02365,R12,Financial services,136,1011642.71,4.1091,2.50–5.00,7,Active,1.0,-3.3333333333333335,0,5119399.2,0.1520224144425274
ACC02366,R06,Healthcare,153,1123802.5,1.2306,1.00–1.49,3,Active,1.0,6.666666666666667,-5,734521.77,0.15532506694160542
ACC02367,R31,Retail,102,704419.06,1.85,1.50–2.49,7,Active,1.0,10.0,5,1041261.79,0.1780704367392108
ACC02368,R20,Healthcare,266,1514665.48,0.9218,0.50–0.99,1,Active,0.6666666666666666,10.0,5,819694.91,0.17116446361261736
ACC02369,R28,Technology,428,3283821.1,0.7865,0.50–0.99,3,Active,1.0,1.6666666666666667,10,1765285.45,0.1327100480143308
ACC02370,R27,Retail,147,871330.95,1.3628,1.00–1.49,5,Active,1.0,3.3333333333333335,5,832965.63,0.20280759869557255
ACC02371,R35,Healthcare,218,1896058.15,2.2461,1.50–2.49,8,Active,1.0,0.0,-10,2426130.98,0.13993891760538416
ACC02372,R01,Retail,266,1954512.47,1.4383,1.00–1.49,1,Active,1.0,8.333333333333334,15,2622732.85,0.206635765816846
ACC02373,R46,Technology,395,2695173.62,0.4393,0.15–0.49,7,Active,0.6666666666666666,0.0,-10,589839.75,0.15138518216023758
ACC02374,R34,Healthcare,72,434800.16,0.4844,0.15–0.49,5,Active,0.6666666666666666,10.0,10,81134.69,0.31299442270637057
ACC02375,R38,Technology,115,932818.83,0.6893,0.50–0.99,1,Active,1.0,8.333333333333334,10,287969.04,0.30266187505528325
ACC02376,R23,Financial services,297,2258651.71,1.185,1.00–1.49,4,Active,0.6666666666666666,8.333333333333334,5,2146656.11,0.17123277118382968
ACC02377,R15,Logistics,111,764721.05,0.4026,0.15–0.49,8,Active,0.6666666666666666,11.666666666666666,20,175431.03,0.22036783068317414
ACC02378,R05,Logistics,223,1275754.3,0.2917,0.15–0.49,3,Active,0.6666666666666666,10.0,0,463366.54,0.29227460329358196
ACC02379,R09,Professional services,697,5737487.99,4.7402,2.50–5.00,7,Active,1.0,11.666666666666666,0,17639796.99,0.061963872540857876
ACC02380,R09,Financial services,173,1341324.48,0.8233,0.50–0.99,8,Active,1.0,1.6666666666666667,-10,445387.31,0.17540173832444655
ACC02381,R27,Retail,237,1968266.66,1.181,1.00–1.49,10,Active,1.0,1.6666666666666667,15,1710134.15,0.21211353943589353
ACC02382,R28,Retail,299,2069235.8,3.1286,2.50–5.00,1,Active,0.6666666666666666,3.3333333333333335,10,8433380.38,0.1495852729579808
ACC02383,R35,Retail,208,1147869.76,0.5189,0.50–0.99,9,Active,1.0,1.6666666666666667,5,540265.67,0.15593219717067533
ACC02384,R32,Professional services,62,381092.36,1.775,1.50–2.49,10,Active,1.0,10.0,10,473704.67,0.2018948530535521
ACC02385,R22,Professional services,699,4014057.16,0.8307,0.50–0.99,1,Active,1.0,6.666666666666667,5,2676364.92,0.09869210076938258
ACC02386,R17,Hospitality,94,565171.77,0.7304,0.50–0.99,7,Active,0.6666666666666666,-1.6666666666666667,-5,383576.76,0.2156050660332549
ACC02387,R24,Financial services,104,534908.18,0.4494,0.15–0.49,6,Active,0.6666666666666666,5.0,10,130807.96,0.4042216608358793
ACC02388,R05,Hospitality,209,1403297.69,0.3853,0.15–0.49,2,Active,0.6666666666666666,-1.6666666666666667,0,268887.68,0.21635988972244397
ACC02389,R31,Professional services,530,3360749.33,0.8462,0.50–0.99,2,Active,0.6666666666666666,8.333333333333334,0,1826921.83,0.13269374697877068
ACC02390,R28,Manufacturing,128,631710.67,0.1511,0.15–0.49,4,Active,0.6666666666666666,-1.6666666666666667,5,164199.98,0.2242069213358103
ACC02391,R01,Professional services,685,5323574.73,2.1739,1.50–2.49,6,Active,0.6666666666666666,8.333333333333334,-10,8505033.08,0.07967079571064253
ACC02392,R20,Logistics,224,1358675.39,0.2402,0.15–0.49,12,Active,0.6666666666666666,13.333333333333334,20,300430.33,0.19290017283971125
ACC02393,R19,Healthcare,205,1298999.99,0.3243,0.15–0.49,6,Active,1.0,3.3333333333333335,-5,365427.95999999996,0.3481365148625715
ACC02394,R04,Healthcare,193,1178411.4,0.5691,0.50–0.99,8,Active,1.0,3.3333333333333335,10,632977.94,0.16327035029145454
ACC02395,R30,Financial services,223,1788729.67,0.7577,0.50–0.99,2,Active,0.6666666666666666,18.333333333333332,20,802259.96,0.1601505248773405
ACC02396,R44,Financial services,62,371822.45,0.4784,0.15–0.49,1,Active,0.6666666666666666,6.666666666666667,10,91866.47,0.23645467351904192
ACC02397,R12,Professional services,451,3395525.56,1.4764,1.00–1.49,4,Active,1.0,1.6666666666666667,-5,3486983.3,0.12055142330416764
ACC02398,R16,Retail,521,3584147.35,0.5331,0.50–0.99,12,Active,1.0,8.333333333333334,5,1865830.04,0.12426617092877805
ACC02399,R44,Technology,160,1146332.42,0.8145,0.50–0.99,3,Active,1.0,-1.6666666666666667,0,396510.71,0.18123830061143759
ACC02400,R04,Healthcare,177,1205309.27,0.6799,0.50–0.99,3,Active,1.0,1.6666666666666667,-5,403262.59,0.18216793678917304
ACC02401,R19,Hospitality,117,923551.34,0.3602,0.15–0.49,9,Active,0.6666666666666666,15.0,15,162896.06,0.35747069264428694
ACC02402,R23,Manufacturing,411,4532554.15,3.6498,2.50–5.00,1,Active,1.0,1.6666666666666667,-5,11364516.76,0.11935831189426845
ACC02403,R05,Manufacturing,148,1005981.4,0.7533,0.50–0.99,11,Active,0.6666666666666666,6.666666666666667,10,475645.02,0.1708371527741441
ACC02404,R38,Financial services,75,408039.57,0.5277,0.50–0.99,7,Active,0.6666666666666666,10.0,5,302519.85,0.46611276130013907
ACC02405,R08,Hospitality,62,396750.67,0.7722,0.50–0.99,5,Active,1.0,5.0,-10,133124.86000000002,0.3910598743436667
ACC02406,R11,Logistics,82,545632.51,0.6541,0.50–0.99,12,Active,1.0,6.666666666666667,-5,355657.45,0.2530974739338327
ACC02407,R34,Healthcare,383,2250645.65,0.688,0.50–0.99,12,Active,0.6666666666666666,0.0,0,1653995.34,0.16446149427365597
ACC02408,R16,Professional services,302,1451953.88,0.3893,0.15–0.49,12,Active,0.6666666666666666,5.0,5,447297.27,0.1486903196655977
ACC02409,R01,Professional services,217,1278527.34,0.9208,0.50–0.99,10,Active,0.3333333333333333,5.0,5,676577.07,0.16980656664871369
ACC02410,R05,Hospitality,170,1104127.48,0.418,0.15–0.49,9,Active,1.0,-8.333333333333334,-15,259479.79,0.17259193615961052
ACC02411,R27,Technology,260,1850340.6,0.6992,0.50–0.99,12,Active,0.6666666666666666,18.333333333333332,15,1033146.8400000001,0.19591178822216587
ACC02412,R09,Logistics,186,994581.98,0.7668,0.50–0.99,5,Active,0.6666666666666666,6.666666666666667,5,594138.31,0.186030782977468
ACC02413,R25,Healthcare,229,2015645.95,0.5809,0.50–0.99,4,Active,0.3333333333333333,3.3333333333333335,5,691774.81,0.17711070985488114
ACC02414,R22,Hospitality,222,1232056.33,0.5882,0.50–0.99,7,Active,1.0,1.6666666666666667,10,767344.41,0.22880805501396817
ACC02415,R28,Technology,451,2756127.28,0.159,0.15–0.49,1,Active,0.6666666666666666,6.666666666666667,5,663192.3,0.14817629326998183
ACC02416,R47,Technology,147,933434.64,1.0244,1.00–1.49,8,Active,0.6666666666666666,16.666666666666668,20,901119.17,0.15620559609859444
ACC02417,R48,Manufacturing,513,3882944.45,1.3976,1.00–1.49,5,Active,1.0,1.6666666666666667,0,3056716.29,0.10422106259574004
ACC02418,R33,Professional services,180,1410099.12,1.2953,1.00–1.49,6,Active,1.0,1.6666666666666667,-5,1205673.06,0.1874314050731547
ACC02419,R06,Hospitality,139,1038692.26,0.264,0.15–0.49,1,Active,1.0,0.0,10,235552.83000000002,0.24992995212934593
ACC02420,R20,Logistics,153,952960.42,1.1317,1.00–1.49,10,Active,0.6666666666666666,10.0,5,843768.09,0.15695145051799575
ACC02421,R25,Manufacturing,212,1349101.05,0.2065,0.15–0.49,4,Active,0.6666666666666666,8.333333333333334,15,267429.92,0.19618537276905967
ACC02422,R24,Retail,223,1051471.92,0.9658,0.50–0.99,2,Active,0.6666666666666666,5.0,20,872891.84,0.2014496617498316
ACC02423,R42,Healthcare,266,2218747.31,0.3109,0.15–0.49,1,Active,1.0,15.0,10,517652.52,0.1924815380657703
ACC02424,R01,Healthcare,340,1670552.81,0.4208,0.15–0.49,3,Active,1.0,6.666666666666667,10,533110.25,0.19615679046382112
ACC02425,R40,Manufacturing,185,1365726.22,0.1855,0.15–0.49,4,Active,0.6666666666666666,1.6666666666666667,0,308467.37,0.21327028101307796
ACC02426,R37,Hospitality,164,1059797.9,0.7225,0.50–0.99,5,Active,0.6666666666666666,11.666666666666666,10,501142.77999999997,0.1780549326725744
ACC02427,R11,Professional services,230,1821148.33,0.2333,0.15–0.49,1,Active,1.0,8.333333333333334,15,466772.69,0.2889062578017745
ACC02428,R38,Technology,593,3793708.52,1.1594,1.00–1.49,8,Active,0.6666666666666666,11.666666666666666,15,4395565.01,0.11172506036975778
ACC02429,R28,Manufacturing,299,2059364.71,0.1575,0.15–0.49,1,Active,0.6666666666666666,6.666666666666667,-10,534264.0,0.18079329997444135
ACC02430,R36,Retail,334,2184038.33,0.7602,0.50–0.99,3,Active,0.6666666666666666,1.6666666666666667,-5,1353700.6500000001,0.16758469835309858
ACC02431,R48,Logistics,108,616667.21,2.3339,1.50–2.49,4,Active,1.0,1.6666666666666667,0,1526614.45,0.175664752552963
ACC02432,R31,Technology,416,3620806.71,1.7264,1.50–2.49,11,Active,1.0,-1.6666666666666667,-5,5004268.94,0.09891599403252792
ACC02433,R47,Professional services,545,4128890.23,2.2801,1.50–2.49,11,Active,0.6666666666666666,3.3333333333333335,-5,6509511.19,0.09033760730966542
ACC02434,R35,Manufacturing,477,3084602.0,0.9719,0.50–0.99,10,Active,1.0,1.6666666666666667,10,1600573.27,0.1437605430810513
ACC02435,R33,Hospitality,153,1663408.11,0.7397,0.50–0.99,6,Active,1.0,0.0,5,407140.92,0.1803958395991352
ACC02436,R20,Professional services,83,663825.05,1.3433,1.00–1.49,1,Active,1.0,1.6666666666666667,10,448189.97000000003,0.2665764390632638
ACC02437,R35,Healthcare,313,1715074.78,0.1548,0.15–0.49,5,Active,0.6666666666666666,5.0,10,552212.68,0.1605798242998833
ACC02438,R21,Technology,1086,7082424.77,1.3397,1.00–1.49,9,Active,0.6666666666666666,8.333333333333334,5,7349192.95,0.07571882437287365
ACC02439,R27,Technology,136,974429.09,1.1995,1.00–1.49,5,Active,1.0,0.0,-5,890485.83,0.16177067960932873
ACC02440,R24,Logistics,127,924593.68,2.1106,1.50–2.49,12,Active,0.6666666666666666,0.0,-5,1740258.31,0.24861706780959283
ACC02441,R19,Technology,81,610298.0,0.8203,0.50–0.99,3,Active,1.0,1.6666666666666667,5,115421.95,0.2983540022473213
ACC02442,R28,Financial services,163,1498656.41,1.029,1.00–1.49,6,Active,1.0,15.0,5,1033952.14,0.1735001566602881
ACC02443,R14,Manufacturing,76,591691.91,1.7835,1.50–2.49,4,Active,1.0,20.0,20,1398959.23,0.34341791405221783
ACC02444,R19,Healthcare,105,956289.3,2.4748,1.50–2.49,2,Active,1.0,-6.666666666666667,5,1400026.44,0.21374599749069503
ACC02445,R42,Retail,290,1724066.52,1.1207,1.00–1.49,6,Active,1.0,15.0,15,1668928.63,0.10976800015305281
ACC02446,R47,Financial services,498,3111140.97,0.2491,0.15–0.49,10,Active,0.6666666666666666,8.333333333333334,25,871861.85,0.1552594483005928
ACC02447,R41,Financial services,99,669365.37,0.2996,0.15–0.49,3,Active,0.3333333333333333,-5.0,-5,219908.55,0.33110680616000837
ACC02448,R42,Financial services,159,1002416.74,0.6949,0.50–0.99,10,Active,1.0,1.6666666666666667,10,556753.5,0.1679954267715598
ACC02449,R44,Manufacturing,316,2210581.2,1.2082,1.00–1.49,4,Active,1.0,-1.6666666666666667,-10,2441215.75,0.15032435985211945
ACC02450,R08,Logistics,339,1919385.2,0.1975,0.15–0.49,4,Active,0.6666666666666666,5.0,5,616763.16,0.15493179525590814
ACC02451,R15,Retail,381,3136551.11,0.7618,0.50–0.99,2,Active,1.0,5.0,-5,1486340.13,0.13303599774465705
ACC02452,R08,Healthcare,516,3423286.37,0.8631,0.50–0.99,9,Active,1.0,3.3333333333333335,5,2246762.15,0.15997445447387612
ACC02453,R33,Logistics,76,508418.87,0.1841,0.15–0.49,12,Active,0.3333333333333333,5.0,-5,168653.52,0.2605565506994092
ACC02454,R14,Healthcare,359,1933289.59,0.9851,0.50–0.99,9,Active,1.0,10.0,10,979271.83,0.12260032542309551
ACC02455,R28,Retail,218,1500553.24,0.8044,0.50–0.99,9,Active,0.6666666666666666,8.333333333333334,-5,811679.01,0.15795149588088078
ACC02456,R47,Retail,289,1762821.42,0.6319,0.50–0.99,8,Active,1.0,5.0,10,1057717.4,0.142745844285825
ACC02457,R43,Logistics,119,934678.87,0.6893,0.50–0.99,4,Active,0.6666666666666666,8.333333333333334,5,402084.84,0.21414750674516894
ACC02458,R20,Technology,252,1684950.22,0.8817,0.50–0.99,3,Active,0.6666666666666666,8.333333333333334,-5,661610.2999999999,0.1662511531839605
ACC02459,R37,Hospitality,62,528729.35,0.8406,0.50–0.99,4,Active,0.6666666666666666,10.0,0,255406.22999999998,0.39881291479913167
ACC02460,R12,Retail,611,3320322.37,0.6214,0.50–0.99,11,Active,0.6666666666666666,6.666666666666667,5,2168859.66,0.09653328349809621
ACC02461,R15,Logistics,888,5180545.35,0.2052,0.15–0.49,12,Active,0.3333333333333333,6.666666666666667,5,1531590.03,0.12368416245264613
ACC02462,R47,Financial services,166,1280893.07,0.6424,0.50–0.99,11,Active,0.6666666666666666,5.0,-15,710655.02,0.246568774999195
ACC02463,R22,Retail,372,2856354.42,4.9819,2.50–5.00,12,Active,1.0,-3.3333333333333335,0,9896602.98,0.08938894641227646
ACC02464,R37,Manufacturing,163,988869.69,1.1617,1.00–1.49,5,Active,1.0,-10.0,-5,1003224.91,0.18294492799124418
ACC02465,R41,Financial services,407,2477146.21,0.672,0.50–0.99,4,Active,0.3333333333333333,5.0,15,1787107.54,0.24849967882294732
ACC02466,R02,Financial services,403,2737976.09,0.7312,0.50–0.99,2,Active,1.0,3.3333333333333335,-15,1406715.69,0.16531769435139004
ACC02467,R44,Professional services,218,1348366.73,0.318,0.15–0.49,2,Active,1.0,5.0,10,290456.57,0.22310817294817323
ACC02468,R15,Manufacturing,302,2512506.52,0.7785,0.50–0.99,9,Active,0.6666666666666666,5.0,20,1077595.19,0.17862214963517006
ACC02469,R19,Hospitality,268,1843325.03,0.5205,0.50–0.99,2,Active,1.0,11.666666666666666,15,1025758.45,0.18632843593871576
ACC02470,R32,Retail,652,4334513.1,2.9062,2.50–5.00,4,Active,1.0,0.0,-5,17306849.47,0.06744929536099398
ACC02471,R29,Hospitality,340,2375574.11,4.5126,2.50–5.00,6,Active,1.0,10.0,5,8885014.37,0.10126654075576898
ACC02472,R06,Hospitality,156,1222212.38,2.4426,1.50–2.49,2,Active,1.0,6.666666666666667,5,2096720.72,0.17955720813065715
ACC02473,R32,Healthcare,166,1489823.28,1.5108,1.50–2.49,2,Active,1.0,5.0,0,2444968.85,0.15625443031002367
ACC02474,R16,Manufacturing,62,457379.36,3.3883,2.50–5.00,8,Active,1.0,10.0,0,1964455.1,0.2333599885685503
ACC02475,R37,Professional services,203,1826971.09,1.416,1.00–1.49,7,Active,1.0,8.333333333333334,20,1061482.56,0.1449431708932778
ACC02476,R10,Healthcare,166,1005683.14,1.1754,1.00–1.49,8,Active,0.6666666666666666,3.3333333333333335,10,960817.88,0.20883841346115214
ACC02477,R24,Retail,120,933028.94,0.1986,0.15–0.49,10,Active,0.6666666666666666,0.0,-10,163304.67,0.27748632177779853
ACC02478,R21,Financial services,140,1189609.48,2.1503,1.50–2.49,12,Active,1.0,11.666666666666666,5,2948270.52,0.21690633409812743
ACC02479,R21,Logistics,394,2873849.96,0.6566,0.50–0.99,7,Active,0.3333333333333333,3.3333333333333335,10,1472177.88,0.16194293893094774
ACC02480,R20,Technology,485,2490122.82,0.3369,0.15–0.49,5,Active,0.6666666666666666,3.3333333333333335,-15,778780.45,0.22386377540702956
ACC02481,R10,Financial services,259,1950870.09,2.1099,1.50–2.49,1,Active,1.0,-3.3333333333333335,5,2733411.2399999998,0.11450623743375213
ACC02482,R20,Manufacturing,154,1281886.85,0.6841,0.50–0.99,1,Active,0.6666666666666666,13.333333333333334,5,613467.29,0.2070971754335066
ACC02483,R32,Professional services,871,5070462.92,0.3754,0.15–0.49,9,Active,1.0,16.666666666666668,20,1475957.1,0.1137827810116509
ACC02484,R42,Financial services,560,4082556.16,1.2194,1.00–1.49,6,Active,1.0,5.0,0,3787802.95,0.09393829735446996
ACC02485,R12,Logistics,167,1322937.07,1.0206,1.00–1.49,1,Active,0.6666666666666666,13.333333333333334,10,1624859.48,0.18870307603219658
ACC02486,R23,Professional services,86,486782.98,1.2131,1.00–1.49,10,Active,0.6666666666666666,3.3333333333333335,-5,432504.64,0.19654066991722313
ACC02487,R40,Financial services,320,1766043.1,0.1613,0.15–0.49,10,Active,0.6666666666666666,18.333333333333332,20,378226.06,0.1564466836143713
ACC02488,R39,Healthcare,186,1478095.77,2.253,1.50–2.49,9,Active,1.0,13.333333333333334,10,2545339.86,0.14512096360440296
ACC02489,R03,Healthcare,811,5802295.25,1.0296,1.00–1.49,1,Active,1.0,6.666666666666667,10,5318826.54,0.1296136398338631
ACC02490,R15,Healthcare,287,2539949.43,0.9513,0.50–0.99,2,Active,1.0,3.3333333333333335,0,922709.9,0.13587611896714924
ACC02491,R47,Manufacturing,195,1146699.77,0.4519,0.15–0.49,4,Active,1.0,13.333333333333334,10,269620.31,0.20570377046145638
ACC02492,R08,Professional services,122,964408.18,0.619,0.50–0.99,8,Active,0.6666666666666666,10.0,15,510911.72000000003,0.2167653269018323
ACC02493,R47,Retail,166,1026674.77,0.8441,0.50–0.99,4,Active,0.3333333333333333,1.6666666666666667,5,535832.27,0.17341246637704807
ACC02494,R32,Healthcare,874,6194522.61,0.402,0.15–0.49,5,Active,0.6666666666666666,5.0,10,1510941.75,0.10966689767540104
ACC02495,R02,Financial services,188,1148028.98,0.5694,0.50–0.99,5,Active,0.6666666666666666,8.333333333333334,5,624563.27,0.17021463160774286
ACC02496,R33,Logistics,98,711328.02,0.5867,0.50–0.99,10,Active,1.0,-3.3333333333333335,0,418665.02,0.2269375641808351
ACC02497,R12,Professional services,134,902546.81,0.6741,0.50–0.99,9,Active,1.0,-3.3333333333333335,5,372129.65,0.202044192635679
ACC02498,R33,Technology,216,1599774.76,4.6861,2.50–5.00,7,Active,1.0,-1.6666666666666667,0,6793318.56,0.147957466783682
ACC02499,R47,Financial services,177,1272530.49,0.2726,0.15–0.49,7,Active,1.0,-8.333333333333334,-10,228639.19,0.2086813236030163
ACC02500,R30,Logistics,119,879520.39,0.7964,0.50–0.99,3,Active,0.6666666666666666,3.3333333333333335,5,496468.06,0.24686881187340604
ACC02501,R42,Technology,170,1387947.01,1.9926,1.50–2.49,6,Active,1.0,6.666666666666667,15,2091164.27,0.13802790648085325
ACC02502,R27,Manufacturing,266,1610050.35,0.349,0.15–0.49,5,Active,1.0,1.6666666666666667,-5,428068.71,0.1970721469893273
ACC02503,R44,Financial services,529,3966033.69,1.3447,1.00–1.49,5,Active,1.0,6.666666666666667,20,3752937.96,0.10018162633270854
ACC02504,R10,Logistics,121,705623.46,0.8318,0.50–0.99,11,Active,0.3333333333333333,3.3333333333333335,10,468366.17,0.28877622172792156
ACC02505,R22,Retail,201,1236232.94,0.6649,0.50–0.99,8,Active,1.0,0.0,-5,631059.52,0.19117864139607652
ACC02506,R37,Financial services,91,461979.15,0.5073,0.50–0.99,10,Active,0.6666666666666666,8.333333333333334,15,192057.75,0.2513692183800467
ACC02507,R12,Logistics,152,939725.16,0.4566,0.15–0.49,12,Active,1.0,-3.3333333333333335,-5,275477.94,0.2004599211434624
ACC02508,R35,Hospitality,149,1105975.21,0.9715,0.50–0.99,4,Active,1.0,5.0,15,495704.92,0.3316466003165112
ACC02509,R17,Hospitality,443,3335737.62,1.2418,1.00–1.49,8,Active,1.0,11.666666666666666,0,3060542.02,0.12493502865052879
ACC02510,R25,Logistics,350,2153276.63,1.4366,1.00–1.49,7,Active,1.0,5.0,0,2162427.66,0.13453738460895143
ACC02511,R37,Healthcare,94,578117.09,1.2074,1.00–1.49,7,Active,0.6666666666666666,0.0,-15,633473.25,0.30905087595335295
ACC02512,R30,Financial services,577,2903240.31,0.488,0.15–0.49,8,Active,0.6666666666666666,8.333333333333334,10,928937.38,0.11842296024495443
ACC02513,R12,Technology,285,2146460.34,0.786,0.50–0.99,11,Active,1.0,5.0,20,1149722.04,0.2027861570523367
ACC02514,R30,Hospitality,462,2743529.78,0.8857,0.50–0.99,11,Active,1.0,13.333333333333334,10,2096409.9,0.19905995742557506
ACC02515,R47,Hospitality,106,759849.34,0.4595,0.15–0.49,11,Active,1.0,1.6666666666666667,5,105775.15,0.25497648762954633
ACC02516,R45,Professional services,678,5388043.35,1.6612,1.50–2.49,1,Active,1.0,13.333333333333334,5,8145864.37,0.08140396834726694
ACC02517,R27,Technology,315,2775406.85,1.0252,1.00–1.49,11,Active,1.0,1.6666666666666667,0,2244046.12,0.13290852958950664
ACC02518,R15,Manufacturing,432,1917887.4,0.6306,0.50–0.99,2,Active,0.6666666666666666,11.666666666666666,10,1520445.52,0.1252849881128432
ACC02519,R09,Hospitality,324,1576856.2,0.2597,0.15–0.49,11,Active,0.6666666666666666,11.666666666666666,15,688295.94,0.2154237998964717
ACC02520,R26,Logistics,169,915495.1,0.1876,0.15–0.49,3,Active,0.6666666666666666,11.666666666666666,5,251277.01,0.22103453994031202
ACC02521,R15,Professional services,62,387528.26,0.5906,0.50–0.99,2,Active,1.0,10.0,5,244568.43,0.23118991936428304
ACC02522,R02,Manufacturing,522,5803633.26,4.3276,2.50–5.00,12,Active,1.0,10.0,10,15764158.98,0.11452153966859258
ACC02523,R21,Professional services,150,998917.32,0.4312,0.15–0.49,10,Active,0.6666666666666666,5.0,15,155791.93,0.2697729232657805
ACC02524,R11,Technology,183,1286637.82,0.6351,0.50–0.99,4,Active,0.6666666666666666,13.333333333333334,15,561277.36,0.21247023502749726
ACC02525,R24,Financial services,148,913262.17,2.0847,1.50–2.49,6,Active,0.6666666666666666,6.666666666666667,0,1920360.4,0.13656734252897879
ACC02526,R32,Logistics,581,3255172.53,0.1998,0.15–0.49,11,Active,0.6666666666666666,10.0,15,871641.62,0.1274678691115276
ACC02527,R32,Healthcare,246,1414604.7,0.9276,0.50–0.99,8,Active,1.0,15.0,5,562868.14,0.13480880005832185
ACC02528,R09,Manufacturing,395,3335062.25,0.4823,0.15–0.49,8,Active,0.3333333333333333,15.0,20,766537.26,0.18293705176322575
ACC02529,R45,Financial services,259,2056819.98,2.1573,1.50–2.49,9,Active,1.0,6.666666666666667,10,2969907.92,0.11927883341658659
ACC02530,R42,Logistics,411,2235543.86,1.2491,1.00–1.49,3,Active,1.0,8.333333333333334,20,2649772.29,0.10305152309047497
ACC02531,R37,Financial services,100,627212.22,0.8437,0.50–0.99,7,Active,1.0,5.0,15,487867.06,0.22955584252408492
ACC02532,R11,Retail,345,2113822.34,0.6201,0.50–0.99,7,Active,0.6666666666666666,1.6666666666666667,-15,1045281.63,0.1359335182108381
ACC02533,R08,Retail,104,728172.27,0.8154,0.50–0.99,6,Active,1.0,15.0,25,280307.47,0.2393814562762884
ACC02534,R34,Retail,81,460473.94,3.7293,2.50–5.00,12,Active,1.0,8.333333333333334,10,2668027.41,0.1964978737346323
ACC02535,R33,Manufacturing,229,2002560.44,4.0716,2.50–5.00,12,Active,1.0,3.3333333333333335,0,4216378.08,0.10278301807878382
ACC02536,R36,Manufacturing,74,567125.39,2.0467,1.50–2.49,6,Active,1.0,6.666666666666667,15,1943353.45,0.26026579062943683
ACC02537,R26,Retail,351,2904258.25,0.7496,0.50–0.99,4,Active,0.3333333333333333,20.0,15,1274495.98,0.16145410796579532
ACC02538,R05,Healthcare,857,4258580.75,0.5235,0.50–0.99,3,Active,1.0,6.666666666666667,15,3667555.17,0.11030343593847798
ACC02539,R40,Professional services,447,3234224.65,0.3037,0.15–0.49,2,Active,1.0,6.666666666666667,5,648174.01,0.11638645995126795
ACC02540,R35,Logistics,194,865358.88,0.3413,0.15–0.49,7,Active,0.6666666666666666,-5.0,-15,320482.09,0.26363158353431965
ACC02541,R22,Professional services,285,2009333.44,0.6942,0.50–0.99,12,Active,1.0,0.0,0,887450.3099999999,0.16905761189909138
ACC02542,R30,Hospitality,261,1607759.7,0.9503,0.50–0.99,9,Active,0.6666666666666666,1.6666666666666667,-15,902126.7,0.14187409214282623
ACC02543,R32,Technology,309,1585342.23,0.2515,0.15–0.49,11,Active,0.3333333333333333,3.3333333333333335,-15,555664.92,0.15144457777763148
ACC02544,R18,Healthcare,407,2905001.42,0.1673,0.15–0.49,11,Active,0.6666666666666666,0.0,-15,723289.26,0.17534930574921456
ACC02545,R18,Professional services,158,1028296.96,0.4492,0.15–0.49,4,Active,1.0,11.666666666666666,10,288989.47,0.22045126166780193
ACC02546,R13,Technology,139,1145554.71,0.4723,0.15–0.49,11,Active,1.0,0.0,5,232441.1,0.28422274349417176
ACC02547,R05,Technology,145,809526.33,0.6365,0.50–0.99,8,Active,1.0,5.0,0,592925.1,0.22173921964249826
ACC02548,R08,Manufacturing,580,2836358.28,0.2505,0.15–0.49,6,Active,0.6666666666666666,15.0,10,903322.61,0.15975530383509035
ACC02549,R16,Professional services,434,3144753.71,4.0363,2.50–5.00,1,Active,1.0,13.333333333333334,15,12238080.98,0.08987574910224169
ACC02550,R21,Healthcare,255,1684587.18,1.3428,1.00–1.49,7,Active,1.0,-6.666666666666667,5,1804259.07,0.1725164919526531
ACC02551,R39,Healthcare,194,1365831.17,2.253,1.50–2.49,9,Active,1.0,3.3333333333333335,5,2225919.33,0.1502620015589502
ACC02552,R47,Professional services,264,2170439.7,0.9519,0.50–0.99,8,Active,0.6666666666666666,3.3333333333333335,0,714666.36,0.138952603849312
ACC02553,R11,Professional services,198,1165174.48,0.3538,0.15–0.49,6,Active,1.0,0.0,5,254251.18,0.18401270760706662
ACC02554,R09,Financial services,99,658269.02,0.6231,0.50–0.99,7,Active,1.0,3.3333333333333335,5,522203.32,0.3425315410681642
ACC02555,R43,Technology,464,2936457.23,1.336,1.00–1.49,8,Active,1.0,0.0,-10,2518707.11,0.10091948030831163
ACC02556,R17,Logistics,430,3189001.4,0.5896,0.50–0.99,8,Active,0.6666666666666666,15.0,20,1418940.44,0.11288695957896926
ACC02557,R10,Logistics,270,2242601.59,4.8289,2.50–5.00,2,Active,1.0,-1.6666666666666667,5,8172417.7299999995,0.13193113690537284
ACC02558,R03,Logistics,269,1605430.22,0.7536,0.50–0.99,10,Active,0.6666666666666666,5.0,5,1045240.99,0.18447093530871633
ACC02559,R45,Professional services,261,1574180.94,0.2807,0.15–0.49,5,Active,1.0,13.333333333333334,15,369336.48,0.1899716091099949
ACC02560,R23,Financial services,203,1228130.12,0.4467,0.15–0.49,12,Active,1.0,18.333333333333332,15,342421.44,0.15606881969029987
ACC02561,R29,Retail,203,1098184.46,1.352,1.00–1.49,10,Active,1.0,8.333333333333334,0,1677984.54,0.1661115325813969
ACC02562,R07,Logistics,422,2538827.33,0.5978,0.50–0.99,2,Active,0.6666666666666666,15.0,5,1822689.34,0.17389225405321945
ACC02563,R35,Manufacturing,880,6990152.04,0.6749,0.50–0.99,11,Active,0.6666666666666666,-1.6666666666666667,-15,3168092.5,0.09455576068642041
ACC02564,R45,Logistics,171,919315.61,0.2883,0.15–0.49,10,Active,0.6666666666666666,11.666666666666666,15,305191.35,0.2541888536096876
ACC02565,R24,Logistics,201,1803200.55,2.6464,2.50–5.00,5,Active,1.0,5.0,20,5206313.21,0.1351785679212025
ACC02566,R16,Technology,173,1106401.04,0.9058,0.50–0.99,6,Active,1.0,-1.6666666666666667,-10,789730.15,0.19731732949430855
ACC02567,R27,Professional services,228,1461620.54,0.2784,0.15–0.49,11,Active,1.0,5.0,-10,352580.45,0.2059744036182602
ACC02568,R25,Hospitality,278,1172013.6,0.2467,0.15–0.49,7,Active,0.6666666666666666,13.333333333333334,15,451636.64,0.16441778129220455
ACC02569,R23,Logistics,558,3513903.9,1.809,1.50–2.49,11,Active,1.0,8.333333333333334,10,8512227.14,0.08108607029066453
ACC02570,R11,Retail,413,2766526.1,2.4598,1.50–2.49,2,Active,1.0,11.666666666666666,5,4963298.55,0.10999931912546297
ACC02571,R42,Manufacturing,483,4121073.97,0.726,0.50–0.99,1,Active,0.6666666666666666,8.333333333333334,5,1597702.6199999999,0.1284068608103071
ACC02572,R21,Hospitality,208,1385827.54,0.8771,0.50–0.99,5,Active,0.3333333333333333,16.666666666666668,25,748715.29,0.16853197005308915
ACC02573,R44,Professional services,216,1588163.39,1.0464,1.00–1.49,8,Active,1.0,13.333333333333334,10,1671252.45,0.1917079359765332
ACC02574,R33,Technology,218,1660952.9,1.101,1.00–1.49,2,Active,1.0,3.3333333333333335,5,1318080.92,0.1593622910285236
ACC02575,R32,Financial services,113,693063.32,0.1775,0.15–0.49,1,Active,1.0,6.666666666666667,-5,193130.35,0.19304237864785656
ACC02576,R12,Healthcare,310,2419731.09,0.3236,0.15–0.49,4,Active,1.0,-1.6666666666666667,10,411069.91,0.12622756242024472
ACC02577,R01,Manufacturing,190,1048017.15,0.3539,0.15–0.49,6,Active,1.0,1.6666666666666667,-5,312067.77,0.2176990767782792
ACC02578,R01,Retail,444,3738805.41,1.3053,1.00–1.49,2,Active,1.0,6.666666666666667,5,3563251.99,0.16975300612354458
ACC02579,R11,Logistics,317,1879897.57,1.2636,1.00–1.49,2,Active,1.0,8.333333333333334,20,2093593.56,0.11884602690359006
ACC02580,R18,Professional services,328,1665188.47,0.9417,0.50–0.99,8,Active,1.0,6.666666666666667,5,1118538.4,0.14256448422641205
ACC02581,R46,Hospitality,385,2705538.88,0.9551,0.50–0.99,2,Active,0.6666666666666666,8.333333333333334,-5,1510912.86,0.11932510479252773
ACC02582,R09,Hospitality,208,1379628.15,0.774,0.50–0.99,2,Active,0.6666666666666666,16.666666666666668,5,911700.95,0.20140052843252157
ACC02583,R38,Logistics,76,800030.4,0.6709,0.50–0.99,2,Active,1.0,6.666666666666667,-5,241540.43,0.22088573605342895
ACC02584,R04,Manufacturing,214,1502491.16,1.3233,1.00–1.49,4,Active,1.0,5.0,5,1808496.8,0.17577250649407725
ACC02585,R15,Healthcare,759,4835399.88,1.1681,1.00–1.49,10,Active,1.0,-6.666666666666667,-15,5116435.14,0.09654402514384791
ACC02586,R35,Professional services,776,5250418.25,0.5689,0.50–0.99,6,Active,1.0,-6.666666666666667,-15,3125563.19,0.11028714433228515
ACC02587,R43,Healthcare,695,5068988.1,1.8787,1.50–2.49,4,Active,1.0,0.0,-5,9694554.83,0.0795872375477772
ACC02588,R14,Professional services,364,1827066.58,0.265,0.15–0.49,7,Active,0.6666666666666666,-1.6666666666666667,5,452410.11,0.1371294015178412
ACC02589,R04,Healthcare,176,1023033.62,0.9339,0.50–0.99,6,Active,0.3333333333333333,8.333333333333334,-5,421847.7,0.212991173659236
ACC02590,R12,Hospitality,199,1467545.46,0.5632,0.50–0.99,11,Active,0.6666666666666666,1.6666666666666667,15,938143.87,0.17085669233276665
ACC02591,R05,Professional services,480,3198941.39,0.9896,0.50–0.99,11,Active,1.0,10.0,10,1781709.69,0.14997917829741697
ACC02592,R17,Technology,288,2834083.71,2.2202,1.50–2.49,8,Active,1.0,11.666666666666666,5,3775055.83,0.13388958754685862
ACC02593,R06,Professional services,426,2661412.34,0.3135,0.15–0.49,6,Active,1.0,8.333333333333334,15,685081.97,0.13145279256400347
ACC02594,R02,Professional services,221,1940687.02,0.5826,0.50–0.99,6,Active,1.0,0.0,5,1192404.22,0.29055158682500953
ACC02595,R12,Professional services,191,1392110.09,0.8378,0.50–0.99,3,Active,1.0,10.0,10,606461.91,0.15092204566831272
ACC02596,R16,Healthcare,115,493843.15,0.7694,0.50–0.99,1,Active,0.3333333333333333,5.0,0,317397.65,0.2160738338204935
ACC02597,R48,Professional services,187,904936.75,0.9213,0.50–0.99,7,Active,1.0,3.3333333333333335,20,671772.41,0.17511640038222262
ACC02598,R40,Healthcare,416,2686565.94,0.8068,0.50–0.99,8,Active,0.6666666666666666,11.666666666666666,15,1362332.49,0.10829885096382216
ACC02599,R39,Healthcare,178,1133902.47,0.3488,0.15–0.49,1,Active,1.0,6.666666666666667,5,201824.85,0.2213566805991827
ACC02600,R06,Healthcare,298,2122587.1,0.6967,0.50–0.99,5,Active,0.6666666666666666,1.6666666666666667,-5,1055322.46,0.1808679868628346
ACC02601,R32,Financial services,172,1303925.95,1.1763,1.00–1.49,12,Active,1.0,11.666666666666666,5,1054911.51,0.14026317227809823
ACC02602,R03,Healthcare,81,727901.47,0.809,0.50–0.99,8,Active,0.6666666666666666,3.3333333333333335,0,539122.6900000001,0.2857286305797513
ACC02603,R23,Logistics,405,2342005.49,0.2884,0.15–0.49,12,Active,1.0,3.3333333333333335,-15,655208.46,0.17646384380311916
ACC02604,R25,Retail,440,2292341.25,0.2216,0.15–0.49,1,Active,0.0,13.333333333333334,20,738187.95,0.14214590984919484
ACC02605,R44,Professional services,379,3068613.85,4.2721,2.50–5.00,10,Active,1.0,11.666666666666666,5,11582173.42,0.09106487254371917
ACC02606,R25,Financial services,332,1608740.54,0.9059,0.50–0.99,11,Active,0.6666666666666666,10.0,20,941705.46,0.1573408069438897
ACC02607,R23,Hospitality,565,4546492.47,0.6939,0.50–0.99,5,Active,0.6666666666666666,0.0,-15,1989014.5,0.11676050850414639
ACC02608,R45,Retail,323,2168462.99,1.1141,1.00–1.49,11,Active,1.0,8.333333333333334,10,1866856.26,0.12231676989854602
ACC02609,R04,Logistics,150,1157151.01,1.3615,1.00–1.49,1,Active,1.0,11.666666666666666,0,984892.8099999999,0.17675891197816831
ACC02610,R37,Logistics,188,1052751.44,0.9731,0.50–0.99,6,Active,1.0,3.3333333333333335,0,526094.22,0.1684100748725785
ACC02611,R02,Financial services,350,1878971.0,0.6855,0.50–0.99,6,Active,0.6666666666666666,0.0,5,1367425.97,0.13767171624262556
ACC02612,R47,Professional services,934,6760007.15,0.6705,0.50–0.99,7,Active,0.6666666666666666,13.333333333333334,5,3099696.9899999998,0.09368177942498844
ACC02613,R13,Healthcare,815,4840982.29,1.3399,1.00–1.49,9,Active,1.0,13.333333333333334,0,5675211.3,0.09646526377741468
ACC02614,R04,Manufacturing,212,1525458.61,0.4457,0.15–0.49,10,Active,0.6666666666666666,11.666666666666666,10,406578.37,0.20937065688465561
ACC02615,R30,Manufacturing,155,817906.96,1.3595,1.00–1.49,3,Active,0.6666666666666666,13.333333333333334,15,791147.7,0.1847091463234335
ACC02616,R01,Logistics,517,3369622.17,0.1732,0.15–0.49,2,Active,0.6666666666666666,13.333333333333334,20,740792.66,0.1231185998715454
ACC02617,R10,Technology,83,444200.6,0.6811,0.50–0.99,3,Active,1.0,-3.3333333333333335,-15,189634.92,0.2974515412255327
ACC02618,R03,Professional services,1018,7182124.04,0.5207,0.50–0.99,6,Active,1.0,11.666666666666666,10,3960290.61,0.11455599642121782
ACC02619,R32,Financial services,550,3354985.27,0.2922,0.15–0.49,6,Active,1.0,8.333333333333334,20,984384.22,0.12630963867682118
ACC02620,R01,Professional services,426,2548596.01,0.5527,0.50–0.99,2,Active,1.0,5.0,15,2027709.4,0.14872817779649092
ACC02621,R15,Professional services,189,865608.74,0.955,0.50–0.99,9,Active,1.0,3.3333333333333335,5,657251.9,0.26995831489538347
ACC02622,R38,Professional services,342,2849540.01,2.3751,1.50–2.49,12,Active,1.0,3.3333333333333335,-5,3987517.44,0.118536825805644
ACC02623,R19,Logistics,159,950698.11,1.3155,1.00–1.49,9,Active,0.6666666666666666,6.666666666666667,10,702912.0,0.17299388398080856
ACC02624,R36,Technology,328,2010479.13,0.6228,0.50–0.99,11,Active,1.0,11.666666666666666,0,1618249.23,0.18039924372557342
ACC02625,R20,Retail,136,892214.73,1.3683,1.00–1.49,11,Active,1.0,11.666666666666666,5,1036996.64,0.18683915888629737
ACC02626,R09,Hospitality,166,1187781.91,0.7263,0.50–0.99,9,Active,0.3333333333333333,0.0,0,501917.58,0.23228854430579063
ACC02627,R18,Manufacturing,182,1219789.1,1.3933,1.00–1.49,5,Active,1.0,8.333333333333334,-5,905560.65,0.14770117652485273
ACC02628,R26,Healthcare,259,1231433.71,0.9066,0.50–0.99,6,Active,1.0,10.0,10,834582.0,0.16381020907704344
ACC02629,R18,Healthcare,400,3331379.69,0.8901,0.50–0.99,3,Active,1.0,5.0,20,1580181.25,0.22284135927042795
ACC02630,R01,Financial services,206,1355357.81,2.1491,1.50–2.49,1,Active,1.0,3.3333333333333335,20,2759801.38,0.1766636109716129
ACC02631,R38,Manufacturing,588,4357023.1,0.4007,0.15–0.49,6,Active,0.6666666666666666,11.666666666666666,5,1068615.51,0.1361637015992101
ACC02632,R38,Retail,859,5849399.21,0.7494,0.50–0.99,8,Active,1.0,5.0,5,2911874.48,0.08098920529098431
ACC02633,R38,Technology,1017,5359791.89,0.7234,0.50–0.99,2,Active,0.6666666666666666,8.333333333333334,20,3442627.65,0.07602132500385483
ACC02634,R39,Logistics,133,1049167.82,0.734,0.50–0.99,5,Active,1.0,3.3333333333333335,0,439607.5,0.22058389594397348
ACC02635,R46,Hospitality,347,2320170.08,0.6312,0.50–0.99,4,Active,0.6666666666666666,3.3333333333333335,15,1172424.8,0.1749742494320704
ACC02636,R41,Professional services,326,1791868.21,0.8542,0.50–0.99,11,Active,1.0,6.666666666666667,10,985035.75,0.13906299230359845
ACC02637,R11,Retail,186,1261176.54,1.4638,1.00–1.49,1,Active,0.6666666666666666,8.333333333333334,0,1322398.4,0.16491166467542617
ACC02638,R46,Professional services,245,1327294.55,0.5186,0.50–0.99,12,Active,0.3333333333333333,11.666666666666666,0,998164.97,0.16167262844194327
ACC02639,R17,Technology,299,1786153.05,0.8276,0.50–0.99,1,Active,1.0,8.333333333333334,5,734063.82,0.15154789172126115
ACC02640,R46,Retail,652,3456372.83,0.4817,0.15–0.49,6,Active,0.6666666666666666,1.6666666666666667,-10,973708.25,0.10349613501304228
ACC02641,R05,Manufacturing,235,1401094.81,0.3107,0.15–0.49,8,Active,1.0,6.666666666666667,25,297281.09,0.25139784190928005
ACC02642,R41,Manufacturing,606,3805223.64,0.4754,0.15–0.49,1,Active,1.0,5.0,10,818437.24,0.11825842835831495
ACC02643,R26,Technology,153,1162745.53,0.5905,0.50–0.99,10,Active,0.3333333333333333,10.0,20,628385.92,0.19161234180732611
ACC02644,R22,Retail,480,3663536.07,2.3734,1.50–2.49,3,Active,1.0,8.333333333333334,10,7077109.32,0.10076582600995619
ACC02645,R39,Manufacturing,835,5881808.58,1.3806,1.00–1.49,10,Active,1.0,6.666666666666667,0,5389607.49,0.07927040107327829
ACC02646,R01,Hospitality,433,2849624.63,0.7511,0.50–0.99,4,Active,1.0,6.666666666666667,0,1244657.32,0.11549700345899475
ACC02647,R02,Financial services,197,1166036.12,0.3082,0.15–0.49,3,Active,1.0,-3.3333333333333335,-10,260455.46,0.20144882452111315
ACC02648,R29,Manufacturing,118,832886.29,0.6447,0.50–0.99,2,Active,0.6666666666666666,5.0,5,257347.1,0.1928208053699263
ACC02649,R47,Technology,174,888161.29,0.6844,0.50–0.99,10,Active,0.3333333333333333,-1.6666666666666667,0,799602.36,0.22708165199166513
ACC02650,R08,Technology,193,1748259.76,0.8245,0.50–0.99,10,Active,1.0,5.0,-10,577410.98,0.16374421474543974
ACC02651,R08,Hospitality,105,606896.61,0.9411,0.50–0.99,9,Active,1.0,15.0,20,505064.94,0.25125964955093943
ACC02652,R16,Retail,247,1593141.89,0.2245,0.15–0.49,3,Active,0.6666666666666666,1.6666666666666667,5,404669.11,0.16844977842538103
ACC02653,R27,Retail,151,881962.87,3.7326,2.50–5.00,10,Active,1.0,6.666666666666667,-5,5039507.55,0.1964682750277066
ACC02654,R22,Retail,475,4545278.8,1.0271,1.00–1.49,1,Active,1.0,8.333333333333334,20,3842356.62,0.25048293706750135
ACC02655,R46,Professional services,234,1341688.39,0.4018,0.15–0.49,5,Active,1.0,3.3333333333333335,0,542275.26,0.29678239123463795
ACC02656,R12,Technology,201,1903843.76,0.2931,0.15–0.49,11,Active,0.0,10.0,15,467323.56,0.24179826911754507
ACC02657,R39,Hospitality,429,2804595.18,4.4577,2.50–5.00,7,Active,1.0,8.333333333333334,25,11468604.44,0.09409946615242529
ACC02658,R18,Professional services,323,2125230.05,0.447,0.15–0.49,1,Active,1.0,0.0,5,467198.69,0.17348283952814084
ACC02659,R05,Technology,302,1774954.61,0.8977,0.50–0.99,11,Active,0.6666666666666666,5.0,5,1010970.56,0.13781554735629697
ACC02660,R48,Manufacturing,113,792937.02,0.6487,0.50–0.99,6,Active,0.6666666666666666,11.666666666666666,10,517070.26,0.30012975076669224
ACC02661,R31,Healthcare,148,1339698.18,1.0084,1.00–1.49,11,Active,0.3333333333333333,5.0,10,981303.94,0.1569631865024314
ACC02662,R39,Manufacturing,129,914195.95,0.7646,0.50–0.99,9,Active,1.0,-1.6666666666666667,0,430789.83999999997,0.2820504146813172
ACC02663,R11,Technology,258,2113358.22,4.0285,2.50–5.00,7,Active,1.0,1.6666666666666667,-5,7685237.16,0.14415924190761287
ACC02664,R03,Retail,88,521337.08,0.4379,0.15–0.49,8,Active,0.3333333333333333,8.333333333333334,15,157118.72999999998,0.34561024356549486
ACC02665,R01,Retail,405,2155703.25,0.8826,0.50–0.99,3,Active,1.0,-3.3333333333333335,0,1454656.4,0.12858693688853778
ACC02666,R22,Manufacturing,252,1653202.6,0.7222,0.50–0.99,5,Active,1.0,6.666666666666667,15,984084.29,0.16729131070608255
ACC02667,R16,Healthcare,144,970212.34,0.6552,0.50–0.99,9,Active,0.6666666666666666,10.0,0,473469.44,0.21864932081317326
ACC02668,R09,Hospitality,205,2049974.94,1.7135,1.50–2.49,6,Active,1.0,0.0,5,3147708.64,0.13186175261714878
ACC02669,R39,Retail,137,981133.1,1.3194,1.00–1.49,9,Active,0.6666666666666666,6.666666666666667,0,1028219.38,0.1951118644666943
ACC02670,R38,Technology,107,738652.5,0.7467,0.50–0.99,10,Active,0.6666666666666666,1.6666666666666667,-15,374553.59,0.3909345252510748
ACC02671,R28,Technology,139,936672.64,0.7468,0.50–0.99,3,Active,1.0,3.3333333333333335,0,590116.15,0.20591235412041523
ACC02672,R24,Healthcare,173,1066772.36,1.5764,1.50–2.49,7,Active,1.0,-3.3333333333333335,5,2074756.91,0.151409280803126
ACC02673,R22,Professional services,252,1598643.06,1.3529,1.00–1.49,3,Active,0.6666666666666666,18.333333333333332,5,2436976.72,0.17473826299976344
ACC02674,R11,Retail,151,988152.35,0.5048,0.50–0.99,9,Active,0.6666666666666666,-1.6666666666666667,0,593831.98,0.1730914282155553
ACC02675,R47,Hospitality,677,4882445.47,0.5279,0.50–0.99,11,Active,0.6666666666666666,8.333333333333334,5,2509490.65,0.1188110963590614
ACC02676,R33,Hospitality,503,3837490.32,1.4738,1.00–1.49,2,Active,1.0,3.3333333333333335,0,3070749.79,0.12333597012144894
ACC02677,R16,Healthcare,671,5155156.39,0.8056,0.50–0.99,5,Active,0.6666666666666666,-1.6666666666666667,-10,2317283.17,0.10532568888017121
ACC02678,R13,Manufacturing,122,728970.32,0.4344,0.15–0.49,7,Active,0.6666666666666666,-10.0,-15,170480.76,0.3066203850788565
ACC02679,R47,Manufacturing,618,3397078.08,0.983,0.50–0.99,11,Active,1.0,-3.3333333333333335,0,1971035.6300000001,0.10805893988823229
ACC02680,R40,Technology,71,604251.89,2.8257,2.50–5.00,8,Active,1.0,1.6666666666666667,5,2121712.5,0.20363966157558677
ACC02681,R28,Retail,74,747095.59,3.7151,2.50–5.00,3,Active,1.0,3.3333333333333335,-15,2684769.1,0.21606757804289284
ACC02682,R39,Professional services,216,1281091.17,1.2202,1.00–1.49,8,Active,1.0,5.0,-10,1464167.97,0.3324826768751118
ACC02683,R12,Technology,303,2302430.02,0.7471,0.50–0.99,12,Active,1.0,6.666666666666667,0,1018940.77,0.12061363873320495
ACC02684,R09,Healthcare,329,1877477.98,0.5375,0.50–0.99,5,Active,0.6666666666666666,10.0,10,949693.1799999999,0.15437380107676663
ACC02685,R21,Technology,170,753977.63,0.9001,0.50–0.99,7,Active,1.0,1.6666666666666667,5,556695.48,0.1699426130346108
ACC02686,R31,Healthcare,77,502833.52,0.6742,0.50–0.99,11,Active,0.6666666666666666,5.0,-5,275112.3,0.28204188564562177
ACC02687,R37,Professional services,707,4647624.19,0.3953,0.15–0.49,7,Active,0.3333333333333333,10.0,-10,1260795.01,0.11371432854428068
ACC02688,R02,Financial services,295,1588403.48,0.9208,0.50–0.99,7,Active,1.0,-8.333333333333334,-10,1119369.95,0.1726533663688797
ACC02689,R29,Retail,444,3157771.04,2.2661,1.50–2.49,5,Active,1.0,6.666666666666667,10,6247394.45,0.10787259831526629
ACC02690,R29,Logistics,96,747249.91,3.2114,2.50–5.00,4,Active,1.0,-3.3333333333333335,10,3408738.11,0.18902984453319838
ACC02691,R17,Healthcare,291,1874392.34,0.8223,0.50–0.99,7,Active,0.6666666666666666,8.333333333333334,25,1239205.28,0.1450188648420257
ACC02692,R22,Manufacturing,560,2818120.62,0.621,0.50–0.99,8,Active,0.6666666666666666,13.333333333333334,5,1516436.1300000001,0.12307083294263275
ACC02693,R13,Logistics,109,524999.36,0.8589,0.50–0.99,9,Active,1.0,5.0,5,526344.95,0.24620542824299685
ACC02694,R13,Healthcare,463,3243251.94,0.9681,0.50–0.99,2,Active,1.0,6.666666666666667,0,1499412.85,0.10362538245114046
ACC02695,R08,Logistics,201,961850.8,0.2819,0.15–0.49,5,Active,1.0,3.3333333333333335,5,343182.95,0.1794355530262312
ACC02696,R02,Financial services,123,610837.09,0.8858,0.50–0.99,4,Active,1.0,5.0,10,346409.02,0.1897822299814942
ACC02697,R39,Logistics,282,1851706.98,1.6869,1.50–2.49,2,Active,1.0,10.0,5,3329784.33,0.13783416323180323
ACC02698,R40,Logistics,112,652330.48,0.8367,0.50–0.99,5,Active,0.6666666666666666,5.0,5,505540.59,0.1965832743502958
ACC02699,R46,Logistics,783,4360968.42,0.2632,0.15–0.49,3,Active,1.0,1.6666666666666667,10,1025488.44,0.10069795818900867
ACC02700,R07,Retail,570,4427376.18,0.8255,0.50–0.99,3,Active,1.0,10.0,5,2014602.5999999999,0.13426479707227285
ACC02701,R32,Manufacturing,512,3210991.63,0.5021,0.50–0.99,9,Active,0.6666666666666666,11.666666666666666,10,1460928.23,0.10490589030544738
ACC02702,R12,Manufacturing,337,1718865.41,0.3489,0.15–0.49,7,Active,1.0,0.0,-10,488185.92,0.17883709135780126
ACC02703,R16,Hospitality,213,1125421.81,0.2571,0.15–0.49,7,Active,0.6666666666666666,18.333333333333332,20,320434.51,0.2054968888258636
ACC02704,R02,Manufacturing,100,985470.49,0.6758,0.50–0.99,9,Active,0.6666666666666666,10.0,5,369588.94,0.2385939536604476
ACC02705,R42,Financial services,1592,8161310.63,0.4472,0.15–0.49,3,Active,1.0,8.333333333333334,10,2712616.34,0.0959201462890806
ACC02706,R47,Technology,287,1502694.23,0.5111,0.50–0.99,8,Active,1.0,6.666666666666667,-5,862611.97,0.15189969439834838
ACC02707,R25,Healthcare,313,1965546.22,0.8743,0.50–0.99,12,Active,1.0,5.0,10,1016581.32,0.13243438982189584
ACC02708,R39,Financial services,113,652044.23,1.406,1.00–1.49,5,Active,1.0,6.666666666666667,5,589058.3099999999,0.18969910429792775
ACC02709,R48,Manufacturing,108,728914.24,0.6029,0.50–0.99,2,Active,1.0,3.3333333333333335,-5,315417.6,0.29815724167423957
ACC02710,R40,Manufacturing,73,446204.05,0.3986,0.15–0.49,11,Active,0.6666666666666666,-3.3333333333333335,-5,142234.94,0.5268794450509366
ACC02711,R12,Logistics,152,918351.39,0.2774,0.15–0.49,6,Active,1.0,8.333333333333334,5,232542.0,0.200626301112888
ACC02712,R15,Logistics,282,1989441.26,1.673,1.50–2.49,3,Active,1.0,6.666666666666667,5,3443214.24,0.11927041843197077
ACC02713,R27,Financial services,693,3265537.69,0.3721,0.15–0.49,8,Active,0.6666666666666666,16.666666666666668,20,1076130.59,0.12164781451566478
ACC02714,R07,Professional services,259,1492278.39,0.731,0.50–0.99,8,Active,1.0,1.6666666666666667,5,948002.5,0.20040143334695917
ACC02715,R03,Financial services,400,2704871.82,0.5545,0.50–0.99,10,Active,1.0,1.6666666666666667,10,1845147.54,0.12986284679897867
ACC02716,R31,Technology,116,744836.67,0.2285,0.15–0.49,1,Active,0.6666666666666666,10.0,5,151146.72,0.2660885681710805
ACC02717,R25,Financial services,120,740899.99,1.4453,1.00–1.49,5,Active,0.6666666666666666,8.333333333333334,5,629319.13,0.20200894374397374
ACC02718,R24,Logistics,1127,9355924.73,0.8486,0.50–0.99,8,Active,1.0,3.3333333333333335,5,3782270.02,0.08626671864829343
ACC02719,R11,Healthcare,567,4266107.57,4.8269,2.50–5.00,5,Active,1.0,1.6666666666666667,0,17373604.48,0.0810517131555222
ACC02720,R06,Technology,224,1274970.08,2.1121,1.50–2.49,1,Active,1.0,16.666666666666668,15,2738670.28,0.17380064301084172
ACC02721,R06,Hospitality,360,1885416.62,1.4792,1.00–1.49,6,Active,1.0,3.3333333333333335,0,1563518.63,0.11849153241055668
ACC02722,R36,Retail,259,1769884.76,0.8237,0.50–0.99,8,Active,0.6666666666666666,-3.3333333333333335,-5,1382561.5,0.2890449056490484
ACC02723,R22,Retail,336,2870074.0,2.8946,2.50–5.00,8,Active,1.0,16.666666666666668,10,10365055.73,0.11844321246081409
ACC02724,R18,Professional services,551,3602293.56,1.3136,1.00–1.49,11,Active,1.0,11.666666666666666,0,4257147.46,0.1171791546903526
ACC02725,R02,Technology,312,1842290.61,0.511,0.50–0.99,5,Active,0.6666666666666666,10.0,0,1058493.31,0.19036397740271002
ACC02726,R24,Financial services,223,1575632.93,0.7368,0.50–0.99,4,Active,1.0,20.0,20,715051.7,0.20020468211169287
ACC02727,R28,Technology,62,368720.17,0.718,0.50–0.99,8,Active,1.0,1.6666666666666667,-15,167306.93,0.2836482054312982
ACC02728,R14,Healthcare,115,593262.65,0.7922,0.50–0.99,7,Active,1.0,16.666666666666668,25,330972.74,0.2083800890804698
ACC02729,R04,Manufacturing,472,3277750.05,0.2009,0.15–0.49,1,Active,1.0,6.666666666666667,25,905344.24,0.1244483517711136
ACC02730,R33,Manufacturing,379,1809704.54,0.2004,0.15–0.49,11,Active,1.0,-1.6666666666666667,-15,592412.34,0.14727879350743045
ACC02731,R30,Logistics,224,1473620.09,0.5651,0.50–0.99,3,Active,1.0,0.0,0,756527.82,0.14569668846234807
ACC02732,R25,Healthcare,157,1548606.58,1.0187,1.00–1.49,12,Active,0.6666666666666666,10.0,25,920580.86,0.18847449545270248
ACC02733,R45,Retail,199,1177010.47,1.2103,1.00–1.49,12,Active,1.0,1.6666666666666667,-10,1002559.58,0.19152312723276663
ACC02734,R28,Technology,449,3777716.58,2.9719,2.50–5.00,2,Active,1.0,15.0,0,12477840.32,0.09200284079069433
ACC02735,R21,Manufacturing,162,1039847.78,2.0599,1.50–2.49,2,Active,1.0,0.0,-5,1788286.71,0.1299074671042331
ACC02736,R19,Professional services,121,880363.72,0.9069,0.50–0.99,8,Active,1.0,8.333333333333334,10,376918.91,0.2768264690250369
ACC02737,R04,Retail,227,1347842.48,0.89,0.50–0.99,5,Active,1.0,11.666666666666666,25,823231.05,0.1846630248630914
ACC02738,R47,Professional services,1066,10008607.76,2.3247,1.50–2.49,6,Active,1.0,11.666666666666666,15,13381561.25,0.06551600699727256
ACC02739,R36,Financial services,161,1059298.53,0.4145,0.15–0.49,10,Active,1.0,6.666666666666667,10,207934.02,0.2526688159668651
ACC02740,R42,Professional services,336,1649173.34,0.5691,0.50–0.99,11,Active,1.0,-5.0,0,1052690.0,0.12463233658324452
ACC02741,R19,Technology,261,1829002.05,0.1737,0.15–0.49,9,Active,0.3333333333333333,11.666666666666666,20,425271.04,0.2578288219270474
ACC02742,R23,Hospitality,314,1817511.63,0.2744,0.15–0.49,6,Active,1.0,15.0,5,640435.12,0.2505517367872122
ACC02743,R27,Retail,62,475275.03,0.5267,0.50–0.99,10,Active,0.6666666666666666,8.333333333333334,0,256265.83,0.37393723439440824
ACC02744,R39,Hospitality,336,1820611.48,2.4303,1.50–2.49,5,Active,1.0,-1.6666666666666667,10,3872116.19,0.11380834384527798
ACC02745,R20,Manufacturing,203,1088146.82,0.591,0.50–0.99,3,Active,1.0,1.6666666666666667,10,664313.25,0.1536021519752121
ACC02746,R03,Manufacturing,310,3001233.09,1.7557,1.50–2.49,6,Active,1.0,10.0,10,3901006.32,0.11402150538902169
ACC02747,R34,Technology,93,781568.4,2.6409,2.50–5.00,5,Active,1.0,5.0,20,2837284.22,0.17916107703953946
ACC02748,R17,Healthcare,322,2035478.69,0.82,0.50–0.99,5,Active,1.0,3.3333333333333335,0,1586151.8699999999,0.15612184916034982
ACC02749,R42,Hospitality,103,841007.88,0.5452,0.50–0.99,7,Active,0.6666666666666666,10.0,20,327611.59,0.2232079271855083
ACC02750,R39,Professional services,182,1083998.92,0.6803,0.50–0.99,6,Active,1.0,8.333333333333334,25,600736.55,0.19788073321258534
ACC02751,R43,Manufacturing,175,1126361.41,0.9169,0.50–0.99,6,Active,0.6666666666666666,3.3333333333333335,20,710259.64,0.28412162529344515
ACC02752,R28,Professional services,798,6215032.6,0.6216,0.50–0.99,9,Active,1.0,3.3333333333333335,-5,2938161.91,0.09372065622123082
ACC02753,R48,Technology,463,4934693.83,0.9775,0.50–0.99,11,Active,0.6666666666666666,1.6666666666666667,5,2192019.21,0.20223123289228748
ACC02754,R02,Logistics,173,1429431.33,4.8247,2.50–5.00,7,Active,1.0,3.3333333333333335,10,3603056.38,0.15734351462587567
ACC02755,R43,Technology,317,1878964.68,0.8344,0.50–0.99,5,Active,0.3333333333333333,3.3333333333333335,25,1196871.71,0.1410448777281392
ACC02756,R28,Logistics,529,3958196.34,2.3869,1.50–2.49,6,Active,1.0,10.0,5,8792058.14,0.10224410463164026
ACC02757,R40,Retail,704,4300587.9,1.4424,1.00–1.49,10,Active,1.0,8.333333333333334,-5,4408636.23,0.08950688095842409
ACC02758,R37,Financial services,97,608349.3,0.983,0.50–0.99,9,Active,0.6666666666666666,15.0,10,447466.36,0.278667755861133
ACC02759,R05,Healthcare,99,590909.09,0.9851,0.50–0.99,8,Active,0.6666666666666666,-1.6666666666666667,-15,359632.33,0.20202250413966447
ACC02760,R33,Manufacturing,335,2233145.54,0.6002,0.50–0.99,7,Active,1.0,6.666666666666667,15,1214473.56,0.14523353715050658
ACC02761,R21,Healthcare,1003,6603058.71,0.5806,0.50–0.99,12,Active,0.6666666666666666,-3.3333333333333335,10,3481191.88,0.07737439138022523
ACC02762,R46,Technology,173,1134789.73,0.5506,0.50–0.99,10,Active,1.0,8.333333333333334,5,414404.3,0.2167238849630105
ACC02763,R08,Technology,200,1792165.8,0.1986,0.15–0.49,10,Active,0.6666666666666666,15.0,10,365257.15,0.2010878398850863
ACC02764,R07,Technology,168,1096566.37,0.9896,0.50–0.99,6,Active,1.0,15.0,5,643389.73,0.17044717995524628
ACC02765,R08,Logistics,405,2526045.91,0.4761,0.15–0.49,1,Active,0.6666666666666666,10.0,0,625783.36,0.15958106181227671
ACC02766,R02,Professional services,375,3414124.38,0.4152,0.15–0.49,11,Active,0.6666666666666666,8.333333333333334,10,676702.3,0.15025998056257941
ACC02767,R44,Technology,396,2543229.35,0.5976,0.50–0.99,3,Active,0.6666666666666666,5.0,10,1534694.8,0.15398123031556565
ACC02768,R07,Manufacturing,964,6297726.72,0.7066,0.50–0.99,12,Active,1.0,15.0,20,3678899.41,0.0842091787712074
ACC02769,R34,Professional services,144,799341.53,0.4141,0.15–0.49,2,Active,1.0,-1.6666666666666667,0,334871.57,0.31188596416457737
ACC02770,R03,Manufacturing,210,1466904.7,2.1608,1.50–2.49,8,Active,1.0,11.666666666666666,15,2351652.46,0.14270427057976126
ACC02771,R16,Professional services,267,1910769.98,1.3739,1.00–1.49,8,Active,1.0,6.666666666666667,0,2665305.61,0.2416018985011539
ACC02772,R07,Technology,1375,13505401.69,4.2917,2.50–5.00,10,Active,1.0,3.3333333333333335,-5,38203947.84,0.05186198597974834
ACC02773,R26,Logistics,158,1384001.23,0.5321,0.50–0.99,10,Active,0.6666666666666666,8.333333333333334,10,438559.18,0.1843811969827528
ACC02774,R21,Hospitality,369,2527302.62,0.8089,0.50–0.99,7,Active,0.6666666666666666,3.3333333333333335,5,1392058.85,0.12733153119373342
ACC02775,R45,Healthcare,513,4545910.47,1.0495,1.00–1.49,4,Active,0.6666666666666666,-3.3333333333333335,10,3282669.55,0.08715173579825682
ACC02776,R30,Professional services,219,1366620.12,4.2968,2.50–5.00,11,Active,1.0,8.333333333333334,15,5877399.4799999995,0.15525680053711144
ACC02777,R11,Hospitality,766,5779338.08,0.3777,0.15–0.49,2,Active,1.0,3.3333333333333335,10,1296896.37,0.1026382180250209
ACC02778,R39,Financial services,142,1159761.13,2.2754,1.50–2.49,5,Active,1.0,16.666666666666668,25,1482213.98,0.14482137517212995
ACC02779,R42,Hospitality,354,2709675.77,2.2641,1.50–2.49,2,Active,1.0,15.0,20,4307915.7299999995,0.1196965908436943
ACC02780,R20,Hospitality,62,321599.35,0.3113,0.15–0.49,5,Active,1.0,8.333333333333334,25,92503.55,0.2804585884822714
ACC02781,R37,Healthcare,197,1306347.69,0.2992,0.15–0.49,5,Active,0.6666666666666666,11.666666666666666,5,333826.05,0.17441108147030424
ACC02782,R33,Financial services,459,2738139.47,0.834,0.50–0.99,4,Active,1.0,13.333333333333334,20,1493808.6300000001,0.12652084665068433
ACC02783,R47,Logistics,317,2071128.7,0.3566,0.15–0.49,4,Active,0.3333333333333333,3.3333333333333335,15,401854.31,0.14228477654227104
ACC02784,R41,Manufacturing,209,1643783.17,2.1165,1.50–2.49,3,Active,1.0,5.0,5,2892556.23,0.15257484629988205
ACC02785,R19,Technology,168,888363.41,0.7494,0.50–0.99,8,Active,1.0,-1.6666666666666667,0,451267.8,0.15093330848790765
ACC02786,R46,Healthcare,448,2681911.65,0.6614,0.50–0.99,6,Active,0.6666666666666666,8.333333333333334,-5,1190434.85,0.12734894575866457
ACC02787,R36,Logistics,401,2149071.63,1.0471,1.00–1.49,11,Active,1.0,10.0,10,2967797.76,0.13360128308432354
ACC02788,R19,Retail,213,1226388.69,0.2363,0.15–0.49,10,Active,1.0,1.6666666666666667,-15,519253.26,0.21644847739587705
ACC02789,R04,Logistics,174,1209189.39,0.5662,0.50–0.99,11,Active,1.0,-1.6666666666666667,0,660907.71,0.23873565199896943
ACC02790,R33,Professional services,372,2862738.54,3.7205,2.50–5.00,10,Active,1.0,-3.3333333333333335,-10,9934679.02,0.09366060405845661
ACC02791,R05,Retail,223,1412310.96,0.2201,0.15–0.49,7,Active,0.0,13.333333333333334,-5,283986.8,0.16154072616697995
ACC02792,R30,Retail,204,1627958.71,0.9772,0.50–0.99,5,Active,1.0,1.6666666666666667,5,688967.4400000001,0.16736081930558058
ACC02793,R28,Professional services,125,771967.13,1.2042,1.00–1.49,12,Active,1.0,0.0,0,1467585.74,0.5745260181971436
ACC02794,R45,Logistics,212,936371.08,0.3495,0.15–0.49,7,Active,0.6666666666666666,5.0,10,405226.42,0.36157438738049286
ACC02795,R47,Financial services,126,1058722.39,4.9303,2.50–5.00,6,Active,1.0,5.0,5,3183579.79,0.1592856680808192
ACC02796,R18,Financial services,305,1888554.35,0.7156,0.50–0.99,7,Active,1.0,15.0,10,1446403.47,0.22981177420324547
ACC02797,R42,Healthcare,516,3132882.24,1.35,1.00–1.49,3,Active,1.0,-1.6666666666666667,0,3982287.15,0.12200526273061492
ACC02798,R25,Professional services,190,1134282.23,0.8369,0.50–0.99,10,Active,0.6666666666666666,10.0,10,729010.9400000001,0.19564897470001474
ACC02799,R08,Financial services,167,883929.83,0.7087,0.50–0.99,6,Active,1.0,0.0,10,381018.91,0.2198842085190621
ACC02800,R29,Logistics,459,2898158.27,0.7313,0.50–0.99,6,Active,1.0,1.6666666666666667,0,1557893.71,0.13368586286663955
ACC02801,R01,Manufacturing,140,846852.61,0.8889,0.50–0.99,8,Active,0.6666666666666666,11.666666666666666,20,511896.85,0.18052196916009255
ACC02802,R35,Retail,145,898331.93,1.1992,1.00–1.49,4,Active,1.0,-1.6666666666666667,0,1192781.07,0.1978259946251376
ACC02803,R08,Hospitality,250,1667677.74,0.7049,0.50–0.99,3,Active,1.0,0.0,5,1151822.24,0.2852621197575413
ACC02804,R20,Financial services,234,1451562.85,0.3207,0.15–0.49,6,Active,0.6666666666666666,5.0,5,392268.76,0.19238216140692632
ACC02805,R25,Financial services,429,2754046.47,0.6925,0.50–0.99,5,Active,0.6666666666666666,1.6666666666666667,5,1488174.4,0.14372314893394775
ACC02806,R44,Manufacturing,637,6023295.37,1.5869,1.50–2.49,1,Active,1.0,-5.0,0,8511381.13,0.08786075338957325
ACC02807,R17,Hospitality,488,3325706.04,0.8837,0.50–0.99,11,Active,1.0,6.666666666666667,0,1613526.22,0.10802836714041285
ACC02808,R18,Healthcare,555,3366098.81,0.7757,0.50–0.99,10,Active,0.3333333333333333,6.666666666666667,5,1971222.9,0.1101525077522622
ACC02809,R35,Professional services,811,4440935.68,2.2327,1.50–2.49,12,Active,0.6666666666666666,8.333333333333334,20,10861640.09,0.07265318605965031
ACC02810,R20,Manufacturing,503,2362221.82,0.6706,0.50–0.99,10,Active,0.3333333333333333,13.333333333333334,20,1791397.28,0.13521320510027485
ACC02811,R33,Professional services,176,1204233.42,0.8734,0.50–0.99,7,Active,1.0,3.3333333333333335,-10,465298.68,0.18090045718369022
ACC02812,R39,Logistics,71,425663.37,0.9196,0.50–0.99,10,Active,0.6666666666666666,1.6666666666666667,10,291976.55,0.3457337420250413
ACC02813,R07,Healthcare,169,1457600.67,3.0475,2.50–5.00,3,Active,1.0,6.666666666666667,15,4245444.59,0.12168189895825962
ACC02814,R09,Manufacturing,155,840274.34,0.3641,0.15–0.49,12,Active,1.0,-1.6666666666666667,5,308185.33,0.22101010351636
ACC02815,R16,Hospitality,406,2477692.7,1.2265,1.00–1.49,1,Active,1.0,3.3333333333333335,15,2444843.65,0.11260570918408677
ACC02816,R27,Logistics,225,1379056.74,0.667,0.50–0.99,4,Active,1.0,0.0,-5,858401.68,0.26108051936744536
ACC02817,R09,Healthcare,256,1683425.68,1.7743,1.50–2.49,2,Active,0.6666666666666666,0.0,10,3831570.21,0.13569469181287566
ACC02818,R28,Logistics,458,3004187.08,0.924,0.50–0.99,4,Active,0.6666666666666666,-3.3333333333333335,15,1615638.69,0.13870839349309028
ACC02819,R41,Technology,739,5565596.95,1.0219,1.00–1.49,10,Active,1.0,3.3333333333333335,5,5132779.69,0.08612437619179777
ACC02820,R39,Healthcare,66,793157.21,1.1107,1.00–1.49,7,Active,0.6666666666666666,8.333333333333334,5,480145.05,0.28080426888559323
ACC02821,R20,Manufacturing,166,904066.39,0.3882,0.15–0.49,7,Active,1.0,5.0,10,268962.72,0.43867076982515046
ACC02822,R18,Healthcare,741,4449972.33,1.662,1.50–2.49,11,Active,1.0,-1.6666666666666667,-5,11411856.05,0.10580704005805391
ACC02823,R01,Professional services,241,1440965.51,0.7252,0.50–0.99,9,Active,1.0,5.0,-5,901492.36,0.15102215245177225
ACC02824,R47,Manufacturing,166,1248466.2,0.6037,0.50–0.99,12,Active,1.0,0.0,-5,437487.83,0.17373286179157799
ACC02825,R46,Professional services,62,418862.89,0.5974,0.50–0.99,11,Active,1.0,-3.3333333333333335,10,295073.86000000004,0.5014738582086794
ACC02826,R43,Technology,320,1568931.15,0.313,0.15–0.49,2,Active,0.6666666666666666,13.333333333333334,15,436977.08,0.12913313552556022
ACC02827,R04,Technology,309,2091358.44,0.4337,0.15–0.49,6,Active,1.0,8.333333333333334,10,567685.86,0.15106973314900762
ACC02828,R01,Manufacturing,444,2522631.19,2.3756,1.50–2.49,7,Active,1.0,5.0,10,6034692.25,0.09874806579036675
ACC02829,R47,Manufacturing,683,3016079.15,0.1557,0.15–0.49,4,Active,0.6666666666666666,-3.3333333333333335,-15,934041.26,0.12634696126703576
ACC02830,R42,Technology,62,486014.6,0.1538,0.15–0.49,10,Active,0.6666666666666666,0.0,-5,97762.02,0.5970745652898117
ACC02831,R14,Healthcare,979,6523901.69,0.5929,0.50–0.99,4,Active,0.6666666666666666,3.3333333333333335,-10,2986691.86,0.08489362361128158
ACC02832,R20,Hospitality,251,1528623.62,0.4212,0.15–0.49,3,Active,0.3333333333333333,10.0,10,239836.56,0.16733904589755438
ACC02833,R37,Retail,592,4040610.73,0.2984,0.15–0.49,1,Active,0.6666666666666666,6.666666666666667,10,896864.62,0.12721894544159779
ACC02834,R39,Retail,203,1100097.42,0.4745,0.15–0.49,2,Active,0.6666666666666666,5.0,5,254489.41,0.25775256711061034
ACC02835,R30,Healthcare,639,4054329.36,0.9241,0.50–0.99,4,Active,1.0,11.666666666666666,0,1971557.3,0.09627441220394403
ACC02836,R30,Logistics,694,3704935.31,0.7096,0.50–0.99,3,Active,0.6666666666666666,6.666666666666667,0,2596921.13,0.196466736530569
ACC02837,R28,Healthcare,518,3391093.95,0.7403,0.50–0.99,4,Active,0.3333333333333333,-1.6666666666666667,-15,1754446.46,0.12588895148520132
ACC02838,R37,Financial services,139,901994.32,1.2155,1.00–1.49,5,Active,1.0,3.3333333333333335,0,1026978.37,0.16172918998225144
ACC02839,R37,Retail,174,944762.7,0.4819,0.15–0.49,2,Active,0.0,8.333333333333334,10,230665.4,0.25796368458395386
ACC02840,R32,Manufacturing,133,952148.77,0.9698,0.50–0.99,3,Active,1.0,10.0,5,413114.45,0.22000982999841218
ACC02841,R14,Logistics,240,1492336.72,0.7107,0.50–0.99,5,Active,1.0,11.666666666666666,5,937396.78,0.1578763607375038
ACC02842,R07,Logistics,324,2321819.66,0.3099,0.15–0.49,9,Active,0.6666666666666666,1.6666666666666667,-5,529631.94,0.1831749016586379
ACC02843,R05,Retail,238,1390182.85,0.429,0.15–0.49,12,Active,1.0,8.333333333333334,10,426270.89999999997,0.4145195324017731
ACC02844,R05,Retail,162,1184794.53,2.0903,1.50–2.49,9,Active,1.0,3.3333333333333335,10,2159822.95,0.21075696783969192
ACC02845,R44,Healthcare,103,534367.06,0.9598,0.50–0.99,7,Active,1.0,0.0,0,310517.98,0.22459699300196717
ACC02846,R13,Logistics,166,1204423.02,0.5542,0.50–0.99,6,Active,1.0,1.6666666666666667,-10,617782.87,0.2947440863633923
ACC02847,R46,Technology,564,3705078.49,1.0767,1.00–1.49,3,Active,1.0,-1.6666666666666667,0,3825065.31,0.08198877808974417
ACC02848,R38,Manufacturing,122,734596.15,0.1716,0.15–0.49,3,Active,0.3333333333333333,11.666666666666666,10,187924.74,0.2234546300043277
ACC02849,R33,Healthcare,62,342325.94,0.3965,0.15–0.49,11,Active,0.6666666666666666,1.6666666666666667,5,126681.92,0.28744138889138976
ACC02850,R31,Healthcare,118,1004799.11,0.5564,0.50–0.99,3,Active,1.0,-1.6666666666666667,0,370457.68,0.19803527531748133
ACC02851,R28,Professional services,703,4042279.6,0.6873,0.50–0.99,8,Active,1.0,3.3333333333333335,10,2501660.12,0.09247466067348704
ACC02852,R07,Healthcare,679,5815075.2,2.1571,1.50–2.49,11,Active,1.0,18.333333333333332,20,8899520.32,0.08277165197703173
ACC02853,R34,Healthcare,756,5938304.68,0.2769,0.15–0.49,4,Active,0.6666666666666666,8.333333333333334,5,1364601.65,0.12659708448643892
ACC02854,R43,Logistics,522,3564153.92,0.4105,0.15–0.49,3,Active,0.6666666666666666,3.3333333333333335,25,838877.78,0.14429120743618104
ACC02855,R37,Hospitality,93,604452.52,0.7609,0.50–0.99,8,Active,1.0,3.3333333333333335,15,226153.72999999998,0.400566606622737
ACC02856,R11,Manufacturing,181,1090149.9,0.2711,0.15–0.49,11,Active,1.0,3.3333333333333335,10,443593.2,0.29274162620049954
ACC02857,R14,Manufacturing,215,1580074.96,0.5708,0.50–0.99,3,Active,0.6666666666666666,8.333333333333334,10,707613.55,0.1671820621125353
ACC02858,R19,Manufacturing,127,722124.5,0.1572,0.15–0.49,10,Active,0.6666666666666666,5.0,-5,135194.2,0.31073556678564523
ACC02859,R16,Professional services,233,1385753.62,0.623,0.50–0.99,1,Active,0.6666666666666666,10.0,10,1117944.03,0.1857618765439594
ACC02860,R01,Manufacturing,259,1730386.81,0.4047,0.15–0.49,5,Active,0.6666666666666666,8.333333333333334,15,535982.28,0.20970332003527103
ACC02861,R29,Retail,210,1164422.43,0.5557,0.50–0.99,6,Active,1.0,0.0,5,502645.11,0.17110897269049663
ACC02862,R09,Professional services,178,1026025.65,0.9479,0.50–0.99,11,Active,1.0,10.0,25,695720.88,0.21021672023133847
ACC02863,R20,Logistics,337,2111108.28,0.7647,0.50–0.99,7,Active,0.6666666666666666,3.3333333333333335,5,1216662.19,0.1497403277642842
ACC02864,R42,Technology,463,2311203.05,0.2043,0.15–0.49,5,Active,0.6666666666666666,13.333333333333334,15,630466.59,0.12496655945118533
ACC02865,R24,Technology,266,1612401.26,0.7151,0.50–0.99,6,Active,0.6666666666666666,6.666666666666667,-5,1029956.2999999999,0.15956332336266105
ACC02866,R21,Manufacturing,141,1072956.6,0.7258,0.50–0.99,1,Active,1.0,6.666666666666667,25,590617.05,0.23750291780808644
ACC02867,R31,Technology,431,2973565.4,0.4664,0.15–0.49,9,Active,0.6666666666666666,10.0,5,540478.94,0.13715980433410072
ACC02868,R12,Healthcare,141,740833.57,0.7228,0.50–0.99,1,Active,1.0,1.6666666666666667,5,391943.24,0.20303294826384313
ACC02869,R24,Retail,264,1980016.95,0.2827,0.15–0.49,8,Active,1.0,1.6666666666666667,10,388455.67,0.16198942861929908
ACC02870,R47,Hospitality,385,2223494.82,0.4517,0.15–0.49,6,Active,1.0,-3.3333333333333335,0,498708.58,0.15238896337149613
ACC02871,R35,Healthcare,143,890833.6,2.0565,1.50–2.49,5,Active,1.0,5.0,-10,1826035.43,0.16316859818814275
ACC02872,R02,Retail,62,437234.81,0.4005,0.15–0.49,1,Active,0.6666666666666666,13.333333333333334,10,87915.88,0.3433138567891653
ACC02873,R46,Financial services,75,473596.08,0.4188,0.15–0.49,2,Active,1.0,8.333333333333334,15,123914.15,0.26220630528419964
ACC02874,R43,Logistics,192,1485527.13,0.1507,0.15–0.49,3,Active,0.6666666666666666,1.6666666666666667,5,351980.58999999997,0.25411141860670144
ACC02875,R17,Manufacturing,101,710410.56,0.1772,0.15–0.49,5,Active,0.6666666666666666,-6.666666666666667,-15,189217.38999999998,0.3321259077154672
ACC02876,R22,Retail,223,1343729.61,0.2865,0.15–0.49,10,Active,0.6666666666666666,11.666666666666666,15,302498.5,0.21161912130581
ACC02877,R20,Manufacturing,326,1792843.59,1.0784,1.00–1.49,10,Active,0.6666666666666666,10.0,25,1923900.71,0.17843304809756141
ACC02878,R10,Professional services,294,2769034.39,0.8483,0.50–0.99,2,Active,1.0,1.6666666666666667,0,1314205.18,0.2333770223024821
ACC02879,R41,Healthcare,352,2188887.03,0.6911,0.50–0.99,6,Active,0.6666666666666666,-8.333333333333334,-15,1122855.29,0.12019679913828471
ACC02880,R43,Manufacturing,198,1574245.74,0.7563,0.50–0.99,10,Active,0.3333333333333333,6.666666666666667,0,421134.68,0.16221406921914516
ACC02881,R16,Technology,200,1761230.22,1.1568,1.00–1.49,1,Active,1.0,0.0,15,1683169.82,0.19237234627955976
ACC02882,R31,Logistics,319,3189177.38,0.5388,0.50–0.99,2,Active,0.6666666666666666,-1.6666666666666667,5,1287585.01,0.14536460207482726
ACC02883,R31,Professional services,158,1139214.83,0.5412,0.50–0.99,10,Active,0.6666666666666666,11.666666666666666,5,468392.79,0.22523316967473803
ACC02884,R30,Financial services,189,1310999.55,0.201,0.15–0.49,11,Active,0.6666666666666666,6.666666666666667,0,280098.98,0.2436246828502453
ACC02885,R35,Financial services,1109,6514067.8,1.4466,1.00–1.49,3,Active,1.0,3.3333333333333335,0,7897516.54,0.10202085703362161
ACC02886,R02,Manufacturing,485,5402768.3,1.9494,1.50–2.49,11,Active,1.0,-3.3333333333333335,-15,6306347.82,0.08828519442324495
ACC02887,R05,Retail,400,2826712.06,0.951,0.50–0.99,6,Active,1.0,6.666666666666667,10,1108567.39,0.10931878470022097
ACC02888,R30,Healthcare,94,846921.45,1.8826,1.50–2.49,10,Active,1.0,5.0,5,1529960.39,0.1770731526931541
ACC02889,R22,Logistics,185,1774103.51,2.4011,1.50–2.49,9,Active,1.0,16.666666666666668,25,2459012.01,0.15664041051444286
ACC02890,R24,Financial services,136,942347.42,0.8839,0.50–0.99,1,Active,0.6666666666666666,11.666666666666666,15,430030.2,0.1893095929537624
ACC02891,R44,Healthcare,387,2328298.34,0.4416,0.15–0.49,6,Active,1.0,0.0,-5,516687.44,0.12159485824123073
ACC02892,R22,Technology,194,1088676.19,0.5921,0.50–0.99,3,Active,0.6666666666666666,8.333333333333334,20,654498.76,0.1870912085509225
ACC02893,R46,Professional services,254,1800281.86,1.0053,1.00–1.49,5,Active,1.0,10.0,0,1091689.45,0.13912581417210376
ACC02894,R34,Technology,233,1659826.83,0.478,0.15–0.49,2,Active,1.0,-1.6666666666666667,5,317041.89,0.17672679691599677
ACC02895,R27,Logistics,102,764214.25,3.1385,2.50–5.00,2,Active,1.0,6.666666666666667,0,2993623.68,0.18272112495934822
ACC02896,R19,Healthcare,662,4080027.33,0.5483,0.50–0.99,3,Active,1.0,1.6666666666666667,-5,2206189.69,0.11220204120843379
ACC02897,R31,Retail,281,2032411.21,0.94,0.50–0.99,6,Active,1.0,5.0,0,798731.53,0.13365534481129945
ACC02898,R19,Retail,113,649205.69,3.2485,2.50–5.00,9,Active,1.0,5.0,10,2666057.96,0.1908575223465554
ACC02899,R47,Technology,62,439237.94,0.347,0.15–0.49,10,Active,1.0,3.3333333333333335,5,126114.92,0.427071030068181
ACC02900,R39,Hospitality,343,2369115.52,0.6321,0.50–0.99,8,Active,1.0,11.666666666666666,15,1213020.6300000001,0.24303429416096003
ACC02901,R10,Manufacturing,158,992729.68,0.7531,0.50–0.99,11,Active,1.0,-11.666666666666666,-10,777227.1,0.2829065692819256
ACC02902,R43,Financial services,149,1312864.68,0.2784,0.15–0.49,1,Active,0.6666666666666666,11.666666666666666,10,223058.47,0.24368772714827494
ACC02903,R35,Manufacturing,859,7066560.71,1.7464,1.50–2.49,1,Active,1.0,13.333333333333334,10,10738862.63,0.07478785804703836
ACC02904,R32,Logistics,75,547771.4,1.3462,1.00–1.49,11,Active,0.6666666666666666,13.333333333333334,5,397826.19,0.2566145270999771
ACC02905,R26,Manufacturing,249,1692788.36,0.1915,0.15–0.49,6,Active,1.0,1.6666666666666667,-10,440274.66,0.1765592513891199
ACC02906,R18,Financial services,170,1205806.65,0.463,0.15–0.49,7,Active,0.6666666666666666,8.333333333333334,-5,160112.38,0.219287077489728
ACC02907,R29,Healthcare,67,518480.5,2.7005,2.50–5.00,3,Active,1.0,11.666666666666666,25,1634516.2,0.23896897439274856
ACC02908,R41,Professional services,227,1551293.14,1.6636,1.50–2.49,4,Active,1.0,-1.6666666666666667,-10,3654791.79,0.20579517701846278
ACC02909,R28,Healthcare,193,1517534.52,0.7132,0.50–0.99,7,Active,0.6666666666666666,15.0,5,346232.59,0.17932577261726657
ACC02910,R42,Professional services,443,3608134.55,1.121,1.00–1.49,6,Active,1.0,5.0,5,3136783.5500000003,0.21729399171065542
ACC02911,R33,Professional services,395,2192200.93,0.7166,0.50–0.99,2,Active,1.0,5.0,15,1478209.49,0.11634178119639343
ACC02912,R48,Professional services,156,1101060.05,0.312,0.15–0.49,2,Active,1.0,5.0,20,285323.83,0.2306747708628432
ACC02913,R41,Financial services,414,4080336.92,2.1455,1.50–2.49,7,Active,1.0,-8.333333333333334,-5,5206192.01,0.09833786895885012
ACC02914,R26,Technology,197,1490076.49,0.7615,0.50–0.99,5,Active,0.6666666666666666,8.333333333333334,10,753062.34,0.17442816664455982
ACC02915,R02,Hospitality,114,787793.23,0.6412,0.50–0.99,5,Active,1.0,6.666666666666667,-5,429631.88,0.29097197574240885
ACC02916,R14,Professional services,247,1722353.79,0.9313,0.50–0.99,10,Active,0.6666666666666666,10.0,5,805110.13,0.1662186470960171
ACC02917,R42,Financial services,158,995184.99,0.8782,0.50–0.99,12,Active,0.6666666666666666,11.666666666666666,0,551678.23,0.18590232325539435
ACC02918,R31,Professional services,122,883134.65,0.7096,0.50–0.99,11,Active,1.0,1.6666666666666667,0,531415.59,0.24729849771950765
ACC02919,R07,Healthcare,245,1924949.47,0.8227,0.50–0.99,2,Active,0.6666666666666666,13.333333333333334,10,728388.16,0.1814721917969952
ACC02920,R43,Hospitality,267,1719416.8,0.7654,0.50–0.99,6,Active,1.0,1.6666666666666667,15,945350.69,0.16889366202537687
ACC02921,R29,Manufacturing,119,751254.85,0.7837,0.50–0.99,10,Active,1.0,10.0,5,526031.3,0.2223214721321079
ACC02922,R05,Retail,445,4268628.62,2.1363,1.50–2.49,1,Active,1.0,5.0,5,5232959.45,0.0869367216689172
ACC02923,R27,Hospitality,290,2555627.67,2.5927,2.50–5.00,4,Active,1.0,18.333333333333332,15,9136856.61,0.1325492020019174
ACC02924,R48,Logistics,119,933856.5,0.6858,0.50–0.99,3,Active,0.6666666666666666,0.0,0,423031.74,0.3505657648995474
ACC02925,R32,Professional services,544,3854402.5,0.6644,0.50–0.99,9,Active,1.0,5.0,-5,2352105.53,0.1281517214998294
ACC02926,R37,Hospitality,162,1050644.59,0.3312,0.15–0.49,9,Active,1.0,5.0,5,312138.51,0.2143606984913592
ACC02927,R32,Hospitality,147,1291738.46,0.332,0.15–0.49,5,Active,1.0,1.6666666666666667,5,303052.23,0.2283231352504278
ACC02928,R06,Technology,857,5735458.21,0.8389,0.50–0.99,2,Active,0.6666666666666666,8.333333333333334,5,3733327.91,0.11365183314355899
ACC02929,R03,Hospitality,273,1967073.56,3.098,2.50–5.00,8,Active,1.0,13.333333333333334,5,7540138.5200000005,0.09763612906618385
ACC02930,R09,Retail,315,1819495.16,0.8716,0.50–0.99,5,Active,0.6666666666666666,5.0,5,973502.31,0.12612611139907723
ACC02931,R38,Technology,373,2156206.58,1.1451,1.00–1.49,2,Active,1.0,-6.666666666666667,0,3267404.69,0.14249564624669797
ACC02932,R33,Healthcare,1038,9280060.94,0.5212,0.50–0.99,5,Active,0.6666666666666666,10.0,5,4044019.13,0.1295215099254931
ACC02933,R41,Hospitality,1310,8406072.33,0.596,0.50–0.99,6,Active,1.0,5.0,0,4567118.14,0.0830817260179476
ACC02934,R11,Professional services,508,4832179.96,1.911,1.50–2.49,6,Active,1.0,0.0,10,7229164.68,0.0903156914022973
ACC02935,R27,Retail,181,1270045.8,0.435,0.15–0.49,6,Active,0.3333333333333333,8.333333333333334,10,292289.81,0.21896584724315013
ACC02936,R46,Technology,250,1754829.62,0.2997,0.15–0.49,10,Active,0.6666666666666666,1.6666666666666667,-5,397219.01,0.20362730020856817
ACC02937,R46,Logistics,145,1181337.76,2.054,1.50–2.49,12,Active,1.0,-5.0,5,1768769.94,0.20499171403678335
ACC02938,R31,Logistics,221,1140228.32,0.349,0.15–0.49,10,Active,0.6666666666666666,8.333333333333334,5,415923.83999999997,0.22472433864450966
ACC02939,R29,Healthcare,297,1546913.12,0.5608,0.50–0.99,9,Active,0.6666666666666666,3.3333333333333335,-10,817752.26,0.12669038398750618
ACC02940,R42,Healthcare,273,2239142.69,0.8518,0.50–0.99,11,Active,0.6666666666666666,6.666666666666667,0,932163.03,0.13301494911169634
ACC02941,R21,Technology,69,446604.91,1.0247,1.00–1.49,4,Active,1.0,-1.6666666666666667,-15,487866.27,0.28301224926001545
ACC02942,R12,Retail,193,1329924.01,0.9615,0.50–0.99,10,Active,1.0,11.666666666666666,20,559093.81,0.2271009412965962
ACC02943,R34,Logistics,113,781302.64,0.6613,0.50–0.99,6,Active,1.0,10.0,15,192102.8,0.2891190469018469
ACC02944,R12,Healthcare,386,2370969.98,0.6623,0.50–0.99,4,Active,1.0,6.666666666666667,10,1166352.64,0.11350685620515344
ACC02945,R36,Healthcare,181,1218449.66,3.1272,2.50–5.00,11,Active,1.0,3.3333333333333335,10,6107909.19,0.20620974263404754
ACC02946,R34,Technology,725,4332616.39,0.5586,0.50–0.99,3,Active,0.6666666666666666,10.0,-15,2815807.61,0.09438226394998123
ACC02947,R18,Hospitality,182,1082530.15,0.5988,0.50–0.99,9,Active,0.6666666666666666,1.6666666666666667,5,720945.79,0.1580411412741557
ACC02948,R20,Retail,266,1405555.38,1.1048,1.00–1.49,8,Active,0.3333333333333333,15.0,20,2090307.33,0.1430720406463222
ACC02949,R38,Financial services,313,2838643.32,0.7251,0.50–0.99,9,Active,1.0,0.0,-5,1230853.43,0.1454520704188315
ACC02950,R38,Technology,74,427035.89,0.6411,0.50–0.99,5,Active,1.0,13.333333333333334,10,201275.52,0.2231102862100116
ACC02951,R37,Logistics,65,335096.1,0.8716,0.50–0.99,4,Active,1.0,6.666666666666667,5,255069.32,0.2291704754700627
ACC02952,R34,Financial services,177,1499966.72,0.5558,0.50–0.99,1,Active,1.0,1.6666666666666667,10,584476.51,0.2829258982556968
ACC02953,R05,Healthcare,351,3279702.59,1.7839,1.50–2.49,5,Active,1.0,0.0,5,5233457.67,0.12821042590829979
ACC02954,R42,Financial services,285,1923360.98,0.7409,0.50–0.99,11,Active,1.0,0.0,-5,1434671.71,0.17548477237927426
ACC02955,R04,Financial services,143,1299719.2,0.6814,0.50–0.99,7,Active,0.6666666666666666,5.0,5,631689.3,0.2667465717099889
ACC02956,R31,Hospitality,64,459687.28,0.5749,0.50–0.99,1,Active,1.0,8.333333333333334,5,202478.46000000002,0.24218551051178147
ACC02957,R20,Retail,159,1375158.19,3.8856,2.50–5.00,1,Active,1.0,16.666666666666668,20,4882623.37,0.14772869354102708
ACC02958,R46,Healthcare,430,2530496.46,0.7608,0.50–0.99,9,Active,1.0,8.333333333333334,10,1538601.63,0.13173692502443501
ACC02959,R13,Technology,580,4169777.5,0.3425,0.15–0.49,1,Active,0.6666666666666666,11.666666666666666,10,710977.04,0.11664958704713572
ACC02960,R05,Manufacturing,128,732344.06,0.7055,0.50–0.99,6,Active,1.0,-6.666666666666667,-15,222911.28,0.19976642232690126
ACC02961,R46,Hospitality,507,3338057.64,0.6758,0.50–0.99,3,Active,1.0,-3.3333333333333335,0,1571923.3,0.1144492051763584
ACC02962,R26,Logistics,192,1236329.37,0.1703,0.15–0.49,7,Active,0.0,13.333333333333334,20,447299.89,0.21426798711389175
ACC02963,R25,Manufacturing,150,1112397.83,0.7169,0.50–0.99,7,Active,1.0,8.333333333333334,15,497058.43,0.22583676118028703
ACC02964,R46,Professional services,940,8281440.33,1.2764,1.00–1.49,1,Active,0.3333333333333333,8.333333333333334,15,6919514.22,0.08338382516788073
ACC02965,R47,Manufacturing,62,301967.22,0.2343,0.15–0.49,3,Active,0.6666666666666666,6.666666666666667,-15,70110.53,0.3126095709107276
ACC02966,R27,Logistics,721,6968172.76,0.5481,0.50–0.99,3,Active,0.6666666666666666,5.0,5,2127429.0,0.12349465388816185
ACC02967,R16,Hospitality,328,1822887.31,0.4659,0.15–0.49,12,Active,1.0,6.666666666666667,5,556819.12,0.15223543589589844
ACC02968,R43,Professional services,189,1036207.58,0.631,0.50–0.99,5,Active,1.0,10.0,10,648607.04,0.2546407325910244
ACC02969,R28,Professional services,76,492090.97,2.067,1.50–2.49,8,Active,1.0,11.666666666666666,0,1801512.5399999998,0.4725466428796444
ACC02970,R04,Technology,197,1229216.21,0.9403,0.50–0.99,6,Active,1.0,0.0,5,653396.4,0.2031691133820779
ACC02971,R11,Financial services,205,2109383.59,2.8998,2.50–5.00,2,Active,1.0,-5.0,-15,5534984.78,0.13590785227658844
ACC02972,R09,Hospitality,503,3876033.42,0.3841,0.15–0.49,4,Active,0.0,16.666666666666668,15,834526.33,0.1384607603869992
ACC02973,R43,Professional services,123,887779.55,0.7742,0.50–0.99,2,Active,1.0,5.0,20,544645.46,0.3020980622086297
ACC02974,R23,Retail,788,4098942.5,0.1846,0.15–0.49,8,Active,0.6666666666666666,-1.6666666666666667,0,1539839.42,0.11719789723703321
ACC02975,R24,Manufacturing,500,4376798.42,0.5338,0.50–0.99,6,Active,0.6666666666666666,6.666666666666667,15,1859520.48,0.1643181106448074
ACC02976,R09,Retail,235,2031343.55,4.1899,2.50–5.00,1,Active,1.0,3.3333333333333335,-15,5773569.93,0.12740706166419552
ACC02977,R45,Technology,499,3611285.26,1.3092,1.00–1.49,3,Active,1.0,5.0,-5,2351556.76,0.10598446212798553
ACC02978,R02,Manufacturing,187,1155943.95,0.2493,0.15–0.49,11,Active,0.6666666666666666,-5.0,-5,541737.97,0.22235838407705125
ACC02979,R23,Professional services,490,3220274.7,1.0903,1.00–1.49,8,Active,0.6666666666666666,5.0,10,3496641.76,0.13257775032265157
ACC02980,R27,Healthcare,443,2965097.76,0.601,0.50–0.99,2,Active,0.6666666666666666,1.6666666666666667,10,1644208.74,0.12715150286094115
ACC02981,R28,Manufacturing,161,1200517.29,1.5633,1.50–2.49,6,Active,1.0,5.0,0,2743954.08,0.15104765664477876
ACC02982,R21,Professional services,83,601869.29,0.4619,0.15–0.49,1,Active,0.6666666666666666,1.6666666666666667,10,77634.35,0.30300541596851266
ACC02983,R22,Professional services,189,1259361.6,0.36,0.15–0.49,10,Active,1.0,13.333333333333334,20,603010.7,0.270209528860761
ACC02984,R06,Retail,124,756873.39,0.6484,0.50–0.99,7,Active,1.0,6.666666666666667,10,588437.25,0.309977828856025
ACC02985,R17,Hospitality,264,1830033.15,0.6001,0.50–0.99,6,Active,1.0,8.333333333333334,5,706948.09,0.14409843839352662
ACC02986,R47,Manufacturing,125,776850.11,0.6636,0.50–0.99,10,Active,1.0,5.0,15,325937.67,0.22626264239523625
ACC02987,R47,Manufacturing,365,1947714.88,0.962,0.50–0.99,10,Active,1.0,-1.6666666666666667,-15,1042480.81,0.12499150211396179
ACC02988,R16,Financial services,186,909636.94,0.8879,0.50–0.99,2,Active,1.0,8.333333333333334,25,535983.49,0.1599800840379791
ACC02989,R17,Professional services,422,3107385.57,4.6783,2.50–5.00,2,Active,1.0,5.0,0,11488876.27,0.11398390006383041
ACC02990,R24,Hospitality,113,799039.02,0.9369,0.50–0.99,12,Active,1.0,8.333333333333334,20,413902.99,0.22660979754797098
ACC02991,R02,Hospitality,205,1555383.54,1.7355,1.50–2.49,3,Active,1.0,-8.333333333333334,-10,2232662.4,0.11884844183269506
ACC02992,R26,Manufacturing,241,959607.01,0.3252,0.15–0.49,5,Active,1.0,-3.3333333333333335,-10,412149.47,0.1686577273745323
ACC02993,R05,Retail,79,512121.25,0.2156,0.15–0.49,7,Active,1.0,-1.6666666666666667,0,180791.77,0.3651019179130803
ACC02994,R16,Technology,387,2821598.66,4.993,2.50–5.00,10,Active,1.0,-3.3333333333333335,-15,10711705.14,0.09075571026151664
ACC02995,R12,Professional services,358,2511725.93,2.4186,1.50–2.49,5,Active,1.0,6.666666666666667,5,3748554.7800000003,0.09935667010798399
ACC02996,R44,Professional services,232,1300173.16,0.4791,0.15–0.49,10,Active,1.0,11.666666666666666,-10,582443.79,0.21250110033540978
ACC02997,R03,Logistics,157,1037950.33,0.836,0.50–0.99,8,Active,1.0,5.0,5,458070.16,0.1670397792703926
ACC02998,R04,Logistics,123,742743.61,1.2464,1.00–1.49,5,Active,0.6666666666666666,11.666666666666666,5,703450.07,0.19508141717714655
ACC02999,R42,Hospitality,685,4932753.01,0.7819,0.50–0.99,7,Active,0.6666666666666666,11.666666666666666,0,2174995.88,0.11761248614798706
ACC03000,R42,Technology,336,2383944.38,1.0858,1.00–1.49,12,Active,1.0,10.0,15,2821023.79,0.13627611051446667
ACC03001,R10,Manufacturing,156,1040561.63,0.6859,0.50–0.99,3,Active,0.6666666666666666,6.666666666666667,10,627118.09,0.21813502005830998
ACC03002,R27,Healthcare,853,4503314.89,0.3303,0.15–0.49,3,Active,1.0,6.666666666666667,-10,1354913.1199999999,0.10586507052916334
ACC03003,R09,Professional services,213,1453657.92,0.3101,0.15–0.49,9,Active,1.0,3.3333333333333335,5,316182.83,0.16096967674810683
ACC03004,R35,Healthcare,281,1505339.05,0.8898,0.50–0.99,6,Active,0.6666666666666666,8.333333333333334,15,962517.84,0.14159907517251896
ACC03005,R18,Technology,225,1334269.43,1.1767,1.00–1.49,7,Active,1.0,1.6666666666666667,-5,1800541.95,0.15833594172889862
ACC03006,R19,Professional services,1235,7033840.68,0.1739,0.15–0.49,7,Active,1.0,6.666666666666667,15,2439682.11,0.10371381214601832
ACC03007,R34,Logistics,163,1342450.12,1.0028,1.00–1.49,10,Active,0.6666666666666666,5.0,0,959348.91,0.17366545344934242
ACC03008,R06,Healthcare,1145,7157559.97,0.7981,0.50–0.99,3,Active,0.6666666666666666,16.666666666666668,25,4265334.65,0.08776670132831513
ACC03009,R26,Hospitality,424,2949475.14,4.0481,2.50–5.00,2,Active,1.0,-6.666666666666667,-15,10642480.02,0.09390898070532033
ACC03010,R23,Logistics,166,933526.1,0.4371,0.15–0.49,4,Active,0.6666666666666666,3.3333333333333335,-5,333873.22000000003,0.1724911147974214
ACC03011,R03,Financial services,73,398274.61,1.3007,1.00–1.49,12,Active,1.0,-5.0,-10,535928.42,0.25136417141240003
ACC03012,R30,Technology,511,2742279.5,0.4169,0.15–0.49,11,Active,0.6666666666666666,6.666666666666667,-5,727798.58,0.1659586006801991
ACC03013,R38,Manufacturing,369,2616073.68,1.2981,1.00–1.49,12,Active,1.0,3.3333333333333335,-10,2634136.43,0.1606941381082466
ACC03014,R25,Hospitality,292,1845521.94,0.5177,0.50–0.99,2,Active,0.6666666666666666,16.666666666666668,25,932803.31,0.14898461851673214
ACC03015,R15,Retail,193,886900.16,0.8554,0.50–0.99,6,Active,1.0,13.333333333333334,0,546799.2,0.1624154512995244
ACC03016,R11,Retail,323,2379460.31,0.5328,0.50–0.99,2,Active,1.0,-3.3333333333333335,-5,1175250.61,0.1997982780771353
ACC03017,R26,Financial services,127,1265942.05,2.3323,1.50–2.49,10,Active,1.0,13.333333333333334,10,1424564.53,0.17373154665321033
ACC03018,R30,Manufacturing,429,2943832.89,0.336,0.15–0.49,2,Active,0.3333333333333333,6.666666666666667,10,711984.75,0.12506905090843687
ACC03019,R30,Retail,195,969997.8,0.1847,0.15–0.49,2,Active,0.6666666666666666,-1.6666666666666667,0,406606.52999999997,0.22687510726032167
ACC03020,R47,Financial services,135,698308.02,0.7883,0.50–0.99,5,Active,1.0,-3.3333333333333335,-10,351459.84,0.22516353032537373
ACC03021,R25,Hospitality,210,1302559.67,0.1905,0.15–0.49,11,Active,0.6666666666666666,6.666666666666667,5,300802.27,0.18386654003139907
ACC03022,R36,Hospitality,442,2409100.03,0.5479,0.50–0.99,11,Active,1.0,-5.0,-5,2187682.21,0.139051350985886
ACC03023,R09,Financial services,148,1143598.9,1.8277,1.50–2.49,9,Active,1.0,11.666666666666666,5,1523439.05,0.1601209906393664
ACC03024,R21,Technology,469,3474617.54,0.1796,0.15–0.49,3,Active,0.6666666666666666,11.666666666666666,10,624345.68,0.13552793797678753
ACC03025,R23,Manufacturing,843,4640873.34,0.4821,0.15–0.49,7,Active,1.0,6.666666666666667,10,1398409.71,0.1181218950261859
ACC03026,R11,Retail,317,2488838.14,0.5045,0.50–0.99,6,Active,1.0,10.0,5,891373.58,0.15177967279908483
ACC03027,R48,Professional services,137,1005793.91,0.8143,0.50–0.99,11,Active,1.0,1.6666666666666667,5,519428.29,0.19985128752733541
ACC03028,R41,Manufacturing,413,2996130.49,1.0301,1.00–1.49,1,Active,0.6666666666666666,15.0,25,2435076.08,0.12327717488128609
ACC03029,R38,Logistics,235,1601814.01,0.9174,0.50–0.99,5,Active,1.0,6.666666666666667,15,884326.68,0.21215548704888915
ACC03030,R27,Logistics,215,1166499.76,0.8659,0.50–0.99,11,Active,0.6666666666666666,11.666666666666666,25,926783.77,0.21958839812880568
ACC03031,R44,Healthcare,481,3348758.85,0.3147,0.15–0.49,4,Active,1.0,10.0,20,744393.7,0.20634150897909212
ACC03032,R22,Retail,365,2398680.23,0.7826,0.50–0.99,11,Active,1.0,6.666666666666667,5,1352089.35,0.1294190248570594
ACC03033,R19,Hospitality,226,1558479.01,0.5059,0.50–0.99,10,Active,1.0,13.333333333333334,15,757949.73,0.20479595791182217
ACC03034,R42,Manufacturing,525,4349351.43,1.0643,1.00–1.49,10,Active,1.0,13.333333333333334,5,3019860.08,0.1097781596698186
ACC03035,R29,Financial services,192,1244705.29,1.3853,1.00–1.49,3,Active,1.0,15.0,15,1485451.39,0.16048237218839148
ACC03036,R03,Professional services,204,1096191.15,0.2002,0.15–0.49,3,Active,0.6666666666666666,11.666666666666666,5,317698.32,0.20588545768636557
ACC03037,R07,Retail,191,1206764.65,1.0482,1.00–1.49,1,Active,0.6666666666666666,8.333333333333334,15,1146804.8800000001,0.1868611492684194
ACC03038,R40,Professional services,87,650827.89,0.439,0.15–0.49,9,Active,0.6666666666666666,13.333333333333334,10,110466.96,0.2787494780995414
ACC03039,R42,Manufacturing,115,864453.26,1.1165,1.00–1.49,12,Active,0.6666666666666666,13.333333333333334,15,790570.4,0.2186092480886962
ACC03040,R30,Technology,285,2053543.99,1.1577,1.00–1.49,8,Active,1.0,-6.666666666666667,-15,1914273.05,0.16333100710892537
ACC03041,R22,Retail,802,5654768.9,1.2258,1.00–1.49,2,Active,1.0,8.333333333333334,0,5372650.4799999995,0.08939924721511418
ACC03042,R09,Financial services,115,715751.28,1.2566,1.00–1.49,8,Active,1.0,-3.3333333333333335,0,891984.14,0.21526525890738352
ACC03043,R07,Technology,208,1084941.12,1.6465,1.50–2.49,8,Active,1.0,10.0,10,2655296.79,0.1330960372584088
ACC03044,R13,Professional services,62,315193.84,0.7428,0.50–0.99,5,Active,1.0,8.333333333333334,20,209972.87,0.27778538945344544
ACC03045,R32,Retail,317,2519649.57,1.4096,1.00–1.49,2,Active,0.3333333333333333,13.333333333333334,15,2478040.36,0.1573349612950306
ACC03046,R38,Technology,344,3701129.62,4.1595,2.50–5.00,4,Active,1.0,0.0,-5,10100793.62,0.11110488640118399
ACC03047,R26,Retail,62,395441.99,1.1961,1.00–1.49,12,Active,1.0,11.666666666666666,10,369741.95,0.23568773271123153
ACC03048,R20,Professional services,208,1186337.92,0.9403,0.50–0.99,8,Active,1.0,3.3333333333333335,5,772710.22,0.16264650064503902
ACC03049,R36,Manufacturing,82,508462.84,0.878,0.50–0.99,8,Active,0.6666666666666666,11.666666666666666,5,316492.93,0.22838847391534634
ACC03050,R41,Logistics,338,2549224.61,0.5298,0.50–0.99,11,Active,0.6666666666666666,10.0,15,1063894.86,0.14259312638412627
ACC03051,R41,Technology,249,1745559.99,0.3934,0.15–0.49,6,Active,0.6666666666666666,1.6666666666666667,5,312979.72,0.17730747537299826
ACC03052,R41,Logistics,81,518214.43,0.7836,0.50–0.99,2,Active,0.3333333333333333,5.0,15,294191.81,0.25087433483296173
ACC03053,R21,Hospitality,300,1806460.66,0.6532,0.50–0.99,6,Active,1.0,15.0,20,1094090.69,0.15889861956422247
ACC03054,R02,Financial services,900,4781728.62,0.5086,0.50–0.99,7,Active,1.0,5.0,-5,2716484.56,0.08703748589969175
ACC03055,R16,Logistics,941,6192733.59,0.975,0.50–0.99,2,Active,0.3333333333333333,8.333333333333334,10,3306927.36,0.09436547450569262
ACC03056,R20,Technology,308,1922687.02,0.8705,0.50–0.99,4,Active,1.0,6.666666666666667,15,1028781.02,0.1260932804532927
ACC03057,R15,Hospitality,1025,5327178.74,0.8784,0.50–0.99,8,Active,1.0,8.333333333333334,0,3378500.52,0.07511826973534404
ACC03058,R13,Retail,1455,10185748.5,0.9863,0.50–0.99,9,Active,1.0,8.333333333333334,0,4464009.66,0.06987193551711895
ACC03059,R36,Logistics,573,3540109.84,0.8328,0.50–0.99,7,Active,0.6666666666666666,0.0,0,2500370.07,0.12240737808076635
ACC03060,R21,Healthcare,230,1571016.08,1.5769,1.50–2.49,9,Active,1.0,11.666666666666666,25,3581140.44,0.12092938783928028
ACC03061,R08,Technology,79,445532.26,0.8514,0.50–0.99,12,Active,0.6666666666666666,1.6666666666666667,10,130280.11,0.2507353824769585
ACC03062,R29,Retail,161,1363014.02,0.5144,0.50–0.99,2,Active,0.3333333333333333,11.666666666666666,25,643672.83,0.25649776838903304
ACC03063,R12,Retail,377,2417686.54,1.2047,1.00–1.49,4,Active,0.6666666666666666,16.666666666666668,20,3340414.67,0.19649419503961138
ACC03064,R46,Logistics,478,3943489.99,0.5911,0.50–0.99,8,Active,0.6666666666666666,3.3333333333333335,15,1441285.47,0.11234167797494347
ACC03065,R19,Technology,785,6593289.69,1.6449,1.50–2.49,12,Active,1.0,8.333333333333334,15,10737945.99,0.09375540663514775
ACC03066,R33,Manufacturing,90,650736.02,0.9222,0.50–0.99,5,Active,0.6666666666666666,11.666666666666666,15,551598.22,0.391830453089542
ACC03067,R42,Hospitality,142,1043481.97,4.7514,2.50–5.00,6,Active,1.0,6.666666666666667,-10,3986798.9,0.17517271123885503
ACC03068,R17,Financial services,110,750723.02,0.755,0.50–0.99,7,Active,0.3333333333333333,13.333333333333334,5,373606.63,0.19289471026745908
ACC03069,R32,Professional services,62,465793.8,3.3151,2.50–5.00,3,Active,1.0,10.0,20,1381255.46,0.22636221146908647
ACC03070,R32,Healthcare,205,1191138.21,0.7055,0.50–0.99,6,Active,0.6666666666666666,11.666666666666666,5,651987.49,0.200084743281424
ACC03071,R10,Retail,327,1989539.77,4.0015,2.50–5.00,9,Active,1.0,5.0,-5,8261213.82,0.10937061537538899
ACC03072,R08,Logistics,927,5279980.03,0.5589,0.50–0.99,7,Active,0.6666666666666666,16.666666666666668,15,3496598.69,0.12425118763982007
ACC03073,R47,Professional services,393,2072723.33,0.1808,0.15–0.49,1,Active,0.0,6.666666666666667,-5,657404.28,0.13720654647051095
ACC03074,R18,Logistics,678,4370496.53,0.2211,0.15–0.49,10,Active,0.6666666666666666,1.6666666666666667,0,1128799.28,0.1247866190699409
ACC03075,R27,Healthcare,417,2953621.48,1.406,1.00–1.49,5,Active,0.6666666666666666,15.0,10,2907077.91,0.10398130784503717
ACC03076,R26,Professional services,1048,6662034.64,0.8266,0.50–0.99,9,Active,0.6666666666666666,5.0,5,3496162.28,0.0910058812150334
ACC03077,R06,Financial services,296,2559997.0,2.2801,1.50–2.49,7,Active,1.0,-1.6666666666666667,-5,3658235.89,0.11866659942586485
ACC03078,R24,Healthcare,234,1863251.85,1.1713,1.00–1.49,9,Active,0.6666666666666666,15.0,15,1551801.89,0.20700624305090218
ACC03079,R31,Healthcare,275,1294747.73,0.4241,0.15–0.49,10,Active,0.6666666666666666,0.0,-10,424855.33,0.15516208764604467
ACC03080,R03,Financial services,90,444915.1,0.9802,0.50–0.99,9,Active,0.6666666666666666,8.333333333333334,10,292613.2,0.31312133795079694
ACC03081,R31,Logistics,254,1675966.52,2.2324,1.50–2.49,1,Active,1.0,11.666666666666666,20,3378573.92,0.12552771864070633
ACC03082,R21,Professional services,243,1234964.22,0.9206,0.50–0.99,3,Active,1.0,13.333333333333334,15,1104324.16,0.1916083598667253
ACC03083,R20,Healthcare,439,2362523.53,2.3955,1.50–2.49,1,Active,0.6666666666666666,5.0,15,6598773.22,0.10193368067719252
ACC03084,R29,Technology,146,916298.34,0.6256,0.50–0.99,2,Active,1.0,-1.6666666666666667,10,291444.36,0.20177827451167127
ACC03085,R26,Logistics,113,639598.33,1.2579,1.00–1.49,3,Active,1.0,8.333333333333334,10,1242730.59,0.20759355054703904
ACC03086,R32,Technology,372,3099579.12,1.3343,1.00–1.49,11,Active,0.6666666666666666,10.0,20,2211615.51,0.11523154806364103
ACC03087,R06,Retail,212,1161405.22,0.8689,0.50–0.99,12,Active,1.0,-1.6666666666666667,5,803599.15,0.21508322821996959
ACC03088,R39,Logistics,106,822799.68,1.8565,1.50–2.49,5,Active,1.0,10.0,15,1603664.17,0.19012964636099242
ACC03089,R30,Hospitality,203,1848646.29,1.9339,1.50–2.49,11,Active,1.0,3.3333333333333335,0,2915682.29,0.13071510718486132
ACC03090,R31,Manufacturing,170,1535486.05,0.8493,0.50–0.99,2,Active,1.0,5.0,0,901536.09,0.2269021410781265
ACC03091,R06,Retail,164,1318143.8,3.4392,2.50–5.00,5,Active,1.0,5.0,5,4413979.19,0.14568481752494508
ACC03092,R14,Professional services,235,1545622.5,0.5066,0.50–0.99,2,Active,1.0,1.6666666666666667,5,733012.0,0.1544701560655347
ACC03093,R05,Hospitality,264,1671892.01,0.6542,0.50–0.99,9,Active,1.0,5.0,5,1044269.4,0.13855464020071664
ACC03094,R04,Healthcare,135,1059731.51,0.6607,0.50–0.99,9,Active,1.0,5.0,0,368371.61,0.2112760054651838
ACC03095,R06,Professional services,62,423797.72,0.7465,0.50–0.99,6,Active,1.0,3.3333333333333335,0,158922.14,0.26334980145167475
ACC03096,R33,Technology,1014,6838705.23,0.503,0.50–0.99,12,Active,1.0,5.0,0,3531593.59,0.09602590806034537
ACC03097,R20,Healthcare,176,1198753.21,1.1645,1.00–1.49,9,Active,1.0,-10.0,-15,1201842.58,0.19164399009020108
ACC03098,R12,Healthcare,504,2763752.06,0.4084,0.15–0.49,2,Active,1.0,3.3333333333333335,-10,916620.61,0.194025715480479
ACC03099,R07,Manufacturing,62,360077.07,1.1998,1.00–1.49,2,Active,1.0,6.666666666666667,0,483317.25,0.34628355422947305
ACC03100,R38,Healthcare,199,1316742.21,0.6789,0.50–0.99,2,Active,1.0,-3.3333333333333335,-5,576672.42,0.1975428735731409
ACC03101,R29,Technology,246,1853613.01,1.2039,1.00–1.49,5,Active,1.0,8.333333333333334,10,1709575.24,0.14491284291698536
ACC03102,R29,Financial services,233,1355744.59,0.8822,0.50–0.99,11,Active,1.0,1.6666666666666667,5,708676.06,0.15769494642632104
ACC03103,R46,Logistics,665,5954142.91,0.8459,0.50–0.99,5,Active,0.6666666666666666,8.333333333333334,5,2348097.4,0.11932358709756254
ACC03104,R32,Retail,631,5409277.52,1.0132,1.00–1.49,2,Active,1.0,3.3333333333333335,20,4727214.43,0.14697979099085878
ACC03105,R19,Healthcare,351,2210925.88,2.3713,1.50–2.49,7,Active,1.0,-1.6666666666666667,-15,3996732.62,0.11622719267132084
ACC03106,R20,Technology,174,976124.83,0.63,0.50–0.99,8,Active,0.6666666666666666,0.0,-10,465450.75,0.17040574959613666
ACC03107,R02,Retail,509,3001993.39,0.8128,0.50–0.99,10,Active,1.0,-6.666666666666667,-5,1751924.42,0.10607612021449761
ACC03108,R18,Manufacturing,250,1710469.75,0.7246,0.50–0.99,9,Active,1.0,5.0,10,924419.54,0.17189290023577555
ACC03109,R44,Manufacturing,169,1286725.21,1.554,1.50–2.49,10,Active,1.0,5.0,5,2509788.0100000002,0.2653560090869698
ACC03110,R09,Manufacturing,776,5378224.24,0.563,0.50–0.99,1,Active,0.6666666666666666,-8.333333333333334,5,2646709.62,0.0944352800898957
ACC03111,R47,Financial services,431,2764108.06,0.3009,0.15–0.49,3,Active,1.0,1.6666666666666667,20,612996.85,0.1598730157546227
ACC03112,R23,Healthcare,150,1291836.26,1.8213,1.50–2.49,11,Active,1.0,8.333333333333334,15,1823979.74,0.1577368048112431
ACC03113,R05,Manufacturing,440,3379766.33,1.6469,1.50–2.49,6,Active,1.0,0.0,-15,5579871.96,0.10642347635280429
ACC03114,R06,Manufacturing,366,2940256.15,0.5502,0.50–0.99,1,Active,0.6666666666666666,1.6666666666666667,5,1097063.7,0.12030622780849115
ACC03115,R07,Logistics,165,915918.9,0.9596,0.50–0.99,2,Active,0.6666666666666666,8.333333333333334,5,857400.0599999999,0.22780888794498627
ACC03116,R13,Hospitality,326,2367331.91,0.8035,0.50–0.99,11,Active,0.6666666666666666,0.0,0,1280555.07,0.16336472328368937
ACC03117,R39,Healthcare,160,830336.54,0.9601,0.50–0.99,1,Active,1.0,3.3333333333333335,15,665776.03,0.2528882107196182
ACC03118,R16,Financial services,260,1761906.5,0.9557,0.50–0.99,9,Active,1.0,3.3333333333333335,-10,596180.86,0.14634211606330158
ACC03119,R47,Technology,170,1137673.79,0.9326,0.50–0.99,4,Active,0.3333333333333333,1.6666666666666667,5,852583.68,0.24173965642715356
ACC03120,R44,Retail,574,3100068.23,0.7219,0.50–0.99,12,Active,0.6666666666666666,8.333333333333334,10,2074997.86,0.11386842337072879
ACC03121,R36,Manufacturing,117,1255167.99,1.2422,1.00–1.49,7,Active,0.6666666666666666,10.0,-5,451124.17,0.18623613171144907
ACC03122,R20,Healthcare,382,2363745.21,1.0905,1.00–1.49,3,Active,0.6666666666666666,6.666666666666667,10,2236853.33,0.1288424822535466
ACC03123,R46,Retail,1167,8672605.2,0.9821,0.50–0.99,10,Active,1.0,10.0,20,4671201.05,0.1312919409447268
ACC03124,R12,Manufacturing,105,736649.27,0.373,0.15–0.49,3,Active,0.3333333333333333,11.666666666666666,10,294524.25,0.28545479888449543
ACC03125,R23,Healthcare,143,1510450.2,1.5369,1.50–2.49,5,Active,1.0,0.0,-5,1454445.69,0.16802415979741947
ACC03126,R34,Manufacturing,116,987825.89,4.4704,2.50–5.00,10,Active,1.0,20.0,15,2754639.02,0.17029715377823323
ACC03127,R06,Manufacturing,741,5765214.54,2.8189,2.50–5.00,1,Active,1.0,13.333333333333334,10,20077883.08,0.07722474504261652
ACC03128,R25,Healthcare,187,1107409.82,1.0635,1.00–1.49,5,Active,1.0,5.0,5,1167563.87,0.16200572285938647
ACC03129,R09,Hospitality,528,3305523.13,0.5762,0.50–0.99,11,Active,1.0,5.0,5,2084761.15,0.14629107991099385
ACC03130,R36,Logistics,109,823992.95,2.2578,1.50–2.49,11,Active,1.0,8.333333333333334,-5,1323954.34,0.17913321363776954
ACC03131,R35,Logistics,182,852545.72,0.4183,0.15–0.49,11,Active,0.6666666666666666,18.333333333333332,10,322370.59,0.2036222610841212
ACC03132,R45,Manufacturing,630,5205690.62,1.4871,1.00–1.49,10,Active,1.0,13.333333333333334,15,5101662.52,0.12625994349905592
ACC03133,R23,Manufacturing,208,1429335.72,0.5195,0.50–0.99,12,Active,0.0,6.666666666666667,10,759813.58,0.14982755858288732
ACC03134,R47,Retail,256,2426859.0,4.5796,2.50–5.00,8,Active,1.0,3.3333333333333335,15,5788456.28,0.11320407498692707
ACC03135,R02,Professional services,294,2457120.25,2.2687,1.50–2.49,3,Active,1.0,11.666666666666666,5,3824876.44,0.1331260203047463
ACC03136,R40,Manufacturing,93,692192.4,0.7026,0.50–0.99,6,Active,1.0,8.333333333333334,10,442824.06,0.24161420539824463
ACC03137,R07,Healthcare,401,2621776.79,0.7849,0.50–0.99,11,Active,0.6666666666666666,10.0,10,1187917.8,0.11865578411941796
ACC03138,R15,Logistics,236,1400705.22,1.1338,1.00–1.49,7,Active,1.0,5.0,10,1672107.31,0.16733155388429435
ACC03139,R25,Logistics,525,3139424.42,0.5554,0.50–0.99,5,Active,1.0,10.0,20,1683687.44,0.10534732920251003
ACC03140,R29,Financial services,342,2625598.5,0.9006,0.50–0.99,7,Active,1.0,16.666666666666668,20,1298157.11,0.15621230533356736
ACC03141,R23,Healthcare,178,1040261.86,0.8863,0.50–0.99,11,Active,1.0,8.333333333333334,0,730133.86,0.2113257861565469
ACC03142,R12,Hospitality,161,1554383.99,4.7175,2.50–5.00,3,Active,1.0,6.666666666666667,0,4166919.54,0.16654560519549855
ACC03143,R22,Technology,63,425973.78,0.8819,0.50–0.99,11,Active,0.3333333333333333,8.333333333333334,5,255521.19,0.41465782441624816
ACC03144,R24,Manufacturing,155,908341.65,0.9507,0.50–0.99,8,Active,1.0,6.666666666666667,5,435543.16,0.17765423180574275
ACC03145,R04,Logistics,150,1050598.3,1.2804,1.00–1.49,3,Active,0.6666666666666666,15.0,20,655723.47,0.1612781313911067
ACC03146,R20,Healthcare,70,539071.54,0.6835,0.50–0.99,8,Active,1.0,15.0,20,207031.51,0.26770312593957
ACC03147,R11,Manufacturing,189,1418841.87,2.0325,1.50–2.49,2,Active,1.0,6.666666666666667,0,3763876.91,0.27778918262629015
ACC03148,R01,Financial services,70,464274.58,1.2238,1.00–1.49,6,Active,1.0,13.333333333333334,25,581461.86,0.2814605585864837
ACC03149,R23,Retail,279,1531089.66,0.6369,0.50–0.99,5,Active,1.0,3.3333333333333335,5,966477.92,0.17887742632969508
ACC03150,R44,Hospitality,62,369511.9,0.6753,0.50–0.99,9,Active,1.0,-5.0,15,301993.76,0.48218140920885094
ACC03151,R19,Technology,191,1411559.45,0.4637,0.15–0.49,12,Active,1.0,-3.3333333333333335,-5,347734.33999999997,0.2813866162950317
ACC03152,R08,Healthcare,279,1720389.75,0.982,0.50–0.99,5,Active,1.0,5.0,10,975497.38,0.15168170733725075
ACC03153,R14,Technology,130,969767.22,0.735,0.50–0.99,2,Active,0.6666666666666666,5.0,5,460257.96,0.21560476127728864
ACC03154,R03,Technology,223,1258704.39,0.6225,0.50–0.99,5,Active,0.6666666666666666,11.666666666666666,10,1285829.61,0.42317387708141635
ACC03155,R12,Professional services,115,848017.51,0.8864,0.50–0.99,8,Active,0.6666666666666666,5.0,5,340241.26,0.27289080120891845
ACC03156,R08,Technology,218,1768238.82,3.3537,2.50–5.00,2,Active,1.0,6.666666666666667,15,6386701.4,0.13385863311422147
ACC03157,R27,Financial services,123,1011214.22,0.6484,0.50–0.99,11,Active,0.3333333333333333,8.333333333333334,25,535905.51,0.21852695484693607
ACC03158,R02,Hospitality,512,3511305.12,0.6409,0.50–0.99,3,Active,0.6666666666666666,18.333333333333332,25,1920489.79,0.10444595179936596
ACC03159,R44,Professional services,340,2528748.64,2.0621,1.50–2.49,6,Active,0.6666666666666666,15.0,20,4543499.94,0.09775903173302578
ACC03160,R48,Professional services,71,399368.5,0.7799,0.50–0.99,8,Active,1.0,8.333333333333334,15,381755.97,0.2774443708035579
ACC03161,R08,Hospitality,1056,6569959.61,0.6515,0.50–0.99,2,Active,0.3333333333333333,-1.6666666666666667,5,3778479.66,0.0844229373069129
ACC03162,R26,Logistics,137,1081977.94,0.9648,0.50–0.99,12,Active,0.6666666666666666,10.0,5,343843.72,0.17379873570225732
ACC03163,R24,Technology,107,725660.64,0.9568,0.50–0.99,7,Active,0.6666666666666666,20.0,25,377256.46,0.1950721804464457
ACC03164,R11,Retail,253,1530976.15,0.8611,0.50–0.99,12,Active,1.0,6.666666666666667,5,721419.3,0.16108068552792518
ACC03165,R02,Financial services,694,5094799.67,0.651,0.50–0.99,6,Active,1.0,1.6666666666666667,0,2197221.34,0.09857784051751606
ACC03166,R27,Manufacturing,519,3396298.77,0.6656,0.50–0.99,2,Active,1.0,0.0,-10,2281476.24,0.13471815570006387
ACC03167,R30,Financial services,311,2336118.98,0.8389,0.50–0.99,5,Active,0.6666666666666666,5.0,10,970964.76,0.1264514145359145
ACC03168,R38,Manufacturing,379,2831745.19,1.3658,1.00–1.49,8,Active,0.6666666666666666,3.3333333333333335,10,2473478.0,0.10410460668311072
ACC03169,R21,Professional services,135,1061117.18,0.5785,0.50–0.99,6,Active,0.6666666666666666,3.3333333333333335,5,460113.98,0.2156301164207162
ACC03170,R43,Healthcare,296,2060223.43,0.1799,0.15–0.49,9,Active,1.0,10.0,10,434509.41,0.15025562775765378
ACC03171,R48,Hospitality,321,1646549.67,0.5042,0.50–0.99,8,Active,0.6666666666666666,-8.333333333333334,-15,1387032.57,0.14776675070813888
ACC03172,R27,Manufacturing,62,357720.5,0.9493,0.50–0.99,4,Active,0.6666666666666666,11.666666666666666,5,243321.04,0.39004269548465137
ACC03173,R09,Manufacturing,769,4447717.29,0.4428,0.15–0.49,4,Active,0.3333333333333333,0.0,10,1247827.44,0.1056789278117636
ACC03174,R13,Logistics,384,2975732.21,0.9645,0.50–0.99,9,Active,0.6666666666666666,11.666666666666666,0,1382297.06,0.14280147524776443
ACC03175,R03,Professional services,264,1285140.67,0.3962,0.15–0.49,9,Active,0.6666666666666666,1.6666666666666667,10,392740.17,0.18908268675476256
ACC03176,R28,Healthcare,180,1279868.02,0.2582,0.15–0.49,11,Active,1.0,0.0,-5,279901.0,0.24824913483804784
ACC03177,R20,Financial services,863,4133812.94,0.4041,0.15–0.49,2,Active,1.0,6.666666666666667,10,1340294.79,0.10832161314236696
ACC03178,R31,Professional services,222,1659624.25,1.3864,1.00–1.49,10,Active,1.0,-8.333333333333334,-10,1311248.7,0.18082509975243627
ACC03179,R36,Hospitality,376,3209244.13,0.9259,0.50–0.99,12,Active,1.0,6.666666666666667,0,1268823.69,0.14262959505993772
ACC03180,R33,Manufacturing,220,1035991.77,0.6283,0.50–0.99,11,Active,1.0,10.0,15,827601.17,0.20618061108360525
ACC03181,R30,Hospitality,166,991163.6,1.1328,1.00–1.49,10,Active,1.0,-1.6666666666666667,-5,922886.23,0.16801606684018763
ACC03182,R19,Manufacturing,62,449631.05,0.442,0.15–0.49,9,Active,1.0,10.0,5,57658.47,0.37186139368484006
ACC03183,R22,Healthcare,369,2329196.6,0.5098,0.50–0.99,3,Active,0.3333333333333333,5.0,5,1941288.54,0.16845118830476064
ACC03184,R19,Retail,75,412802.02,0.8267,0.50–0.99,6,Active,1.0,-6.666666666666667,-5,222099.37,0.26378681915600977
ACC03185,R35,Retail,104,791787.65,0.6143,0.50–0.99,6,Active,0.6666666666666666,11.666666666666666,10,431917.19,0.3184380651723576
ACC03186,R26,Professional services,360,2203162.32,0.1867,0.15–0.49,7,Active,0.6666666666666666,5.0,0,920202.12,0.200646984157377
ACC03187,R17,Manufacturing,178,1280000.81,0.7237,0.50–0.99,5,Active,1.0,1.6666666666666667,10,539067.6900000001,0.18685672758781177
ACC03188,R28,Retail,196,1193038.83,0.876,0.50–0.99,2,Active,0.6666666666666666,20.0,15,607356.47,0.2651463058641335
ACC03189,R06,Financial services,62,376156.05,0.8651,0.50–0.99,10,Active,0.6666666666666666,0.0,-5,231563.69,0.28546365709740845
ACC03190,R18,Technology,115,694384.04,0.4087,0.15–0.49,12,Active,1.0,5.0,0,319876.87,0.36175315880621467
ACC03191,R20,Hospitality,188,871198.79,0.2005,0.15–0.49,1,Active,1.0,1.6666666666666667,5,306384.52,0.23925936999159356
ACC03192,R28,Financial services,115,540286.42,0.2179,0.15–0.49,9,Active,0.6666666666666666,10.0,10,129139.18,0.26498217807687124
ACC03193,R02,Healthcare,338,2093906.99,0.5709,0.50–0.99,5,Active,0.3333333333333333,13.333333333333334,5,939735.64,0.1376777294531113
ACC03194,R06,Logistics,457,2950452.7,2.0301,1.50–2.49,6,Active,1.0,1.6666666666666667,15,6211407.85,0.10823471187041156
ACC03195,R18,Logistics,456,3765932.58,1.5017,1.50–2.49,5,Active,1.0,5.0,10,5813003.28,0.17100265875484644
ACC03196,R16,Manufacturing,78,444743.15,0.8197,0.50–0.99,3,Active,0.6666666666666666,5.0,-15,245001.62,0.25439080343552356
ACC03197,R20,Logistics,751,4635363.66,0.5187,0.50–0.99,8,Active,1.0,0.0,10,2776065.8,0.12377157616386707
ACC03198,R30,Logistics,198,1414619.05,0.2958,0.15–0.49,5,Active,1.0,1.6666666666666667,10,309285.44,0.18474935113213292
ACC03199,R19,Manufacturing,265,2274387.73,1.0677,1.00–1.49,9,Active,1.0,15.0,15,1784133.62,0.15560999779435652
ACC03200,R06,Retail,326,2598140.22,0.8777,0.50–0.99,8,Active,0.6666666666666666,13.333333333333334,15,1301371.84,0.17253559934413204
ACC03201,R20,Professional services,131,777330.02,0.6465,0.50–0.99,10,Active,0.6666666666666666,5.0,10,504334.75,0.24015188613997232
ACC03202,R20,Professional services,673,5677057.45,0.9372,0.50–0.99,9,Active,1.0,-6.666666666666667,0,2593204.41,0.16006275282677943
ACC03203,R06,Technology,158,774207.57,0.3117,0.15–0.49,8,Active,0.6666666666666666,-5.0,-5,235629.8,0.21235924653476798
ACC03204,R26,Professional services,262,1703131.57,0.327,0.15–0.49,12,Active,1.0,-3.3333333333333335,0,499588.22000000003,0.1602884781178728
ACC03205,R07,Professional services,62,368849.94,0.2397,0.15–0.49,10,Active,1.0,6.666666666666667,15,72641.34,0.32506134725666846
ACC03206,R35,Financial services,172,1465787.19,1.1459,1.00–1.49,8,Active,1.0,5.0,-5,793963.68,0.14999418555405059
ACC03207,R15,Professional services,228,1304585.17,0.2684,0.15–0.49,11,Active,1.0,16.666666666666668,20,330950.4,0.18258179750238535
ACC03208,R35,Professional services,113,835932.16,0.8354,0.50–0.99,10,Active,1.0,11.666666666666666,15,325419.54,0.211431021936569
ACC03209,R03,Logistics,514,3322948.0,0.9356,0.50–0.99,7,Active,0.6666666666666666,5.0,5,1493170.57,0.11983264459234469
ACC03210,R20,Manufacturing,945,4424028.92,0.1865,0.15–0.49,5,Active,0.6666666666666666,3.3333333333333335,-10,1411583.76,0.12258687148696074
ACC03211,R19,Manufacturing,168,1005048.89,0.5074,0.50–0.99,3,Active,0.6666666666666666,5.0,-5,476924.5,0.19975897703248946
ACC03212,R48,Manufacturing,134,959462.56,0.6966,0.50–0.99,6,Active,0.6666666666666666,3.3333333333333335,-5,527619.99,0.23536530093434618
ACC03213,R30,Technology,208,1507531.16,1.8281,1.50–2.49,9,Active,1.0,5.0,5,2466171.12,0.14386919876021606
ACC03214,R19,Retail,287,1719395.09,0.9097,0.50–0.99,9,Active,1.0,3.3333333333333335,5,913431.85,0.1616588813220139
ACC03215,R07,Retail,197,1467491.62,1.3433,1.00–1.49,9,Active,1.0,0.0,-5,930976.45,0.17149465749378784
ACC03216,R47,Professional services,90,556629.24,0.8183,0.50–0.99,2,Active,0.3333333333333333,1.6666666666666667,0,234847.09,0.20167789817089266
ACC03217,R27,Retail,193,1088406.48,0.5117,0.50–0.99,10,Active,1.0,3.3333333333333335,0,605193.03,0.16880958210914684
ACC03218,R27,Financial services,280,2136874.13,3.8399,2.50–5.00,8,Active,1.0,15.0,20,7681603.93,0.12651627828751885
ACC03219,R01,Technology,236,2876580.05,1.7385,1.50–2.49,6,Active,1.0,10.0,10,2612613.08,0.11370110741898494
ACC03220,R29,Manufacturing,112,581893.52,1.3112,1.00–1.49,11,Active,0.6666666666666666,11.666666666666666,15,646179.5,0.19170703062782823
ACC03221,R44,Healthcare,461,2392232.92,0.9543,0.50–0.99,4,Active,0.6666666666666666,5.0,5,1455532.68,0.1105614971607624
ACC03222,R22,Hospitality,178,1161684.02,0.8463,0.50–0.99,9,Active,1.0,6.666666666666667,0,751194.77,0.20723602149390413
ACC03223,R19,Retail,197,1473145.63,0.7905,0.50–0.99,5,Active,1.0,11.666666666666666,15,792770.95,0.20980793371910614
ACC03224,R41,Retail,62,360600.12,0.5158,0.50–0.99,11,Active,0.6666666666666666,1.6666666666666667,0,119593.62,0.2768287867001611
ACC03225,R18,Financial services,477,3628647.92,0.8352,0.50–0.99,11,Active,0.3333333333333333,11.666666666666666,20,1737620.07,0.1473897605582693
ACC03226,R02,Healthcare,378,2571977.33,0.637,0.50–0.99,4,Active,1.0,-1.6666666666666667,10,1422195.71,0.13213525678293
ACC03227,R01,Hospitality,548,2628046.45,0.6021,0.50–0.99,1,Active,0.3333333333333333,11.666666666666666,10,1928945.91,0.11489358806055774
ACC03228,R36,Financial services,404,2284706.38,0.9785,0.50–0.99,4,Active,1.0,-1.6666666666666667,0,1368840.42,0.1550923749049827
ACC03229,R27,Healthcare,287,2162529.84,0.6996,0.50–0.99,6,Active,0.6666666666666666,1.6666666666666667,0,956983.59,0.14127364134466783
ACC03230,R18,Technology,490,4558885.21,1.1025,1.00–1.49,11,Active,0.6666666666666666,5.0,-5,2790602.32,0.12650936835300486
ACC03231,R14,Manufacturing,133,702655.9,0.5673,0.50–0.99,5,Active,1.0,8.333333333333334,15,455285.42,0.21820425395329876
ACC03232,R46,Financial services,115,808307.44,0.7179,0.50–0.99,12,Active,0.6666666666666666,1.6666666666666667,0,501483.02999999997,0.37422510966423844
ACC03233,R18,Retail,116,972842.58,0.6514,0.50–0.99,6,Active,0.6666666666666666,6.666666666666667,15,336058.19,0.24065409044420405
ACC03234,R03,Logistics,624,3909416.62,1.0475,1.00–1.49,4,Active,1.0,11.666666666666666,10,3880694.24,0.10135830913261282
ACC03235,R36,Financial services,168,1153805.4,0.8877,0.50–0.99,3,Active,1.0,6.666666666666667,5,718486.9,0.20888676071958795
ACC03236,R02,Technology,480,3689724.9,2.5925,2.50–5.00,11,Active,1.0,10.0,20,12570837.06,0.09600704724146465
ACC03237,R09,Hospitality,282,2132909.52,0.2062,0.15–0.49,10,Active,1.0,-1.6666666666666667,0,461158.83,0.1969531137655628
ACC03238,R24,Technology,382,2231645.78,1.1777,1.00–1.49,1,Active,1.0,5.0,10,2683365.6,0.11383799801376315
ACC03239,R06,Healthcare,260,1906872.35,0.5831,0.50–0.99,12,Active,1.0,1.6666666666666667,5,853948.34,0.14613118117146548
ACC03240,R15,Hospitality,273,1904315.84,1.8421,1.50–2.49,7,Active,1.0,8.333333333333334,15,3671550.42,0.1548686828865697
ACC03241,R09,Manufacturing,174,1132947.03,0.2928,0.15–0.49,11,Active,0.6666666666666666,6.666666666666667,10,212256.24,0.20168832048362637
ACC03242,R17,Technology,308,2097449.94,1.1471,1.00–1.49,2,Active,1.0,11.666666666666666,5,1810376.66,0.12351743953767079
ACC03243,R28,Retail,107,742295.23,0.3825,0.15–0.49,6,Active,1.0,6.666666666666667,15,196508.13,0.28090499030324917
ACC03244,R21,Healthcare,352,2332548.21,0.9334,0.50–0.99,7,Active,1.0,8.333333333333334,5,1060541.84,0.12106967714642876
ACC03245,R19,Financial services,230,1514978.06,0.8459,0.50–0.99,11,Active,1.0,3.3333333333333335,5,566170.62,0.14729314484303663
ACC03246,R10,Logistics,316,2118143.97,2.4368,1.50–2.49,5,Active,0.6666666666666666,15.0,10,4387038.12,0.1492126307958014
ACC03247,R26,Logistics,76,444567.36,0.3085,0.15–0.49,10,Active,1.0,11.666666666666666,10,158912.11000000002,0.35475744166887047
ACC03248,R37,Retail,249,1861990.55,1.9756,1.50–2.49,11,Active,1.0,0.0,-10,2191352.88,0.11655335271308379
ACC03249,R42,Technology,240,2203683.38,1.1579,1.00–1.49,8,Active,0.3333333333333333,8.333333333333334,25,1895966.02,0.14207779846741417
ACC03250,R11,Healthcare,77,398372.16,0.7386,0.50–0.99,9,Active,1.0,8.333333333333334,20,149279.21,0.22436843463236922
ACC03251,R23,Technology,98,761257.08,0.4432,0.15–0.49,11,Active,1.0,10.0,0,247085.67,0.27249232796556305
ACC03252,R11,Retail,596,3195297.2,0.5297,0.50–0.99,11,Active,0.6666666666666666,1.6666666666666667,-5,1815947.82,0.10303382355121803
ACC03253,R46,Hospitality,563,4886573.95,3.6536,2.50–5.00,7,Active,1.0,0.0,-5,15456904.43,0.07703483609302683
ACC03254,R01,Financial services,190,1094782.42,0.528,0.50–0.99,6,Active,0.3333333333333333,10.0,15,714594.05,0.2859857800889235
ACC03255,R30,Retail,786,5357659.11,0.6355,0.50–0.99,4,Active,1.0,3.3333333333333335,10,2444399.42,0.08698893018299746
ACC03256,R06,Technology,712,3236872.3,0.536,0.50–0.99,10,Active,0.6666666666666666,3.3333333333333335,0,2421469.1,0.11271062818683492
ACC03257,R11,Financial services,130,898352.25,2.313,1.50–2.49,9,Active,1.0,10.0,10,1403947.21,0.14071037049778823
ACC03258,R08,Healthcare,107,586118.11,0.6751,0.50–0.99,8,Active,0.6666666666666666,8.333333333333334,10,206131.05,0.20356694864137714
ACC03259,R33,Logistics,119,900764.87,0.8421,0.50–0.99,5,Active,1.0,6.666666666666667,0,600065.08,0.2327878270079467
ACC03260,R19,Hospitality,87,545140.98,0.9245,0.50–0.99,8,Active,1.0,5.0,10,261175.84,0.18518947513028197
ACC03261,R11,Technology,208,1059867.96,0.4053,0.15–0.49,7,Active,1.0,-3.3333333333333335,-5,401023.73,0.21361277976908744
ACC03262,R28,Retail,276,1317552.04,0.3295,0.15–0.49,5,Active,0.6666666666666666,10.0,0,379079.18,0.2035377817390001
ACC03263,R46,Manufacturing,516,2978419.31,0.6817,0.50–0.99,12,Active,1.0,-1.6666666666666667,10,1693097.13,0.10226183738685996
ACC03264,R12,Manufacturing,462,3141483.92,0.5574,0.50–0.99,10,Active,1.0,3.3333333333333335,15,1656371.18,0.19138460952825884
ACC03265,R32,Hospitality,427,2426134.63,0.5605,0.50–0.99,1,Active,1.0,13.333333333333334,15,1742768.83,0.18787407697742273
ACC03266,R08,Hospitality,141,686973.18,0.6237,0.50–0.99,3,Active,1.0,0.0,-10,443907.37,0.20963065437884043
ACC03267,R09,Technology,490,3117306.48,0.2827,0.15–0.49,4,Active,0.0,15.0,20,674304.93,0.16089108695925136
ACC03268,R35,Professional services,333,2069556.72,0.8238,0.50–0.99,1,Active,1.0,5.0,0,1199750.8,0.13924078444185972
ACC03269,R05,Hospitality,302,2664567.02,1.5377,1.50–2.49,1,Active,1.0,3.3333333333333335,5,4346989.23,0.111939588567865
ACC03270,R07,Technology,283,1835512.32,0.7752,0.50–0.99,6,Active,0.6666666666666666,3.3333333333333335,15,828056.43,0.13446494090425148
ACC03271,R12,Retail,127,1086162.77,1.9785,1.50–2.49,11,Active,1.0,5.0,5,1540996.61,0.18849390200602134
ACC03272,R48,Technology,1412,9277471.69,0.2164,0.15–0.49,6,Active,1.0,15.0,20,2698457.37,0.09502953367697393
ACC03273,R06,Manufacturing,254,1518690.39,0.6273,0.50–0.99,12,Active,1.0,15.0,5,945292.1799999999,0.22491633759629878
ACC03274,R37,Technology,187,1046609.0,0.595,0.50–0.99,4,Active,0.6666666666666666,5.0,-10,521129.67000000004,0.21900713412963535
ACC03275,R15,Hospitality,130,862708.57,0.8761,0.50–0.99,5,Active,0.6666666666666666,6.666666666666667,20,398636.71,0.18351228235086528
ACC03276,R19,Financial services,385,2476822.65,3.2429,2.50–5.00,6,Active,1.0,6.666666666666667,20,10815042.95,0.10876970368585226
ACC03277,R32,Professional services,649,3588091.97,0.7983,0.50–0.99,11,Active,1.0,1.6666666666666667,20,2097672.12,0.08868815535360045
ACC03278,R04,Professional services,347,1950814.94,1.3149,1.00–1.49,9,Active,1.0,-10.0,-15,2744404.22,0.18846537301170466
ACC03279,R04,Healthcare,261,1957446.67,1.9005,1.50–2.49,10,Active,1.0,15.0,20,2745499.06,0.11952467751194897
ACC03280,R31,Professional services,184,1034103.99,0.2861,0.15–0.49,9,Active,1.0,3.3333333333333335,0,353411.9,0.2421531492263193
ACC03281,R48,Manufacturing,193,1217661.36,0.7031,0.50–0.99,8,Active,0.6666666666666666,8.333333333333334,10,628188.84,0.17023615011870777
ACC03282,R01,Healthcare,924,6912066.29,0.4899,0.15–0.49,12,Active,1.0,1.6666666666666667,0,1626166.18,0.09025235552004812
ACC03283,R17,Manufacturing,305,2549673.16,0.5075,0.50–0.99,2,Active,1.0,11.666666666666666,10,1064345.94,0.1747681957524506
ACC03284,R07,Technology,113,703356.09,0.7091,0.50–0.99,8,Active,1.0,6.666666666666667,10,310486.96,0.18757237182937658
ACC03285,R36,Manufacturing,244,1153010.44,0.3557,0.15–0.49,7,Active,1.0,0.0,-10,402960.49,0.17772562015907484
ACC03286,R30,Financial services,543,2893183.52,0.3708,0.15–0.49,1,Active,0.6666666666666666,10.0,0,949253.52,0.15323771252657245
ACC03287,R08,Manufacturing,465,3265138.79,0.7217,0.50–0.99,9,Active,1.0,5.0,0,1576045.81,0.181739585151364
ACC03288,R14,Retail,216,2156889.98,0.8097,0.50–0.99,8,Active,1.0,0.0,5,898064.4500000001,0.16164564047222515
ACC03289,R08,Financial services,106,544163.41,0.6896,0.50–0.99,5,Active,1.0,18.333333333333332,25,197161.18,0.22544791011694212
ACC03290,R48,Financial services,189,1269371.81,0.6724,0.50–0.99,1,Active,0.6666666666666666,0.0,0,575765.34,0.17083559499058065
ACC03291,R42,Healthcare,652,4061604.81,0.6956,0.50–0.99,7,Active,0.3333333333333333,16.666666666666668,20,2609447.78,0.10979681584727488
ACC03292,R31,Logistics,293,2200318.14,0.2845,0.15–0.49,6,Active,1.0,10.0,25,546317.22,0.20438156280355996
ACC03293,R40,Professional services,164,984382.45,0.5521,0.50–0.99,9,Active,1.0,3.3333333333333335,20,497280.33999999997,0.3031361360514866
ACC03294,R04,Professional services,653,3362014.53,0.392,0.15–0.49,8,Active,0.6666666666666666,1.6666666666666667,-5,781143.33,0.10327388563522755
ACC03295,R01,Professional services,184,1129689.67,2.3647,1.50–2.49,12,Active,1.0,3.3333333333333335,15,2675705.48,0.14881873940480408
ACC03296,R13,Healthcare,638,4002418.22,0.8185,0.50–0.99,12,Active,1.0,10.0,15,2122860.7399999998,0.11304611548497431
ACC03297,R27,Professional services,990,8250044.15,4.6949,2.50–5.00,12,Active,1.0,5.0,10,29427048.03,0.08083332689774839
ACC03298,R19,Technology,237,1269665.96,0.2876,0.15–0.49,2,Active,0.0,11.666666666666666,0,359600.22,0.16550487696566646
ACC03299,R17,Manufacturing,244,1646745.13,0.5707,0.50–0.99,7,Active,1.0,3.3333333333333335,-5,875163.51,0.19161487025056806
ACC03300,R43,Financial services,374,1715975.34,0.3246,0.15–0.49,9,Active,1.0,6.666666666666667,5,704718.13,0.17336169066732446
ACC03301,R30,Hospitality,634,5956561.87,1.6167,1.50–2.49,2,Active,0.6666666666666666,0.0,10,9888853.459999999,0.09833128729015664
ACC03302,R15,Manufacturing,170,1046920.66,0.6696,0.50–0.99,4,Active,1.0,8.333333333333334,-10,524160.69,0.25651137784172856
ACC03303,R27,Manufacturing,245,1455570.04,0.2917,0.15–0.49,5,Active,0.0,15.0,15,229066.4,0.19584475252884767
ACC03304,R45,Manufacturing,146,812223.77,0.6731,0.50–0.99,2,Active,0.6666666666666666,-8.333333333333334,-15,497698.18,0.19161331799731143
ACC03305,R14,Technology,655,5728349.21,4.1792,2.50–5.00,12,Active,1.0,10.0,25,18925884.72,0.07929986305514312
ACC03306,R25,Retail,756,4152353.02,1.2443,1.00–1.49,8,Active,0.6666666666666666,5.0,15,4652647.65,0.09420869273978551
ACC03307,R07,Technology,415,2980874.89,0.6892,0.50–0.99,10,Active,1.0,16.666666666666668,20,1534845.57,0.126820976103276
ACC03308,R23,Retail,88,546714.49,0.3864,0.15–0.49,4,Active,0.6666666666666666,-3.3333333333333335,-10,78355.01000000001,0.3740649478470619
ACC03309,R37,Retail,62,374118.58,0.7259,0.50–0.99,5,Active,1.0,-3.3333333333333335,0,185972.96,0.3487568518450604
ACC03310,R15,Technology,212,1195437.57,0.5684,0.50–0.99,12,Active,0.6666666666666666,18.333333333333332,15,1042984.33,0.26074049818910117
ACC03311,R15,Healthcare,373,2765684.45,0.7319,0.50–0.99,10,Active,1.0,8.333333333333334,10,1076134.52,0.12038903988475572
ACC03312,R35,Logistics,610,4231597.36,0.6327,0.50–0.99,3,Active,0.6666666666666666,11.666666666666666,10,2244628.8,0.13092869056803216
ACC03313,R27,Manufacturing,62,438088.65,0.2161,0.15–0.49,10,Active,1.0,1.6666666666666667,0,48643.99,0.30595852661920364
ACC03314,R23,Logistics,231,1810940.41,0.4262,0.15–0.49,8,Active,0.6666666666666666,8.333333333333334,15,412831.61,0.18923848032303403
ACC03315,R10,Technology,375,1930537.26,0.4084,0.15–0.49,6,Active,0.6666666666666666,11.666666666666666,25,697747.9,0.15980831481219634
ACC03316,R35,Hospitality,290,1508867.51,0.5523,0.50–0.99,1,Active,0.6666666666666666,6.666666666666667,0,1100351.43,0.14546976077317766
ACC03317,R06,Retail,221,1655540.04,1.1133,1.00–1.49,4,Active,0.6666666666666666,3.3333333333333335,-5,1573870.84,0.16710894581189567
ACC03318,R35,Retail,302,2280073.61,0.2186,0.15–0.49,10,Active,1.0,0.0,15,730367.23,0.24216980342865518
ACC03319,R28,Professional services,157,996320.8,0.7238,0.50–0.99,2,Active,1.0,0.0,-15,699758.16,0.24240644315638618
ACC03320,R17,Professional services,119,746457.3,0.9608,0.50–0.99,3,Active,1.0,-1.6666666666666667,0,533010.98,0.17965803928382093
ACC03321,R29,Professional services,177,1676256.33,3.7892,2.50–5.00,5,Active,1.0,11.666666666666666,10,5765783.34,0.18448635063955757
ACC03322,R12,Healthcare,281,1538643.04,0.6685,0.50–0.99,8,Active,1.0,10.0,5,895626.38,0.14155663277557437
ACC03323,R43,Financial services,377,2819864.89,2.3394,1.50–2.49,11,Active,1.0,10.0,15,5675007.83,0.10177862378538938
ACC03324,R17,Hospitality,240,1632417.17,0.9162,0.50–0.99,12,Active,1.0,3.3333333333333335,5,633702.41,0.13883070652237076
ACC03325,R10,Hospitality,322,1894116.78,0.8888,0.50–0.99,7,Active,1.0,1.6666666666666667,5,822343.52,0.12559473308549116
ACC03326,R37,Technology,415,2523515.6,0.7166,0.50–0.99,5,Active,1.0,6.666666666666667,5,1499308.14,0.12198921606088736
ACC03327,R37,Technology,384,2503504.38,0.6628,0.50–0.99,11,Active,0.6666666666666666,6.666666666666667,-10,1299901.03,0.14737447226649036
ACC03328,R27,Healthcare,62,494709.51,1.3135,1.00–1.49,12,Active,0.6666666666666666,13.333333333333334,15,287321.91,0.3346058866028701
ACC03329,R30,Technology,203,1472487.71,0.5629,0.50–0.99,1,Active,1.0,11.666666666666666,10,785001.25,0.2090089089870863
ACC03330,R43,Logistics,184,1239057.29,1.5662,1.50–2.49,8,Active,0.6666666666666666,6.666666666666667,10,2471776.12,0.12383068078207458
ACC03331,R19,Professional services,180,1510290.09,1.7066,1.50–2.49,7,Active,1.0,3.3333333333333335,0,2807878.31,0.11958491830736288
ACC03332,R15,Manufacturing,191,901231.54,0.7678,0.50–0.99,5,Active,0.6666666666666666,6.666666666666667,5,677267.36,0.20504119729851242
ACC03333,R03,Retail,749,5575845.81,0.7649,0.50–0.99,4,Active,1.0,15.0,25,3137794.95,0.11049978654514568
ACC03334,R30,Professional services,299,1929615.46,0.89,0.50–0.99,12,Active,1.0,8.333333333333334,5,1069767.75,0.14701334913530953
ACC03335,R30,Healthcare,231,1180104.09,0.207,0.15–0.49,6,Active,1.0,6.666666666666667,5,448682.13,0.3181199141592305
ACC03336,R44,Manufacturing,179,1181170.68,0.2777,0.15–0.49,6,Active,0.6666666666666666,3.3333333333333335,0,226147.28,0.2106633773350357
ACC03337,R11,Technology,240,2294478.13,1.6666,1.50–2.49,4,Active,1.0,-1.6666666666666667,5,3128049.95,0.1279822493543596
ACC03338,R13,Healthcare,346,1551920.69,0.7968,0.50–0.99,8,Active,1.0,-1.6666666666666667,0,1307479.02,0.14104192278131988
ACC03339,R11,Logistics,168,1309877.05,0.5138,0.50–0.99,5,Active,1.0,1.6666666666666667,5,737812.84,0.26287285176755365
ACC03340,R09,Logistics,246,1585825.33,4.1329,2.50–5.00,5,Active,1.0,6.666666666666667,0,6671525.95,0.1153106565847476
ACC03341,R42,Healthcare,361,2546110.43,0.9759,0.50–0.99,2,Active,0.3333333333333333,5.0,0,1055476.61,0.15505894750748306
ACC03342,R08,Retail,126,1201208.95,1.4767,1.00–1.49,10,Active,1.0,3.3333333333333335,10,851515.2,0.25612631415898235
ACC03343,R15,Professional services,250,2147941.16,2.3357,1.50–2.49,12,Active,1.0,8.333333333333334,0,3431853.3,0.13529728172947778
ACC03344,R33,Professional services,176,1654184.18,0.5595,0.50–0.99,2,Active,1.0,8.333333333333334,15,665681.08,0.2088644773951503
ACC03345,R19,Healthcare,245,1418312.54,1.1577,1.00–1.49,3,Active,1.0,11.666666666666666,20,1997509.29,0.17465508116656941
ACC03346,R32,Technology,583,4164768.5,1.0583,1.00–1.49,11,Active,0.6666666666666666,13.333333333333334,25,4065634.04,0.10410634369639704
ACC03347,R11,Professional services,499,2930878.37,2.1198,1.50–2.49,2,Active,0.6666666666666666,6.666666666666667,15,6888486.95,0.10814953225243605
ACC03348,R36,Financial services,129,1028131.49,1.9067,1.50–2.49,10,Active,1.0,0.0,25,1356165.72,0.20242707511268265
ACC03349,R48,Healthcare,1038,6841402.34,0.3047,0.15–0.49,1,Active,0.3333333333333333,3.3333333333333335,0,1464135.6199999999,0.10272564615579478
ACC03350,R14,Manufacturing,736,4478434.23,1.0711,1.00–1.49,8,Active,0.6666666666666666,8.333333333333334,5,5551372.01,0.10017827770122123
ACC03351,R35,Hospitality,1019,5674005.85,0.861,0.50–0.99,6,Active,0.6666666666666666,11.666666666666666,5,4060417.86,0.1181681353321309
ACC03352,R23,Retail,133,857358.26,2.3482,1.50–2.49,9,Active,1.0,3.3333333333333335,0,2018431.11,0.14757565929360877
ACC03353,R43,Manufacturing,136,1321336.12,3.8785,2.50–5.00,6,Active,1.0,-5.0,0,3437129.53,0.1532698594676447
ACC03354,R11,Retail,307,1959687.83,0.4228,0.15–0.49,7,Active,1.0,3.3333333333333335,15,694468.76,0.1904027668296164
ACC03355,R34,Healthcare,467,3244517.28,2.2803,1.50–2.49,2,Active,1.0,3.3333333333333335,15,6976304.02,0.10524345824007952
ACC03356,R30,Logistics,354,2294030.99,0.612,0.50–0.99,12,Active,1.0,6.666666666666667,0,1143672.56,0.13763116622026453
ACC03357,R43,Manufacturing,268,1448085.7,0.2287,0.15–0.49,2,Active,1.0,8.333333333333334,0,496167.06,0.15860201719470102
ACC03358,R21,Hospitality,430,2823176.58,0.9796,0.50–0.99,7,Active,1.0,5.0,15,1672071.47,0.12497189408005453
ACC03359,R14,Healthcare,234,1918539.5,1.1115,1.00–1.49,9,Active,0.6666666666666666,16.666666666666668,10,2087624.81,0.19308898848708428
ACC03360,R07,Financial services,244,1509914.67,2.3913,1.50–2.49,11,Active,1.0,-1.6666666666666667,0,2438248.05,0.11902482305529496
ACC03361,R21,Technology,477,3153024.99,0.8246,0.50–0.99,5,Active,1.0,1.6666666666666667,5,1722540.68,0.1436854492353368
ACC03362,R03,Professional services,816,6156923.67,0.7457,0.50–0.99,10,Active,0.6666666666666666,1.6666666666666667,0,3099456.16,0.09813319218673448
ACC03363,R14,Technology,152,951160.7,0.5176,0.50–0.99,2,Active,0.6666666666666666,8.333333333333334,0,821167.18,0.2306815673806079
ACC03364,R33,Financial services,360,2247993.69,0.9274,0.50–0.99,6,Active,1.0,3.3333333333333335,5,1466960.34,0.1582409573913586
ACC03365,R16,Healthcare,184,1359117.31,0.2297,0.15–0.49,7,Active,0.3333333333333333,15.0,20,209241.89,0.1910224530090821
ACC03366,R32,Retail,290,2082609.39,0.2,0.15–0.49,7,Active,0.6666666666666666,5.0,0,399909.25,0.20057618601248942
ACC03367,R13,Professional services,241,1598609.58,1.4386,1.00–1.49,12,Active,1.0,16.666666666666668,15,1571686.01,0.13588681111746567
ACC03368,R14,Manufacturing,342,2362909.18,0.5868,0.50–0.99,12,Active,0.6666666666666666,10.0,10,1325241.44,0.13826705568389894
ACC03369,R19,Logistics,196,1218299.74,1.0744,1.00–1.49,7,Active,1.0,1.6666666666666667,0,1352458.64,0.25680786158868807
ACC03370,R09,Healthcare,147,926649.96,0.5776,0.50–0.99,3,Active,1.0,1.6666666666666667,-15,621052.5599999999,0.21536241881371038
ACC03371,R02,Hospitality,1297,8760638.23,0.9623,0.50–0.99,4,Active,0.6666666666666666,3.3333333333333335,-10,4195088.38,0.07871233793646824
ACC03372,R35,Manufacturing,141,1017493.63,0.2884,0.15–0.49,12,Active,0.6666666666666666,5.0,0,267076.9,0.19184313785178203
ACC03373,R07,Manufacturing,740,4302708.43,0.4668,0.15–0.49,5,Active,0.6666666666666666,6.666666666666667,15,1250178.71,0.10998837516649025
ACC03374,R02,Financial services,1506,6915396.7,0.9165,0.50–0.99,8,Active,1.0,11.666666666666666,10,5367381.75,0.06931136376683131
ACC03375,R31,Hospitality,65,493764.86,1.3248,1.00–1.49,1,Active,1.0,5.0,0,258619.94999999998,0.6178450568673315
ACC03376,R28,Logistics,208,1567545.88,0.5336,0.50–0.99,12,Active,0.6666666666666666,-5.0,-5,552813.86,0.17226399693537034
ACC03377,R27,Technology,70,339412.74,0.7574,0.50–0.99,3,Active,1.0,3.3333333333333335,-10,254467.19999999998,0.4678874950883335
ACC03378,R22,Retail,247,1817661.77,0.7199,0.50–0.99,1,Active,1.0,10.0,10,754787.77,0.2092713881731218
ACC03379,R08,Hospitality,207,1647003.07,1.4371,1.00–1.49,8,Active,1.0,0.0,5,1091833.59,0.13431566907168174
ACC03380,R47,Healthcare,574,3348850.51,0.3819,0.15–0.49,11,Active,1.0,5.0,0,1223668.62,0.20987777524939633
ACC03381,R38,Healthcare,412,3249029.53,0.6947,0.50–0.99,11,Active,0.6666666666666666,10.0,0,1575161.15,0.1771318060378141
ACC03382,R07,Financial services,99,693632.77,2.4257,1.50–2.49,2,Active,1.0,-5.0,-5,946288.53,0.20464804789932278
ACC03383,R16,Professional services,219,2045837.3,0.7363,0.50–0.99,2,Active,1.0,-3.3333333333333335,0,463221.08,0.15004601501433007
ACC03384,R21,Retail,166,1133158.05,1.3955,1.00–1.49,5,Active,1.0,11.666666666666666,10,952427.54,0.14439425083810908
ACC03385,R01,Hospitality,237,1662608.62,0.2032,0.15–0.49,12,Active,0.6666666666666666,10.0,25,406159.08,0.16374596574021028
ACC03386,R24,Financial services,176,1169126.36,4.3617,2.50–5.00,4,Active,1.0,15.0,25,3970576.02,0.13498822476105227
ACC03387,R22,Manufacturing,71,442408.42,0.836,0.50–0.99,12,Active,0.6666666666666666,-3.3333333333333335,-15,329016.8,0.22732030604842668
ACC03388,R11,Healthcare,432,2713789.33,1.1442,1.00–1.49,2,Active,0.6666666666666666,-1.6666666666666667,-5,2883791.7600000002,0.10427387498505314
ACC03389,R01,Technology,356,2274272.48,0.6122,0.50–0.99,4,Active,0.6666666666666666,0.0,0,1189215.56,0.13837214628315073
ACC03390,R07,Hospitality,471,2670459.4,0.5957,0.50–0.99,5,Active,0.6666666666666666,1.6666666666666667,-15,1760300.05,0.14508999254381533
ACC03391,R37,Hospitality,286,1877176.58,0.6605,0.50–0.99,6,Active,1.0,6.666666666666667,-10,748924.96,0.16867845618095484
ACC03392,R47,Healthcare,1015,7036214.27,0.7913,0.50–0.99,4,Active,0.6666666666666666,6.666666666666667,15,3351947.61,0.09086805873815214
ACC03393,R26,Manufacturing,213,2068841.68,2.1637,1.50–2.49,6,Active,1.0,1.6666666666666667,0,2864208.86,0.13671184884019139
ACC03394,R30,Professional services,212,1676974.61,1.0278,1.00–1.49,9,Active,1.0,1.6666666666666667,0,1976522.89,0.20048966490608583
ACC03395,R39,Manufacturing,235,1685690.69,0.8289,0.50–0.99,8,Active,1.0,0.0,0,1072258.29,0.18611140344017174
ACC03396,R11,Financial services,743,4638394.81,0.2403,0.15–0.49,6,Active,1.0,8.333333333333334,0,1402921.56,0.13517116615310412
ACC03397,R18,Hospitality,87,499075.13,0.6965,0.50–0.99,8,Active,1.0,1.6666666666666667,-15,337930.09,0.29004164041093333
ACC03398,R18,Logistics,79,579129.07,0.6187,0.50–0.99,10,Active,1.0,6.666666666666667,5,563642.46,0.5591342347501641
ACC03399,R25,Financial services,333,2438990.27,0.5224,0.50–0.99,12,Active,0.6666666666666666,1.6666666666666667,15,1390188.01,0.21301778597365573
ACC03400,R08,Retail,62,408290.87,0.9504,0.50–0.99,9,Active,0.6666666666666666,3.3333333333333335,-5,156431.88999999998,0.24497245045952226
ACC03401,R02,Logistics,509,3713674.14,0.3657,0.15–0.49,9,Active,0.6666666666666666,11.666666666666666,5,1093274.8699999999,0.15752655524711395
ACC03402,R01,Healthcare,380,2880926.93,1.3921,1.00–1.49,10,Active,1.0,0.0,-5,2459193.99,0.11313086018028828
ACC03403,R22,Logistics,482,3404931.47,0.8349,0.50–0.99,10,Active,0.6666666666666666,16.666666666666668,20,1816180.5,0.13278906570624346
ACC03404,R05,Healthcare,187,1163037.66,0.7553,0.50–0.99,10,Active,0.6666666666666666,13.333333333333334,25,521530.17,0.17317498127712516
ACC03405,R33,Technology,350,2075064.11,0.5039,0.50–0.99,3,Active,0.6666666666666666,1.6666666666666667,0,957905.22,0.151333134992234
ACC03406,R29,Technology,103,812589.74,3.7617,2.50–5.00,12,Active,1.0,1.6666666666666667,-15,2824166.69,0.3244310857471246
ACC03407,R46,Manufacturing,462,3007035.18,0.2173,0.15–0.49,7,Active,0.3333333333333333,11.666666666666666,25,771430.03,0.14699924943530326
ACC03408,R27,Manufacturing,731,5700381.14,3.0679,2.50–5.00,3,Active,1.0,0.0,5,20356128.91,0.07665521985004856
ACC03409,R25,Retail,301,1755386.58,0.3846,0.15–0.49,9,Active,1.0,0.0,5,462502.38,0.15299587143807278
ACC03410,R29,Professional services,523,3774924.96,1.0729,1.00–1.49,4,Active,1.0,-3.3333333333333335,-5,3197827.19,0.1141855753698815
ACC03411,R45,Financial services,252,1794993.84,0.3207,0.15–0.49,7,Active,0.6666666666666666,10.0,25,230912.57,0.179399801636789
ACC03412,R21,Retail,267,1790665.15,1.439,1.00–1.49,10,Active,1.0,6.666666666666667,10,1585084.67,0.14671418411998646
ACC03413,R22,Retail,158,1101729.03,0.837,0.50–0.99,6,Active,0.6666666666666666,8.333333333333334,15,762081.65,0.21157486600355271
ACC03414,R28,Financial services,70,374665.13,0.163,0.15–0.49,2,Active,1.0,11.666666666666666,15,191126.27000000002,0.46878627639614684
ACC03415,R26,Manufacturing,122,984973.58,0.8472,0.50–0.99,8,Active,1.0,6.666666666666667,15,461379.04,0.291099459726646
ACC03416,R39,Healthcare,801,4473871.16,0.3915,0.15–0.49,12,Active,0.6666666666666666,3.3333333333333335,10,1278709.79,0.0989280605947273
ACC03417,R34,Healthcare,108,702114.05,0.4767,0.15–0.49,8,Active,1.0,10.0,15,203543.74,0.39894475344770897
ACC03418,R15,Professional services,413,2576464.16,0.6099,0.50–0.99,3,Active,0.6666666666666666,13.333333333333334,25,1212319.1,0.1266965253801269
ACC03419,R27,Healthcare,478,3393043.63,0.6035,0.50–0.99,4,Active,1.0,1.6666666666666667,5,1708854.51,0.12543466005399048
ACC03420,R05,Logistics,142,847544.07,0.1931,0.15–0.49,6,Active,0.6666666666666666,8.333333333333334,5,309624.27,0.22628372724065557
ACC03421,R41,Retail,513,3445149.51,0.5582,0.50–0.99,3,Active,0.6666666666666666,11.666666666666666,20,1594516.92,0.1240544066801473
ACC03422,R43,Technology,211,1495472.85,0.6525,0.50–0.99,11,Active,0.3333333333333333,15.0,15,898394.9,0.18647569000241573
ACC03423,R45,Retail,241,2247615.66,1.4742,1.00–1.49,9,Active,1.0,10.0,5,1860081.0,0.15451689564175577
ACC03424,R14,Healthcare,393,2514494.24,1.2907,1.00–1.49,8,Active,0.6666666666666666,3.3333333333333335,10,2014537.31,0.13330495272790882
ACC03425,R37,Professional services,140,780110.82,0.9245,0.50–0.99,7,Active,1.0,13.333333333333334,15,342770.33,0.18217256865473708
ACC03426,R24,Hospitality,197,1765080.11,1.4401,1.00–1.49,2,Active,0.6666666666666666,11.666666666666666,20,1135555.89,0.17345475460611545
ACC03427,R44,Retail,337,3784196.8,3.5536,2.50–5.00,6,Active,1.0,-1.6666666666666667,10,8670484.61,0.10638190700014723
ACC03428,R18,Retail,203,1801977.84,0.9214,0.50–0.99,10,Active,1.0,3.3333333333333335,-5,897839.4,0.23882324869515364
ACC03429,R29,Retail,242,2186825.82,0.5351,0.50–0.99,2,Active,1.0,-8.333333333333334,-5,1095443.47,0.22104346508949474
ACC03430,R21,Logistics,348,2542919.41,0.2953,0.15–0.49,10,Active,1.0,-1.6666666666666667,-10,519522.77,0.17159294637418276
ACC03431,R37,Financial services,145,723033.55,0.1937,0.15–0.49,9,Active,0.3333333333333333,10.0,-5,210086.79,0.2034995909640189
ACC03432,R02,Logistics,62,444996.41,0.7539,0.50–0.99,1,Active,0.6666666666666666,13.333333333333334,20,191050.29,0.23624430091753512
ACC03433,R38,Logistics,140,855732.16,0.9606,0.50–0.99,4,Active,1.0,10.0,5,347058.85,0.1988628936124844
ACC03434,R24,Professional services,189,1268333.01,0.593,0.50–0.99,12,Active,1.0,-1.6666666666666667,0,545881.88,0.16292376286028956
ACC03435,R12,Hospitality,184,1319362.55,2.8072,2.50–5.00,6,Active,1.0,0.0,5,4257942.12,0.12015968598411947
ACC03436,R01,Logistics,164,1468092.78,0.8683,0.50–0.99,2,Active,0.6666666666666666,0.0,-10,601894.71,0.18123641584708963
ACC03437,R46,Professional services,108,834250.53,0.5197,0.50–0.99,1,Active,0.6666666666666666,-5.0,-15,551891.15,0.2926511386468226
ACC03438,R12,Retail,164,896066.76,0.3158,0.15–0.49,11,Active,0.6666666666666666,13.333333333333334,0,400450.19,0.19986018002752154
ACC03439,R41,Healthcare,226,1051190.16,0.4896,0.15–0.49,10,Active,1.0,13.333333333333334,5,344732.22,0.22469522729250294
ACC03440,R18,Manufacturing,383,2281215.72,0.2579,0.15–0.49,10,Active,0.6666666666666666,10.0,10,695008.39,0.12872506763616254
ACC03441,R36,Manufacturing,237,2011120.56,1.0403,1.00–1.49,12,Active,1.0,6.666666666666667,5,1855019.11,0.14186037311290664
ACC03442,R24,Professional services,386,2768624.48,0.1978,0.15–0.49,4,Active,0.6666666666666666,1.6666666666666667,-10,850034.39,0.19936053643505922
ACC03443,R11,Professional services,710,5957809.9,1.0043,1.00–1.49,12,Active,1.0,6.666666666666667,5,4765266.84,0.09618760913356196
ACC03444,R33,Financial services,846,8094658.21,0.6417,0.50–0.99,12,Active,1.0,11.666666666666666,10,2685161.33,0.08644728241247675
ACC03445,R03,Hospitality,458,2636162.43,0.5183,0.50–0.99,6,Active,1.0,-6.666666666666667,-10,1511032.58,0.15055517900038623
ACC03446,R31,Technology,346,1888293.71,1.2735,1.00–1.49,3,Active,0.6666666666666666,13.333333333333334,20,2089824.4,0.10697441151034343
ACC03447,R45,Retail,133,793319.32,0.9174,0.50–0.99,3,Active,1.0,10.0,20,454515.98,0.20348886976715744
ACC03448,R33,Logistics,756,6319226.57,0.2306,0.15–0.49,10,Active,0.6666666666666666,8.333333333333334,5,1274383.64,0.13073997748405272
ACC03449,R25,Financial services,67,447525.6,0.809,0.50–0.99,5,Active,0.3333333333333333,10.0,10,257303.31,0.31340978646498824
ACC03450,R15,Logistics,167,1132030.58,0.2297,0.15–0.49,10,Active,0.3333333333333333,3.3333333333333335,0,213856.84,0.298653387400903
ACC03451,R07,Technology,148,1000969.56,0.5588,0.50–0.99,11,Active,0.3333333333333333,10.0,5,419830.86,0.24210522873806017
ACC03452,R24,Manufacturing,153,965298.47,0.9274,0.50–0.99,4,Active,1.0,5.0,0,665449.8,0.18118218445928078
ACC03453,R27,Hospitality,86,471731.08,0.7346,0.50–0.99,4,Active,0.6666666666666666,13.333333333333334,10,310993.26,0.2130586514644107
ACC03454,R45,Logistics,241,1946664.63,1.2731,1.00–1.49,4,Active,1.0,-5.0,5,1404501.2,0.1994718003887606
ACC03455,R43,Retail,192,1187349.7,0.7116,0.50–0.99,2,Active,1.0,15.0,20,597564.95,0.18826568367890245
ACC03456,R20,Retail,115,1276989.26,4.8502,2.50–5.00,6,Active,1.0,3.3333333333333335,10,3200091.22,0.1814270502621494
ACC03457,R09,Healthcare,417,3064251.01,2.0162,1.50–2.49,4,Active,1.0,5.0,-10,5751472.17,0.09912295853808356
ACC03458,R18,Technology,84,531958.09,3.1143,2.50–5.00,4,Active,1.0,11.666666666666666,15,2331505.61,0.20406500041901607
ACC03459,R19,Logistics,62,544549.48,1.8198,1.50–2.49,6,Active,1.0,1.6666666666666667,10,488651.48,0.18811919724862985
ACC03460,R15,Healthcare,151,1267568.66,0.9077,0.50–0.99,9,Active,0.6666666666666666,-1.6666666666666667,-10,687119.36,0.2553840499655848
ACC03461,R07,Retail,182,1191955.44,0.6922,0.50–0.99,2,Active,0.6666666666666666,3.3333333333333335,25,488544.71,0.16402276423909837
ACC03462,R11,Healthcare,93,728409.24,0.7783,0.50–0.99,8,Active,0.6666666666666666,5.0,-5,369470.55,0.310428614642406
ACC03463,R38,Professional services,458,3283001.94,0.8373,0.50–0.99,9,Active,1.0,1.6666666666666667,0,1417170.15,0.13256400160313786
ACC03464,R02,Financial services,406,3107729.39,0.7421,0.50–0.99,1,Active,1.0,10.0,10,1856347.07,0.15426523682048968
ACC03465,R27,Hospitality,288,1564430.05,0.3268,0.15–0.49,5,Active,0.6666666666666666,6.666666666666667,10,409201.14999999997,0.2824533818220127
ACC03466,R01,Technology,379,2248668.28,0.7802,0.50–0.99,7,Active,1.0,1.6666666666666667,0,1478833.72,0.13288718266402783
ACC03467,R21,Technology,164,1198644.88,0.1874,0.15–0.49,3,Active,1.0,5.0,0,233485.4,0.22235339404060325
ACC03468,R22,Professional services,217,2028522.84,1.7685,1.50–2.49,2,Active,1.0,6.666666666666667,5,3677181.47,0.159223654951549
ACC03469,R10,Professional services,259,2110666.66,4.4096,2.50–5.00,11,Active,1.0,6.666666666666667,15,8069450.23,0.11427617482197909
ACC03470,R43,Professional services,568,3001945.02,0.8333,0.50–0.99,5,Active,1.0,11.666666666666666,15,2144936.14,0.14919916883167406
ACC03471,R41,Healthcare,209,1417677.22,0.6935,0.50–0.99,6,Active,1.0,6.666666666666667,5,669600.55,0.1443212231601869
ACC03472,R37,Professional services,138,1004731.21,4.25,2.50–5.00,6,Active,1.0,-1.6666666666666667,-5,3657115.03,0.16283835053931045
ACC03473,R42,Manufacturing,391,1799927.73,0.5089,0.50–0.99,10,Active,1.0,6.666666666666667,10,1143264.19,0.13358870019046565
ACC03474,R34,Manufacturing,274,1385353.46,0.7503,0.50–0.99,11,Active,1.0,1.6666666666666667,0,1063168.2,0.15867801978991233
ACC03475,R10,Hospitality,684,5395409.96,2.1862,1.50–2.49,4,Active,1.0,10.0,15,8834821.61,0.08943834089517919
ACC03476,R46,Professional services,397,2622475.16,0.2209,0.15–0.49,11,Active,1.0,-1.6666666666666667,0,645542.4,0.13985332250017118
ACC03477,R45,Logistics,137,953794.79,0.6156,0.50–0.99,7,Active,1.0,-3.3333333333333335,-5,570592.97,0.2285810592773914
ACC03478,R33,Professional services,249,1410639.13,0.6039,0.50–0.99,8,Active,1.0,6.666666666666667,20,787363.36,0.16930303535421506
ACC03479,R05,Financial services,158,1018339.8,0.5684,0.50–0.99,2,Active,0.6666666666666666,5.0,20,522779.42,0.22811128980995085
ACC03480,R26,Healthcare,104,649807.19,0.6741,0.50–0.99,10,Active,1.0,3.3333333333333335,0,338466.87,0.2522633380383227
ACC03481,R10,Retail,192,1118283.97,0.8345,0.50–0.99,2,Active,1.0,6.666666666666667,10,773151.89,0.17896010542731433
ACC03482,R46,Logistics,238,1883239.59,1.1302,1.00–1.49,5,Active,1.0,-1.6666666666666667,-10,1355869.9,0.14925415264713363
ACC03483,R35,Financial services,294,1635805.74,0.8185,0.50–0.99,4,Active,1.0,6.666666666666667,5,947648.85,0.15120692788659754
ACC03484,R37,Hospitality,156,1300014.79,0.6966,0.50–0.99,3,Active,0.3333333333333333,8.333333333333334,15,643091.5499999999,0.22908245395785146
ACC03485,R24,Retail,120,719225.92,1.2023,1.00–1.49,6,Active,0.3333333333333333,10.0,15,1247120.79,0.21561734060581234
ACC03486,R41,Healthcare,62,565359.01,1.1157,1.00–1.49,12,Active,0.6666666666666666,11.666666666666666,25,469471.8,0.31061590310029563
ACC03487,R37,Healthcare,1039,11317554.4,0.5881,0.50–0.99,9,Active,1.0,3.3333333333333335,-10,4636764.39,0.08407489264495883
ACC03488,R20,Logistics,701,5970692.97,0.692,0.50–0.99,11,Active,0.6666666666666666,10.0,10,2158564.41,0.11478655105725719
ACC03489,R32,Healthcare,204,1470802.07,0.2003,0.15–0.49,7,Active,0.3333333333333333,10.0,10,276813.91,0.16975906278185446
ACC03490,R06,Technology,628,5121776.5,1.2728,1.00–1.49,7,Active,0.6666666666666666,10.0,0,4088199.74,0.09192298534060678
ACC03491,R04,Professional services,62,389841.39,1.5501,1.50–2.49,2,Active,1.0,3.3333333333333335,-10,713909.4299999999,0.2269627380558401
ACC03492,R14,Manufacturing,314,1457538.74,0.3406,0.15–0.49,3,Active,1.0,-1.6666666666666667,0,511566.77,0.17371413050771528
ACC03493,R33,Professional services,879,6316546.04,3.009,2.50–5.00,9,Active,1.0,6.666666666666667,5,22917067.22,0.080914691672721
ACC03494,R45,Healthcare,174,1264505.4,2.1651,1.50–2.49,11,Active,1.0,10.0,15,2162452.19,0.14628692665968446
ACC03495,R20,Retail,340,1429418.42,0.7283,0.50–0.99,3,Active,1.0,6.666666666666667,5,1273276.2,0.14486940191718456
ACC03496,R38,Hospitality,107,825365.27,0.6365,0.50–0.99,2,Active,0.6666666666666666,16.666666666666668,20,430745.38,0.24487784717704453
ACC03497,R22,Logistics,259,1873907.71,0.9788,0.50–0.99,10,Active,0.6666666666666666,-3.3333333333333335,-5,956423.91,0.16247797800795669
ACC03498,R15,Hospitality,611,5049800.98,0.6824,0.50–0.99,9,Active,1.0,1.6666666666666667,5,2218146.89,0.17257874484125085
ACC03499,R06,Professional services,231,2228551.66,1.3721,1.00–1.49,12,Active,0.6666666666666666,15.0,5,2096885.52,0.1764565264419311
ACC03500,R13,Logistics,586,3130841.55,0.4567,0.15–0.49,6,Active,1.0,18.333333333333332,10,958658.2,0.11977284530196515
ACC03501,R21,Financial services,329,2442252.49,0.6817,0.50–0.99,7,Active,0.6666666666666666,8.333333333333334,10,1040844.51,0.14549770727993883
ACC03502,R14,Retail,248,1986441.88,2.4244,1.50–2.49,9,Active,1.0,10.0,15,2988878.47,0.11709529060893442
ACC03503,R19,Technology,222,1142034.72,0.2542,0.15–0.49,2,Active,1.0,6.666666666666667,15,340982.44,0.24684790029739506
ACC03504,R09,Healthcare,122,550026.85,1.2948,1.00–1.49,2,Active,0.3333333333333333,13.333333333333334,10,667906.01,0.16158602140726022
ACC03505,R02,Manufacturing,345,2317756.62,1.3615,1.00–1.49,7,Active,1.0,11.666666666666666,0,2570216.43,0.12980688669251048
ACC03506,R34,Healthcare,368,1874912.6,0.8349,0.50–0.99,11,Active,0.6666666666666666,-8.333333333333334,-10,1298271.75,0.14725249536457932
ACC03507,R16,Financial services,146,1223570.47,1.4519,1.00–1.49,6,Active,1.0,10.0,5,950854.93,0.21018904725990617
ACC03508,R36,Healthcare,274,2535088.39,2.0971,1.50–2.49,2,Active,1.0,3.3333333333333335,-5,3242818.7,0.1278029677000491
ACC03509,R39,Hospitality,480,3315079.62,1.2957,1.00–1.49,1,Active,1.0,1.6666666666666667,0,3053358.44,0.10930318444280976
ACC03510,R15,Hospitality,96,514488.18,0.632,0.50–0.99,10,Active,0.6666666666666666,18.333333333333332,10,799632.4,0.4537991750350772
ACC03511,R06,Logistics,145,965896.62,1.1562,1.00–1.49,2,Active,0.6666666666666666,10.0,10,937632.89,0.254706584517947
ACC03512,R39,Technology,267,1969371.78,0.5726,0.50–0.99,10,Active,0.3333333333333333,13.333333333333334,-5,643973.27,0.15481951841957525
ACC03513,R03,Financial services,104,711756.36,1.6212,1.50–2.49,6,Active,0.6666666666666666,3.3333333333333335,5,1242709.01,0.22426095113716096
ACC03514,R40,Hospitality,257,1824623.59,0.6118,0.50–0.99,6,Active,1.0,-3.3333333333333335,0,981345.5,0.14287440518466069
ACC03515,R08,Technology,104,768949.24,0.6078,0.50–0.99,11,Active,0.3333333333333333,8.333333333333334,0,318823.97000000003,0.22043301942003046
ACC03516,R03,Logistics,335,2277439.44,0.9278,0.50–0.99,6,Active,1.0,1.6666666666666667,-15,1092577.65,0.1285314642565587
ACC03517,R12,Financial services,231,1214391.81,0.7819,0.50–0.99,8,Active,0.6666666666666666,6.666666666666667,25,990571.35,0.16877713922168036
ACC03518,R42,Retail,732,5715222.74,0.5823,0.50–0.99,2,Active,1.0,5.0,5,2556762.95,0.12139635465983321
ACC03519,R08,Financial services,80,609391.89,1.1464,1.00–1.49,10,Active,1.0,11.666666666666666,5,451375.3,0.20759119102785545
ACC03520,R09,Technology,256,1627788.5,0.7598,0.50–0.99,1,Active,0.3333333333333333,18.333333333333332,25,1060626.85,0.18379154999475691
ACC03521,R32,Retail,311,2509840.13,0.5003,0.50–0.99,9,Active,0.6666666666666666,11.666666666666666,0,950272.41,0.15981688711440473
ACC03522,R33,Manufacturing,256,1099735.07,0.3978,0.15–0.49,11,Active,1.0,5.0,10,259899.46,0.19746507661254722
ACC03523,R47,Retail,182,1313594.77,0.4823,0.15–0.49,1,Active,0.6666666666666666,5.0,-10,249195.61,0.1884178181615423
ACC03524,R27,Financial services,120,910326.9,3.2177,2.50–5.00,9,Active,1.0,3.3333333333333335,15,4327398.33,0.15320373719160138
ACC03525,R26,Logistics,513,2586847.07,0.4062,0.15–0.49,5,Active,1.0,-6.666666666666667,-15,1065682.46,0.19936367784328574
ACC03526,R24,Professional services,106,812727.66,0.3994,0.15–0.49,7,Active,0.3333333333333333,-1.6666666666666667,-10,239924.99,0.2893188725963218
ACC03527,R03,Technology,320,1729089.56,0.674,0.50–0.99,2,Active,1.0,5.0,5,1063483.11,0.1499819710393817
ACC03528,R40,Retail,509,3161827.43,0.8191,0.50–0.99,11,Active,1.0,3.3333333333333335,5,2107178.46,0.12117223713754596
ACC03529,R35,Retail,553,4335407.63,1.4049,1.00–1.49,10,Active,0.6666666666666666,8.333333333333334,10,3790873.92,0.10177819837854446
ACC03530,R44,Financial services,192,1484571.58,0.8105,0.50–0.99,5,Active,1.0,0.0,-5,737038.15,0.2443887920432998
ACC03531,R29,Manufacturing,382,2065330.45,0.2846,0.15–0.49,6,Active,0.3333333333333333,5.0,5,492334.95,0.14867064987026743
ACC03532,R47,Hospitality,82,544840.74,0.9454,0.50–0.99,2,Active,1.0,-1.6666666666666667,-5,379507.73,0.24628933545563747
ACC03533,R13,Logistics,508,3528239.41,0.7749,0.50–0.99,6,Active,0.6666666666666666,13.333333333333334,10,1767359.85,0.11163975759610285
ACC03534,R07,Logistics,90,589531.41,0.7161,0.50–0.99,5,Active,0.6666666666666666,0.0,5,326217.63,0.42298694243566554
ACC03535,R14,Technology,203,1238099.91,0.5725,0.50–0.99,3,Active,1.0,3.3333333333333335,5,1101725.24,0.21889697362145671
ACC03536,R33,Retail,288,2035278.94,1.0138,1.00–1.49,3,Active,0.6666666666666666,0.0,5,1806211.02,0.15193467588634785
ACC03537,R17,Retail,134,936464.2,0.5641,0.50–0.99,9,Active,0.6666666666666666,3.3333333333333335,20,436919.81,0.20542885999067
ACC03538,R07,Financial services,154,988395.07,1.1943,1.00–1.49,12,Active,0.6666666666666666,1.6666666666666667,5,1590998.07,0.22208171522701406
ACC03539,R12,Healthcare,1417,8352188.89,1.4208,1.00–1.49,5,Active,1.0,6.666666666666667,10,9095159.44,0.0692953174512698
ACC03540,R08,Financial services,552,3199815.44,1.4619,1.00–1.49,2,Active,0.6666666666666666,5.0,-10,3157178.58,0.09380035251616706
ACC03541,R45,Retail,272,2447185.68,1.9174,1.50–2.49,2,Active,1.0,5.0,15,4362076.59,0.1745122302000029
ACC03542,R43,Professional services,715,5701727.0,0.5775,0.50–0.99,11,Active,1.0,-3.3333333333333335,-15,2279541.48,0.10171415121823277
ACC03543,R44,Hospitality,150,1004001.49,0.8659,0.50–0.99,4,Active,1.0,5.0,15,552531.4400000001,0.2891249532527796
ACC03544,R47,Manufacturing,266,1859333.09,1.4576,1.00–1.49,10,Active,1.0,13.333333333333334,15,1740857.06,0.14557588662027063
ACC03545,R36,Manufacturing,99,528012.61,0.2005,0.15–0.49,9,Active,0.3333333333333333,6.666666666666667,5,158919.85,0.25558503276483147
ACC03546,R39,Logistics,607,4842140.38,3.7594,2.50–5.00,4,Active,1.0,-3.3333333333333335,0,15117723.93,0.08550014689457199
ACC03547,R02,Professional services,295,2251631.68,1.5565,1.50–2.49,2,Active,0.6666666666666666,13.333333333333334,0,5376485.9,0.1438696350961804
ACC03548,R06,Hospitality,221,1665539.33,1.9694,1.50–2.49,2,Active,1.0,1.6666666666666667,-5,2923062.14,0.1352691878281301
ACC03549,R30,Healthcare,62,380962.78,1.962,1.50–2.49,10,Active,0.6666666666666666,20.0,20,292144.59,0.19718258432791477
ACC03550,R45,Manufacturing,167,913842.25,0.808,0.50–0.99,1,Active,1.0,6.666666666666667,0,581851.04,0.22435557672797216
ACC03551,R36,Professional services,215,1177782.49,0.83,0.50–0.99,2,Active,1.0,-5.0,5,699545.31,0.1641261639746552
ACC03552,R30,Logistics,165,970625.66,0.2551,0.15–0.49,3,Active,0.6666666666666666,8.333333333333334,25,188266.66,0.15720798586734208
ACC03553,R20,Healthcare,513,3734476.31,2.487,1.50–2.49,8,Active,1.0,21.666666666666668,25,6772011.54,0.0985123919762323
ACC03554,R39,Logistics,418,3202239.1,0.7765,0.50–0.99,11,Active,0.6666666666666666,-3.3333333333333335,5,1555646.93,0.17599930246995185
ACC03555,R31,Hospitality,113,739921.44,0.8948,0.50–0.99,11,Active,1.0,3.3333333333333335,10,495224.36,0.19047316973859374
ACC03556,R37,Technology,209,1695031.88,0.74,0.50–0.99,11,Active,1.0,-1.6666666666666667,-5,647808.09,0.186908891398149
ACC03557,R26,Healthcare,354,1762378.5,1.2602,1.00–1.49,7,Active,1.0,3.3333333333333335,-5,2789590.94,0.1255581681973751
ACC03558,R12,Logistics,78,468274.29,0.3198,0.15–0.49,3,Active,0.6666666666666666,10.0,15,97713.34,0.29474331205567866
ACC03559,R42,Financial services,138,966168.76,4.8366,2.50–5.00,5,Active,1.0,3.3333333333333335,0,3176328.57,0.1588659327173495
ACC03560,R40,Technology,332,2825983.11,0.8657,0.50–0.99,11,Active,1.0,6.666666666666667,15,1075371.66,0.13089685681831426
ACC03561,R26,Technology,192,1545002.1,0.2526,0.15–0.49,4,Active,1.0,1.6666666666666667,5,380378.02999999997,0.2084111896318504
ACC03562,R09,Logistics,435,3108920.65,1.448,1.00–1.49,6,Active,0.6666666666666666,13.333333333333334,0,3164657.18,0.11319154715161643
ACC03563,R38,Healthcare,142,750454.52,0.9586,0.50–0.99,10,Active,1.0,3.3333333333333335,-5,357887.70999999996,0.20995092656131467
ACC03564,R06,Healthcare,351,2090275.49,0.3735,0.15–0.49,3,Active,1.0,3.3333333333333335,5,745696.32,0.1945834405405472
ACC03565,R23,Healthcare,533,3737452.27,0.7696,0.50–0.99,10,Active,1.0,0.0,-5,2244368.75,0.13660571817659298
ACC03566,R29,Financial services,254,1765472.66,0.5432,0.50–0.99,11,Active,0.6666666666666666,1.6666666666666667,-5,1356897.52,0.16066919013795314
ACC03567,R10,Technology,356,3199437.43,1.5044,1.50–2.49,8,Active,1.0,3.3333333333333335,-5,4662737.07,0.10821416389000221
ACC03568,R19,Healthcare,155,1159321.42,0.2764,0.15–0.49,9,Active,1.0,8.333333333333334,-10,249723.36000000002,0.22646085909756383
ACC03569,R26,Logistics,147,875734.7,0.4533,0.15–0.49,2,Active,1.0,11.666666666666666,10,454483.04000000004,0.4835747965340006
ACC03570,R36,Technology,248,1641068.65,0.4597,0.15–0.49,5,Active,0.3333333333333333,5.0,10,447399.6,0.19770428406678595
ACC03571,R18,Technology,125,648314.38,0.528,0.50–0.99,10,Active,1.0,-1.6666666666666667,-10,539068.5,0.23981032158285093
ACC03572,R39,Technology,164,1010990.06,0.703,0.50–0.99,6,Active,1.0,3.3333333333333335,15,511507.2,0.1644014188557627
ACC03573,R08,Logistics,344,2720489.91,0.8039,0.50–0.99,2,Active,0.6666666666666666,5.0,5,1617307.26,0.17962663707379992
ACC03574,R23,Technology,558,3807685.96,0.6001,0.50–0.99,10,Active,1.0,8.333333333333334,20,2025330.56,0.14555890911291036
ACC03575,R10,Professional services,168,1703163.48,1.0885,1.00–1.49,6,Active,0.3333333333333333,15.0,20,1837305.04,0.2619231513639751
ACC03576,R48,Retail,220,1958470.65,0.9447,0.50–0.99,4,Active,1.0,11.666666666666666,15,558367.89,0.1468107863339031
ACC03577,R24,Hospitality,200,1869405.32,2.3033,1.50–2.49,5,Active,1.0,0.0,5,2880268.24,0.13202463722781957
ACC03578,R26,Retail,90,566343.73,0.6711,0.50–0.99,5,Active,1.0,1.6666666666666667,5,241615.33000000002,0.4021840671427059
ACC03579,R09,Professional services,357,2693409.26,0.9281,0.50–0.99,11,Active,0.6666666666666666,11.666666666666666,15,1109571.56,0.12439700101729768
ACC03580,R04,Retail,373,2882684.82,0.3299,0.15–0.49,1,Active,1.0,3.3333333333333335,10,615526.09,0.18018469926343847
ACC03581,R24,Professional services,374,1946828.58,0.4346,0.15–0.49,4,Active,1.0,0.0,5,702432.63,0.18339024450485555
ACC03582,R10,Healthcare,225,1633651.46,1.6063,1.50–2.49,5,Active,1.0,3.3333333333333335,-5,2876611.91,0.13267501316048563
ACC03583,R28,Hospitality,353,2744395.29,0.9602,0.50–0.99,3,Active,0.6666666666666666,5.0,15,902333.23,0.10388895545040817
ACC03584,R03,Financial services,144,986663.16,0.8827,0.50–0.99,11,Active,0.6666666666666666,10.0,0,492050.63,0.2224525189429845
ACC03585,R16,Technology,308,1916635.48,0.986,0.50–0.99,12,Active,0.6666666666666666,5.0,15,1100547.01,0.1393909971962323
ACC03586,R35,Manufacturing,206,1531828.64,0.1856,0.15–0.49,11,Active,1.0,0.0,-5,301248.21,0.15857050065104922
ACC03587,R20,Retail,297,2313559.19,1.8821,1.50–2.49,4,Active,1.0,18.333333333333332,20,4666623.02,0.11764577344670554
ACC03588,R18,Hospitality,383,2667898.16,0.2247,0.15–0.49,7,Active,0.6666666666666666,15.0,20,667427.38,0.14919422894937515
ACC03589,R21,Hospitality,993,7037645.92,0.5586,0.50–0.99,6,Active,0.6666666666666666,3.3333333333333335,0,3256320.22,0.08116695534789069
ACC03590,R48,Logistics,391,2930199.64,1.3158,1.00–1.49,12,Active,1.0,1.6666666666666667,5,2802050.82,0.11581905544404783
ACC03591,R13,Logistics,863,5213539.69,0.406,0.15–0.49,1,Active,0.6666666666666666,10.0,5,1298995.2,0.10530144434617406
ACC03592,R48,Retail,161,959259.98,0.3287,0.15–0.49,7,Active,0.6666666666666666,0.0,5,346914.93,0.3032968406272473
ACC03593,R39,Manufacturing,140,794784.97,0.5887,0.50–0.99,4,Active,0.6666666666666666,1.6666666666666667,0,406275.07,0.19964573759474133
ACC03594,R12,Retail,351,2947191.69,1.1067,1.00–1.49,11,Active,1.0,6.666666666666667,-5,2658710.49,0.14874393852082873
ACC03595,R36,Retail,403,2535681.73,0.1836,0.15–0.49,3,Active,0.6666666666666666,3.3333333333333335,0,722396.74,0.1769551568923869
ACC03596,R21,Technology,350,2393828.02,1.186,1.00–1.49,9,Active,0.6666666666666666,13.333333333333334,15,2203231.04,0.14588612910335122
ACC03597,R37,Technology,108,675938.33,0.9645,0.50–0.99,9,Active,1.0,10.0,10,571940.83,0.24818679552993614
ACC03598,R31,Hospitality,434,3161578.72,0.7413,0.50–0.99,5,Active,0.6666666666666666,3.3333333333333335,5,1891004.41,0.17202846378435355
ACC03599,R19,Professional services,445,2038564.25,0.1535,0.15–0.49,7,Active,1.0,3.3333333333333335,5,808429.73,0.12906196370322018
ACC03600,R42,Financial services,122,1109841.66,1.8242,1.50–2.49,2,Active,1.0,10.0,20,2076396.53,0.21360344657430877
ACC03601,R45,Professional services,445,2994889.46,4.8791,2.50–5.00,2,Active,1.0,-1.6666666666666667,-15,12093250.97,0.10812375521357317
ACC03602,R29,Professional services,300,1995366.51,0.281,0.15–0.49,5,Active,1.0,1.6666666666666667,0,494680.46,0.17253348947523256
ACC03603,R25,Financial services,171,944043.68,1.9253,1.50–2.49,5,Active,1.0,-5.0,-10,2352704.81,0.18131977080055114
ACC03604,R03,Retail,245,2245934.45,1.3249,1.00–1.49,11,Active,0.6666666666666666,16.666666666666668,10,1715877.79,0.16940832774404058
ACC03605,R37,Manufacturing,171,1384859.68,1.8643,1.50–2.49,12,Active,1.0,1.6666666666666667,5,2151392.04,0.14935524015998328
ACC03606,R21,Logistics,219,1380753.36,1.4221,1.00–1.49,12,Active,1.0,3.3333333333333335,10,1246874.7,0.14057971155946716
ACC03607,R29,Logistics,202,1197515.53,0.9848,0.50–0.99,6,Active,1.0,3.3333333333333335,10,563932.78,0.13357851492060982
ACC03608,R10,Hospitality,353,2434487.41,1.7354,1.50–2.49,11,Active,1.0,6.666666666666667,15,4485100.93,0.135104069578429
ACC03609,R41,Hospitality,401,3410083.72,1.0275,1.00–1.49,11,Active,1.0,1.6666666666666667,0,2420550.94,0.11648140702109507
ACC03610,R08,Logistics,268,1883551.33,1.1939,1.00–1.49,8,Active,1.0,5.0,0,1887396.67,0.1567318925328343
ACC03611,R46,Technology,132,828765.39,0.3769,0.15–0.49,11,Active,0.6666666666666666,10.0,10,216714.16999999998,0.2197021199782504
ACC03612,R37,Financial services,328,2100035.89,0.3647,0.15–0.49,7,Active,0.6666666666666666,3.3333333333333335,10,595679.55,0.1993368623946939
ACC03613,R24,Financial services,199,1225774.78,0.2001,0.15–0.49,7,Active,0.6666666666666666,3.3333333333333335,-10,304528.89,0.20669819842274398
ACC03614,R01,Professional services,110,612944.44,0.8216,0.50–0.99,10,Active,0.6666666666666666,15.0,5,274872.97,0.22845101822863953
ACC03615,R21,Professional services,194,1646817.05,0.9058,0.50–0.99,12,Active,1.0,0.0,10,625432.0,0.18503314660158482
ACC03616,R01,Financial services,563,3636525.21,0.263,0.15–0.49,8,Active,0.3333333333333333,8.333333333333334,-5,811044.89,0.14017076110115048
ACC03617,R33,Manufacturing,143,747097.65,0.193,0.15–0.49,11,Active,1.0,5.0,5,247656.07,0.23629667807198446
ACC03618,R16,Retail,2263,16405529.74,0.6968,0.50–0.99,5,Active,1.0,10.0,5,7716847.62,0.06533743553771855
ACC03619,R28,Healthcare,222,2014221.33,0.5671,0.50–0.99,4,Active,1.0,0.0,0,1114590.79,0.15862568266864327
ACC03620,R39,Logistics,501,2555265.06,1.0337,1.00–1.49,8,Active,0.6666666666666666,8.333333333333334,0,4094305.38,0.1080363600989563
ACC03621,R13,Healthcare,163,983844.04,1.0766,1.00–1.49,9,Active,1.0,6.666666666666667,15,740732.92,0.1892078686963347
ACC03622,R38,Logistics,272,1490332.81,0.461,0.15–0.49,6,Active,1.0,5.0,-15,341083.11,0.1478942672624892
ACC03623,R25,Logistics,157,1330363.48,0.6003,0.50–0.99,1,Active,0.6666666666666666,10.0,0,671913.7,0.1915678025575333
ACC03624,R10,Financial services,75,352361.38,0.2887,0.15–0.49,11,Active,1.0,5.0,0,201142.44,0.2853337648970025
ACC03625,R02,Healthcare,253,986918.94,0.4392,0.15–0.49,9,Active,0.3333333333333333,13.333333333333334,5,430700.56,0.1486197286449047
ACC03626,R06,Manufacturing,193,1463217.12,0.827,0.50–0.99,9,Active,1.0,-5.0,-10,814619.45,0.18519237595934604
ACC03627,R24,Financial services,426,2440616.9,0.2376,0.15–0.49,2,Active,1.0,5.0,10,681700.72,0.15272755276195893
ACC03628,R43,Technology,91,650060.18,0.7006,0.50–0.99,2,Active,0.6666666666666666,3.3333333333333335,15,431945.85000000003,0.34628081612339323
ACC03629,R16,Healthcare,207,1243307.9,0.2164,0.15–0.49,12,Active,0.6666666666666666,8.333333333333334,5,373593.74,0.235837212660804
ACC03630,R18,Healthcare,276,1700701.58,0.3372,0.15–0.49,4,Active,1.0,11.666666666666666,5,606966.3,0.20511983042247126
ACC03631,R16,Healthcare,260,1649865.62,0.7789,0.50–0.99,11,Active,1.0,11.666666666666666,15,873681.14,0.1768471212408251
ACC03632,R32,Financial services,80,493513.21,0.7068,0.50–0.99,6,Active,0.3333333333333333,13.333333333333334,20,165269.95,0.21589990121468067
ACC03633,R03,Hospitality,203,1216376.65,0.8381,0.50–0.99,7,Active,0.6666666666666666,6.666666666666667,5,735950.62,0.30151045018167366
ACC03634,R01,Logistics,562,4590341.82,1.8357,1.50–2.49,9,Active,1.0,13.333333333333334,5,7354548.07,0.08717033965298854
ACC03635,R15,Manufacturing,276,1487752.45,1.4527,1.00–1.49,10,Active,1.0,-5.0,-5,2229691.86,0.19865510519649446
ACC03636,R23,Retail,62,375978.56,0.8825,0.50–0.99,5,Active,0.6666666666666666,11.666666666666666,10,215753.32,0.2923486196392067
ACC03637,R43,Logistics,145,1302968.64,0.6116,0.50–0.99,8,Active,0.6666666666666666,-1.6666666666666667,-5,472056.15,0.21873464783544802
ACC03638,R30,Healthcare,62,382571.71,0.4537,0.15–0.49,3,Active,0.6666666666666666,11.666666666666666,5,115457.0,0.2824973144272161
ACC03639,R19,Manufacturing,64,450688.11,1.0271,1.00–1.49,10,Active,1.0,5.0,0,317535.57,0.20659006729777019
ACC03640,R17,Hospitality,266,1524335.96,0.368,0.15–0.49,6,Active,0.6666666666666666,5.0,-5,322339.86,0.1508135782397556
ACC03641,R22,Technology,412,3577126.14,3.2277,2.50–5.00,10,Active,1.0,3.3333333333333335,-10,9948882.07,0.0867502648473938
ACC03642,R21,Healthcare,172,1247875.56,1.6025,1.50–2.49,9,Active,1.0,8.333333333333334,-5,2382692.46,0.16477470696216429
ACC03643,R41,Professional services,348,2079486.05,1.5969,1.50–2.49,3,Active,1.0,1.6666666666666667,0,4778691.42,0.11314537579049246
ACC03644,R02,Retail,204,1249982.75,0.654,0.50–0.99,1,Active,1.0,1.6666666666666667,10,723744.93,0.1912201034628206
ACC03645,R11,Manufacturing,315,1440193.07,0.5088,0.50–0.99,2,Active,0.6666666666666666,5.0,5,1261490.72,0.2105155007473369
ACC03646,R36,Technology,624,4219198.05,0.5876,0.50–0.99,12,Active,1.0,8.333333333333334,10,2549509.82,0.11929624412769411
ACC03647,R48,Financial services,592,3487470.63,0.5032,0.50–0.99,3,Active,0.6666666666666666,5.0,15,1877152.82,0.12141499470216552
ACC03648,R24,Logistics,261,2038553.83,0.7245,0.50–0.99,6,Active,1.0,-6.666666666666667,0,972230.61,0.15322074129783583
ACC03649,R25,Retail,158,1064281.63,1.1985,1.00–1.49,8,Active,1.0,1.6666666666666667,10,1396830.8800000001,0.16614127980938068
ACC03650,R32,Professional services,444,2108854.78,0.2108,0.15–0.49,7,Active,0.3333333333333333,0.0,5,865894.28,0.1715935692429665
ACC03651,R28,Manufacturing,145,1184761.37,3.5155,2.50–5.00,9,Active,1.0,6.666666666666667,20,3778116.52,0.13500097955779397
ACC03652,R16,Hospitality,200,1238604.14,1.4529,1.00–1.49,12,Active,1.0,1.6666666666666667,5,932590.87,0.15215531804532126
ACC03653,R06,Logistics,850,5290108.76,0.1664,0.15–0.49,3,Active,0.6666666666666666,11.666666666666666,5,1166327.42,0.09869356663700808
ACC03654,R43,Hospitality,553,4805010.87,1.0649,1.00–1.49,12,Active,0.6666666666666666,13.333333333333334,10,3684329.97,0.09768119422560911
ACC03655,R40,Professional services,132,859450.36,0.9361,0.50–0.99,8,Active,0.6666666666666666,10.0,5,536134.5,0.1988493282813796
ACC03656,R02,Professional services,755,4234675.95,0.9163,0.50–0.99,8,Active,0.6666666666666666,0.0,-5,2526502.77,0.09522531924470141
ACC03657,R07,Manufacturing,232,1684727.68,0.8726,0.50–0.99,9,Active,0.6666666666666666,13.333333333333334,15,1313564.9,0.15289061372092275
ACC03658,R18,Logistics,171,1003488.22,0.4598,0.15–0.49,1,Active,1.0,-11.666666666666666,-5,336391.38,0.3868039121918101
ACC03659,R31,Technology,234,1375290.78,0.3558,0.15–0.49,8,Active,1.0,5.0,10,307560.79,0.17574789934139426
ACC03660,R27,Professional services,571,3820053.74,0.7396,0.50–0.99,5,Active,0.6666666666666666,3.3333333333333335,5,2245146.05,0.11706579159502704
ACC03661,R29,Hospitality,121,1029493.96,0.7335,0.50–0.99,7,Active,1.0,-3.3333333333333335,5,311183.46,0.22306948175476352
ACC03662,R19,Healthcare,466,3455655.36,0.462,0.15–0.49,4,Active,0.3333333333333333,0.0,10,822579.34,0.16628657775764336
ACC03663,R40,Healthcare,187,1423554.34,0.3254,0.15–0.49,10,Active,0.6666666666666666,10.0,0,326578.37,0.1547543783652046
ACC03664,R19,Financial services,743,4455136.37,0.7203,0.50–0.99,8,Active,1.0,0.0,15,2662799.56,0.14314160736689147
ACC03665,R17,Professional services,309,1682779.96,0.7435,0.50–0.99,4,Active,1.0,0.0,-5,1228999.61,0.16862497561269904
ACC03666,R40,Logistics,177,974877.77,0.9761,0.50–0.99,9,Active,1.0,0.0,-5,658619.02,0.19428033197251293
ACC03667,R37,Retail,951,7030405.99,3.2944,2.50–5.00,2,Active,1.0,5.0,5,23824732.74,0.06960950303636086
ACC03668,R17,Retail,62,380403.03,0.2222,0.15–0.49,12,Active,1.0,1.6666666666666667,0,195740.2,0.40603053836362935
ACC03669,R03,Manufacturing,256,2405179.94,4.5513,2.50–5.00,12,Active,1.0,8.333333333333334,5,10321563.58,0.1585056655328318
ACC03670,R03,Manufacturing,106,725893.65,1.3045,1.00–1.49,7,Active,0.6666666666666666,11.666666666666666,15,521386.63,0.20732944749414137
ACC03671,R43,Financial services,764,5186602.68,0.5099,0.50–0.99,8,Active,0.6666666666666666,-1.6666666666666667,0,2511121.76,0.10205558156064415
ACC03672,R06,Financial services,152,1324068.18,0.8455,0.50–0.99,9,Active,1.0,-1.6666666666666667,0,567077.11,0.19553142864146736
ACC03673,R26,Logistics,186,1002428.95,0.8168,0.50–0.99,7,Active,0.6666666666666666,6.666666666666667,-10,522951.3,0.20936678101955158
ACC03674,R43,Retail,351,2165010.87,0.2992,0.15–0.49,1,Active,0.0,13.333333333333334,25,607250.71,0.1980684385760007
ACC03675,R47,Technology,153,1102048.88,0.2299,0.15–0.49,12,Active,1.0,3.3333333333333335,0,325747.88,0.24081423059561083
ACC03676,R47,Professional services,310,2085762.49,0.8289,0.50–0.99,2,Active,1.0,5.0,5,1285863.84,0.13817686109108904
ACC03677,R14,Retail,73,427135.32,1.4498,1.00–1.49,9,Active,1.0,1.6666666666666667,0,424361.55,0.20446999048557016
ACC03678,R32,Financial services,117,784551.19,1.4239,1.00–1.49,8,Active,1.0,10.0,10,634193.35,0.1860445048211412
ACC03679,R21,Technology,141,1039317.89,0.3633,0.15–0.49,12,Active,1.0,1.6666666666666667,5,183449.63,0.2756831249020963
ACC03680,R26,Logistics,280,2321447.39,0.696,0.50–0.99,6,Active,0.6666666666666666,-6.666666666666667,-15,1035915.21,0.13689805348983053
ACC03681,R21,Healthcare,535,2807904.86,0.2547,0.15–0.49,3,Active,1.0,5.0,5,729730.22,0.10113247958182799
ACC03682,R40,Professional services,360,2322375.4,2.2255,1.50–2.49,1,Active,1.0,16.666666666666668,25,4733936.12,0.11808884043400027
ACC03683,R07,Financial services,101,839913.94,1.3355,1.00–1.49,8,Active,0.6666666666666666,13.333333333333334,10,999868.59,0.2321638471434927
ACC03684,R06,Hospitality,218,1232822.47,0.3512,0.15–0.49,3,Active,1.0,1.6666666666666667,0,224230.55000000002,0.18076288294502127
ACC03685,R18,Healthcare,178,1079552.1,1.8954,1.50–2.49,2,Active,1.0,1.6666666666666667,-5,1936808.0,0.1434523692919893
ACC03686,R25,Logistics,318,1975919.49,0.8089,0.50–0.99,8,Active,1.0,10.0,25,1277696.23,0.21141020394348584
ACC03687,R04,Technology,133,1028638.83,0.5674,0.50–0.99,4,Active,0.6666666666666666,5.0,5,492143.55,0.2799298860686454
ACC03688,R28,Hospitality,1460,11639693.44,0.9554,0.50–0.99,3,Active,1.0,6.666666666666667,20,4760928.58,0.0692887919131912
ACC03689,R08,Manufacturing,120,853381.77,2.7095,2.50–5.00,9,Active,1.0,1.6666666666666667,0,3478410.06,0.14306294204656989
ACC03690,R42,Manufacturing,282,1924435.84,1.3688,1.00–1.49,11,Active,1.0,5.0,15,1518219.41,0.1178724429375211
ACC03691,R22,Professional services,152,1089989.72,0.6041,0.50–0.99,11,Active,0.6666666666666666,-1.6666666666666667,-10,835153.86,0.2982757908942137
ACC03692,R37,Technology,565,4279825.1,0.4717,0.15–0.49,2,Active,0.6666666666666666,0.0,5,1219268.65,0.17101934755034423
ACC03693,R12,Manufacturing,131,1046368.01,0.9041,0.50–0.99,9,Active,1.0,-5.0,-5,445605.1,0.22109783518446327
ACC03694,R33,Healthcare,92,728636.95,0.7313,0.50–0.99,9,Active,1.0,5.0,10,162589.76,0.25271540122905134
ACC03695,R16,Professional services,249,1837821.66,1.6448,1.50–2.49,10,Active,1.0,-6.666666666666667,-15,3724347.14,0.1299791001759164
ACC03696,R47,Retail,305,1895747.71,0.371,0.15–0.49,9,Active,1.0,5.0,10,519624.82,0.18969734185979803
ACC03697,R24,Manufacturing,137,903462.16,0.9104,0.50–0.99,7,Active,0.6666666666666666,15.0,25,497907.63,0.22667826325065946
ACC03698,R29,Hospitality,88,464461.1,0.2793,0.15–0.49,10,Active,0.6666666666666666,6.666666666666667,15,152475.46,0.22698823989329495
ACC03699,R16,Logistics,314,1849277.43,0.3032,0.15–0.49,8,Active,0.3333333333333333,8.333333333333334,5,463295.29,0.1528644884881873
ACC03700,R01,Logistics,457,2308388.83,0.5432,0.50–0.99,2,Active,0.6666666666666666,1.6666666666666667,20,1273353.37,0.10907890183497343
ACC03701,R37,Healthcare,202,1181539.68,0.7843,0.50–0.99,11,Active,0.3333333333333333,8.333333333333334,10,849406.6799999999,0.1888894574154808
ACC03702,R35,Logistics,158,1467026.64,3.2059,2.50–5.00,4,Active,1.0,13.333333333333334,25,4113519.44,0.1691792352389448
ACC03703,R29,Healthcare,381,2556232.64,0.55,0.50–0.99,3,Active,1.0,6.666666666666667,0,1587178.1,0.1747246572004384
ACC03704,R10,Hospitality,298,2433882.27,1.226,1.00–1.49,10,Active,1.0,3.3333333333333335,-10,2213462.89,0.1621955780314007
ACC03705,R45,Technology,363,1909688.34,1.0226,1.00–1.49,1,Active,1.0,-5.0,0,1952854.48,0.12301136411143787
ACC03706,R37,Healthcare,277,1992096.2,0.9231,0.50–0.99,10,Active,1.0,1.6666666666666667,25,1097445.65,0.1870310681925355
ACC03707,R24,Healthcare,277,2001424.27,1.6569,1.50–2.49,12,Active,1.0,5.0,0,3599517.59,0.12268998967296377
ACC03708,R46,Healthcare,117,768333.22,1.1595,1.00–1.49,1,Active,1.0,13.333333333333334,10,840776.41,0.30250873145172036
ACC03709,R05,Logistics,572,4022097.43,1.2773,1.00–1.49,6,Active,0.6666666666666666,15.0,20,3356867.2,0.08480978885556748
ACC03710,R15,Technology,187,1327592.38,0.8374,0.50–0.99,2,Active,1.0,6.666666666666667,5,728940.05,0.20820776770008956
ACC03711,R14,Technology,1535,12634060.69,2.2171,1.50–2.49,6,Active,1.0,0.0,-5,20614424.48,0.07352539863668868
ACC03712,R17,Technology,119,899619.2,2.2816,1.50–2.49,11,Active,1.0,13.333333333333334,10,2209613.65,0.16607615038161536
ACC03713,R16,Manufacturing,86,657758.26,4.6249,2.50–5.00,2,Active,1.0,5.0,15,1554511.94,0.15494248625517018
ACC03714,R43,Manufacturing,309,1688375.83,0.7117,0.50–0.99,9,Active,0.3333333333333333,11.666666666666666,10,1005760.47,0.1357663131061198
ACC03715,R17,Healthcare,85,651932.14,1.1267,1.00–1.49,6,Active,0.6666666666666666,5.0,0,737935.88,0.29377102655730525
ACC03716,R36,Manufacturing,137,981111.75,0.4345,0.15–0.49,9,Active,1.0,-1.6666666666666667,-10,204260.88999999998,0.211493077224336
ACC03717,R23,Financial services,169,1050303.45,0.8832,0.50–0.99,3,Active,0.6666666666666666,5.0,-5,617233.08,0.2312053751944103
ACC03718,R14,Hospitality,227,1936217.73,1.3804,1.00–1.49,5,Active,0.6666666666666666,6.666666666666667,0,1367034.15,0.14830948557269497
ACC03719,R24,Retail,516,4107360.9,0.2787,0.15–0.49,8,Active,1.0,10.0,10,747287.16,0.1638400828608738
ACC03720,R22,Logistics,372,2016438.65,0.9568,0.50–0.99,9,Active,1.0,-1.6666666666666667,-10,1237413.94,0.13902521531932846
ACC03721,R24,Financial services,271,1757568.22,0.3818,0.15–0.49,6,Active,1.0,8.333333333333334,0,499921.14,0.1698062958040825
ACC03722,R40,Manufacturing,188,1629638.89,0.8343,0.50–0.99,3,Active,1.0,6.666666666666667,0,616330.02,0.20696619652698828
ACC03723,R38,Financial services,270,1606321.85,0.4424,0.15–0.49,7,Active,1.0,10.0,5,361570.59,0.14389095418563105
ACC03724,R24,Healthcare,417,2840276.17,0.7148,0.50–0.99,11,Active,1.0,11.666666666666666,5,1403741.08,0.10915463483104222
ACC03725,R19,Logistics,119,724408.94,1.2979,1.00–1.49,6,Active,0.6666666666666666,11.666666666666666,10,863931.2,0.1875612297795693
ACC03726,R33,Financial services,399,2633071.28,0.3449,0.15–0.49,3,Active,0.6666666666666666,5.0,-5,842456.78,0.16199079379179543
ACC03727,R29,Healthcare,180,1300891.97,0.5852,0.50–0.99,7,Active,0.6666666666666666,6.666666666666667,-10,643307.26,0.2249273542838985
ACC03728,R42,Technology,271,1853867.12,1.0372,1.00–1.49,7,Active,1.0,0.0,-5,1990612.34,0.1403941182428679
ACC03729,R38,Healthcare,688,5717623.98,1.0421,1.00–1.49,9,Active,0.6666666666666666,6.666666666666667,5,3711488.06,0.08749897058409715
ACC03730,R29,Healthcare,359,2002510.59,1.2634,1.00–1.49,9,Active,1.0,-1.6666666666666667,10,2371716.61,0.1421505726548317
ACC03731,R07,Retail,81,602910.04,1.308,1.00–1.49,6,Active,0.6666666666666666,6.666666666666667,15,482223.04000000004,0.2019203225529815
ACC03732,R07,Hospitality,191,1398726.73,0.7369,0.50–0.99,6,Active,1.0,1.6666666666666667,10,476525.58,0.14930059524736983
ACC03733,R21,Healthcare,156,936203.56,0.2109,0.15–0.49,11,Active,0.6666666666666666,8.333333333333334,5,234557.22,0.18684811008652294
ACC03734,R18,Financial services,175,1143893.8,0.2794,0.15–0.49,12,Active,0.3333333333333333,11.666666666666666,-5,200456.97,0.2168660988298229
ACC03735,R32,Manufacturing,194,2094077.48,2.4083,1.50–2.49,2,Active,1.0,11.666666666666666,10,3126158.9,0.17037630505826695
ACC03736,R48,Financial services,318,2676928.71,4.6961,2.50–5.00,9,Active,1.0,5.0,10,7914199.29,0.09691479219411103
ACC03737,R01,Manufacturing,411,3811128.36,0.3849,0.15–0.49,4,Active,0.6666666666666666,10.0,5,557693.6,0.13562059275369376
ACC03738,R06,Retail,148,967697.54,0.511,0.50–0.99,9,Active,1.0,6.666666666666667,5,604893.08,0.18461711688151372
ACC03739,R44,Financial services,149,1457880.14,1.141,1.00–1.49,8,Active,0.6666666666666666,13.333333333333334,20,1420021.53,0.18971900480038023
ACC03740,R08,Technology,207,1587724.75,0.5717,0.50–0.99,10,Active,1.0,5.0,10,971937.5700000001,0.18878413792954438
ACC03741,R01,Healthcare,203,1615324.23,1.9022,1.50–2.49,5,Active,0.6666666666666666,8.333333333333334,10,2765932.74,0.17004544883077016
ACC03742,R31,Technology,246,2238877.09,0.2295,0.15–0.49,7,Active,1.0,1.6666666666666667,-5,314644.84,0.24324821635721183
ACC03743,R16,Technology,125,841964.82,0.3542,0.15–0.49,3,Active,1.0,3.3333333333333335,5,226443.03,0.2886836306326612
ACC03744,R03,Technology,292,1665180.44,1.9654,1.50–2.49,1,Active,1.0,6.666666666666667,-5,3679183.23,0.11528083041585596
ACC03745,R41,Professional services,253,2280585.72,3.2127,2.50–5.00,6,Active,1.0,6.666666666666667,5,5692286.64,0.10693955291626324
ACC03746,R14,Logistics,305,1832427.6,0.2866,0.15–0.49,10,Active,0.3333333333333333,-1.6666666666666667,-15,470599.9,0.16913284549054544
ACC03747,R37,Professional services,1677,15267511.84,0.9428,0.50–0.99,3,Active,1.0,11.666666666666666,-15,6003215.01,0.0663742714108883
ACC03748,R18,Financial services,135,788616.76,0.8729,0.50–0.99,4,Active,1.0,3.3333333333333335,5,300884.09,0.1839157047536831
ACC03749,R28,Technology,309,1846940.65,0.1917,0.15–0.49,6,Active,0.6666666666666666,6.666666666666667,10,415030.4,0.15736948668071424
ACC03750,R05,Hospitality,62,434966.63,0.9564,0.50–0.99,1,Active,1.0,11.666666666666666,20,130910.56,0.28304497925344524
ACC03751,R36,Financial services,188,1707103.47,0.7754,0.50–0.99,11,Active,1.0,-1.6666666666666667,-10,753342.27,0.17692986415427223
ACC03752,R06,Manufacturing,182,1016291.92,0.7399,0.50–0.99,11,Active,1.0,6.666666666666667,-10,571767.54,0.18086812605747568
ACC03753,R42,Technology,336,1915602.87,0.3645,0.15–0.49,11,Active,0.6666666666666666,3.3333333333333335,5,512056.04,0.16678974871093355
ACC03754,R08,Healthcare,871,5238313.36,0.2452,0.15–0.49,11,Active,0.3333333333333333,-3.3333333333333335,15,1570629.01,0.1128965281174213
ACC03755,R28,Professional services,268,2706042.58,4.7895,2.50–5.00,9,Active,1.0,11.666666666666666,10,7433373.32,0.13163232612396455
ACC03756,R43,Technology,452,2576645.89,0.5786,0.50–0.99,11,Active,1.0,6.666666666666667,-10,1884949.05,0.11873288651525384
ACC03757,R41,Hospitality,1055,6984389.56,0.9185,0.50–0.99,11,Active,1.0,10.0,5,4173365.31,0.08096265675432511
ACC03758,R33,Retail,184,1221006.52,0.6699,0.50–0.99,1,Active,0.6666666666666666,8.333333333333334,15,538825.2,0.17486248143489447
ACC03759,R44,Healthcare,570,5880162.12,4.851,2.50–5.00,9,Active,1.0,13.333333333333334,5,15387150.79,0.06996025027015715
ACC03760,R46,Manufacturing,184,1221330.36,0.789,0.50–0.99,5,Active,1.0,3.3333333333333335,5,635572.95,0.17542967150148572
ACC03761,R30,Hospitality,518,2781680.61,0.7896,0.50–0.99,6,Active,0.6666666666666666,20.0,20,1830416.0,0.0991416115347183
ACC03762,R14,Technology,166,1322174.77,2.0218,1.50–2.49,3,Active,1.0,5.0,5,2191074.3,0.13080737036675025
ACC03763,R19,Technology,221,1688821.89,0.9238,0.50–0.99,8,Active,0.6666666666666666,8.333333333333334,20,876958.46,0.19862754576865205
ACC03764,R14,Logistics,77,563993.94,0.51,0.50–0.99,8,Active,0.6666666666666666,3.3333333333333335,5,320087.95,0.24343314831055107
ACC03765,R48,Logistics,488,3831050.26,1.6288,1.50–2.49,10,Active,0.6666666666666666,8.333333333333334,10,6290877.93,0.08701177178651553
ACC03766,R05,Financial services,285,1722276.65,1.1777,1.00–1.49,10,Active,1.0,5.0,10,2120554.02,0.19091596202356814
ACC03767,R13,Financial services,152,1104998.35,0.2571,0.15–0.49,2,Active,0.6666666666666666,6.666666666666667,-5,330605.31,0.30018345077009206
ACC03768,R44,Healthcare,201,1564778.52,4.265,2.50–5.00,1,Active,1.0,3.3333333333333335,15,4368897.38,0.14101647782389512
ACC03769,R16,Retail,408,2730229.02,1.3413,1.00–1.49,9,Active,1.0,5.0,5,2037968.26,0.09876519782770082
ACC03770,R44,Financial services,633,3417787.05,0.5388,0.50–0.99,6,Active,1.0,8.333333333333334,25,2390454.2,0.11253665047437471
ACC03771,R19,Professional services,304,1734548.29,1.2763,1.00–1.49,12,Active,1.0,8.333333333333334,10,2010593.05,0.13387385075746264
ACC03772,R37,Financial services,112,1160411.5,1.3289,1.00–1.49,7,Active,1.0,-1.6666666666666667,-10,950896.1900000001,0.247432390207202
ACC03773,R30,Retail,127,857958.6,0.6898,0.50–0.99,12,Active,1.0,0.0,10,411612.32,0.22581100292976333
ACC03774,R15,Healthcare,284,1973958.82,0.6735,0.50–0.99,5,Active,1.0,1.6666666666666667,0,1021621.15,0.13390542353999846
ACC03775,R13,Logistics,211,1172030.29,0.505,0.50–0.99,1,Active,1.0,13.333333333333334,15,799170.12,0.16699276974110933
ACC03776,R18,Manufacturing,274,2248101.93,1.3354,1.00–1.49,1,Active,1.0,6.666666666666667,0,1840884.7,0.1381472198430411
ACC03777,R14,Retail,472,2644032.98,0.6897,0.50–0.99,11,Active,0.6666666666666666,5.0,0,1775890.92,0.13459672652009064
ACC03778,R27,Retail,619,4926818.92,1.3836,1.00–1.49,4,Active,1.0,10.0,0,4541726.24,0.10962761804494264
ACC03779,R27,Professional services,354,2292033.61,0.6443,0.50–0.99,1,Active,0.6666666666666666,3.3333333333333335,0,1421967.6,0.19320167252114945
ACC03780,R07,Professional services,134,870894.66,0.7955,0.50–0.99,5,Active,1.0,6.666666666666667,10,350238.99,0.2254204991434281
ACC03781,R30,Manufacturing,184,1148384.21,0.374,0.15–0.49,10,Active,1.0,0.0,5,236918.7,0.1907236238687401
ACC03782,R19,Manufacturing,176,942287.26,0.9886,0.50–0.99,3,Active,1.0,3.3333333333333335,5,725043.93,0.1647836758779316
ACC03783,R20,Logistics,191,1146891.4,0.7558,0.50–0.99,3,Active,1.0,15.0,15,672852.35,0.20307030288219002
ACC03784,R26,Manufacturing,122,518488.98,0.2418,0.15–0.49,7,Active,0.6666666666666666,3.3333333333333335,15,202357.57,0.2666889151396607
ACC03785,R21,Manufacturing,191,1434280.99,1.7851,1.50–2.49,6,Active,1.0,11.666666666666666,20,1914858.96,0.12966213879077917
ACC03786,R19,Financial services,827,5387404.02,1.667,1.50–2.49,5,Active,0.6666666666666666,10.0,5,10477796.58,0.08439076028736138
ACC03787,R39,Financial services,281,1788113.33,0.7353,0.50–0.99,7,Active,1.0,3.3333333333333335,0,1064166.71,0.12070773690004671
ACC03788,R41,Technology,476,3050535.73,0.7953,0.50–0.99,7,Active,0.6666666666666666,8.333333333333334,5,1450255.75,0.10978582063387675
ACC03789,R03,Manufacturing,501,3359832.2,0.3273,0.15–0.49,9,Active,1.0,13.333333333333334,15,794166.22,0.16309149625898128
ACC03790,R48,Retail,218,1507427.86,2.1857,1.50–2.49,8,Active,1.0,-8.333333333333334,-15,3071093.32,0.1610195802497635
ACC03791,R44,Retail,295,2100411.76,1.0125,1.00–1.49,2,Active,1.0,-1.6666666666666667,5,2234922.76,0.15815992373383048
ACC03792,R48,Financial services,337,2657677.33,0.5044,0.50–0.99,4,Active,1.0,8.333333333333334,10,973742.75,0.13045966256802527
ACC03793,R11,Logistics,112,786824.81,0.5469,0.50–0.99,1,Active,0.6666666666666666,3.3333333333333335,15,259717.63,0.2062478369424323
ACC03794,R45,Hospitality,427,2840899.89,0.6291,0.50–0.99,4,Active,1.0,3.3333333333333335,0,1870717.88,0.13337099959642762
ACC03795,R20,Hospitality,116,818169.82,1.265,1.00–1.49,3,Active,0.6666666666666666,11.666666666666666,10,790824.1,0.2172890007101601
ACC03796,R17,Logistics,259,2193557.52,2.2337,1.50–2.49,7,Active,0.6666666666666666,10.0,25,3177776.56,0.11457460236400593
ACC03797,R37,Hospitality,215,1415849.07,0.9108,0.50–0.99,9,Active,0.6666666666666666,1.6666666666666667,-10,625063.6,0.211747441514716
ACC03798,R12,Professional services,302,1874250.01,4.2226,2.50–5.00,3,Active,1.0,1.6666666666666667,0,8432139.15,0.10884096507946983
ACC03799,R26,Manufacturing,282,2490751.29,1.2846,1.00–1.49,7,Active,1.0,-3.3333333333333335,5,1541756.71,0.13565797589611608
ACC03800,R08,Hospitality,651,4419716.62,1.1706,1.00–1.49,11,Active,1.0,8.333333333333334,10,3993727.34,0.08991886545237816
ACC03801,R47,Manufacturing,130,733557.62,0.5843,0.50–0.99,3,Active,1.0,-3.3333333333333335,-10,479070.83,0.2512665225832044
ACC03802,R03,Hospitality,108,637530.57,2.4638,1.50–2.49,11,Active,1.0,5.0,5,1608860.73,0.1654902812920251
ACC03803,R15,Retail,252,1580694.23,0.6022,0.50–0.99,4,Active,0.6666666666666666,8.333333333333334,15,848576.88,0.13922073747758493
ACC03804,R45,Healthcare,62,557815.61,0.6178,0.50–0.99,9,Active,0.6666666666666666,1.6666666666666667,5,130003.49,0.33550250581229196
ACC03805,R43,Logistics,668,3601105.88,0.8667,0.50–0.99,8,Active,0.6666666666666666,6.666666666666667,15,2372461.65,0.1125326875905298
ACC03806,R48,Manufacturing,216,1646169.37,0.5252,0.50–0.99,2,Active,0.3333333333333333,10.0,-10,743665.21,0.16267601074756222
ACC03807,R05,Financial services,141,904638.42,1.1096,1.00–1.49,12,Active,0.6666666666666666,13.333333333333334,10,759816.64,0.16068139624866598
ACC03808,R04,Retail,239,1776280.51,0.9869,0.50–0.99,12,Active,1.0,6.666666666666667,10,762433.4400000001,0.1557384876236725
ACC03809,R11,Professional services,116,800974.14,0.8549,0.50–0.99,11,Active,0.6666666666666666,11.666666666666666,-10,463840.78,0.2242544458217309
ACC03810,R46,Hospitality,409,2619149.56,1.4546,1.00–1.49,11,Active,1.0,1.6666666666666667,20,2639831.75,0.12122735123630773
ACC03811,R10,Healthcare,215,1142082.48,0.394,0.15–0.49,6,Active,0.6666666666666666,1.6666666666666667,0,282859.88,0.19625539664318817
ACC03812,R32,Technology,679,4061363.51,0.3731,0.15–0.49,2,Active,0.3333333333333333,11.666666666666666,10,940609.79,0.10192919344694326
ACC03813,R35,Retail,228,1661604.07,0.1829,0.15–0.49,2,Active,0.6666666666666666,0.0,-10,481714.37,0.1982993748097497
ACC03814,R43,Technology,301,2309810.34,0.6573,0.50–0.99,11,Active,0.6666666666666666,0.0,-15,1251820.54,0.14030697705700568
ACC03815,R20,Hospitality,480,3044444.98,0.4674,0.15–0.49,11,Active,1.0,10.0,15,839360.31,0.14802207782895294
ACC03816,R12,Financial services,502,3064229.75,0.7275,0.50–0.99,6,Active,0.6666666666666666,8.333333333333334,5,2101245.34,0.10978916526446039
ACC03817,R29,Financial services,86,426773.45,0.6914,0.50–0.99,11,Active,1.0,1.6666666666666667,10,253163.64,0.21040266308954414
ACC03818,R48,Manufacturing,412,2496562.13,0.5312,0.50–0.99,8,Active,0.6666666666666666,5.0,10,1162325.31,0.12472555307489751
ACC03819,R20,Manufacturing,492,4439531.26,1.7555,1.50–2.49,5,Active,1.0,8.333333333333334,10,6132169.93,0.08566043346650902
ACC03820,R12,Professional services,253,1972113.14,2.0221,1.50–2.49,10,Active,0.6666666666666666,15.0,20,4031711.64,0.16281265653838384
ACC03821,R47,Logistics,227,1439370.6,1.0826,1.00–1.49,5,Active,1.0,1.6666666666666667,-5,1737695.95,0.15509131243064925
ACC03822,R25,Manufacturing,100,638906.55,0.6753,0.50–0.99,5,Active,1.0,3.3333333333333335,-10,482432.77999999997,0.6226835389555989
ACC03823,R34,Retail,309,2129048.73,0.8228,0.50–0.99,3,Active,1.0,6.666666666666667,25,1017379.9,0.13762041378772089
ACC03824,R32,Manufacturing,138,941080.31,0.433,0.15–0.49,7,Active,0.6666666666666666,6.666666666666667,-5,264189.52,0.24688624647114862
ACC03825,R45,Professional services,95,650486.34,0.1505,0.15–0.49,8,Active,1.0,13.333333333333334,20,169667.98,0.330044445122952
ACC03826,R38,Logistics,116,783237.93,0.5349,0.50–0.99,2,Active,1.0,0.0,0,353570.32,0.22707997749733297
ACC03827,R23,Retail,238,1402993.34,0.5317,0.50–0.99,12,Active,0.6666666666666666,15.0,10,776814.11,0.16641969225621145
ACC03828,R43,Professional services,62,309369.19,1.2255,1.00–1.49,7,Active,1.0,8.333333333333334,0,356483.85,0.2565421550771819
ACC03829,R35,Logistics,269,2577777.11,1.2723,1.00–1.49,3,Active,1.0,18.333333333333332,20,2037734.04,0.1691506561921327
ACC03830,R11,Healthcare,135,950558.84,1.1087,1.00–1.49,9,Active,0.6666666666666666,-5.0,-10,1456361.83,0.3525335109300008
ACC03831,R32,Logistics,169,1031984.02,0.8315,0.50–0.99,12,Active,0.6666666666666666,6.666666666666667,10,525541.9400000001,0.1802902898180682
ACC03832,R41,Manufacturing,308,2530001.99,0.469,0.15–0.49,5,Active,0.6666666666666666,8.333333333333334,20,508715.52,0.1770641661621464
ACC03833,R11,Manufacturing,214,1362403.21,0.8861,0.50–0.99,1,Active,0.6666666666666666,5.0,-15,712377.05,0.17687478339107912
ACC03834,R25,Logistics,266,1903499.56,1.5609,1.50–2.49,10,Active,0.3333333333333333,11.666666666666666,0,3569116.85,0.14922265450148822
ACC03835,R03,Manufacturing,286,1770476.16,0.79,0.50–0.99,1,Active,0.6666666666666666,1.6666666666666667,-15,1107631.78,0.13484357775486458
ACC03836,R41,Hospitality,330,2088331.81,0.207,0.15–0.49,10,Active,0.6666666666666666,8.333333333333334,10,481588.34,0.1546862718101782
ACC03837,R34,Healthcare,74,542895.3,2.2516,1.50–2.49,4,Active,1.0,-1.6666666666666667,5,905814.0,0.20588839974577833
ACC03838,R31,Hospitality,73,389007.49,0.9062,0.50–0.99,11,Active,0.6666666666666666,10.0,5,258413.17,0.2460469864865508
ACC03839,R14,Technology,157,1045898.85,1.3368,1.00–1.49,8,Active,1.0,3.3333333333333335,0,973125.47,0.20037137721424744
ACC03840,R45,Technology,264,1952822.84,1.0991,1.00–1.49,8,Active,1.0,-3.3333333333333335,-5,2418814.89,0.16391802767006894
ACC03841,R27,Retail,216,1848471.12,0.5217,0.50–0.99,6,Active,1.0,3.3333333333333335,0,743610.22,0.17677888711108466
ACC03842,R24,Logistics,234,1251684.28,1.0098,1.00–1.49,8,Active,1.0,0.0,-5,1567472.87,0.14944622216809858
ACC03843,R39,Manufacturing,62,430596.05,0.9229,0.50–0.99,2,Active,0.6666666666666666,10.0,10,231155.93,0.26002212027305743
ACC03844,R40,Professional services,90,498574.29,0.9824,0.50–0.99,3,Active,1.0,10.0,0,362038.83,0.20791673376690356
ACC03845,R38,Healthcare,278,1939659.43,0.9013,0.50–0.99,7,Active,0.6666666666666666,8.333333333333334,15,877218.64,0.15523377203660255
ACC03846,R38,Professional services,512,3807734.35,2.3276,1.50–2.49,11,Active,0.6666666666666666,13.333333333333334,20,7041440.86,0.12131448723438967
ACC03847,R03,Retail,481,2874791.76,0.6818,0.50–0.99,7,Active,1.0,13.333333333333334,15,2047556.69,0.14059897714640832
ACC03848,R10,Healthcare,670,5612244.05,1.9607,1.50–2.49,2,Active,1.0,3.3333333333333335,20,8595724.28,0.0883918741939405
ACC03849,R46,Healthcare,132,737582.22,0.4497,0.15–0.49,7,Active,0.6666666666666666,6.666666666666667,10,142227.33000000002,0.29158546114685496
ACC03850,R18,Manufacturing,291,1714675.85,0.4091,0.15–0.49,1,Active,1.0,5.0,0,427170.03,0.14822637206905134
ACC03851,R40,Technology,299,2162129.33,0.7665,0.50–0.99,12,Active,1.0,5.0,20,1087916.4,0.13927025161718815
ACC03852,R42,Healthcare,787,4682162.19,0.9621,0.50–0.99,7,Active,0.3333333333333333,10.0,15,2853490.89,0.09959849712317
ACC03853,R25,Financial services,62,466738.9,0.9359,0.50–0.99,11,Active,0.6666666666666666,11.666666666666666,5,210029.85,0.24348126725766922
ACC03854,R43,Hospitality,186,1436741.88,2.4598,1.50–2.49,12,Active,1.0,3.3333333333333335,15,2045824.39,0.1364867460733157
ACC03855,R09,Professional services,520,3888276.34,1.1826,1.00–1.49,8,Active,1.0,0.0,-5,3221493.2399999998,0.14887287196462037
ACC03856,R19,Professional services,381,3563153.97,1.2237,1.00–1.49,4,Active,1.0,5.0,0,2210476.38,0.11282825331676162
ACC03857,R48,Financial services,140,1190525.55,0.9372,0.50–0.99,1,Active,1.0,-3.3333333333333335,15,438224.01,0.23574195053994632
ACC03858,R07,Professional services,441,4247057.37,2.1365,1.50–2.49,10,Active,1.0,11.666666666666666,5,5632710.15,0.11155433094017829
ACC03859,R32,Technology,356,2127570.8,0.8402,0.50–0.99,2,Active,0.6666666666666666,11.666666666666666,10,1635074.01,0.12879416941762406
ACC03860,R22,Logistics,244,1495719.24,2.8064,2.50–5.00,7,Active,1.0,-1.6666666666666667,-5,5903134.42,0.14611217072015667
ACC03861,R30,Financial services,262,1470648.35,0.7963,0.50–0.99,6,Active,1.0,8.333333333333334,10,759101.01,0.15020307391620835
ACC03862,R21,Manufacturing,112,633043.27,0.9836,0.50–0.99,2,Active,1.0,6.666666666666667,10,568842.08,0.22578059240733386
ACC03863,R06,Logistics,117,664513.3,0.2468,0.15–0.49,9,Active,0.6666666666666666,10.0,-5,320928.29,0.3363386089650743
ACC03864,R43,Professional services,62,295631.81,0.2296,0.15–0.49,2,Active,1.0,6.666666666666667,10,154493.69,0.38599210312788435
ACC03865,R18,Retail,236,1567823.66,0.974,0.50–0.99,12,Active,0.6666666666666666,0.0,-5,956189.84,0.23711312218819705
ACC03866,R36,Logistics,266,2180135.78,1.4381,1.00–1.49,8,Active,1.0,3.3333333333333335,0,1718960.53,0.17117029533758077
ACC03867,R44,Logistics,238,1321200.45,0.9355,0.50–0.99,2,Active,0.6666666666666666,1.6666666666666667,5,545175.25,0.1563988077234236
ACC03868,R37,Logistics,643,4343527.07,0.8775,0.50–0.99,2,Active,0.6666666666666666,-1.6666666666666667,-15,2413573.35,0.10688575380898997
ACC03869,R05,Logistics,220,1319273.69,0.7062,0.50–0.99,2,Active,1.0,0.0,0,990872.41,0.19290047519775183
ACC03870,R44,Healthcare,276,2354896.43,0.927,0.50–0.99,11,Active,1.0,6.666666666666667,0,1353060.95,0.20317852521727567
ACC03871,R42,Hospitality,265,1680195.04,0.9522,0.50–0.99,2,Active,0.6666666666666666,-3.3333333333333335,-5,812002.69,0.19149658615159162
ACC03872,R06,Technology,560,3396532.39,0.8793,0.50–0.99,3,Active,0.6666666666666666,6.666666666666667,20,1648590.12,0.10872410453541219
ACC03873,R42,Logistics,202,1476854.89,0.7084,0.50–0.99,8,Active,0.6666666666666666,16.666666666666668,5,662576.88,0.14975525174886373
ACC03874,R14,Healthcare,176,1686485.27,2.0964,1.50–2.49,7,Active,1.0,6.666666666666667,-15,2381436.53,0.17738549296779052
ACC03875,R11,Healthcare,229,1249728.58,0.2102,0.15–0.49,5,Active,1.0,3.3333333333333335,-10,300432.23,0.17600414949815504
ACC03876,R05,Professional services,213,1373186.99,0.8743,0.50–0.99,9,Active,1.0,3.3333333333333335,0,824143.43,0.17314089108398906
ACC03877,R28,Technology,512,3410792.84,1.0348,1.00–1.49,7,Active,1.0,6.666666666666667,5,2739512.8,0.10607987634918076
ACC03878,R10,Technology,402,2669491.85,2.154,1.50–2.49,6,Active,1.0,18.333333333333332,25,5613175.5200000005,0.10087118615403798
ACC03879,R10,Technology,565,4569598.61,0.6189,0.50–0.99,1,Active,0.6666666666666666,5.0,10,1861542.19,0.11371326858570706
ACC03880,R38,Logistics,332,1999072.44,0.8712,0.50–0.99,9,Active,1.0,8.333333333333334,5,1456163.38,0.16193058485056694
ACC03881,R21,Professional services,1331,12367207.57,2.855,2.50–5.00,6,Active,1.0,18.333333333333332,25,39334729.6,0.06426050429618495
ACC03882,R46,Healthcare,846,6413983.35,0.3619,0.15–0.49,12,Active,1.0,3.3333333333333335,0,1449473.71,0.11461769029356415
ACC03883,R04,Hospitality,274,2207626.11,0.5417,0.50–0.99,5,Active,0.3333333333333333,10.0,15,825555.9400000001,0.16643496545049288
ACC03884,R04,Manufacturing,480,3547676.95,0.483,0.15–0.49,6,Active,1.0,10.0,10,865960.79,0.1571501819767954
ACC03885,R17,Healthcare,387,1946400.08,0.339,0.15–0.49,7,Active,1.0,13.333333333333334,5,650892.9400000001,0.17189310561373064
ACC03886,R30,Logistics,161,1187318.44,1.2549,1.00–1.49,3,Active,1.0,0.0,0,702013.61,0.14986177658633165
ACC03887,R46,Technology,80,529168.84,1.3125,1.00–1.49,9,Active,1.0,20.0,20,360623.95,0.24548575174810452
ACC03888,R29,Retail,523,3656061.92,0.2966,0.15–0.49,11,Active,1.0,-6.666666666666667,5,918631.21,0.1481044740016432
ACC03889,R22,Healthcare,153,1062660.55,0.5154,0.50–0.99,7,Active,0.6666666666666666,8.333333333333334,5,551206.38,0.25828583245014886
ACC03890,R26,Technology,440,2726475.57,0.7945,0.50–0.99,8,Active,1.0,0.0,5,1719043.95,0.12361652180986876
ACC03891,R29,Technology,232,1003359.48,2.065,1.50–2.49,11,Active,0.6666666666666666,1.6666666666666667,15,3255241.84,0.12300319558666227
ACC03892,R34,Technology,95,879682.93,2.1453,1.50–2.49,8,Active,1.0,18.333333333333332,25,1538365.3800000001,0.21173261898804077
ACC03893,R35,Technology,129,866320.69,0.9427,0.50–0.99,4,Active,1.0,0.0,-10,430936.02999999997,0.28259189925336664
ACC03894,R45,Healthcare,538,4115184.56,1.414,1.00–1.49,11,Active,0.6666666666666666,10.0,5,3947037.54,0.09273659956376551
ACC03895,R02,Hospitality,323,1953353.68,0.4079,0.15–0.49,6,Active,1.0,0.0,15,641811.51,0.17037052506408362
ACC03896,R44,Logistics,87,400227.92,0.9707,0.50–0.99,2,Active,1.0,18.333333333333332,25,235423.02000000002,0.2522550025793169
ACC03897,R38,Technology,62,331173.19,0.9814,0.50–0.99,11,Active,1.0,8.333333333333334,5,140102.57,0.2849115093175943
ACC03898,R22,Financial services,895,5622252.64,0.5657,0.50–0.99,10,Active,1.0,6.666666666666667,5,2963219.53,0.08332432544835879
ACC03899,R42,Hospitality,76,428749.19,0.3788,0.15–0.49,12,Active,1.0,1.6666666666666667,5,177719.36,0.4399398719721386
ACC03900,R20,Hospitality,143,1205077.29,2.1662,1.50–2.49,2,Active,1.0,6.666666666666667,15,2562992.73,0.43553015588048055
ACC03901,R14,Healthcare,324,2398832.62,1.0326,1.00–1.49,10,Active,1.0,6.666666666666667,10,1672428.68,0.12639667030299012
ACC03902,R45,Technology,62,397295.34,0.9401,0.50–0.99,12,Active,1.0,0.0,10,183995.96000000002,0.35546654578341746
ACC03903,R02,Manufacturing,219,1466833.62,0.2596,0.15–0.49,4,Active,1.0,13.333333333333334,25,290738.98,0.18954011519908764
ACC03904,R43,Manufacturing,175,1133744.91,0.6223,0.50–0.99,11,Active,0.6666666666666666,13.333333333333334,10,486335.02999999997,0.18015530273473265
ACC03905,R23,Professional services,62,383276.69,0.4207,0.15–0.49,8,Active,1.0,3.3333333333333335,-5,83395.98,0.3985087753424723
ACC03906,R11,Manufacturing,119,846748.49,0.6711,0.50–0.99,9,Active,0.6666666666666666,13.333333333333334,15,340448.97,0.31703077615054814
ACC03907,R08,Hospitality,380,3587711.49,2.7826,2.50–5.00,4,Active,1.0,15.0,15,8754238.95,0.08680298194022361
ACC03908,R02,Retail,453,3953493.15,1.3295,1.00–1.49,12,Active,1.0,8.333333333333334,25,2995158.09,0.11426798638953735
ACC03909,R07,Logistics,399,2088348.68,0.951,0.50–0.99,10,Active,1.0,16.666666666666668,15,2062142.74,0.17298794711410437
ACC03910,R20,Healthcare,426,2845249.09,2.2238,1.50–2.49,6,Active,1.0,5.0,0,6893952.88,0.12589207588809548
ACC03911,R30,Financial services,660,3367415.31,0.9081,0.50–0.99,10,Active,1.0,5.0,15,2392669.55,0.11086873956732247
ACC03912,R05,Healthcare,222,1575084.07,0.9631,0.50–0.99,7,Active,0.3333333333333333,10.0,25,695621.1,0.1690496326361262
ACC03913,R37,Professional services,177,1175036.56,0.2968,0.15–0.49,3,Active,0.6666666666666666,16.666666666666668,25,285277.6,0.2123137242524204
ACC03914,R08,Technology,231,1263335.99,0.8558,0.50–0.99,8,Active,1.0,0.0,-15,681746.86,0.15359203464626198
ACC03915,R09,Technology,260,2383771.75,4.9242,2.50–5.00,10,Active,1.0,15.0,0,7716740.9399999995,0.1196101994787814
ACC03916,R21,Hospitality,110,531992.81,0.3808,0.15–0.49,7,Active,0.3333333333333333,16.666666666666668,25,139938.06,0.22094901291242441
ACC03917,R47,Hospitality,199,1269726.37,1.2654,1.00–1.49,10,Active,1.0,10.0,5,1191995.96,0.159161022549845
ACC03918,R37,Professional services,115,1058777.6,2.3594,1.50–2.49,5,Active,1.0,5.0,-5,1287389.32,0.1832134275445323
ACC03919,R11,Healthcare,501,3981282.56,2.8735,2.50–5.00,9,Active,1.0,6.666666666666667,5,14065678.55,0.08928558129429903
ACC03920,R08,Technology,282,2107592.15,2.3047,1.50–2.49,4,Active,1.0,1.6666666666666667,-5,3771110.89,0.12103479677365085
ACC03921,R04,Technology,69,413732.08,0.8678,0.50–0.99,12,Active,1.0,6.666666666666667,15,274516.19,0.3210516223688108
ACC03922,R26,Financial services,279,1712061.16,1.448,1.00–1.49,11,Active,1.0,8.333333333333334,20,1820158.26,0.1571977456411367
ACC03923,R28,Retail,153,1247539.94,0.7465,0.50–0.99,3,Active,1.0,8.333333333333334,15,574128.96,0.2645245952781256
ACC03924,R09,Hospitality,182,1404854.6,0.6735,0.50–0.99,8,Active,1.0,6.666666666666667,10,917538.54,0.1717403484768277
ACC03925,R35,Healthcare,89,601455.56,0.5081,0.50–0.99,8,Active,1.0,0.0,0,290329.26,0.3738914099489691
ACC03926,R45,Hospitality,149,957991.4,0.2964,0.15–0.49,6,Active,1.0,6.666666666666667,-5,189971.42,0.25731878026941585
ACC03927,R32,Healthcare,313,2663460.48,4.6932,2.50–5.00,5,Active,1.0,-1.6666666666666667,5,8915653.129999999,0.09782286704457056
ACC03928,R12,Manufacturing,62,413306.04,0.4647,0.15–0.49,12,Active,0.6666666666666666,-10.0,-5,112829.22,0.2605296185006797
ACC03929,R15,Technology,71,487445.53,0.982,0.50–0.99,11,Active,1.0,0.0,-10,184770.96,0.2980351837692864
ACC03930,R27,Financial services,431,2304671.09,1.2321,1.00–1.49,9,Active,0.6666666666666666,13.333333333333334,10,2766827.73,0.09560261922102029
ACC03931,R33,Financial services,217,1835095.67,3.2169,2.50–5.00,1,Active,1.0,-6.666666666666667,0,6877076.84,0.13845869444182518
ACC03932,R19,Retail,327,2157422.54,0.6174,0.50–0.99,4,Active,0.6666666666666666,3.3333333333333335,10,1124609.24,0.13767245838926948
ACC03933,R43,Hospitality,373,2599014.08,0.6074,0.50–0.99,7,Active,1.0,3.3333333333333335,10,1323815.09,0.1375781728426034
ACC03934,R41,Manufacturing,288,2455197.2,0.9081,0.50–0.99,2,Active,1.0,0.0,5,1354990.02,0.18550634681109293
ACC03935,R13,Technology,210,1237908.58,0.1651,0.15–0.49,7,Active,0.6666666666666666,3.3333333333333335,0,336900.89,0.1615645800676503
ACC03936,R48,Financial services,105,603511.45,0.6529,0.50–0.99,3,Active,0.6666666666666666,8.333333333333334,0,311020.6,0.2361225975028095
ACC03937,R31,Hospitality,276,1727897.66,1.1165,1.00–1.49,12,Active,1.0,6.666666666666667,10,1712876.45,0.16973230060259378
ACC03938,R15,Logistics,294,2238569.62,1.1218,1.00–1.49,1,Active,0.6666666666666666,11.666666666666666,0,2733107.54,0.1833480320672673
ACC03939,R39,Financial services,72,407943.73,1.3698,1.00–1.49,5,Active,1.0,10.0,0,268231.74,0.27593314045383904
ACC03940,R30,Professional services,199,1406082.36,0.7906,0.50–0.99,7,Active,1.0,5.0,10,1022718.86,0.2113204350521045
ACC03941,R01,Manufacturing,333,2030789.25,0.9402,0.50–0.99,9,Active,0.6666666666666666,11.666666666666666,15,966541.48,0.1385812552506494
ACC03942,R46,Professional services,112,676476.26,1.3252,1.00–1.49,1,Active,1.0,6.666666666666667,5,524204.20999999996,0.15735762581459337
ACC03943,R08,Professional services,205,1250957.16,2.1083,1.50–2.49,3,Active,1.0,6.666666666666667,0,2712756.81,0.15851316946150315
ACC03944,R29,Retail,167,1754510.12,4.4616,2.50–5.00,9,Active,1.0,15.0,10,5422353.52,0.2184986915599692
ACC03945,R17,Technology,480,3569096.39,1.6067,1.50–2.49,12,Active,1.0,11.666666666666666,10,5950753.3,0.10412102265362706
ACC03946,R35,Healthcare,138,729154.47,1.1458,1.00–1.49,9,Active,1.0,0.0,-5,829918.8,0.16174214025465564
ACC03947,R21,Logistics,207,1750989.83,0.8988,0.50–0.99,10,Active,0.6666666666666666,8.333333333333334,15,625468.69,0.15361159958749696
ACC03948,R25,Professional services,172,1022883.82,0.1807,0.15–0.49,10,Active,0.6666666666666666,8.333333333333334,20,402964.22,0.18574667084913143
ACC03949,R03,Professional services,160,1159793.63,1.2897,1.00–1.49,12,Active,1.0,6.666666666666667,-5,1287254.56,0.20034109995460378
ACC03950,R02,Financial services,198,1201670.03,0.7237,0.50–0.99,1,Active,1.0,1.6666666666666667,5,886403.84,0.18412826503656402
ACC03951,R34,Manufacturing,65,526921.41,0.5447,0.50–0.99,2,Active,0.6666666666666666,13.333333333333334,10,286297.35,0.2344553589475313
ACC03952,R35,Professional services,387,1890074.07,0.3644,0.15–0.49,6,Active,1.0,3.3333333333333335,0,642664.05,0.17555954509475513
ACC03953,R43,Healthcare,584,4106519.84,0.151,0.15–0.49,5,Active,0.3333333333333333,6.666666666666667,-15,974617.11,0.19830559164069123
ACC03954,R40,Retail,248,1831344.2,0.2159,0.15–0.49,2,Active,0.3333333333333333,20.0,10,664058.29,0.20579727691056487
ACC03955,R15,Professional services,446,3759883.68,1.348,1.00–1.49,7,Active,1.0,-1.6666666666666667,-10,2993036.84,0.12255403249479412
ACC03956,R26,Healthcare,164,1146230.88,0.5054,0.50–0.99,2,Active,1.0,-5.0,0,517258.07,0.20325669579399383
ACC03957,R13,Retail,140,1013464.28,0.6881,0.50–0.99,1,Active,1.0,10.0,15,280524.57,0.1567700632102658
ACC03958,R14,Retail,338,2179855.37,1.027,1.00–1.49,12,Active,1.0,1.6666666666666667,5,1609196.43,0.11655011695080546
ACC03959,R09,Retail,120,719491.54,0.3258,0.15–0.49,7,Active,1.0,3.3333333333333335,20,198501.91,0.18607982811279022
ACC03960,R35,Financial services,123,1019221.28,1.1232,1.00–1.49,1,Active,1.0,11.666666666666666,10,640577.88,0.1915844614163805
ACC03961,R23,Financial services,152,1033325.29,0.2643,0.15–0.49,9,Active,1.0,5.0,10,288279.27,0.19738181199611857
ACC03962,R26,Financial services,190,1414358.41,0.524,0.50–0.99,8,Active,0.6666666666666666,15.0,5,616548.7,0.1690965290495019
ACC03963,R03,Healthcare,629,5079332.65,0.6769,0.50–0.99,5,Active,1.0,-6.666666666666667,-5,2063297.6,0.11449324077651807
ACC03964,R31,Hospitality,689,4419232.99,0.6554,0.50–0.99,7,Active,1.0,11.666666666666666,20,2436306.15,0.09367768136733419
ACC03965,R36,Healthcare,281,2438751.96,3.192,2.50–5.00,3,Active,1.0,11.666666666666666,20,7553506.75,0.0956407786302192
ACC03966,R20,Hospitality,87,600333.63,1.0826,1.00–1.49,11,Active,1.0,6.666666666666667,0,514808.17,0.20246445718626557
ACC03967,R30,Logistics,563,3553828.1,0.2592,0.15–0.49,10,Active,1.0,3.3333333333333335,-5,1104401.91,0.18238196407292334
ACC03968,R16,Healthcare,282,2168606.34,2.1397,1.50–2.49,5,Active,1.0,15.0,25,4324074.09,0.14185727363753134
ACC03969,R20,Logistics,326,1704347.74,0.781,0.50–0.99,5,Active,1.0,15.0,20,1279058.69,0.16830341395230217
ACC03970,R32,Hospitality,410,2493741.49,0.7557,0.50–0.99,6,Active,1.0,8.333333333333334,5,1673972.55,0.16922718744293735
ACC03971,R16,Healthcare,139,754061.5,0.5482,0.50–0.99,8,Active,0.6666666666666666,21.666666666666668,25,309092.33,0.20643824946919734
ACC03972,R19,Hospitality,354,1897698.93,0.5936,0.50–0.99,3,Active,1.0,1.6666666666666667,0,1383909.81,0.151090338757759
ACC03973,R48,Logistics,554,3926588.47,0.7654,0.50–0.99,1,Active,0.3333333333333333,1.6666666666666667,0,1876001.46,0.15124009799454585
ACC03974,R40,Financial services,181,1791982.22,2.6466,2.50–5.00,1,Active,1.0,-5.0,0,4755435.77,0.12130652707354482
ACC03975,R28,Logistics,882,6891943.02,2.0974,1.50–2.49,12,Active,1.0,3.3333333333333335,5,10594527.45,0.06881187229072736
ACC03976,R17,Retail,315,2733075.53,1.4272,1.00–1.49,7,Active,1.0,0.0,-15,2276749.68,0.14001821881461923
ACC03977,R17,Financial services,545,3067339.09,0.2999,0.15–0.49,5,Active,0.6666666666666666,-1.6666666666666667,-10,892301.75,0.1612637384448844
ACC03978,R21,Technology,63,379587.81,0.8785,0.50–0.99,11,Active,0.6666666666666666,13.333333333333334,5,153189.13,0.25170475224843575
ACC03979,R26,Hospitality,269,1814497.02,0.5706,0.50–0.99,11,Active,1.0,0.0,0,971781.38,0.12992612167165452
ACC03980,R29,Retail,627,3640684.35,0.8126,0.50–0.99,6,Active,0.6666666666666666,-1.6666666666666667,-10,2352670.79,0.11818885539212576
ACC03981,R20,Logistics,439,3350402.59,0.6632,0.50–0.99,5,Active,1.0,6.666666666666667,5,1315128.6,0.1280050384144274
ACC03982,R08,Hospitality,368,3097542.25,0.6032,0.50–0.99,5,Active,0.6666666666666666,6.666666666666667,20,1248359.53,0.1304248943316865
ACC03983,R13,Hospitality,162,944750.36,0.4833,0.15–0.49,12,Active,1.0,3.3333333333333335,-5,406506.51,0.3114094868119511
ACC03984,R25,Retail,286,2153704.97,1.3803,1.00–1.49,5,Active,0.6666666666666666,0.0,5,1500449.07,0.13024270446670974
ACC03985,R18,Logistics,295,2180152.34,1.222,1.00–1.49,3,Active,1.0,13.333333333333334,15,2149766.23,0.14022466011088497
ACC03986,R40,Manufacturing,340,2374030.27,1.5858,1.50–2.49,5,Active,1.0,-3.3333333333333335,0,4158480.0,0.1279022198486847
ACC03987,R03,Logistics,233,1498018.77,0.9377,0.50–0.99,5,Active,1.0,5.0,5,713853.7,0.23890634296375843
ACC03988,R36,Manufacturing,135,694135.95,0.9331,0.50–0.99,10,Active,1.0,5.0,10,467860.98,0.266368617971354
ACC03989,R34,Logistics,458,2369779.56,0.9108,0.50–0.99,4,Active,1.0,5.0,10,1651152.04,0.09578295127672842
ACC03990,R32,Hospitality,1221,7180103.79,0.3675,0.15–0.49,1,Active,0.3333333333333333,0.0,0,2243406.87,0.08932045642027704
ACC03991,R25,Financial services,62,416807.95,0.5271,0.50–0.99,11,Active,0.6666666666666666,11.666666666666666,15,348200.84,0.26465312280619624
ACC03992,R45,Healthcare,367,1988061.0,0.1764,0.15–0.49,9,Active,0.3333333333333333,11.666666666666666,0,603281.38,0.15675100404338863
ACC03993,R21,Healthcare,368,3077724.09,1.2233,1.00–1.49,1,Active,1.0,18.333333333333332,10,2195891.37,0.12140489328111626
ACC03994,R14,Technology,324,2415047.16,3.0078,2.50–5.00,2,Active,1.0,13.333333333333334,20,9428151.93,0.09762634545799705
ACC03995,R25,Hospitality,107,674967.56,0.3481,0.15–0.49,5,Active,1.0,0.0,0,144588.7,0.2584142842181212
ACC03996,R39,Retail,83,609291.45,0.6331,0.50–0.99,4,Active,1.0,3.3333333333333335,5,215737.62,0.24308580755762035
ACC03997,R18,Manufacturing,269,1144433.58,0.6607,0.50–0.99,10,Active,0.6666666666666666,13.333333333333334,15,722464.06,0.16230329250712394
ACC03998,R29,Manufacturing,122,880457.57,1.4603,1.00–1.49,11,Active,0.6666666666666666,1.6666666666666667,5,774904.79,0.21266325163583902
ACC03999,R43,Technology,90,597689.58,1.1235,1.00–1.49,9,Active,0.3333333333333333,10.0,5,436825.01,0.17928913472444594
ACC04000,R14,Professional services,164,917833.63,0.4598,0.15–0.49,3,Active,0.6666666666666666,3.3333333333333335,0,188710.38,0.24956021585390767
ACC04001,R40,Logistics,219,1979979.03,1.3937,1.00–1.49,7,Active,1.0,10.0,15,1284793.47,0.1251551209256495
ACC04002,R25,Logistics,81,538455.56,0.9535,0.50–0.99,12,Active,1.0,11.666666666666666,0,298388.04,0.35260723591197474
ACC04003,R40,Manufacturing,123,782327.62,0.9045,0.50–0.99,1,Active,0.6666666666666666,1.6666666666666667,15,437422.67,0.207212707471742
ACC04004,R30,Healthcare,76,522003.59,0.7877,0.50–0.99,7,Active,0.6666666666666666,1.6666666666666667,20,284062.29,0.21410959976327595
ACC04005,R47,Hospitality,265,2465252.38,0.7196,0.50–0.99,12,Active,1.0,1.6666666666666667,0,767222.49,0.13463682402685184
ACC04006,R07,Logistics,162,1221405.47,1.5784,1.50–2.49,2,Active,0.6666666666666666,11.666666666666666,10,2347830.35,0.17518601078967078
ACC04007,R23,Professional services,62,408998.29,0.8532,0.50–0.99,6,Active,1.0,16.666666666666668,15,131601.01,0.2385032465723973
ACC04008,R14,Logistics,424,1889037.96,0.2203,0.15–0.49,10,Active,0.3333333333333333,15.0,0,765990.41,0.159461838960779
ACC04009,R06,Hospitality,184,1279928.18,0.5619,0.50–0.99,4,Active,1.0,6.666666666666667,5,984854.7000000001,0.3570633508541097
ACC04010,R25,Hospitality,363,1950981.79,0.66,0.50–0.99,3,Active,0.6666666666666666,3.3333333333333335,5,1006693.38,0.14048970700122954
ACC04011,R32,Retail,418,2824618.35,0.3637,0.15–0.49,8,Active,1.0,8.333333333333334,-5,706092.03,0.1473088176787387
ACC04012,R31,Healthcare,471,3328140.34,3.6468,2.50–5.00,6,Active,1.0,8.333333333333334,10,13554492.33,0.08364773267483135
ACC04013,R36,Professional services,474,3381799.4,2.1313,1.50–2.49,12,Active,1.0,6.666666666666667,15,5470641.33,0.10217195571850135
ACC04014,R13,Manufacturing,346,2343518.19,0.6167,0.50–0.99,12,Active,1.0,3.3333333333333335,-10,978058.54,0.15069036817559708
ACC04015,R07,Hospitality,62,501899.21,1.1551,1.00–1.49,1,Active,1.0,6.666666666666667,-5,275742.84,0.2827588139745166
ACC04016,R44,Retail,188,1378632.94,1.51,1.50–2.49,7,Active,1.0,13.333333333333334,10,2372974.74,0.14162578068398876
ACC04017,R20,Healthcare,202,1456437.5,1.3775,1.00–1.49,5,Active,0.6666666666666666,-1.6666666666666667,5,1363370.28,0.15786129007791805
ACC04018,R37,Professional services,150,981544.06,0.5486,0.50–0.99,8,Active,1.0,3.3333333333333335,5,893059.0599999999,0.21560004332746185
ACC04019,R21,Professional services,116,934543.95,0.5717,0.50–0.99,5,Active,1.0,6.666666666666667,10,382323.60000000003,0.18416324868712491
ACC04020,R16,Technology,461,3403525.15,0.5514,0.50–0.99,7,Active,1.0,3.3333333333333335,5,1299548.32,0.13357039182931899
ACC04021,R14,Professional services,62,341534.57,1.1062,1.00–1.49,6,Active,1.0,8.333333333333334,0,580765.96,0.2578874893938188
ACC04022,R30,Hospitality,80,591394.4,0.4559,0.15–0.49,7,Active,1.0,-1.6666666666666667,5,163558.66999999998,0.4378700479636037
ACC04023,R36,Healthcare,91,739300.59,1.9684,1.50–2.49,1,Active,1.0,1.6666666666666667,5,1225306.03,0.255849893723781
ACC04024,R12,Hospitality,251,1626356.09,0.267,0.15–0.49,2,Active,0.6666666666666666,11.666666666666666,10,356615.89,0.2294180626860626
ACC04025,R38,Healthcare,73,396063.97,0.6984,0.50–0.99,10,Active,0.6666666666666666,5.0,5,215418.31,0.2552885799725877
ACC04026,R32,Financial services,202,1364435.55,2.4739,1.50–2.49,2,Active,1.0,6.666666666666667,10,2263764.5,0.13928339760492278
ACC04027,R40,Logistics,152,763923.54,0.4609,0.15–0.49,3,Active,0.6666666666666666,-1.6666666666666667,-5,152134.13,0.20595846147472405
ACC04028,R02,Logistics,110,871920.35,1.7798,1.50–2.49,8,Active,0.6666666666666666,1.6666666666666667,-5,1342419.98,0.1975685618532102
ACC04029,R14,Manufacturing,155,794962.35,0.431,0.15–0.49,1,Active,0.0,11.666666666666666,0,241409.89,0.3471417561192554
ACC04030,R43,Manufacturing,93,692183.26,0.5082,0.50–0.99,7,Active,1.0,5.0,0,251015.88999999998,0.2430492518453327
ACC04031,R39,Healthcare,424,3154299.1,3.1302,2.50–5.00,2,Active,1.0,5.0,5,10124518.62,0.0878678253890873
ACC04032,R45,Manufacturing,283,2331399.93,2.1569,1.50–2.49,6,Active,1.0,10.0,10,3419946.73,0.130631500944241
ACC04033,R12,Retail,178,1274495.6,2.2091,1.50–2.49,2,Active,1.0,1.6666666666666667,20,2644396.73,0.1649576816790419
ACC04034,R29,Professional services,795,5316772.5,0.8299,0.50–0.99,1,Active,1.0,5.0,5,2704255.12,0.08628438503010638
ACC04035,R38,Hospitality,999,6926940.72,0.6179,0.50–0.99,9,Active,0.3333333333333333,20.0,25,3518707.92,0.09437140799262436
ACC04036,R21,Technology,470,3033358.31,0.9464,0.50–0.99,9,Active,0.3333333333333333,11.666666666666666,5,1676770.1199999999,0.13036176851935005
ACC04037,R07,Manufacturing,166,1242491.78,1.4895,1.00–1.49,4,Active,1.0,5.0,10,818874.78,0.16474580483901408
ACC04038,R40,Retail,332,2486175.75,0.2583,0.15–0.49,7,Active,0.6666666666666666,3.3333333333333335,-5,439200.5,0.17243361153004602
ACC04039,R04,Logistics,72,481532.49,0.3185,0.15–0.49,7,Active,0.6666666666666666,13.333333333333334,5,128101.07,0.397974923470504
ACC04040,R16,Manufacturing,465,2314177.14,0.9467,0.50–0.99,6,Active,0.3333333333333333,10.0,0,1464966.98,0.12879481916562166
ACC04041,R41,Hospitality,619,3205672.2,0.3308,0.15–0.49,3,Active,1.0,8.333333333333334,15,954758.81,0.1694286924189711
ACC04042,R42,Retail,382,2446699.47,0.7425,0.50–0.99,10,Active,1.0,8.333333333333334,-5,1269589.19,0.12916200421267543
ACC04043,R22,Logistics,804,5268508.88,0.514,0.50–0.99,11,Active,0.6666666666666666,0.0,0,2577640.29,0.09910406169929803
ACC04044,R38,Technology,179,1180392.41,0.8829,0.50–0.99,10,Active,0.3333333333333333,6.666666666666667,10,964496.36,0.1865618657329976
ACC04045,R08,Financial services,198,1362996.92,1.3983,1.00–1.49,6,Active,0.6666666666666666,10.0,0,1267431.81,0.16565671016685476
ACC04046,R28,Technology,168,1340295.71,1.6161,1.50–2.49,5,Active,0.6666666666666666,8.333333333333334,0,2116340.67,0.11625858946225213
ACC04047,R11,Technology,606,4836181.73,2.0512,1.50–2.49,11,Active,1.0,10.0,5,7891255.41,0.09456915581293415
ACC04048,R27,Technology,323,1951783.5,1.4702,1.00–1.49,4,Active,1.0,8.333333333333334,10,2477681.98,0.2311320423801099
ACC04049,R33,Healthcare,100,714429.99,1.2702,1.00–1.49,7,Active,1.0,3.3333333333333335,-5,850026.04,0.19208254425639984
ACC04050,R11,Manufacturing,103,560605.8,0.883,0.50–0.99,6,Active,1.0,15.0,25,514816.6,0.3299514775294567
ACC04051,R36,Technology,234,1958398.25,0.5313,0.50–0.99,10,Active,1.0,3.3333333333333335,-15,666065.52,0.12621705669298847
ACC04052,R40,Manufacturing,321,1728340.75,0.6237,0.50–0.99,7,Active,1.0,-3.3333333333333335,15,1102835.57,0.1392691069850501
ACC04053,R08,Retail,187,1210369.92,1.1443,1.00–1.49,12,Active,0.3333333333333333,0.0,-5,739383.04,0.1635546440841006
ACC04054,R18,Financial services,73,460415.61,0.8287,0.50–0.99,4,Active,1.0,8.333333333333334,-10,221529.69,0.3631071927240317
ACC04055,R19,Logistics,519,3406327.44,0.9823,0.50–0.99,3,Active,1.0,-1.6666666666666667,0,2137981.83,0.11066537662763884
ACC04056,R40,Financial services,62,403313.79,1.6225,1.50–2.49,10,Active,1.0,6.666666666666667,-5,1003809.76,0.25212828585213587
ACC04057,R24,Retail,255,1328761.76,0.158,0.15–0.49,7,Active,0.6666666666666666,10.0,15,574006.91,0.2864159511261585
ACC04058,R32,Financial services,355,2083168.53,0.3881,0.15–0.49,4,Active,1.0,1.6666666666666667,-10,706581.55,0.16768508779579766
ACC04059,R25,Healthcare,605,4752048.55,1.5946,1.50–2.49,7,Active,0.6666666666666666,5.0,-5,6775509.38,0.08020786678156479
ACC04060,R01,Logistics,100,648547.45,0.7908,0.50–0.99,3,Active,1.0,16.666666666666668,20,290916.36,0.25163480901908436
ACC04061,R45,Professional services,456,3180876.34,0.6132,0.50–0.99,2,Active,0.6666666666666666,1.6666666666666667,-5,1834117.6,0.17248245724784608
ACC04062,R39,Hospitality,169,1259897.01,2.3226,1.50–2.49,12,Active,1.0,3.3333333333333335,5,2210135.6,0.16297189077602398
ACC04063,R38,Logistics,320,2690906.67,0.4128,0.15–0.49,4,Active,1.0,-1.6666666666666667,-5,387908.76,0.14573493906381585
ACC04064,R21,Retail,261,1441100.96,0.5497,0.50–0.99,4,Active,0.6666666666666666,1.6666666666666667,10,1153177.09,0.19744338993621843
ACC04065,R45,Healthcare,652,3513944.28,0.9608,0.50–0.99,12,Active,1.0,1.6666666666666667,-10,2461386.65,0.11014169418416578
ACC04066,R30,Technology,123,1095672.12,2.2367,1.50–2.49,7,Active,1.0,6.666666666666667,0,1681561.8800000001,0.25072068965643207
ACC04067,R28,Retail,355,2254898.38,0.2694,0.15–0.49,7,Active,0.6666666666666666,1.6666666666666667,10,598666.15,0.20482429609817351
ACC04068,R04,Healthcare,2144,16576503.77,0.5035,0.50–0.99,1,Active,1.0,1.6666666666666667,15,8685597.67,0.07315516089729565
ACC04069,R15,Professional services,307,1939325.6,1.0092,1.00–1.49,6,Active,0.6666666666666666,15.0,0,1579096.24,0.158999667489081
ACC04070,R24,Retail,423,4476986.82,1.1267,1.00–1.49,10,Active,1.0,-1.6666666666666667,5,2671286.66,0.1403058402947442
ACC04071,R16,Logistics,579,4170978.57,0.5674,0.50–0.99,1,Active,0.3333333333333333,13.333333333333334,20,1865323.21,0.09843167637144563
ACC04072,R37,Professional services,179,1272202.07,0.8639,0.50–0.99,3,Active,0.6666666666666666,3.3333333333333335,10,843823.15,0.24107374450184568
ACC04073,R14,Financial services,91,747309.75,1.2604,1.00–1.49,7,Active,1.0,16.666666666666668,15,780658.04,0.3486653878672193
ACC04074,R16,Manufacturing,501,4483457.5,2.0713,1.50–2.49,12,Active,1.0,5.0,5,8275956.21,0.1690448887568772
ACC04075,R43,Manufacturing,421,2573148.2,0.5085,0.50–0.99,12,Active,0.6666666666666666,8.333333333333334,0,1373740.52,0.11961383808749664
ACC04076,R46,Financial services,119,911906.81,0.8119,0.50–0.99,5,Active,0.6666666666666666,3.3333333333333335,0,355434.99,0.21414444285037776
ACC04077,R38,Healthcare,927,5090240.46,1.3745,1.00–1.49,11,Active,1.0,1.6666666666666667,10,6475104.78,0.07907012835178893
ACC04078,R18,Financial services,691,3061142.16,0.8126,0.50–0.99,5,Active,1.0,1.6666666666666667,-5,2435065.96,0.11523495297794577
ACC04079,R44,Retail,477,3124439.2,0.8864,0.50–0.99,2,Active,0.3333333333333333,15.0,25,1779700.03,0.13634719986850868
ACC04080,R06,Manufacturing,135,1126070.05,4.1498,2.50–5.00,2,Active,1.0,-3.3333333333333335,-10,2833478.5100000002,0.15740659678226918
ACC04081,R43,Technology,275,2034448.58,0.5149,0.50–0.99,5,Active,0.6666666666666666,10.0,10,1005310.72,0.2237600561136658
ACC04082,R14,Financial services,263,1497086.93,0.4314,0.15–0.49,5,Active,1.0,0.0,-5,369157.75,0.16701230370790385
ACC04083,R25,Healthcare,427,2904653.81,2.0142,1.50–2.49,10,Active,1.0,-3.3333333333333335,-5,5178737.93,0.11367503678303865
ACC04084,R27,Professional services,367,2551989.16,2.4006,1.50–2.49,1,Active,1.0,10.0,25,4906795.26,0.1054751064877237
ACC04085,R12,Logistics,433,3852831.81,3.1428,2.50–5.00,7,Active,1.0,5.0,10,11344725.64,0.07801266757391259
ACC04086,R08,Healthcare,594,3609365.82,0.8273,0.50–0.99,6,Active,1.0,5.0,10,2386894.04,0.1481806195114415
ACC04087,R46,Financial services,205,1136846.11,0.2121,0.15–0.49,11,Active,1.0,0.0,0,338213.11,0.21485839331962264
ACC04088,R09,Logistics,126,753663.58,0.7707,0.50–0.99,5,Active,1.0,10.0,0,569974.11,0.4010387661296415
ACC04089,R07,Technology,309,1917598.63,0.6481,0.50–0.99,12,Active,1.0,1.6666666666666667,15,1034988.5599999999,0.14481318336861534
ACC04090,R38,Healthcare,1163,7605692.19,0.1598,0.15–0.49,9,Active,0.6666666666666666,8.333333333333334,10,1822974.32,0.09577282417053262
ACC04091,R11,Hospitality,210,1373398.5,0.2131,0.15–0.49,6,Active,0.6666666666666666,6.666666666666667,5,387880.21,0.23252155969160826
ACC04092,R40,Manufacturing,257,1580093.35,0.9577,0.50–0.99,12,Active,1.0,-5.0,-10,978359.8,0.17416348641486343
ACC04093,R04,Manufacturing,170,1037689.12,0.2932,0.15–0.49,4,Active,1.0,0.0,0,272441.09,0.1842502660891255
ACC04094,R45,Logistics,364,1968022.48,0.1633,0.15–0.49,3,Active,0.6666666666666666,10.0,10,689649.92,0.16229160448436153
ACC04095,R48,Manufacturing,93,513772.18,0.1672,0.15–0.49,5,Active,1.0,13.333333333333334,25,115579.42,0.22699886633880667
ACC04096,R01,Hospitality,305,1396760.81,0.2605,0.15–0.49,11,Active,0.6666666666666666,6.666666666666667,20,466439.74,0.16938547262665846
ACC04097,R45,Technology,222,2179381.33,1.0085,1.00–1.49,1,Active,1.0,-6.666666666666667,0,1763304.25,0.2640501385321568
ACC04098,R32,Financial services,513,5392027.31,2.0274,1.50–2.49,4,Active,1.0,6.666666666666667,5,6987869.12,0.09173705796573904
ACC04099,R40,Professional services,251,1671022.02,1.1903,1.00–1.49,12,Active,1.0,5.0,5,1679644.27,0.16667464910612975
ACC04100,R15,Professional services,83,603839.9,2.0941,1.50–2.49,3,Active,1.0,6.666666666666667,-10,2090482.99,0.3024690126817097
ACC04101,R19,Hospitality,159,1371578.85,1.1135,1.00–1.49,11,Active,1.0,-8.333333333333334,-10,938661.95,0.16505045772557494
ACC04102,R23,Technology,1048,9695017.82,2.0793,1.50–2.49,2,Active,1.0,10.0,15,15566615.77,0.07616341857623093
ACC04103,R39,Healthcare,248,1833572.64,0.7477,0.50–0.99,2,Active,0.3333333333333333,6.666666666666667,5,940853.78,0.2529385768547352
ACC04104,R32,Logistics,239,2083167.89,4.4486,2.50–5.00,6,Active,1.0,5.0,0,6296325.59,0.1172070249269059
ACC04105,R22,Technology,204,1070601.21,0.9243,0.50–0.99,6,Active,0.3333333333333333,0.0,0,904353.53,0.24848555461904173
ACC04106,R44,Retail,228,1170373.4,0.8389,0.50–0.99,8,Active,1.0,1.6666666666666667,0,876462.29,0.1806440726267178
ACC04107,R38,Retail,113,934019.31,1.2973,1.00–1.49,12,Active,1.0,-1.6666666666666667,-5,1113465.96,0.23316427010521648
ACC04108,R39,Manufacturing,307,2319828.27,0.84,0.50–0.99,12,Active,1.0,0.0,0,1153042.44,0.1610719718032648
ACC04109,R45,Technology,123,899299.79,0.284,0.15–0.49,7,Active,0.6666666666666666,-6.666666666666667,-5,127430.15000000001,0.24999907393499823
ACC04110,R13,Technology,82,621318.66,2.2895,1.50–2.49,12,Active,1.0,-3.3333333333333335,-5,726157.24,0.167398546406297
ACC04111,R34,Retail,292,1886876.36,0.9686,0.50–0.99,3,Active,1.0,0.0,-5,833641.49,0.18104213626518081
ACC04112,R38,Manufacturing,98,682099.79,3.6502,2.50–5.00,9,Active,1.0,-1.6666666666666667,-10,2371772.88,0.15828824339607897
ACC04113,R47,Hospitality,62,357814.01,0.8457,0.50–0.99,5,Active,1.0,8.333333333333334,20,237892.38999999998,0.24742692874834635
ACC04114,R42,Retail,264,1546230.1,0.8778,0.50–0.99,4,Active,1.0,1.6666666666666667,5,939111.79,0.1709838169348595
ACC04115,R28,Professional services,168,1030155.17,0.952,0.50–0.99,12,Active,0.6666666666666666,6.666666666666667,5,572941.64,0.20586882048009286
ACC04116,R25,Professional services,521,3113535.2,0.2206,0.15–0.49,8,Active,1.0,-3.3333333333333335,0,766281.71,0.1190760581536525
ACC04117,R36,Manufacturing,225,1557613.0,1.1999,1.00–1.49,4,Active,0.6666666666666666,5.0,-5,1742569.73,0.1925054689806457
ACC04118,R41,Technology,73,396834.26,0.2468,0.15–0.49,12,Active,0.6666666666666666,8.333333333333334,10,143128.1,0.4109336949900484
ACC04119,R03,Logistics,395,2593711.51,0.9238,0.50–0.99,5,Active,1.0,-3.3333333333333335,-10,1410392.29,0.125208634475839
ACC04120,R16,Professional services,174,1010034.81,0.535,0.50–0.99,6,Active,0.6666666666666666,3.3333333333333335,10,480938.71,0.18167651193866888
ACC04121,R17,Technology,467,3033628.44,0.631,0.50–0.99,7,Active,0.6666666666666666,3.3333333333333335,5,1565576.6,0.12483543280636972
ACC04122,R38,Hospitality,336,2083070.96,0.5573,0.50–0.99,7,Active,1.0,8.333333333333334,5,1228222.58,0.1531675537821068
ACC04123,R11,Hospitality,134,880293.36,0.4658,0.15–0.49,6,Active,1.0,-3.3333333333333335,0,183841.5,0.2279950324745208
ACC04124,R15,Technology,182,1200583.27,0.4823,0.15–0.49,11,Active,1.0,6.666666666666667,5,261274.94,0.17495450508877497
ACC04125,R17,Healthcare,576,3419586.81,0.4208,0.15–0.49,9,Active,1.0,15.0,15,1186340.56,0.13281336177294825
ACC04126,R25,Retail,134,594456.34,0.403,0.15–0.49,8,Active,1.0,3.3333333333333335,-5,134181.36,0.2475346802957768
ACC04127,R09,Technology,544,4107004.06,0.159,0.15–0.49,3,Active,0.6666666666666666,-1.6666666666666667,5,886513.33,0.11240324813833777
ACC04128,R33,Financial services,1016,6289615.78,0.9639,0.50–0.99,1,Active,0.3333333333333333,-1.6666666666666667,-15,3031852.03,0.08364974615210068
ACC04129,R06,Hospitality,69,460403.61,0.9868,0.50–0.99,12,Active,0.6666666666666666,5.0,5,250193.83,0.23539408449301974
ACC04130,R19,Professional services,73,610183.04,0.7096,0.50–0.99,8,Active,1.0,5.0,15,255811.87,0.32339070724287516
ACC04131,R28,Financial services,261,1703797.36,0.8225,0.50–0.99,3,Active,1.0,8.333333333333334,20,879678.99,0.1567696862220772
ACC04132,R21,Professional services,208,1396024.11,0.8537,0.50–0.99,12,Active,1.0,1.6666666666666667,5,845392.8,0.17798273949974988
ACC04133,R11,Manufacturing,267,1867254.6,4.3986,2.50–5.00,7,Active,1.0,5.0,15,8992820.78,0.1282969018437623
ACC04134,R25,Professional services,132,769722.85,0.4811,0.15–0.49,3,Active,0.0,13.333333333333334,5,220268.78,0.4160374192353351
ACC04135,R13,Retail,419,2976864.31,0.8279,0.50–0.99,1,Active,0.6666666666666666,-3.3333333333333335,-10,1284023.47,0.10500814508353831
ACC04136,R43,Retail,102,733200.13,0.3417,0.15–0.49,2,Active,0.6666666666666666,5.0,-5,108725.02,0.3565497458665927
ACC04137,R44,Professional services,89,581704.32,1.4643,1.00–1.49,6,Active,0.6666666666666666,0.0,0,588280.5599999999,0.17418200769308934
ACC04138,R27,Technology,152,1032863.24,0.3633,0.15–0.49,5,Active,0.6666666666666666,6.666666666666667,-10,270074.13,0.2807456461784128
ACC04139,R04,Logistics,311,2146390.28,0.8861,0.50–0.99,4,Active,1.0,-1.6666666666666667,0,954183.43,0.12735722264155402
ACC04140,R07,Logistics,350,2445461.03,0.8967,0.50–0.99,7,Active,0.6666666666666666,16.666666666666668,25,1083885.59,0.16097577292798831
ACC04141,R18,Technology,248,2063744.14,4.0198,2.50–5.00,3,Active,1.0,8.333333333333334,10,5902875.15,0.0977149268124794
ACC04142,R40,Healthcare,146,1010083.61,0.5988,0.50–0.99,6,Active,1.0,3.3333333333333335,15,538429.79,0.22546484439868045
ACC04143,R40,Professional services,653,5594321.42,0.7472,0.50–0.99,11,Active,0.6666666666666666,-3.3333333333333335,0,2079209.45,0.11609486115904183
ACC04144,R43,Logistics,81,428812.45,0.8883,0.50–0.99,9,Active,1.0,5.0,-5,322446.51,0.27433908960110787
ACC04145,R12,Technology,336,1650993.89,0.4685,0.15–0.49,11,Active,1.0,1.6666666666666667,10,452052.07,0.18594188893172214
ACC04146,R24,Technology,160,1111264.12,0.501,0.50–0.99,2,Active,1.0,0.0,5,716257.88,0.18833667223805983
ACC04147,R23,Healthcare,283,1619912.62,0.7975,0.50–0.99,4,Active,0.3333333333333333,15.0,10,1116066.05,0.19639666317724777
ACC04148,R07,Professional services,115,667114.03,0.7966,0.50–0.99,1,Active,1.0,15.0,5,403198.29,0.1863618490404621
ACC04149,R40,Healthcare,317,2396329.43,0.8802,0.50–0.99,3,Active,1.0,6.666666666666667,15,1285236.36,0.21892786431272732
ACC04150,R46,Manufacturing,186,1421596.51,3.5539,2.50–5.00,6,Active,1.0,5.0,5,4493437.73,0.11557689826689506
ACC04151,R45,Hospitality,268,1406792.33,0.6421,0.50–0.99,5,Active,1.0,-3.3333333333333335,0,806226.45,0.19944538650474752
ACC04152,R47,Hospitality,75,511417.75,1.4374,1.00–1.49,4,Active,1.0,6.666666666666667,15,504892.92,0.37953666901742134
ACC04153,R43,Healthcare,145,1063953.83,1.4081,1.00–1.49,4,Active,1.0,-5.0,-15,736256.05,0.1719806204981698
ACC04154,R33,Retail,396,2713922.65,0.7474,0.50–0.99,3,Active,1.0,-3.3333333333333335,-5,1167605.47,0.12166396829423869
ACC04155,R07,Financial services,276,2006691.4,0.4019,0.15–0.49,12,Active,0.6666666666666666,6.666666666666667,15,440194.27,0.1579461792329494
ACC04156,R22,Technology,788,4805124.28,0.5914,0.50–0.99,10,Active,0.6666666666666666,11.666666666666666,20,3239524.7399999998,0.16232926585224303
ACC04157,R09,Logistics,274,2115330.27,0.3462,0.15–0.49,3,Active,1.0,-6.666666666666667,-5,528528.59,0.1815392886506856
ACC04158,R05,Healthcare,62,451337.68,0.7902,0.50–0.99,4,Active,0.6666666666666666,8.333333333333334,0,334363.95,0.2345970087508278
ACC04159,R31,Technology,137,1133885.07,1.3693,1.00–1.49,3,Active,1.0,1.6666666666666667,10,1261578.56,0.1913609416773984
ACC04160,R38,Hospitality,245,1420892.32,0.5747,0.50–0.99,2,Active,1.0,-3.3333333333333335,0,1448405.15,0.23778178249012968
ACC04161,R30,Retail,225,1234998.57,0.928,0.50–0.99,6,Active,0.3333333333333333,15.0,15,903932.1,0.1425919684710487
ACC04162,R32,Financial services,121,853330.22,1.0428,1.00–1.49,4,Active,0.6666666666666666,3.3333333333333335,5,569131.06,0.15240648106158436
ACC04163,R07,Manufacturing,205,1400680.67,0.9809,0.50–0.99,6,Active,1.0,1.6666666666666667,-15,529852.66,0.18555573101064438
ACC04164,R25,Technology,235,1772905.73,0.6552,0.50–0.99,4,Active,1.0,13.333333333333334,5,937927.11,0.3445820996046947
ACC04165,R44,Manufacturing,282,1972809.56,0.7808,0.50–0.99,12,Active,1.0,-1.6666666666666667,-5,982780.41,0.1325953684620124
ACC04166,R10,Financial services,236,1576200.79,0.4527,0.15–0.49,10,Active,0.6666666666666666,3.3333333333333335,0,352660.27,0.20977250341901724
ACC04167,R40,Technology,393,2325371.43,0.3033,0.15–0.49,6,Active,0.6666666666666666,-6.666666666666667,-5,606437.74,0.14775091643214086
ACC04168,R23,Logistics,213,1202316.48,0.742,0.50–0.99,2,Active,1.0,8.333333333333334,10,1117440.93,0.21077706954776435
ACC04169,R35,Hospitality,121,895243.11,1.5809,1.50–2.49,8,Active,0.3333333333333333,5.0,5,1710487.98,0.17057740560100834
ACC04170,R08,Manufacturing,120,686120.39,0.5051,0.50–0.99,1,Active,0.6666666666666666,6.666666666666667,20,406143.92,0.2537396456796299
ACC04171,R38,Logistics,286,2551928.71,2.9638,2.50–5.00,9,Active,1.0,-10.0,-15,7547569.86,0.12370941092677834
ACC04172,R26,Technology,309,1922674.24,1.4263,1.00–1.49,3,Active,1.0,1.6666666666666667,10,2438261.64,0.13527472543657873
ACC04173,R15,Manufacturing,62,367707.65,1.2227,1.00–1.49,12,Active,1.0,6.666666666666667,10,609398.72,0.29835218910763817
ACC04174,R06,Logistics,62,536265.24,2.2744,1.50–2.49,1,Active,1.0,3.3333333333333335,-15,744068.37,0.27355616868955135
ACC04175,R08,Manufacturing,88,603392.24,0.5108,0.50–0.99,6,Active,1.0,-3.3333333333333335,0,303748.09,0.2315139556688302
ACC04176,R01,Technology,71,513754.69,0.7233,0.50–0.99,6,Active,1.0,11.666666666666666,15,346834.31,0.2813840466005934
ACC04177,R44,Logistics,601,3578344.03,0.7756,0.50–0.99,5,Active,1.0,3.3333333333333335,5,1922968.97,0.11329516530069474
ACC04178,R43,Retail,167,864391.28,0.5159,0.50–0.99,4,Active,1.0,1.6666666666666667,-15,502628.47,0.1760109239167829
ACC04179,R28,Professional services,140,957696.64,0.5183,0.50–0.99,5,Active,0.6666666666666666,10.0,10,325511.36,0.17390140593501316
ACC04180,R27,Retail,502,3804582.47,1.1316,1.00–1.49,10,Active,1.0,11.666666666666666,10,3571909.6,0.10881119470366783
ACC04181,R43,Professional services,120,928445.25,0.3531,0.15–0.49,5,Active,0.3333333333333333,11.666666666666666,20,158691.76,0.22298028022635843
ACC04182,R38,Professional services,298,1921621.05,0.8612,0.50–0.99,10,Active,1.0,5.0,5,690382.22,0.14116025643238966
ACC04183,R41,Healthcare,401,2779699.69,0.8389,0.50–0.99,7,Active,1.0,-1.6666666666666667,-5,1295788.04,0.16071944562586624
ACC04184,R28,Hospitality,333,1656254.37,0.4246,0.15–0.49,9,Active,1.0,11.666666666666666,20,508609.14,0.1523048060253969
ACC04185,R36,Hospitality,244,2425253.79,0.6446,0.50–0.99,9,Active,1.0,6.666666666666667,10,857888.0,0.1742678248209642
ACC04186,R07,Retail,101,509973.18,0.7183,0.50–0.99,7,Active,0.3333333333333333,11.666666666666666,0,429643.52,0.3477858383269039
ACC04187,R47,Financial services,170,1350577.87,0.6325,0.50–0.99,7,Active,0.6666666666666666,10.0,10,482630.11,0.23858559474298394
ACC04188,R14,Professional services,170,1209480.86,2.2017,1.50–2.49,12,Active,1.0,10.0,-5,2758112.5,0.28324955655176814
ACC04189,R03,Technology,362,2853257.92,1.0628,1.00–1.49,2,Active,1.0,3.3333333333333335,-5,2111508.43,0.11855754380799761
ACC04190,R42,Retail,251,1808424.56,1.3276,1.00–1.49,7,Active,1.0,5.0,10,1511141.03,0.13891241701251683
ACC04191,R15,Professional services,394,2570104.45,0.4893,0.15–0.49,1,Active,0.6666666666666666,3.3333333333333335,5,539346.66,0.12337845163349587
ACC04192,R06,Professional services,137,1123911.59,2.1158,1.50–2.49,12,Active,1.0,1.6666666666666667,15,2838292.92,0.1820889479602476
ACC04193,R39,Technology,119,942862.74,0.7424,0.50–0.99,11,Active,0.3333333333333333,15.0,15,361231.59,0.2273727324449805
ACC04194,R45,Financial services,1140,8661210.33,1.3648,1.00–1.49,12,Active,1.0,1.6666666666666667,5,7321848.6,0.08053935007648498
ACC04195,R32,Logistics,134,1128067.16,0.316,0.15–0.49,4,Active,0.3333333333333333,11.666666666666666,10,504614.94,0.43952088750682033
ACC04196,R07,Hospitality,162,891099.54,0.6915,0.50–0.99,12,Active,1.0,-3.3333333333333335,0,676677.02,0.25485844159496807
ACC04197,R38,Professional services,209,1423969.39,0.9812,0.50–0.99,3,Active,1.0,8.333333333333334,0,765941.64,0.1741113142662978
ACC04198,R14,Professional services,175,1631374.96,1.3566,1.00–1.49,12,Active,0.6666666666666666,0.0,-15,1071686.74,0.15832591721756892
ACC04199,R11,Financial services,112,809240.36,0.8884,0.50–0.99,1,Active,1.0,8.333333333333334,0,301185.55,0.17339163236895794
ACC04200,R25,Manufacturing,273,1775343.37,1.2488,1.00–1.49,12,Active,1.0,15.0,15,1515033.99,0.12691943780261422
ACC04201,R42,Healthcare,62,436557.06,0.8877,0.50–0.99,6,Active,0.6666666666666666,0.0,-5,141488.37,0.31738426257701224
ACC04202,R35,Hospitality,379,2966090.71,0.7475,0.50–0.99,2,Active,0.6666666666666666,5.0,-5,1240766.16,0.11802168833912743
ACC04203,R13,Technology,216,1508264.38,4.7805,2.50–5.00,10,Active,1.0,-3.3333333333333335,-5,5364888.62,0.1567148486534464
ACC04204,R01,Professional services,318,2010821.51,1.2164,1.00–1.49,8,Active,1.0,15.0,25,2115087.69,0.11785004758474767
ACC04205,R21,Healthcare,387,2366695.39,0.808,0.50–0.99,10,Active,1.0,0.0,10,1248641.95,0.12348226229723706
ACC04206,R01,Manufacturing,156,972957.33,1.0779,1.00–1.49,9,Active,1.0,11.666666666666666,5,923435.0800000001,0.17471989330267035
ACC04207,R32,Financial services,320,2285121.55,1.9681,1.50–2.49,10,Active,1.0,16.666666666666668,10,4295452.75,0.12175025016449932
ACC04208,R42,Professional services,178,1549235.25,0.8893,0.50–0.99,7,Active,0.6666666666666666,8.333333333333334,15,654921.49,0.1776502163407195
ACC04209,R37,Manufacturing,113,853586.39,0.9555,0.50–0.99,3,Active,0.6666666666666666,10.0,5,394360.42000000004,0.2667377460835826
ACC04210,R48,Technology,182,1098474.06,0.3443,0.15–0.49,7,Active,0.6666666666666666,10.0,0,394814.08,0.31970977587023275
ACC04211,R22,Professional services,168,767221.25,0.4063,0.15–0.49,10,Active,1.0,5.0,15,287000.52999999997,0.2254121639670233
ACC04212,R33,Technology,195,1228440.77,1.1504,1.00–1.49,4,Active,0.6666666666666666,5.0,5,1239560.1,0.23203899395175667
ACC04213,R43,Manufacturing,159,1615898.42,3.6601,2.50–5.00,12,Active,1.0,5.0,-5,4010877.81,0.16097062540063467
ACC04214,R29,Financial services,149,980361.97,0.6271,0.50–0.99,1,Active,1.0,6.666666666666667,10,608184.73,0.16296481860523038
ACC04215,R47,Technology,120,860141.13,1.3181,1.00–1.49,5,Active,0.6666666666666666,11.666666666666666,10,548141.96,0.1824735862008401
ACC04216,R19,Financial services,509,3778039.88,1.7684,1.50–2.49,4,Active,0.6666666666666666,10.0,15,7122131.08,0.10808718120661671
ACC04217,R11,Hospitality,143,901647.08,3.2257,2.50–5.00,12,Active,1.0,8.333333333333334,0,4942959.5200000005,0.16025668667709062
ACC04218,R11,Manufacturing,260,1612762.97,0.3963,0.15–0.49,12,Active,0.3333333333333333,0.0,15,495304.84,0.18345815729319115
ACC04219,R08,Professional services,171,904068.8,0.8642,0.50–0.99,10,Active,1.0,3.3333333333333335,0,553842.57,0.20619125568931893
ACC04220,R37,Financial services,121,941521.75,0.8686,0.50–0.99,4,Active,1.0,3.3333333333333335,0,598657.32,0.5084388120464567
ACC04221,R42,Manufacturing,266,1659175.29,0.1637,0.15–0.49,9,Active,1.0,-5.0,-15,335203.79,0.15924933145515222
ACC04222,R45,Logistics,413,2609192.7,0.4494,0.15–0.49,4,Active,0.6666666666666666,3.3333333333333335,-5,735219.58,0.16525555359326685
ACC04223,R33,Manufacturing,90,562328.65,0.6039,0.50–0.99,7,Active,1.0,6.666666666666667,-10,352355.74,0.2808875457470105
ACC04224,R27,Professional services,152,1112117.27,0.7638,0.50–0.99,7,Active,1.0,0.0,0,442123.96,0.24301110276768312
ACC04225,R31,Retail,408,3520254.15,1.7413,1.50–2.49,11,Active,1.0,10.0,15,5307626.32,0.11056505864383338
ACC04226,R09,Retail,83,552407.37,0.437,0.15–0.49,6,Active,1.0,5.0,15,55979.21,0.25985155278171373
ACC04227,R30,Logistics,187,1519063.85,1.7274,1.50–2.49,1,Active,1.0,-1.6666666666666667,5,2960534.99,0.18733405425260755
ACC04228,R39,Healthcare,108,574388.57,0.2294,0.15–0.49,6,Active,0.6666666666666666,3.3333333333333335,-5,338146.49,0.284884141187976
ACC04229,R20,Logistics,252,1379167.4,0.428,0.15–0.49,11,Active,0.6666666666666666,3.3333333333333335,15,484326.11,0.23432660440454206
ACC04230,R41,Manufacturing,62,456769.92,0.9,0.50–0.99,4,Active,1.0,13.333333333333334,10,243617.19,0.2966475319885429
ACC04231,R44,Technology,62,480244.53,1.9543,1.50–2.49,9,Active,1.0,3.3333333333333335,0,772421.27,0.21199512332677858
ACC04232,R16,Technology,281,1683234.92,0.9152,0.50–0.99,10,Active,0.6666666666666666,13.333333333333334,10,738636.61,0.22200815089795964
ACC04233,R46,Technology,607,6113243.07,1.5964,1.50–2.49,8,Active,1.0,11.666666666666666,5,7202270.0,0.09248787927216053
ACC04234,R16,Retail,103,651240.88,0.411,0.15–0.49,2,Active,1.0,10.0,5,227824.41,0.30907251462825724
ACC04235,R14,Manufacturing,144,1348842.69,0.7635,0.50–0.99,9,Active,0.6666666666666666,20.0,20,592222.01,0.18962629662573433
ACC04236,R10,Retail,123,848003.04,0.5543,0.50–0.99,4,Active,0.3333333333333333,8.333333333333334,0,546243.83,0.23497288959065715
ACC04237,R38,Healthcare,94,669907.43,1.2041,1.00–1.49,8,Active,1.0,-1.6666666666666667,5,597193.71,0.2030608645917086
ACC04238,R44,Financial services,194,1049007.07,0.1652,0.15–0.49,8,Active,0.3333333333333333,1.6666666666666667,-15,436909.12,0.2250108878629089
ACC04239,R23,Retail,146,916421.49,0.29,0.15–0.49,8,Active,0.3333333333333333,1.6666666666666667,-5,205164.43,0.2087876982872065
ACC04240,R24,Financial services,206,1818735.1,0.8032,0.50–0.99,8,Active,1.0,6.666666666666667,5,907133.26,0.2680277821876789
ACC04241,R18,Manufacturing,201,2029423.07,1.4394,1.00–1.49,9,Active,0.6666666666666666,16.666666666666668,20,1385331.81,0.13636201544806184
ACC04242,R07,Financial services,167,981066.5,0.7791,0.50–0.99,6,Active,1.0,10.0,5,670382.96,0.3200654973328975
ACC04243,R07,Healthcare,419,2516249.74,0.1964,0.15–0.49,6,Active,0.3333333333333333,13.333333333333334,5,801387.37,0.18813216108233097
ACC04244,R40,Financial services,423,2480164.1,0.4656,0.15–0.49,10,Active,0.6666666666666666,1.6666666666666667,-10,713663.12,0.1410580325438204
ACC04245,R41,Manufacturing,340,1652088.26,0.9564,0.50–0.99,5,Active,1.0,5.0,-10,1327466.58,0.17526544522610527
ACC04246,R12,Financial services,207,1571247.08,0.9357,0.50–0.99,4,Active,1.0,-1.6666666666666667,-5,719077.31,0.2020759451999427
ACC04247,R46,Retail,186,1093377.33,1.4555,1.00–1.49,6,Active,1.0,3.3333333333333335,0,1259043.5,0.21044395005672992
ACC04248,R44,Hospitality,107,842087.07,2.4721,1.50–2.49,12,Active,0.6666666666666666,13.333333333333334,15,818370.78,0.268431334230517
ACC04249,R30,Retail,129,793091.53,0.5404,0.50–0.99,3,Active,1.0,-1.6666666666666667,-5,618842.33,0.3387689564004212
ACC04250,R14,Technology,821,4479305.56,0.4602,0.15–0.49,11,Active,0.6666666666666666,5.0,5,1098696.89,0.1123027094161233
ACC04251,R11,Professional services,96,442459.21,0.3484,0.15–0.49,1,Active,0.3333333333333333,11.666666666666666,15,242317.55000000002,0.2737212363032935
ACC04252,R22,Retail,132,903187.83,0.7462,0.50–0.99,8,Active,0.6666666666666666,11.666666666666666,15,551408.63,0.28604990987468754
ACC04253,R39,Professional services,432,2520933.49,0.5004,0.50–0.99,1,Active,0.6666666666666666,10.0,5,1570026.73,0.22172720507066626
ACC04254,R17,Retail,201,1475075.45,0.5261,0.50–0.99,2,Active,1.0,6.666666666666667,0,555093.25,0.19021585638057567
ACC04255,R37,Retail,182,1037637.53,1.0558,1.00–1.49,4,Active,1.0,5.0,0,1234793.48,0.1843074764007704
ACC04256,R39,Technology,409,2575258.32,1.2912,1.00–1.49,2,Active,1.0,3.3333333333333335,5,2414984.87,0.13732925885056382
ACC04257,R45,Retail,404,3334479.43,0.8363,0.50–0.99,11,Active,0.6666666666666666,6.666666666666667,15,1559706.57,0.12596953475475206
ACC04258,R40,Hospitality,406,3461173.3,0.9424,0.50–0.99,5,Active,1.0,-6.666666666666667,-10,1259262.21,0.12137689868757542
ACC04259,R38,Manufacturing,147,797760.03,0.976,0.50–0.99,9,Active,0.6666666666666666,1.6666666666666667,10,512393.22000000003,0.20162015529249963
ACC04260,R05,Retail,144,1005821.1,0.68,0.50–0.99,2,Active,0.6666666666666666,1.6666666666666667,-15,531879.44,0.24159894472431925
ACC04261,R22,Hospitality,126,827039.34,4.4527,2.50–5.00,3,Active,1.0,6.666666666666667,5,3515705.84,0.14830917592780649
ACC04262,R26,Technology,263,1656006.08,0.3027,0.15–0.49,4,Active,0.6666666666666666,11.666666666666666,0,262958.18,0.17255074868689607
ACC04263,R32,Technology,304,2295722.23,0.9636,0.50–0.99,2,Active,0.6666666666666666,10.0,20,1276203.75,0.1808214954581252
ACC04264,R36,Financial services,222,1186280.47,0.8077,0.50–0.99,8,Active,0.6666666666666666,6.666666666666667,5,528532.12,0.15376563476044103
ACC04265,R39,Technology,275,1722390.88,0.5566,0.50–0.99,12,Active,0.6666666666666666,5.0,10,1286873.48,0.16712448094052323
ACC04266,R21,Financial services,244,1527005.7,1.0445,1.00–1.49,6,Active,1.0,6.666666666666667,5,1511229.61,0.212016363579756
ACC04267,R34,Retail,62,558106.44,0.5194,0.50–0.99,7,Active,0.6666666666666666,6.666666666666667,0,338672.86000000004,0.4808770222368964
ACC04268,R36,Professional services,309,1821619.18,1.1494,1.00–1.49,3,Active,0.6666666666666666,8.333333333333334,10,1767031.94,0.13197393116166875
ACC04269,R22,Retail,205,1399631.97,0.1515,0.15–0.49,12,Active,0.6666666666666666,10.0,0,503179.81,0.23495404158488195
ACC04270,R36,Healthcare,991,6328156.59,1.2288,1.00–1.49,8,Active,0.6666666666666666,1.6666666666666667,-5,7100011.01,0.08686885178008782
ACC04271,R17,Healthcare,154,1178127.4,0.3784,0.15–0.49,10,Active,0.6666666666666666,6.666666666666667,-5,248823.87,0.1933839422479638
ACC04272,R15,Logistics,119,1058847.42,0.7041,0.50–0.99,8,Active,0.3333333333333333,3.3333333333333335,0,379199.15,0.23092348630636564
ACC04273,R23,Retail,233,1531672.1,0.2947,0.15–0.49,5,Active,1.0,3.3333333333333335,0,322749.17,0.19137724028610953
ACC04274,R28,Technology,692,5990695.17,0.5087,0.50–0.99,1,Active,0.6666666666666666,5.0,0,2013892.36,0.09671313155507089
ACC04275,R11,Logistics,629,3847777.15,0.9804,0.50–0.99,1,Active,0.6666666666666666,3.3333333333333335,10,2409946.66,0.11014462156662795
ACC04276,R14,Professional services,522,3220265.46,0.8313,0.50–0.99,7,Active,1.0,3.3333333333333335,5,2170594.48,0.1415426372479658
ACC04277,R19,Manufacturing,524,2437329.66,0.1651,0.15–0.49,2,Active,0.6666666666666666,5.0,15,742388.17,0.14675522781542322
ACC04278,R18,Healthcare,154,989187.09,0.6374,0.50–0.99,4,Active,1.0,3.3333333333333335,0,575300.56,0.29270501244277575
ACC04279,R20,Manufacturing,488,4618748.42,3.2125,2.50–5.00,3,Active,1.0,-1.6666666666666667,-5,14713204.36,0.10613006803022108
ACC04280,R05,Retail,153,821298.77,0.949,0.50–0.99,6,Active,1.0,3.3333333333333335,10,432352.23,0.16548669723415788
ACC04281,R09,Retail,202,1958117.29,0.8256,0.50–0.99,10,Active,0.6666666666666666,10.0,20,1000737.48,0.1597141157178133
ACC04282,R30,Retail,282,2330253.21,0.7345,0.50–0.99,9,Active,1.0,11.666666666666666,15,948405.67,0.13547037748474672
ACC04283,R41,Manufacturing,456,3390184.69,2.0615,1.50–2.49,11,Active,1.0,11.666666666666666,10,6220368.08,0.10553214906507373
ACC04284,R10,Manufacturing,240,1413296.19,0.4191,0.15–0.49,12,Active,0.3333333333333333,0.0,10,565763.48,0.20791616947836492
ACC04285,R43,Technology,116,964324.3,0.5723,0.50–0.99,1,Active,1.0,5.0,0,229460.95,0.19928888188306956
ACC04286,R03,Financial services,182,904934.98,0.31,0.15–0.49,9,Active,0.6666666666666666,5.0,5,308134.98,0.18795882702572353
ACC04287,R03,Financial services,184,1614773.82,1.3457,1.00–1.49,10,Active,1.0,6.666666666666667,10,1358802.45,0.29184801843994623
ACC04288,R05,Hospitality,175,1468929.7,0.1554,0.15–0.49,10,Active,1.0,5.0,5,335159.24,0.34073576168205216
ACC04289,R39,Logistics,459,2499471.05,0.64,0.50–0.99,7,Active,0.6666666666666666,0.0,0,1380207.42,0.1391865021941717
ACC04290,R45,Retail,422,2107486.97,0.3064,0.15–0.49,5,Active,0.6666666666666666,1.6666666666666667,10,719605.66,0.15261148561400908
ACC04291,R32,Technology,408,4057407.87,0.7289,0.50–0.99,10,Active,0.6666666666666666,8.333333333333334,0,1712868.78,0.1440591726273212
ACC04292,R04,Hospitality,321,2126978.04,1.3659,1.00–1.49,10,Active,0.6666666666666666,10.0,5,1432930.12,0.10374580172831868
ACC04293,R05,Manufacturing,125,730169.16,1.4867,1.00–1.49,5,Active,1.0,5.0,0,728521.65,0.2601867724174752
ACC04294,R24,Professional services,184,904860.28,0.862,0.50–0.99,4,Active,1.0,6.666666666666667,5,537951.83,0.18696066937658554
ACC04295,R37,Retail,217,1442576.9,0.5641,0.50–0.99,12,Active,0.6666666666666666,8.333333333333334,15,759065.88,0.1764277104153906
ACC04296,R25,Technology,253,1387445.7,0.6599,0.50–0.99,12,Active,0.6666666666666666,3.3333333333333335,5,777342.87,0.17556007128198842
ACC04297,R35,Retail,368,3532551.47,0.2911,0.15–0.49,12,Active,0.6666666666666666,11.666666666666666,25,547652.65,0.14163964991065847
ACC04298,R06,Retail,188,1403716.06,0.5326,0.50–0.99,8,Active,0.6666666666666666,3.3333333333333335,5,730309.8,0.20011597335515974
ACC04299,R35,Financial services,346,3251714.54,0.5406,0.50–0.99,6,Active,1.0,0.0,5,1072484.71,0.11887492091431083
ACC04300,R28,Manufacturing,141,1017861.9,1.6088,1.50–2.49,9,Active,1.0,6.666666666666667,-5,1855894.46,0.19312622247437566
ACC04301,R29,Professional services,201,1224478.08,0.2182,0.15–0.49,1,Active,1.0,0.0,-5,255607.5,0.24695985522791744
ACC04302,R12,Hospitality,191,1346671.68,1.4537,1.00–1.49,9,Active,1.0,20.0,10,1430445.18,0.17590095146703058
ACC04303,R14,Hospitality,132,1095809.63,0.3757,0.15–0.49,4,Active,1.0,3.3333333333333335,5,207154.72,0.2651159431207129
ACC04304,R45,Logistics,150,1002649.0,0.9759,0.50–0.99,4,Active,1.0,6.666666666666667,10,464407.37,0.206055557429304
ACC04305,R11,Technology,323,1798370.56,0.679,0.50–0.99,9,Active,0.6666666666666666,5.0,-15,1132883.27,0.13849161947661692
ACC04306,R44,Manufacturing,91,496757.95,0.8518,0.50–0.99,6,Active,1.0,5.0,10,328709.87,0.3669359657503371
ACC04307,R21,Hospitality,524,3482676.45,0.3286,0.15–0.49,7,Active,0.6666666666666666,5.0,0,923309.33,0.15116316925923298
ACC04308,R08,Technology,62,433212.89,0.7377,0.50–0.99,5,Active,1.0,5.0,-5,170619.86000000002,0.22346148944233102
ACC04309,R12,Technology,218,1237120.57,0.4712,0.15–0.49,10,Active,0.3333333333333333,0.0,10,298371.96,0.2245991016723648
ACC04310,R20,Professional services,473,2780224.8,1.3062,1.00–1.49,2,Active,1.0,8.333333333333334,15,3591545.17,0.15319602917896863
ACC04311,R46,Logistics,133,779116.16,0.772,0.50–0.99,9,Active,1.0,-3.3333333333333335,-10,307152.03,0.21720435160790863
ACC04312,R34,Financial services,81,436771.79,0.8574,0.50–0.99,4,Active,0.3333333333333333,15.0,10,227140.13,0.4029938037687434
ACC04313,R48,Financial services,76,606954.18,0.7668,0.50–0.99,11,Active,1.0,3.3333333333333335,15,240683.39,0.26278086866621575
ACC04314,R01,Technology,162,1105156.78,0.9896,0.50–0.99,10,Active,1.0,1.6666666666666667,10,668225.17,0.1630507044911999
ACC04315,R27,Professional services,144,1021257.6,0.6925,0.50–0.99,1,Active,0.6666666666666666,6.666666666666667,0,373381.79,0.20601078343888296
ACC04316,R23,Financial services,201,1390198.55,2.0017,1.50–2.49,12,Active,1.0,10.0,10,2066752.52,0.14207041075315166
ACC04317,R34,Logistics,577,3458372.73,0.9118,0.50–0.99,3,Active,0.6666666666666666,6.666666666666667,15,2000495.18,0.10751935410653124
ACC04318,R42,Hospitality,62,429059.17,0.4726,0.15–0.49,11,Active,0.6666666666666666,8.333333333333334,5,65652.07,0.2454857309045777
ACC04319,R27,Technology,324,1990988.73,0.9313,0.50–0.99,5,Active,0.6666666666666666,11.666666666666666,25,1095344.69,0.2667049224620055
ACC04320,R24,Financial services,163,1165280.37,0.9757,0.50–0.99,1,Active,0.6666666666666666,13.333333333333334,-5,442740.72000000003,0.1806901289200851
ACC04321,R31,Financial services,203,1185626.69,4.0792,2.50–5.00,10,Active,1.0,1.6666666666666667,0,5707762.28,0.12962570403851115
ACC04322,R29,Logistics,143,1123663.83,0.814,0.50–0.99,5,Active,1.0,11.666666666666666,15,820988.09,0.28687803894879477
ACC04323,R19,Hospitality,205,1557967.92,4.672,2.50–5.00,8,Active,1.0,10.0,5,7933541.47,0.14901081195919594
ACC04324,R32,Professional services,997,5301740.44,0.4354,0.15–0.49,2,Active,1.0,8.333333333333334,5,1991876.45,0.10707139486811777
ACC04325,R39,Technology,102,638662.35,0.6038,0.50–0.99,10,Active,0.3333333333333333,10.0,5,436810.3,0.26620519925705155
ACC04326,R16,Healthcare,111,753996.09,0.3427,0.15–0.49,12,Active,0.3333333333333333,3.3333333333333335,15,173771.05,0.2934946767354798
ACC04327,R06,Professional services,179,1451119.78,1.3893,1.00–1.49,11,Active,1.0,3.3333333333333335,0,1358913.36,0.17153508736260653
ACC04328,R01,Retail,924,7363042.9,1.8606,1.50–2.49,6,Active,1.0,11.666666666666666,25,11175355.72,0.06750683588821826
ACC04329,R36,Financial services,466,2821898.93,0.9528,0.50–0.99,8,Active,0.6666666666666666,1.6666666666666667,0,1435487.53,0.12147377823861147
ACC04330,R24,Technology,62,544222.2,0.6369,0.50–0.99,3,Active,0.6666666666666666,-3.3333333333333335,5,173938.49,0.287982726183641
ACC04331,R10,Professional services,330,2070117.08,0.4173,0.15–0.49,12,Active,0.6666666666666666,3.3333333333333335,10,439413.3,0.15200879792412136
ACC04332,R33,Financial services,200,1607210.91,3.044,2.50–5.00,3,Active,1.0,11.666666666666666,15,5291323.63,0.13798678021390992
ACC04333,R29,Technology,224,1572606.07,0.9375,0.50–0.99,11,Active,1.0,5.0,0,756230.84,0.15932004594818577
ACC04334,R09,Professional services,402,2598371.15,0.4325,0.15–0.49,9,Active,0.6666666666666666,11.666666666666666,5,734169.96,0.14069064501152964
ACC04335,R40,Retail,373,2657034.51,0.9353,0.50–0.99,12,Active,1.0,0.0,-5,1344097.23,0.1538519720181679
ACC04336,R44,Manufacturing,271,1782038.87,0.7307,0.50–0.99,7,Active,1.0,8.333333333333334,5,1199571.42,0.13124295699598676
ACC04337,R47,Hospitality,110,665061.56,0.225,0.15–0.49,10,Active,0.3333333333333333,16.666666666666668,10,199236.94,0.36874469707657953
ACC04338,R16,Financial services,80,520576.37,0.7493,0.50–0.99,12,Active,0.6666666666666666,13.333333333333334,10,327373.81,0.25190002424046104
ACC04339,R03,Logistics,73,539946.93,0.9147,0.50–0.99,1,Active,1.0,5.0,5,181516.49000000002,0.26122474196957
ACC04340,R29,Healthcare,155,741855.77,0.6483,0.50–0.99,3,Active,0.6666666666666666,13.333333333333334,-5,323872.92,0.17642454998826962
ACC04341,R27,Logistics,718,4188228.75,0.566,0.50–0.99,3,Active,0.3333333333333333,8.333333333333334,0,2501627.94,0.10922680869292474
ACC04342,R09,Logistics,756,6828747.12,2.3113,1.50–2.49,3,Active,1.0,10.0,10,10814316.45,0.08164326811525807
ACC04343,R19,Professional services,410,2081193.43,1.209,1.00–1.49,10,Active,1.0,-1.6666666666666667,-10,2973721.84,0.11704194481629158
ACC04344,R01,Financial services,165,1461628.18,2.9184,2.50–5.00,7,Active,1.0,13.333333333333334,10,4897479.16,0.14319591256589587
ACC04345,R30,Manufacturing,579,4732524.41,2.3837,1.50–2.49,8,Active,1.0,10.0,10,7433457.9,0.11953738527881438
ACC04346,R09,Hospitality,62,563398.75,0.5379,0.50–0.99,8,Active,0.6666666666666666,3.3333333333333335,0,186148.03,0.29506305407465894
ACC04347,R03,Financial services,65,345933.75,0.3596,0.15–0.49,1,Active,1.0,15.0,20,38194.9,0.29389873797268595
ACC04348,R22,Hospitality,127,1249045.54,2.0589,1.50–2.49,8,Active,1.0,3.3333333333333335,-10,1735008.37,0.1883551459136779
ACC04349,R44,Technology,168,828363.18,0.3762,0.15–0.49,12,Active,0.6666666666666666,5.0,-10,281104.37,0.2574864449656224
ACC04350,R15,Professional services,69,591452.43,2.0584,1.50–2.49,5,Active,1.0,6.666666666666667,10,814574.45,0.2093801909987846
ACC04351,R01,Professional services,95,714335.22,0.8072,0.50–0.99,7,Active,1.0,10.0,5,322363.58,0.2556131031367519
ACC04352,R30,Hospitality,621,4959510.38,0.8011,0.50–0.99,3,Active,0.6666666666666666,5.0,5,2255455.6,0.11231809584980229
ACC04353,R16,Hospitality,218,1825770.29,0.6403,0.50–0.99,12,Active,0.6666666666666666,-1.6666666666666667,-5,791633.71,0.1540915879239848
ACC04354,R15,Hospitality,505,3134109.59,1.9874,1.50–2.49,4,Active,0.6666666666666666,6.666666666666667,10,5836251.64,0.09972699884201565
ACC04355,R01,Professional services,564,3017147.09,1.688,1.50–2.49,8,Active,1.0,8.333333333333334,20,7479811.77,0.09461664576645393
ACC04356,R24,Financial services,71,537474.11,1.3346,1.00–1.49,2,Active,1.0,5.0,10,193651.02,0.24668783745204784
ACC04357,R10,Technology,376,3788374.19,3.8031,2.50–5.00,11,Active,1.0,8.333333333333334,15,10139168.74,0.10108180733534944
ACC04358,R03,Financial services,143,1150526.43,3.4798,2.50–5.00,5,Active,1.0,13.333333333333334,10,3835274.48,0.17249594266217402
ACC04359,R26,Retail,256,1530571.97,0.6097,0.50–0.99,12,Active,0.3333333333333333,10.0,0,644951.25,0.18297523125883655
ACC04360,R13,Retail,150,927986.14,0.6062,0.50–0.99,7,Active,1.0,1.6666666666666667,5,395238.84,0.21948984975483002
ACC04361,R05,Financial services,256,2044483.62,2.4088,1.50–2.49,8,Active,1.0,5.0,0,3482668.85,0.141201552622808
ACC04362,R43,Manufacturing,285,1942340.95,0.6359,0.50–0.99,9,Active,0.6666666666666666,16.666666666666668,15,923467.96,0.1874472998866313
ACC04363,R22,Manufacturing,286,1671716.95,1.2881,1.00–1.49,9,Active,1.0,15.0,0,1686419.1199999999,0.15328363584728774
ACC04364,R32,Professional services,191,1173413.88,0.5936,0.50–0.99,7,Active,1.0,-1.6666666666666667,5,598586.11,0.1841769368046438
ACC04365,R29,Financial services,278,1843309.25,1.1017,1.00–1.49,10,Active,1.0,1.6666666666666667,5,1857615.08,0.13039285812773554
ACC04366,R31,Retail,761,6594934.68,1.8982,1.50–2.49,8,Active,0.6666666666666666,15.0,25,10971449.36,0.07324543164374958
ACC04367,R01,Professional services,266,1303407.4,0.6706,0.50–0.99,1,Active,0.3333333333333333,16.666666666666668,20,674674.78,0.1350190701849396
ACC04368,R44,Hospitality,197,1006252.83,1.272,1.00–1.49,7,Active,1.0,-1.6666666666666667,-5,1257891.27,0.17661349907805712
ACC04369,R22,Technology,238,1979605.02,2.4815,1.50–2.49,11,Active,0.6666666666666666,11.666666666666666,25,3354676.5,0.16330090252578153
ACC04370,R25,Logistics,191,1622244.62,1.0917,1.00–1.49,12,Active,0.6666666666666666,13.333333333333334,15,1158168.42,0.1529462793328771
ACC04371,R12,Hospitality,121,875629.45,0.9523,0.50–0.99,10,Active,1.0,5.0,5,278375.68,0.1850726887391745
ACC04372,R32,Healthcare,310,1824508.44,1.056,1.00–1.49,9,Active,1.0,5.0,0,2228479.44,0.15760681365713974
ACC04373,R09,Retail,153,873032.86,1.2007,1.00–1.49,9,Active,1.0,-8.333333333333334,-5,1067820.72,0.20952586698118347
ACC04374,R35,Logistics,542,3542903.01,0.8849,0.50–0.99,7,Active,1.0,8.333333333333334,15,1917616.81,0.10907621593553145
ACC04375,R32,Hospitality,97,615849.2,0.3877,0.15–0.49,7,Active,1.0,1.6666666666666667,20,80641.71,0.2877646926645544
ACC04376,R23,Technology,665,4980387.43,1.3343,1.00–1.49,9,Active,1.0,8.333333333333334,15,4593568.14,0.0890601524143797
ACC04377,R47,Technology,130,991577.69,0.742,0.50–0.99,3,Active,1.0,1.6666666666666667,15,849492.4600000001,0.4188607610676807
ACC04378,R04,Logistics,419,3184687.27,1.1872,1.00–1.49,3,Active,1.0,10.0,5,2570429.02,0.1297279472094242
ACC04379,R43,Retail,222,1701282.39,2.2006,1.50–2.49,3,Active,1.0,3.3333333333333335,15,2272108.25,0.13039953839671553
ACC04380,R13,Retail,916,5078266.61,0.3231,0.15–0.49,3,Active,0.6666666666666666,10.0,5,1848031.06,0.13720483513079618
ACC04381,R46,Healthcare,105,568874.94,0.1729,0.15–0.49,9,Active,0.6666666666666666,8.333333333333334,5,194056.15,0.23016229936972685
ACC04382,R01,Retail,239,1730280.28,0.5614,0.50–0.99,3,Active,1.0,10.0,15,984463.24,0.18051947508230692
ACC04383,R23,Professional services,380,2012569.34,1.3618,1.00–1.49,11,Active,1.0,8.333333333333334,15,2540047.13,0.1176912501313067
ACC04384,R40,Retail,218,1607115.35,0.2788,0.15–0.49,11,Active,0.3333333333333333,5.0,0,492331.74,0.24410650091693886
ACC04385,R09,Technology,481,2855498.26,1.1127,1.00–1.49,3,Active,1.0,1.6666666666666667,0,2869071.26,0.11124298194092894
ACC04386,R19,Retail,307,2242323.6,0.5354,0.50–0.99,8,Active,1.0,10.0,10,1373130.8599999999,0.18862846939985778
ACC04387,R30,Professional services,230,1490097.22,0.8939,0.50–0.99,2,Active,1.0,0.0,-5,1063442.77,0.19331095661104972
ACC04388,R38,Hospitality,387,2242322.95,0.2582,0.15–0.49,5,Active,0.6666666666666666,3.3333333333333335,5,537191.41,0.15261344228413912
ACC04389,R27,Hospitality,89,568336.54,0.952,0.50–0.99,11,Active,1.0,5.0,5,219666.68,0.5323619470900114
ACC04390,R32,Financial services,243,1381505.49,0.8824,0.50–0.99,4,Active,1.0,15.0,5,836707.38,0.14110864376078702
ACC04391,R29,Professional services,396,2862093.45,0.7324,0.50–0.99,3,Active,0.6666666666666666,8.333333333333334,-5,1390555.35,0.12963366105281787
ACC04392,R05,Hospitality,312,3259593.45,2.4104,1.50–2.49,4,Active,1.0,5.0,10,4426484.08,0.132559100180016
ACC04393,R36,Retail,466,2729690.84,0.7944,0.50–0.99,11,Active,0.6666666666666666,10.0,-10,1365736.63,0.12105205634909016
ACC04394,R29,Manufacturing,190,1307355.67,0.6851,0.50–0.99,2,Active,0.6666666666666666,3.3333333333333335,5,806889.48,0.21087243180872245
ACC04395,R40,Healthcare,406,3628456.3,0.7838,0.50–0.99,9,Active,0.6666666666666666,11.666666666666666,10,1434097.35,0.15664169721724558
ACC04396,R22,Healthcare,194,1311879.31,1.4571,1.00–1.49,3,Active,1.0,5.0,5,1397085.81,0.15348761960415033
ACC04397,R10,Logistics,507,3695468.71,0.5026,0.50–0.99,11,Active,1.0,15.0,10,1626317.92,0.12275160473451044
ACC04398,R32,Hospitality,1107,6335905.14,0.3325,0.15–0.49,1,Active,1.0,16.666666666666668,10,1931235.81,0.09272796635447068
ACC04399,R35,Professional services,128,1042597.93,1.3874,1.00–1.49,7,Active,1.0,8.333333333333334,20,695548.63,0.2303784791342416
ACC04400,R48,Retail,716,4880498.04,0.8794,0.50–0.99,1,Active,1.0,6.666666666666667,10,2124974.84,0.09725057969173519
ACC04401,R03,Financial services,180,1342883.32,3.3534,2.50–5.00,5,Active,1.0,3.3333333333333335,10,4551958.95,0.12732026836632832
ACC04402,R32,Healthcare,96,481132.93,0.5691,0.50–0.99,8,Active,1.0,5.0,10,238906.43,0.21943750643556964
ACC04403,R33,Manufacturing,278,2584476.33,2.0137,1.50–2.49,2,Active,1.0,0.0,5,3555599.51,0.1160843428032933
ACC04404,R03,Retail,62,446447.37,0.5221,0.50–0.99,3,Active,0.6666666666666666,6.666666666666667,-5,143581.19,0.38538216896099925
ACC04405,R27,Manufacturing,821,5284779.69,0.9384,0.50–0.99,10,Active,1.0,0.0,5,3298500.96,0.1201983545683628
ACC04406,R20,Healthcare,222,1541441.52,1.4691,1.00–1.49,2,Active,0.3333333333333333,3.3333333333333335,-10,1184156.04,0.1501300926591112
ACC04407,R12,Healthcare,242,1749465.04,0.9533,0.50–0.99,12,Active,1.0,11.666666666666666,5,691714.36,0.16483366491892917
ACC04408,R32,Technology,193,1371506.93,1.6224,1.50–2.49,7,Active,0.6666666666666666,-1.6666666666666667,5,2367799.7,0.1476389934089605
ACC04409,R01,Retail,191,1318251.67,0.7305,0.50–0.99,12,Active,1.0,0.0,15,477321.98,0.17739084543757605
ACC04410,R14,Technology,150,1061296.81,1.3433,1.00–1.49,3,Active,1.0,3.3333333333333335,-5,821607.13,0.19047223844523115
ACC04411,R30,Retail,203,1349033.23,1.357,1.00–1.49,3,Active,1.0,6.666666666666667,0,1093622.38,0.14435414829370088
ACC04412,R34,Healthcare,307,2833460.87,3.4755,2.50–5.00,4,Active,1.0,-5.0,0,9877967.07,0.11819989100710489
ACC04413,R14,Hospitality,598,4708557.76,1.2699,1.00–1.49,12,Active,1.0,5.0,10,3317406.95,0.08532358050097844
ACC04414,R34,Financial services,212,1052301.8,0.8268,0.50–0.99,10,Active,1.0,3.3333333333333335,5,830978.05,0.16651115111226425
ACC04415,R48,Logistics,431,3221338.27,0.7008,0.50–0.99,7,Active,0.6666666666666666,6.666666666666667,10,1488771.24,0.1401666422495063
ACC04416,R28,Hospitality,358,2635090.92,3.7462,2.50–5.00,10,Active,1.0,-1.6666666666666667,-5,8208535.8100000005,0.09133366118068352
ACC04417,R46,Retail,149,1279685.3,0.8041,0.50–0.99,3,Active,0.6666666666666666,11.666666666666666,0,722473.2,0.26234448621735407
ACC04418,R17,Healthcare,69,535712.88,0.1769,0.15–0.49,10,Active,0.3333333333333333,6.666666666666667,0,87794.42,0.34406059264182937
ACC04419,R39,Retail,301,2365797.59,4.8928,2.50–5.00,1,Active,1.0,3.3333333333333335,20,9775562.58,0.11618808554722013
ACC04420,R02,Healthcare,312,2551187.88,0.8887,0.50–0.99,4,Active,1.0,-3.3333333333333335,-10,1139074.34,0.16255872287744727
ACC04421,R36,Healthcare,102,709518.32,3.1285,2.50–5.00,1,Active,1.0,3.3333333333333335,15,2568461.97,0.17313081909588557
ACC04422,R03,Financial services,164,1339760.85,2.4425,1.50–2.49,9,Active,1.0,13.333333333333334,20,2618628.2800000003,0.2834907161128547
ACC04423,R26,Logistics,344,2405057.7,0.6736,0.50–0.99,10,Active,1.0,-3.3333333333333335,-15,1360669.58,0.19660091951258318
ACC04424,R01,Technology,389,2948975.98,0.561,0.50–0.99,1,Active,0.6666666666666666,18.333333333333332,25,1521119.97,0.16232688782267995
ACC04425,R10,Logistics,171,898525.51,0.5021,0.50–0.99,7,Active,1.0,6.666666666666667,15,725519.46,0.25322346027092574
ACC04426,R28,Hospitality,125,956711.09,0.2312,0.15–0.49,5,Active,0.6666666666666666,3.3333333333333335,-10,180003.03,0.17558595943014382
ACC04427,R03,Retail,284,2244327.12,0.8432,0.50–0.99,7,Active,1.0,11.666666666666666,15,1028558.01,0.1623871052489508
ACC04428,R21,Financial services,64,414395.84,0.9273,0.50–0.99,3,Active,1.0,6.666666666666667,5,188107.52,0.28623289839491883
ACC04429,R44,Manufacturing,111,821441.65,0.4267,0.15–0.49,4,Active,1.0,6.666666666666667,5,134303.38,0.2502919175978453
ACC04430,R11,Logistics,160,1142240.3,0.344,0.15–0.49,9,Active,1.0,8.333333333333334,20,209193.26,0.18214228783603476
ACC04431,R15,Manufacturing,842,8414120.82,0.1628,0.15–0.49,1,Active,1.0,3.3333333333333335,0,1611263.26,0.10784713385320906
ACC04432,R16,Technology,503,4212850.73,0.5586,0.50–0.99,9,Active,0.3333333333333333,6.666666666666667,25,1707656.45,0.1261853625458477
ACC04433,R44,Manufacturing,463,2443186.77,2.4251,1.50–2.49,12,Active,1.0,3.3333333333333335,-10,6317608.35,0.09347227391668443
ACC04434,R33,Professional services,127,792630.62,4.4736,2.50–5.00,4,Active,1.0,5.0,5,3829949.37,0.15025769301184164
ACC04435,R39,Retail,146,976222.64,0.2852,0.15–0.49,9,Active,0.6666666666666666,11.666666666666666,15,105716.17,0.2273859837621296
ACC04436,R02,Technology,947,6367394.92,1.1692,1.00–1.49,5,Active,1.0,1.6666666666666667,5,6281156.19,0.08300627772157451
ACC04437,R09,Financial services,96,479664.37,0.969,0.50–0.99,3,Active,1.0,5.0,10,275077.69,0.24047207499387638
ACC04438,R38,Manufacturing,411,2833095.25,0.1547,0.15–0.49,3,Active,0.6666666666666666,-3.3333333333333335,-10,747204.45,0.17245382339041765
ACC04439,R46,Logistics,65,308852.32,0.2354,0.15–0.49,10,Active,0.0,1.6666666666666667,-5,52751.67,0.26948486965668694
ACC04440,R42,Professional services,311,2897501.46,1.8456,1.50–2.49,7,Active,1.0,10.0,20,4557942.41,0.11762013216113647
ACC04441,R47,Technology,191,1310244.9,1.4428,1.00–1.49,7,Active,1.0,10.0,10,1095421.75,0.15753968867605192
ACC04442,R19,Retail,181,944224.32,0.8056,0.50–0.99,11,Active,1.0,15.0,15,502983.61,0.2062146189056405
ACC04443,R21,Retail,81,587357.14,3.7399,2.50–5.00,12,Active,1.0,10.0,10,1976016.45,0.20970806032204262
ACC04444,R04,Hospitality,183,1190340.3,1.6002,1.50–2.49,11,Active,1.0,8.333333333333334,10,2124940.16,0.13381700319475123
ACC04445,R13,Financial services,394,3060478.78,4.4845,2.50–5.00,7,Active,1.0,15.0,25,10485325.17,0.09898233963552715
ACC04446,R38,Professional services,195,1881392.03,1.4668,1.00–1.49,3,Active,1.0,6.666666666666667,10,1086536.43,0.19034052209122812
ACC04447,R44,Healthcare,235,1810580.83,0.8556,0.50–0.99,4,Active,1.0,5.0,5,752218.11,0.15650525740631757
ACC04448,R17,Logistics,583,4375999.89,0.4824,0.15–0.49,4,Active,1.0,5.0,-5,941818.88,0.1158598996002224
ACC04449,R47,Retail,66,472141.79,0.9262,0.50–0.99,4,Active,1.0,3.3333333333333335,0,243804.24,0.3673453733366095
ACC04450,R28,Hospitality,601,6245971.16,3.0944,2.50–5.00,10,Active,1.0,18.333333333333332,15,15819126.93,0.0939770288922503
ACC04451,R31,Healthcare,193,1505214.94,0.8549,0.50–0.99,9,Active,1.0,-5.0,0,600150.59,0.2545272471349717
ACC04452,R15,Retail,133,770513.93,0.2917,0.15–0.49,10,Active,1.0,1.6666666666666667,5,346404.21,0.3385414176595664
ACC04453,R42,Hospitality,97,654667.55,1.3509,1.00–1.49,2,Active,0.6666666666666666,3.3333333333333335,-5,521833.45,0.2544409267152336
ACC04454,R14,Hospitality,488,3004166.12,0.9325,0.50–0.99,7,Active,0.6666666666666666,18.333333333333332,25,2229466.77,0.2731203532009389
ACC04455,R32,Financial services,535,2767246.1,3.2933,2.50–5.00,12,Active,1.0,-1.6666666666666667,-5,14322720.22,0.0786733773804182
ACC04456,R29,Manufacturing,105,559678.54,0.353,0.15–0.49,10,Active,1.0,8.333333333333334,15,141594.41,0.2131545513623274
ACC04457,R18,Manufacturing,310,2001188.47,1.6381,1.50–2.49,8,Active,1.0,0.0,-5,5009958.49,0.14472636395016028
ACC04458,R06,Manufacturing,630,3669123.54,0.6654,0.50–0.99,12,Active,0.6666666666666666,10.0,20,2284873.78,0.10254860509205642
ACC04459,R38,Logistics,374,1721908.24,0.3676,0.15–0.49,10,Active,0.6666666666666666,3.3333333333333335,10,596324.8200000001,0.1513899920867951
ACC04460,R32,Logistics,405,3727371.08,1.364,1.00–1.49,6,Active,1.0,6.666666666666667,5,2898511.63,0.11449518065198167
ACC04461,R31,Logistics,85,486358.26,0.6009,0.50–0.99,4,Active,0.6666666666666666,1.6666666666666667,10,301235.74,0.2310793212102356
ACC04462,R44,Healthcare,327,2332820.65,1.8458,1.50–2.49,9,Active,1.0,10.0,10,4583886.59,0.11259826083523425
ACC04463,R47,Professional services,549,4850924.69,2.5401,2.50–5.00,2,Active,1.0,5.0,5,14060651.05,0.10215710679196086
ACC04464,R21,Professional services,213,1478177.5,0.4346,0.15–0.49,3,Active,0.3333333333333333,13.333333333333334,10,268801.79,0.1688239837577683
ACC04465,R41,Professional services,313,1980491.3,0.7911,0.50–0.99,11,Active,1.0,5.0,-5,1219775.81,0.15103649987429119
ACC04466,R46,Logistics,146,1002903.51,4.5429,2.50–5.00,4,Active,1.0,11.666666666666666,15,4493419.28,0.15761179165437095
ACC04467,R22,Professional services,432,3229688.2,2.2678,1.50–2.49,3,Active,1.0,8.333333333333334,10,5927088.86,0.11068068692419995
ACC04468,R06,Manufacturing,159,977584.88,0.8548,0.50–0.99,12,Active,1.0,3.3333333333333335,0,568441.13,0.20165813139869646
ACC04469,R40,Healthcare,184,969787.14,0.2939,0.15–0.49,10,Active,0.6666666666666666,8.333333333333334,5,423575.31,0.2049370247288814
ACC04470,R19,Retail,284,1721457.01,1.4142,1.00–1.49,1,Active,1.0,0.0,-5,2110066.78,0.1308920786143039
ACC04471,R30,Retail,196,1247943.14,0.6507,0.50–0.99,2,Active,0.6666666666666666,16.666666666666668,5,846963.8099999999,0.19236971713105103
ACC04472,R26,Financial services,238,1622363.06,0.3417,0.15–0.49,4,Active,1.0,10.0,15,476370.7,0.21913806265060828
ACC04473,R01,Technology,150,1492450.9,2.1109,1.50–2.49,1,Active,1.0,10.0,15,1698200.9,0.1746896561541326
ACC04474,R46,Professional services,296,1839357.13,0.5781,0.50–0.99,11,Active,0.6666666666666666,3.3333333333333335,15,1108077.42,0.14538991841163554
ACC04475,R22,Healthcare,154,971013.36,0.8342,0.50–0.99,6,Active,1.0,3.3333333333333335,0,519099.68,0.2133713414146812
ACC04476,R18,Technology,119,802767.11,0.7489,0.50–0.99,6,Active,0.6666666666666666,16.666666666666668,25,395697.56,0.19398530432960132
ACC04477,R08,Retail,272,1798459.67,0.6438,0.50–0.99,7,Active,0.6666666666666666,5.0,15,817133.83,0.11917297288084679
ACC04478,R05,Logistics,213,1723641.31,0.9096,0.50–0.99,2,Active,0.6666666666666666,16.666666666666668,20,666293.01,0.16571499840151835
ACC04479,R17,Retail,62,359750.56,1.4077,1.00–1.49,10,Active,1.0,1.6666666666666667,5,355605.83,0.2614242980360577
ACC04480,R02,Hospitality,547,3622930.16,0.7248,0.50–0.99,5,Active,1.0,3.3333333333333335,-10,2410352.52,0.10646180803922488
ACC04481,R07,Manufacturing,343,2315576.8,0.7776,0.50–0.99,1,Active,0.6666666666666666,5.0,20,1165531.52,0.14392667136027598
ACC04482,R41,Healthcare,62,357005.7,1.0577,1.00–1.49,8,Active,1.0,8.333333333333334,10,455329.70999999996,0.3894276616277532
ACC04483,R35,Manufacturing,610,4397934.09,1.6706,1.50–2.49,11,Active,1.0,1.6666666666666667,-5,8589575.34,0.07906266390731688
ACC04484,R39,Logistics,233,2027037.8,2.2225,1.50–2.49,10,Active,1.0,10.0,15,2944378.1,0.12266091313734687
ACC04485,R38,Manufacturing,205,2058825.84,1.1133,1.00–1.49,8,Active,1.0,0.0,0,1160390.4,0.17742449036746508
ACC04486,R05,Manufacturing,159,1124151.5,1.2937,1.00–1.49,2,Active,0.6666666666666666,1.6666666666666667,10,921618.54,0.2067212893755281
ACC04487,R01,Technology,153,1200770.06,1.1758,1.00–1.49,6,Active,1.0,6.666666666666667,15,1227725.98,0.14890591041089996
ACC04488,R07,Healthcare,381,1810972.17,0.7322,0.50–0.99,11,Active,1.0,5.0,-10,1484273.92,0.1634037675138247
ACC04489,R07,Technology,224,1307363.72,0.9745,0.50–0.99,6,Active,1.0,5.0,0,922289.66,0.16951059129488968
ACC04490,R11,Technology,255,1854992.24,0.6035,0.50–0.99,6,Active,1.0,10.0,15,913256.0599999999,0.1618762409845291
ACC04491,R01,Retail,427,1685749.56,0.5978,0.50–0.99,1,Active,0.6666666666666666,0.0,5,1437044.05,0.15395680506481052
ACC04492,R03,Healthcare,196,1082659.0,0.8702,0.50–0.99,7,Active,1.0,-11.666666666666666,-10,740400.37,0.2370704020236555
ACC04493,R44,Financial services,330,2471000.77,0.5696,0.50–0.99,6,Active,0.6666666666666666,5.0,0,973157.89,0.17659493845389904
ACC04494,R32,Financial services,388,2224249.66,0.8427,0.50–0.99,11,Active,1.0,-3.3333333333333335,10,1656651.1,0.11570543221163157
ACC04495,R24,Healthcare,62,393995.9,0.5816,0.50–0.99,11,Active,1.0,5.0,5,332211.1,0.5184111966703365
ACC04496,R20,Manufacturing,292,2107411.21,0.8488,0.50–0.99,10,Active,1.0,10.0,5,1067772.13,0.1491474135606752
ACC04497,R36,Professional services,138,867146.2,0.2636,0.15–0.49,7,Active,1.0,8.333333333333334,0,157520.06,0.1989121181511779
ACC04498,R09,Healthcare,271,1652389.75,0.863,0.50–0.99,10,Active,1.0,0.0,25,869520.26,0.15951365902839357
ACC04499,R12,Hospitality,83,509275.36,0.3865,0.15–0.49,3,Active,1.0,13.333333333333334,20,167286.91,0.2850738161634607
ACC04500,R13,Hospitality,188,1451814.0,1.3305,1.00–1.49,2,Active,1.0,-6.666666666666667,-5,1155588.69,0.19959934889314587
ACC04501,R19,Hospitality,157,918931.88,0.6614,0.50–0.99,12,Active,0.6666666666666666,6.666666666666667,15,490607.99,0.2108054687633296
ACC04502,R06,Retail,130,783531.3,0.864,0.50–0.99,2,Active,1.0,5.0,-5,397095.69,0.24402394404313818
ACC04503,R11,Technology,1236,10525484.73,0.6625,0.50–0.99,10,Active,1.0,13.333333333333334,25,4639501.76,0.07799859680510905
ACC04504,R08,Financial services,1119,8104143.34,0.5039,0.50–0.99,11,Active,0.3333333333333333,13.333333333333334,5,4296382.3,0.08644345144947149
ACC04505,R31,Professional services,322,2046292.49,0.8065,0.50–0.99,2,Active,1.0,11.666666666666666,20,979303.74,0.156361452989636
ACC04506,R46,Financial services,572,4400052.61,0.1888,0.15–0.49,4,Active,1.0,5.0,15,1032671.52,0.11906947931650118
ACC04507,R10,Healthcare,230,1749660.48,0.5587,0.50–0.99,4,Active,0.6666666666666666,5.0,0,546204.74,0.15141165798258088
ACC04508,R34,Financial services,451,3004954.61,0.3915,0.15–0.49,9,Active,1.0,11.666666666666666,10,850598.92,0.14027552495548382
ACC04509,R43,Healthcare,332,2024159.61,0.6853,0.50–0.99,4,Active,1.0,8.333333333333334,10,1147712.99,0.12659867323181656
ACC04510,R02,Professional services,251,1699938.28,0.7047,0.50–0.99,1,Active,1.0,11.666666666666666,5,807771.49,0.1418074263157766
ACC04511,R09,Manufacturing,391,3129518.87,3.0025,2.50–5.00,10,Active,1.0,6.666666666666667,10,10120895.69,0.10429944630956083
ACC04512,R15,Logistics,414,2975554.37,0.2132,0.15–0.49,2,Active,1.0,0.0,-15,645540.37,0.12979473137194408
ACC04513,R47,Healthcare,167,1088302.06,0.6556,0.50–0.99,9,Active,0.6666666666666666,18.333333333333332,25,766041.84,0.16936324598072097
ACC04514,R37,Financial services,200,1399545.08,0.5185,0.50–0.99,3,Active,0.6666666666666666,-3.3333333333333335,-5,684833.54,0.22955234812674255
ACC04515,R28,Financial services,154,1017614.35,0.8925,0.50–0.99,9,Active,1.0,0.0,-15,572836.56,0.18724659519407585
ACC04516,R48,Manufacturing,120,952794.5,1.2145,1.00–1.49,12,Active,1.0,1.6666666666666667,-10,1037398.66,0.19390573689664573
ACC04517,R46,Manufacturing,325,2366149.25,1.8145,1.50–2.49,8,Active,0.6666666666666666,0.0,0,5206386.95,0.16487753017456544
ACC04518,R24,Healthcare,496,3718797.96,0.1678,0.15–0.49,1,Active,0.6666666666666666,1.6666666666666667,-10,568423.88,0.10916407720098348
ACC04519,R02,Manufacturing,166,1319264.32,1.5254,1.50–2.49,12,Active,1.0,1.6666666666666667,5,1970330.82,0.17807300799363351
ACC04520,R45,Technology,143,796226.65,1.2731,1.00–1.49,9,Active,1.0,6.666666666666667,0,839805.86,0.2244487643363289
ACC04521,R43,Financial services,208,1278468.53,0.6741,0.50–0.99,7,Active,0.6666666666666666,11.666666666666666,-5,688573.8,0.21762860045654117
ACC04522,R46,Retail,229,1304349.81,0.1525,0.15–0.49,8,Active,0.6666666666666666,1.6666666666666667,-5,274260.08999999997,0.18450602699701873
ACC04523,R19,Healthcare,62,373214.92,0.6567,0.50–0.99,10,Active,0.6666666666666666,5.0,20,127876.9,0.2233952144759986
ACC04524,R29,Hospitality,225,1484776.47,0.2407,0.15–0.49,8,Active,1.0,8.333333333333334,5,366440.42,0.26424897560662264
ACC04525,R48,Retail,230,1159781.82,0.3804,0.15–0.49,12,Active,1.0,5.0,-5,429375.37,0.18759604425701534
ACC04526,R36,Professional services,283,1691187.02,2.3716,1.50–2.49,1,Active,1.0,5.0,15,4036498.63,0.1472490739352538
ACC04527,R25,Professional services,1094,7821209.4,1.4229,1.00–1.49,5,Active,1.0,5.0,25,6990489.5,0.07114776927944712
ACC04528,R29,Financial services,98,697719.87,2.8244,2.50–5.00,9,Active,0.6666666666666666,13.333333333333334,15,2699906.59,0.17496474469091022
ACC04529,R22,Technology,760,5358139.78,0.617,0.50–0.99,10,Active,0.6666666666666666,0.0,-10,2355918.33,0.086214284786034
ACC04530,R03,Retail,248,1362157.46,0.2164,0.15–0.49,11,Active,0.6666666666666666,3.3333333333333335,0,423104.08999999997,0.20335607572184358
ACC04531,R35,Manufacturing,379,2176733.6,0.7086,0.50–0.99,12,Active,0.6666666666666666,11.666666666666666,10,1175695.72,0.1290741731142797
ACC04532,R08,Technology,98,709115.8,0.4832,0.15–0.49,3,Active,0.6666666666666666,6.666666666666667,5,289202.62,0.3027824212428863
ACC04533,R11,Retail,426,2835616.22,0.6901,0.50–0.99,10,Active,1.0,15.0,25,1450277.62,0.20163899256350476
ACC04534,R38,Hospitality,351,2868590.94,1.3347,1.00–1.49,1,Active,1.0,1.6666666666666667,-10,2143424.46,0.11933758857020871
ACC04535,R33,Financial services,404,2425058.46,0.6999,0.50–0.99,6,Active,1.0,-1.6666666666666667,-5,1303360.08,0.12699399580375786
ACC04536,R27,Professional services,159,959463.1,0.1898,0.15–0.49,12,Active,0.6666666666666666,6.666666666666667,20,212628.79,0.23723694572998438
ACC04537,R25,Hospitality,86,431607.0,0.1765,0.15–0.49,5,Active,1.0,8.333333333333334,20,69174.22,0.33585938189685216
ACC04538,R17,Financial services,491,3795458.63,0.4034,0.15–0.49,4,Active,1.0,6.666666666666667,15,669496.21,0.12686315428244851
ACC04539,R27,Healthcare,66,499023.97,0.6164,0.50–0.99,3,Active,1.0,8.333333333333334,10,226095.99,0.3045078924048558
ACC04540,R27,Hospitality,378,2573284.98,0.9466,0.50–0.99,8,Active,0.6666666666666666,5.0,-15,1342978.42,0.12323978859572096
ACC04541,R22,Retail,325,2758349.26,0.3328,0.15–0.49,5,Active,0.6666666666666666,6.666666666666667,15,600705.27,0.15644874771244957
ACC04542,R11,Financial services,251,1644081.26,0.1655,0.15–0.49,2,Active,0.6666666666666666,5.0,5,476140.57,0.15913854226260826
ACC04543,R05,Healthcare,257,2006663.64,0.6288,0.50–0.99,7,Active,0.6666666666666666,10.0,25,1131463.64,0.18325880965828
ACC04544,R05,Professional services,802,4869819.12,0.7995,0.50–0.99,8,Active,1.0,3.3333333333333335,0,3030873.66,0.10334133753904978
ACC04545,R25,Hospitality,62,295019.86,0.3926,0.15–0.49,10,Active,1.0,-5.0,-10,47873.5,0.38518606885100176
ACC04546,R31,Hospitality,311,1529064.03,0.7977,0.50–0.99,2,Active,1.0,11.666666666666666,20,1052835.8,0.11688849090106003
ACC04547,R16,Hospitality,142,990623.47,0.6773,0.50–0.99,6,Active,0.6666666666666666,1.6666666666666667,15,622927.6900000001,0.2262762730341852
ACC04548,R40,Professional services,250,1982252.87,0.8643,0.50–0.99,4,Active,1.0,6.666666666666667,10,611022.6799999999,0.15067010955638357
ACC04549,R30,Financial services,307,2417207.76,1.5616,1.50–2.49,12,Active,0.3333333333333333,13.333333333333334,15,4105724.66,0.12696718131324214
ACC04550,R01,Healthcare,194,1559480.52,0.8652,0.50–0.99,1,Active,1.0,10.0,15,629159.43,0.21202760310957777
ACC04551,R34,Logistics,1260,7106804.65,0.5299,0.50–0.99,11,Active,1.0,11.666666666666666,25,4585894.09,0.07710442620815232
ACC04552,R22,Technology,269,1819548.56,0.8148,0.50–0.99,5,Active,0.6666666666666666,10.0,5,998021.9299999999,0.16796099270866519
ACC04553,R15,Retail,69,376899.01,0.8872,0.50–0.99,10,Active,0.6666666666666666,1.6666666666666667,-10,341339.97,0.38251336541747916
ACC04554,R30,Professional services,472,4653338.85,1.5343,1.50–2.49,12,Active,1.0,13.333333333333334,10,5882312.7,0.09598322068969645
ACC04555,R16,Financial services,609,4068031.85,1.2402,1.00–1.49,8,Active,1.0,3.3333333333333335,-15,3268005.44,0.09198122305664189
ACC04556,R09,Hospitality,329,2234995.32,1.231,1.00–1.49,3,Active,1.0,1.6666666666666667,0,2053716.17,0.11646922493299615
ACC04557,R22,Logistics,261,1691441.06,4.4992,2.50–5.00,3,Active,1.0,13.333333333333334,10,7515702.82,0.12321735356374301
ACC04558,R10,Retail,283,2693823.3,1.8619,1.50–2.49,8,Active,1.0,13.333333333333334,-5,3827578.74,0.1328120092370536
ACC04559,R44,Retail,564,3664776.9,0.6377,0.50–0.99,11,Active,0.3333333333333333,13.333333333333334,20,2089308.72,0.11827304850225613
ACC04560,R09,Professional services,62,368440.45,0.4038,0.15–0.49,4,Active,0.6666666666666666,8.333333333333334,10,73821.43,0.36678765442761585
ACC04561,R39,Manufacturing,148,1001382.6,1.9608,1.50–2.49,1,Active,0.6666666666666666,1.6666666666666667,0,1942646.16,0.17274934238212716
ACC04562,R47,Logistics,139,899902.32,1.4359,1.00–1.49,9,Active,1.0,6.666666666666667,5,956154.91,0.18181080904069621
ACC04563,R21,Logistics,133,880425.29,0.7226,0.50–0.99,11,Active,1.0,-3.3333333333333335,-5,600993.79,0.26829371349279013
ACC04564,R13,Manufacturing,2096,17771478.27,4.8477,2.50–5.00,11,Active,1.0,-6.666666666666667,-15,64989275.14,0.04710639521988401
ACC04565,R03,Technology,331,1722989.14,0.2744,0.15–0.49,7,Active,0.3333333333333333,10.0,0,522288.01,0.1907671028125581
ACC04566,R28,Hospitality,151,871543.07,0.5586,0.50–0.99,11,Active,1.0,1.6666666666666667,5,624213.8,0.19739849199132992
ACC04567,R32,Manufacturing,133,725914.39,0.4713,0.15–0.49,5,Active,0.3333333333333333,-1.6666666666666667,0,213050.44,0.21040511884936272
ACC04568,R22,Financial services,140,832710.99,0.9366,0.50–0.99,2,Active,1.0,3.3333333333333335,0,403051.2,0.20096158152100246
ACC04569,R46,Retail,62,313562.02,0.5617,0.50–0.99,5,Active,1.0,-1.6666666666666667,-10,131686.83,0.41490513078538366
ACC04570,R32,Manufacturing,69,453338.56,0.5909,0.50–0.99,11,Active,0.6666666666666666,15.0,15,254773.9,0.32602354439520087
ACC04571,R40,Professional services,254,1295491.02,0.1984,0.15–0.49,3,Active,0.6666666666666666,8.333333333333334,5,292330.36,0.2371137249451164
ACC04572,R29,Hospitality,62,488732.05,4.4745,2.50–5.00,4,Active,1.0,3.3333333333333335,10,1374886.68,0.19372429440759148
ACC04573,R20,Hospitality,327,3035543.1,1.965,1.50–2.49,12,Active,1.0,10.0,5,4692876.37,0.12196572332795173
ACC04574,R05,Logistics,584,3333871.34,0.698,0.50–0.99,12,Active,1.0,1.6666666666666667,0,2027556.54,0.10676623427059287
ACC04575,R24,Retail,74,599572.84,2.0707,1.50–2.49,4,Active,1.0,3.3333333333333335,-15,498183.75,0.20967250999636697
ACC04576,R02,Hospitality,602,5672552.11,0.8206,0.50–0.99,3,Active,0.6666666666666666,6.666666666666667,-5,2170281.81,0.12338529532493306
ACC04577,R29,Financial services,470,3152337.69,2.3564,1.50–2.49,7,Active,1.0,0.0,10,4876579.59,0.09761228678971204
ACC04578,R08,Manufacturing,130,846262.94,1.0099,1.00–1.49,4,Active,1.0,0.0,10,841274.69,0.19180000898493316
ACC04579,R19,Logistics,236,1512711.07,1.2232,1.00–1.49,2,Active,1.0,10.0,5,1555935.25,0.14487568261686454
ACC04580,R01,Healthcare,280,1846451.6,0.1578,0.15–0.49,10,Active,1.0,8.333333333333334,5,409876.64,0.1957976394117367
ACC04581,R08,Financial services,399,2351363.86,0.5049,0.50–0.99,1,Active,1.0,1.6666666666666667,-5,1772285.71,0.22612471077143562
ACC04582,R09,Financial services,193,1414019.09,0.8201,0.50–0.99,3,Active,0.6666666666666666,6.666666666666667,0,727807.8200000001,0.2357912096987636
ACC04583,R19,Hospitality,116,832127.35,0.505,0.50–0.99,12,Active,1.0,-6.666666666666667,-10,415624.92,0.23718694140900026
ACC04584,R45,Logistics,256,1684461.07,0.8414,0.50–0.99,5,Active,1.0,10.0,0,652678.61,0.1396802074829907
ACC04585,R31,Technology,98,564368.69,1.464,1.00–1.49,2,Active,1.0,-1.6666666666666667,0,464270.1,0.2516645098631002
ACC04586,R07,Professional services,94,665262.41,2.4849,1.50–2.49,1,Active,1.0,3.3333333333333335,5,1235565.78,0.31341744728375104
ACC04587,R40,Manufacturing,192,1227931.41,0.4662,0.15–0.49,5,Active,1.0,0.0,-5,337947.17,0.18534591514759574
ACC04588,R20,Hospitality,377,2266551.97,0.6605,0.50–0.99,7,Active,0.6666666666666666,16.666666666666668,10,1278230.73,0.11649813882471058
ACC04589,R04,Hospitality,175,1162891.33,0.7457,0.50–0.99,12,Active,1.0,5.0,0,727219.13,0.2196612202381994
ACC04590,R10,Manufacturing,478,3250160.29,0.7325,0.50–0.99,12,Active,1.0,1.6666666666666667,15,1560673.18,0.12489993442673013
ACC04591,R02,Financial services,138,972467.54,0.8273,0.50–0.99,6,Active,1.0,1.6666666666666667,-5,668365.1,0.22246071782072305
ACC04592,R10,Healthcare,141,941910.38,0.8564,0.50–0.99,11,Active,1.0,10.0,5,570661.46,0.2431698339799655
ACC04593,R20,Financial services,174,1362246.62,0.6874,0.50–0.99,3,Active,0.6666666666666666,0.0,10,633501.54,0.2406855668272301
ACC04594,R13,Healthcare,255,1816585.16,0.7061,0.50–0.99,4,Active,1.0,6.666666666666667,0,1092291.55,0.17206486283873443
ACC04595,R34,Professional services,139,1022647.23,0.8715,0.50–0.99,1,Active,1.0,6.666666666666667,-10,846865.7100000001,0.28145126492897055
ACC04596,R25,Logistics,224,1597541.37,1.012,1.00–1.49,11,Active,1.0,-8.333333333333334,0,1398052.3800000001,0.16125238911527137
ACC04597,R17,Hospitality,699,3670809.46,0.5852,0.50–0.99,5,Active,1.0,6.666666666666667,15,2400704.68,0.09474976802884216
ACC04598,R34,Hospitality,171,983193.15,0.6764,0.50–0.99,7,Active,1.0,11.666666666666666,5,445445.81,0.19879956308712565
ACC04599,R07,Retail,349,2065434.13,0.6223,0.50–0.99,7,Active,0.6666666666666666,3.3333333333333335,10,1624085.78,0.15189345962520348
ACC04600,R19,Financial services,105,701808.71,0.6421,0.50–0.99,10,Active,0.6666666666666666,6.666666666666667,10,241445.34,0.1985238065782581
ACC04601,R22,Professional services,265,1498242.37,0.9314,0.50–0.99,6,Active,1.0,1.6666666666666667,5,872121.06,0.20106180033712892
ACC04602,R36,Financial services,209,1165635.95,0.3503,0.15–0.49,8,Active,1.0,6.666666666666667,5,336040.75,0.19079567806535205
ACC04603,R26,Hospitality,166,1092432.84,0.1602,0.15–0.49,2,Active,0.0,16.666666666666668,15,299230.87,0.34564912824621286
ACC04604,R20,Technology,507,3170649.39,2.3569,1.50–2.49,1,Active,1.0,1.6666666666666667,-15,6611763.93,0.0866268084257044
ACC04605,R02,Healthcare,250,1582954.2,0.6308,0.50–0.99,2,Active,1.0,6.666666666666667,15,860533.52,0.20000748409355215
ACC04606,R16,Logistics,223,1354563.38,0.3171,0.15–0.49,10,Active,1.0,3.3333333333333335,5,276908.95,0.21441976215552586
ACC04607,R44,Technology,223,1298533.14,0.3743,0.15–0.49,8,Active,1.0,0.0,10,314670.53,0.2008467293526925
ACC04608,R21,Manufacturing,75,707124.93,0.7402,0.50–0.99,8,Active,1.0,-3.3333333333333335,-10,241190.12,0.237033928861004
ACC04609,R40,Hospitality,139,908423.43,2.0798,1.50–2.49,3,Active,1.0,-3.3333333333333335,0,1871493.84,0.19340338181065433
ACC04610,R01,Financial services,254,1996478.16,0.8284,0.50–0.99,7,Active,0.6666666666666666,3.3333333333333335,0,947987.03,0.17023413262008183
ACC04611,R46,Healthcare,1033,8009665.54,1.2376,1.00–1.49,12,Active,1.0,0.0,0,7381649.33,0.08422514493591571
ACC04612,R32,Retail,713,5643028.16,2.6285,2.50–5.00,8,Active,1.0,13.333333333333334,15,17536990.63,0.062030059591006576
ACC04613,R40,Logistics,420,2664592.0,0.2931,0.15–0.49,9,Active,0.3333333333333333,1.6666666666666667,5,796264.01,0.26869052276990113
ACC04614,R12,Logistics,176,1235073.07,0.9133,0.50–0.99,2,Active,1.0,1.6666666666666667,5,799364.8300000001,0.3417587767379153
ACC04615,R08,Logistics,437,3952310.63,1.1248,1.00–1.49,3,Active,1.0,-1.6666666666666667,-10,2989938.92,0.19099913317884723
ACC04616,R29,Technology,365,2630538.7,2.2892,1.50–2.49,5,Active,1.0,0.0,10,4156331.81,0.11289330877035643
ACC04617,R17,Retail,945,4913267.99,0.6283,0.50–0.99,10,Active,1.0,1.6666666666666667,0,3759298.18,0.1076729414252011
ACC04618,R08,Hospitality,511,3750704.79,0.6918,0.50–0.99,10,Active,0.6666666666666666,8.333333333333334,10,1909986.09,0.12462598405891631
ACC04619,R09,Hospitality,398,2787761.22,0.5458,0.50–0.99,2,Active,1.0,11.666666666666666,15,1122871.83,0.11389386819975157
ACC04620,R40,Healthcare,119,840170.19,0.3411,0.15–0.49,2,Active,1.0,-1.6666666666666667,-5,124502.23999999999,0.28529412289537276
ACC04621,R47,Logistics,118,690989.9,0.737,0.50–0.99,12,Active,0.6666666666666666,1.6666666666666667,0,393150.22000000003,0.25474283263992825
ACC04622,R48,Logistics,345,2615590.64,0.5973,0.50–0.99,10,Active,0.3333333333333333,6.666666666666667,10,1390204.4,0.14586023660423086
ACC04623,R16,Hospitality,444,2405741.73,0.3357,0.15–0.49,9,Active,0.6666666666666666,0.0,10,784825.07,0.16107618520036984
ACC04624,R11,Logistics,406,3571715.27,2.2917,1.50–2.49,3,Active,1.0,3.3333333333333335,0,5072310.69,0.09179698647627559
ACC04625,R29,Hospitality,169,923040.1,0.8479,0.50–0.99,10,Active,1.0,3.3333333333333335,5,799129.88,0.18962262265514088
ACC04626,R16,Logistics,234,1166659.59,0.1776,0.15–0.49,3,Active,1.0,8.333333333333334,5,282063.1,0.15606176439435315
ACC04627,R13,Logistics,1695,11818122.74,1.3068,1.00–1.49,6,Active,1.0,-3.3333333333333335,0,10780037.99,0.05584758420729539
ACC04628,R09,Healthcare,486,3324775.59,0.719,0.50–0.99,4,Active,0.6666666666666666,8.333333333333334,10,1752422.8,0.11059701481573678
ACC04629,R15,Healthcare,308,2278348.86,0.8747,0.50–0.99,11,Active,1.0,10.0,0,1082537.27,0.17693254744092005
ACC04630,R33,Technology,628,3595363.56,0.9099,0.50–0.99,8,Active,1.0,1.6666666666666667,-15,1860869.9,0.10564468317929908
ACC04631,R07,Retail,244,1397951.35,0.7607,0.50–0.99,2,Active,0.6666666666666666,5.0,0,897951.31,0.15519318573034385
ACC04632,R38,Healthcare,1284,7177408.27,0.3818,0.15–0.49,7,Active,0.6666666666666666,20.0,20,2663702.49,0.12463105300072026
ACC04633,R44,Technology,149,877841.26,0.1794,0.15–0.49,7,Active,1.0,8.333333333333334,-5,214124.53,0.26796104039832835
ACC04634,R12,Healthcare,152,967167.69,0.776,0.50–0.99,10,Active,0.6666666666666666,10.0,20,717729.18,0.21939453623271948
ACC04635,R26,Healthcare,167,1240079.97,3.8426,2.50–5.00,1,Active,0.6666666666666666,8.333333333333334,0,5442356.8,0.1431119085596973
ACC04636,R12,Manufacturing,168,1034290.05,0.3019,0.15–0.49,4,Active,0.6666666666666666,0.0,0,186044.49,0.18891249516597683
ACC04637,R31,Retail,188,1213667.9,4.8569,2.50–5.00,1,Active,1.0,10.0,25,6031302.59,0.1310502172153859
ACC04638,R13,Professional services,355,2197563.91,0.1806,0.15–0.49,9,Active,1.0,5.0,5,716721.2999999999,0.29874799651848805
ACC04639,R37,Technology,582,4478023.6,0.4689,0.15–0.49,5,Active,0.3333333333333333,1.6666666666666667,15,819203.77,0.10779932806690017
ACC04640,R20,Professional services,1990,12549998.65,0.5658,0.50–0.99,10,Active,0.6666666666666666,3.3333333333333335,10,6761663.14,0.06153587567451572
ACC04641,R19,Hospitality,99,651963.21,0.7553,0.50–0.99,10,Active,1.0,1.6666666666666667,5,494198.8,0.22599918537716887
ACC04642,R40,Technology,260,2324799.97,0.6584,0.50–0.99,9,Active,0.6666666666666666,11.666666666666666,15,1009988.89,0.15698911040490582
ACC04643,R19,Retail,146,732993.26,1.4529,1.00–1.49,11,Active,1.0,5.0,-5,798605.1,0.1522244112429671
ACC04644,R32,Retail,106,811626.57,0.6126,0.50–0.99,3,Active,1.0,6.666666666666667,-5,262129.99,0.23877567235248442
ACC04645,R27,Healthcare,123,806973.02,0.3221,0.15–0.49,7,Active,0.3333333333333333,6.666666666666667,-5,152681.8,0.331703262467106
ACC04646,R06,Retail,109,661973.85,0.4533,0.15–0.49,12,Active,1.0,-3.3333333333333335,-10,126692.98,0.24600035699916645
ACC04647,R07,Logistics,696,4347390.81,0.1938,0.15–0.49,2,Active,1.0,10.0,5,1088930.55,0.1332847542940306
ACC04648,R08,Retail,176,912456.6,0.2479,0.15–0.49,8,Active,0.3333333333333333,6.666666666666667,0,236770.44,0.19287777428450995
ACC04649,R33,Healthcare,62,434176.17,0.732,0.50–0.99,8,Active,0.3333333333333333,1.6666666666666667,-5,162624.66,0.3247427794589202
ACC04650,R43,Professional services,118,762382.54,0.8909,0.50–0.99,10,Active,0.6666666666666666,15.0,25,401698.14999999997,0.22803325288055057
ACC04651,R09,Logistics,168,1417023.42,1.0978,1.00–1.49,10,Active,1.0,1.6666666666666667,-15,1399979.71,0.19708779925127212
ACC04652,R07,Logistics,165,976451.61,0.2687,0.15–0.49,6,Active,0.3333333333333333,6.666666666666667,20,182763.82,0.18487248209749862
ACC04653,R07,Logistics,178,1079088.56,1.3797,1.00–1.49,2,Active,1.0,10.0,20,1103469.3,0.16087779130009955
ACC04654,R28,Financial services,210,1615768.53,0.7772,0.50–0.99,9,Active,1.0,3.3333333333333335,-15,817720.89,0.16632507907597593
ACC04655,R09,Hospitality,135,905892.94,4.1974,2.50–5.00,7,Active,1.0,13.333333333333334,15,3655291.55,0.14582783228833116
ACC04656,R39,Retail,189,1617290.57,0.7496,0.50–0.99,3,Active,0.6666666666666666,8.333333333333334,25,549751.22,0.17075720781059078
ACC04657,R47,Manufacturing,155,931471.19,0.9206,0.50–0.99,1,Active,0.6666666666666666,13.333333333333334,10,559996.17,0.17506412115040115
ACC04658,R13,Hospitality,130,980653.54,3.4205,2.50–5.00,7,Active,1.0,0.0,-10,3113461.49,0.16396411843818295
ACC04659,R28,Professional services,214,1430062.25,0.9104,0.50–0.99,4,Active,1.0,5.0,10,567215.89,0.15234001858972335
ACC04660,R06,Financial services,132,1031886.26,1.713,1.50–2.49,12,Active,1.0,3.3333333333333335,-5,2714826.23,0.2390093845458013
ACC04661,R40,Hospitality,258,2197461.37,0.5043,0.50–0.99,11,Active,0.3333333333333333,16.666666666666668,10,855750.38,0.15226143974195847
ACC04662,R22,Technology,459,3234387.02,0.3267,0.15–0.49,4,Active,1.0,3.3333333333333335,-5,573909.45,0.13799363940595294
ACC04663,R26,Manufacturing,104,659585.68,1.1654,1.00–1.49,5,Active,0.6666666666666666,15.0,20,712247.21,0.2184873296243622
ACC04664,R18,Hospitality,334,1917367.08,0.2268,0.15–0.49,9,Active,0.0,8.333333333333334,0,532986.1,0.1977589267293894
ACC04665,R48,Healthcare,152,996886.13,0.8628,0.50–0.99,12,Active,1.0,-1.6666666666666667,-5,728683.53,0.256675036167321
ACC04666,R18,Retail,88,562775.18,0.8722,0.50–0.99,6,Active,1.0,-3.3333333333333335,0,178463.1,0.2699926006691992
ACC04667,R42,Retail,150,950578.37,0.3352,0.15–0.49,11,Active,1.0,11.666666666666666,10,225296.39,0.22918024826682698
ACC04668,R25,Logistics,85,505664.95,0.2705,0.15–0.49,2,Active,1.0,3.3333333333333335,0,130848.65000000001,0.21818152857824158
ACC04669,R24,Professional services,178,1017965.31,0.4609,0.15–0.49,6,Active,1.0,0.0,10,278902.3,0.21883518824375445
ACC04670,R07,Professional services,220,1907645.48,1.7713,1.50–2.49,8,Active,1.0,-1.6666666666666667,5,2366765.76,0.14039377539376138
ACC04671,R10,Retail,62,598861.58,1.8412,1.50–2.49,11,Active,1.0,0.0,10,680785.73,0.2758458614445261
ACC04672,R25,Technology,194,1266891.9,0.2146,0.15–0.49,12,Active,0.6666666666666666,11.666666666666666,10,259865.85,0.2637199967850398
ACC04673,R04,Financial services,170,1898753.25,1.2356,1.00–1.49,8,Active,1.0,1.6666666666666667,-15,1404149.17,0.21751001874798662
ACC04674,R45,Logistics,187,1138907.48,0.7857,0.50–0.99,4,Active,0.3333333333333333,11.666666666666666,15,579489.99,0.16582844472021335
ACC04675,R09,Professional services,346,2210261.15,0.2045,0.15–0.49,12,Active,0.6666666666666666,10.0,5,434066.8,0.1651617716674884
ACC04676,R38,Technology,1136,8047569.71,4.4659,2.50–5.00,10,Active,1.0,-5.0,-15,31032463.92,0.05974055239840843
ACC04677,R12,Logistics,461,3109926.49,0.817,0.50–0.99,7,Active,1.0,1.6666666666666667,5,1642682.9,0.126407330825321
ACC04678,R01,Manufacturing,139,1066607.6,1.0737,1.00–1.49,1,Active,1.0,8.333333333333334,15,1729543.07,0.4491647143600503
ACC04679,R07,Manufacturing,100,870655.36,0.5532,0.50–0.99,6,Active,1.0,8.333333333333334,10,241383.14,0.2180041690974274
ACC04680,R42,Manufacturing,218,1228670.88,0.3893,0.15–0.49,11,Active,1.0,10.0,15,293379.91,0.15941184149173782
ACC04681,R19,Technology,1098,7048526.82,0.6336,0.50–0.99,5,Active,0.3333333333333333,6.666666666666667,0,3534904.46,0.08227986931541512
ACC04682,R03,Technology,200,1282816.67,0.3621,0.15–0.49,7,Active,0.6666666666666666,0.0,5,321563.88,0.312854030356961
ACC04683,R45,Professional services,502,4021681.76,0.1548,0.15–0.49,12,Active,1.0,3.3333333333333335,5,873833.86,0.12837357517278278
ACC04684,R38,Healthcare,417,2932006.75,0.9412,0.50–0.99,10,Active,1.0,6.666666666666667,15,1304045.53,0.12189222410385257
ACC04685,R40,Manufacturing,180,1280564.61,0.5111,0.50–0.99,9,Active,1.0,10.0,10,404892.68,0.20634085828099114
ACC04686,R02,Hospitality,220,1245079.46,0.8784,0.50–0.99,7,Active,0.6666666666666666,10.0,5,785044.42,0.14156314763801114
ACC04687,R30,Logistics,357,2707911.73,2.4162,1.50–2.49,5,Active,1.0,5.0,0,4177198.61,0.09297912550948574
ACC04688,R21,Retail,125,1002783.53,0.4744,0.15–0.49,6,Active,0.6666666666666666,5.0,5,251172.13,0.2980532226212802
ACC04689,R05,Professional services,96,819027.86,0.6301,0.50–0.99,5,Active,1.0,6.666666666666667,0,268680.86,0.28658251399259876
ACC04690,R25,Hospitality,205,1521379.55,1.0207,1.00–1.49,3,Active,1.0,-6.666666666666667,-5,1112360.8,0.169268146876945
ACC04691,R29,Hospitality,155,847745.51,0.6048,0.50–0.99,4,Active,0.6666666666666666,8.333333333333334,10,470238.41,0.15434374610283352
ACC04692,R37,Professional services,253,1688252.19,0.1621,0.15–0.49,1,Active,0.6666666666666666,13.333333333333334,15,577003.86,0.21749417116532457
ACC04693,R28,Hospitality,200,1603823.42,0.7079,0.50–0.99,12,Active,1.0,-3.3333333333333335,0,771481.9400000001,0.1576257596632691
ACC04694,R15,Hospitality,658,3921247.44,0.4783,0.15–0.49,3,Active,1.0,13.333333333333334,25,1049771.0,0.11755932981145836
ACC04695,R43,Financial services,508,3596615.82,0.3432,0.15–0.49,2,Active,0.3333333333333333,18.333333333333332,15,851804.39,0.145249958458967
ACC04696,R34,Manufacturing,92,601932.5,0.9776,0.50–0.99,2,Active,1.0,11.666666666666666,20,240494.57,0.19318029517306115
ACC04697,R09,Hospitality,155,798631.49,0.9894,0.50–0.99,4,Active,1.0,1.6666666666666667,0,437867.7,0.2862808920329803
ACC04698,R22,Technology,656,5269456.63,1.4409,1.00–1.49,8,Active,1.0,8.333333333333334,5,4803051.16,0.08714822141344347
ACC04699,R01,Hospitality,178,948600.04,0.7841,0.50–0.99,5,Active,1.0,1.6666666666666667,10,617663.49,0.20020431385172874
ACC04700,R02,Manufacturing,124,832022.01,1.0046,1.00–1.49,8,Active,1.0,5.0,10,810524.73,0.17478850346752012
ACC04701,R15,Hospitality,793,4465934.69,0.8915,0.50–0.99,10,Active,1.0,5.0,0,2794369.29,0.09576561673801268
ACC04702,R22,Manufacturing,181,1255236.35,3.2083,2.50–5.00,2,Active,1.0,1.6666666666666667,5,6153916.47,0.1403892078330764
ACC04703,R48,Financial services,288,1835802.84,0.2558,0.15–0.49,6,Active,0.6666666666666666,8.333333333333334,5,336788.27999999997,0.18489706221796526
ACC04704,R21,Healthcare,222,1580084.64,1.1369,1.00–1.49,3,Active,0.6666666666666666,10.0,0,1350703.72,0.15285194731722848
ACC04705,R34,Healthcare,392,2471745.43,0.5261,0.50–0.99,2,Active,1.0,6.666666666666667,5,1113195.1400000001,0.13101136978805414
ACC04706,R13,Retail,84,583225.59,0.6683,0.50–0.99,8,Active,1.0,6.666666666666667,15,238169.86,0.4212287920045893
ACC04707,R13,Technology,118,637190.23,0.2789,0.15–0.49,10,Active,1.0,6.666666666666667,0,213869.25999999998,0.4765429304232896
ACC04708,R23,Retail,240,2097659.17,0.9885,0.50–0.99,11,Active,1.0,8.333333333333334,0,994678.18,0.22040812361706863
ACC04709,R46,Retail,62,356788.76,0.8104,0.50–0.99,4,Active,1.0,3.3333333333333335,10,292585.62,0.35409787015124633
ACC04710,R32,Hospitality,317,2895491.43,0.7725,0.50–0.99,4,Active,1.0,13.333333333333334,25,1325711.23,0.18199738844226954
ACC04711,R16,Healthcare,200,1646412.96,3.5628,2.50–5.00,10,Active,1.0,6.666666666666667,0,5726986.7,0.12881950736170086
ACC04712,R28,Retail,271,2311942.65,0.2222,0.15–0.49,5,Active,1.0,1.6666666666666667,0,433563.33,0.18620601110408488
ACC04713,R33,Retail,180,1391813.91,0.7204,0.50–0.99,10,Active,0.6666666666666666,10.0,10,680266.52,0.17323216506843808
ACC04714,R45,Hospitality,174,1041841.18,0.4532,0.15–0.49,9,Active,0.6666666666666666,15.0,15,314725.22,0.27686932160814126
ACC04715,R29,Manufacturing,253,1149812.29,0.431,0.15–0.49,1,Active,0.6666666666666666,5.0,5,495750.05,0.2658616788899243
ACC04716,R12,Retail,269,1910554.08,0.3761,0.15–0.49,12,Active,1.0,5.0,0,456028.09,0.17413309256098644
ACC04717,R15,Hospitality,140,1363122.74,1.1872,1.00–1.49,1,Active,1.0,8.333333333333334,15,957085.75,0.19728989669192643
ACC04718,R33,Healthcare,104,554448.02,0.4262,0.15–0.49,9,Active,0.3333333333333333,3.3333333333333335,0,256773.77,0.35108508539254607
ACC04719,R42,Professional services,260,1532586.99,0.4282,0.15–0.49,2,Active,0.6666666666666666,11.666666666666666,10,387421.56,0.17191034419925658
ACC04720,R29,Hospitality,104,617832.56,0.6291,0.50–0.99,11,Active,0.0,10.0,25,230910.48,0.2579730407165702
ACC04721,R03,Professional services,242,1357138.59,0.6788,0.50–0.99,12,Active,0.6666666666666666,15.0,25,927753.26,0.1866391280519005
ACC04722,R30,Healthcare,264,2029448.77,0.4344,0.15–0.49,1,Active,0.3333333333333333,5.0,-10,503237.36,0.18872547336646947
ACC04723,R16,Logistics,249,1265249.07,0.5229,0.50–0.99,10,Active,1.0,6.666666666666667,0,690760.72,0.1837747759877273
ACC04724,R24,Professional services,728,5476946.9,0.9853,0.50–0.99,3,Active,0.6666666666666666,6.666666666666667,0,2483533.46,0.11975404857891223
ACC04725,R19,Technology,62,427161.57,1.4435,1.00–1.49,6,Active,0.6666666666666666,13.333333333333334,10,468082.01,0.22501817857827025
ACC04726,R41,Logistics,336,2207991.11,0.791,0.50–0.99,12,Active,0.3333333333333333,-1.6666666666666667,10,1201176.23,0.15562968259640436
ACC04727,R48,Hospitality,205,1616227.95,1.4534,1.00–1.49,3,Active,0.6666666666666666,10.0,15,1101982.78,0.18148324878392627
ACC04728,R32,Technology,187,1135863.48,1.2174,1.00–1.49,9,Active,1.0,6.666666666666667,0,1355160.14,0.174997784959422
ACC04729,R32,Logistics,160,966173.09,1.4706,1.00–1.49,6,Active,1.0,11.666666666666666,15,1157360.44,0.20614082324848582
ACC04730,R20,Hospitality,79,428527.38,0.7833,0.50–0.99,2,Active,1.0,3.3333333333333335,10,441730.25,0.3543357302946789
ACC04731,R28,Hospitality,175,1019418.03,0.5115,0.50–0.99,5,Active,1.0,0.0,-10,641425.75,0.19008151320597047
ACC04732,R08,Logistics,95,545883.91,1.3655,1.00–1.49,5,Active,1.0,6.666666666666667,5,683561.62,0.19848809490189134
ACC04733,R22,Healthcare,70,391309.09,0.3081,0.15–0.49,10,Active,0.6666666666666666,3.3333333333333335,-15,76164.29,0.27904227847451374
ACC04734,R29,Retail,311,2511461.39,1.0265,1.00–1.49,11,Active,0.6666666666666666,-3.3333333333333335,-15,1870450.58,0.12079045376633468
ACC04735,R31,Healthcare,288,1552318.08,0.4897,0.15–0.49,7,Active,0.6666666666666666,11.666666666666666,0,433343.57,0.17138537579807966
ACC04736,R02,Professional services,494,3225349.17,0.3795,0.15–0.49,8,Active,1.0,5.0,0,636042.84,0.11265440311004066
ACC04737,R37,Retail,255,1527813.12,0.2008,0.15–0.49,5,Active,1.0,0.0,25,604955.1,0.18940780905063348
ACC04738,R09,Technology,234,2042511.45,0.6002,0.50–0.99,6,Active,1.0,-3.3333333333333335,5,525049.21,0.1543367792084313
ACC04739,R04,Technology,226,1570534.07,1.2115,1.00–1.49,11,Active,1.0,10.0,10,1536043.81,0.1349685120384401
ACC04740,R04,Professional services,209,1118185.31,0.9296,0.50–0.99,9,Active,1.0,1.6666666666666667,10,703075.47,0.1537186700772482
ACC04741,R44,Technology,200,1213602.21,0.8798,0.50–0.99,10,Active,1.0,8.333333333333334,10,721412.97,0.23527205392547576
ACC04742,R25,Professional services,172,908382.91,0.3755,0.15–0.49,5,Active,0.6666666666666666,13.333333333333334,0,256730.21,0.1889456941507129
ACC04743,R04,Logistics,378,2983984.17,1.2701,1.00–1.49,5,Active,1.0,8.333333333333334,5,2001948.2,0.1317935982463052
ACC04744,R34,Professional services,284,1585692.89,0.7914,0.50–0.99,7,Active,0.6666666666666666,-1.6666666666666667,0,1597077.5899999999,0.32225728856233166
ACC04745,R16,Logistics,114,660703.09,0.1732,0.15–0.49,9,Active,0.6666666666666666,3.3333333333333335,5,151505.1,0.20917508915764185
ACC04746,R07,Manufacturing,434,2976067.78,0.5622,0.50–0.99,7,Active,0.3333333333333333,13.333333333333334,15,1950994.77,0.17460260075849446
ACC04747,R20,Hospitality,172,1109388.01,1.085,1.00–1.49,7,Active,0.6666666666666666,1.6666666666666667,15,828745.25,0.15988899657172392
ACC04748,R11,Manufacturing,62,565104.06,2.8392,2.50–5.00,7,Active,1.0,-6.666666666666667,-10,2601981.83,0.3537552667116294
ACC04749,R45,Financial services,183,1007542.33,0.4359,0.15–0.49,5,Active,1.0,3.3333333333333335,5,257441.47,0.18136278187130178
ACC04750,R06,Professional services,113,737844.76,0.6118,0.50–0.99,5,Active,1.0,11.666666666666666,15,330118.87,0.2765988807977631
ACC04751,R33,Technology,410,2213156.8,0.4677,0.15–0.49,6,Active,1.0,5.0,-10,631747.25,0.13886975104543609
ACC04752,R07,Technology,149,1301684.22,0.9794,0.50–0.99,11,Active,1.0,3.3333333333333335,10,444506.57,0.17812467024356543
ACC04753,R25,Technology,243,1527030.37,0.231,0.15–0.49,4,Active,0.3333333333333333,5.0,10,404552.48,0.18421177464952412
ACC04754,R36,Healthcare,418,2726118.41,0.6154,0.50–0.99,6,Active,1.0,3.3333333333333335,0,1802758.35,0.15408657567298198
ACC04755,R33,Healthcare,278,2509354.88,2.1055,1.50–2.49,3,Active,1.0,1.6666666666666667,0,3880024.81,0.10346756169691568
ACC04756,R05,Professional services,440,2288916.69,0.6518,0.50–0.99,11,Active,0.3333333333333333,10.0,15,1491369.15,0.12494254802797666
ACC04757,R29,Hospitality,199,1620951.77,1.2907,1.00–1.49,9,Active,1.0,0.0,-10,1584252.23,0.2163013710763679
ACC04758,R34,Professional services,207,1383615.68,0.8879,0.50–0.99,5,Active,1.0,11.666666666666666,15,618834.33,0.1412538684020458
ACC04759,R30,Manufacturing,892,4919449.31,0.5834,0.50–0.99,7,Active,1.0,10.0,25,2733722.09,0.0910305276840834
ACC04760,R23,Retail,440,2826153.95,0.9581,0.50–0.99,7,Active,0.6666666666666666,16.666666666666668,20,1382819.7,0.13935953437268664
ACC04761,R06,Financial services,395,3808648.51,0.5999,0.50–0.99,12,Active,0.6666666666666666,11.666666666666666,15,1135649.22,0.10330456352358076
ACC04762,R38,Hospitality,513,3065659.32,0.6639,0.50–0.99,11,Active,1.0,3.3333333333333335,-5,1964900.19,0.10970680100935501
ACC04763,R09,Manufacturing,443,2473337.08,0.5949,0.50–0.99,7,Active,1.0,10.0,5,1908821.04,0.26376790092666597
ACC04764,R42,Technology,188,1734178.6,1.1656,1.00–1.49,10,Active,0.6666666666666666,16.666666666666668,5,2049749.58,0.14709566942444072
ACC04765,R32,Retail,159,1226927.99,0.4509,0.15–0.49,9,Active,1.0,5.0,0,207915.27,0.21448633012339544
ACC04766,R03,Logistics,127,857499.2,0.903,0.50–0.99,5,Active,1.0,15.0,5,365046.9,0.20186725397272084
ACC04767,R41,Financial services,157,1114034.78,0.827,0.50–0.99,3,Active,1.0,3.3333333333333335,-10,532619.55,0.2291066020178139
ACC04768,R11,Hospitality,69,510921.87,0.1752,0.15–0.49,5,Active,0.6666666666666666,-1.6666666666666667,0,168499.92,0.37872846732886056
ACC04769,R37,Professional services,75,484133.7,2.144,1.50–2.49,8,Active,1.0,20.0,25,1681797.86,0.2387294707572563
ACC04770,R43,Professional services,148,927706.21,0.2357,0.15–0.49,2,Active,0.6666666666666666,3.3333333333333335,10,250849.0,0.1945625830649975
ACC04771,R36,Healthcare,212,1101971.62,0.3309,0.15–0.49,10,Active,1.0,6.666666666666667,0,444537.54,0.20355137816176194
ACC04772,R17,Retail,214,1698518.74,1.3156,1.00–1.49,8,Active,0.3333333333333333,1.6666666666666667,-5,1330034.8699999999,0.14465094196003733
ACC04773,R31,Logistics,105,649287.84,0.3834,0.15–0.49,3,Active,1.0,0.0,-15,151306.79,0.2644186058222406
ACC04774,R39,Healthcare,362,2476185.67,0.7787,0.50–0.99,7,Active,1.0,11.666666666666666,15,1144872.4,0.12566671519413447
ACC04775,R31,Manufacturing,215,1595920.69,0.644,0.50–0.99,1,Active,1.0,3.3333333333333335,-5,510974.77,0.15540820596800503
ACC04776,R03,Logistics,251,1627545.89,0.6671,0.50–0.99,1,Active,1.0,0.0,0,736607.85,0.17177753017119016
ACC04777,R06,Hospitality,90,709563.77,3.309,2.50–5.00,5,Active,1.0,11.666666666666666,5,2210756.87,0.16769986508844653
ACC04778,R20,Retail,263,1666371.52,1.4615,1.00–1.49,9,Active,0.6666666666666666,6.666666666666667,20,1715096.37,0.14844678954718152
ACC04779,R28,Financial services,99,739593.11,2.3522,1.50–2.49,7,Active,0.6666666666666666,20.0,20,1555971.37,0.16998692313348435
ACC04780,R22,Healthcare,336,1877176.77,0.6153,0.50–0.99,7,Active,0.6666666666666666,0.0,-15,1479934.03,0.12530186537986407
ACC04781,R40,Professional services,117,624012.25,0.1686,0.15–0.49,11,Active,1.0,3.3333333333333335,-15,242532.62,0.2807269223682768
ACC04782,R38,Professional services,169,1010026.22,2.3899,1.50–2.49,10,Active,1.0,1.6666666666666667,-5,2570656.47,0.1473643730354711
ACC04783,R15,Professional services,295,2103679.04,0.3605,0.15–0.49,8,Active,1.0,3.3333333333333335,5,450926.82,0.24123966369900354
ACC04784,R19,Hospitality,257,1200837.09,2.113,1.50–2.49,5,Active,1.0,0.0,5,3612369.68,0.12014083540797306
ACC04785,R32,Logistics,170,1080428.55,0.581,0.50–0.99,11,Active,1.0,0.0,0,865515.4299999999,0.17080197799965807
ACC04786,R12,Logistics,408,3268461.38,1.7166,1.50–2.49,12,Active,1.0,-1.6666666666666667,0,6333172.67,0.09640546696774946
ACC04787,R03,Manufacturing,369,3359212.18,3.337,2.50–5.00,8,Active,1.0,6.666666666666667,20,10239028.17,0.11346916025968257
ACC04788,R03,Hospitality,416,2956956.36,0.788,0.50–0.99,12,Active,1.0,3.3333333333333335,-10,1076030.45,0.10765783520441047
ACC04789,R30,Retail,137,1198472.1,1.1557,1.00–1.49,4,Active,0.6666666666666666,15.0,10,1372590.66,0.2181730284257331
ACC04790,R42,Financial services,261,1775818.94,0.8771,0.50–0.99,2,Active,0.6666666666666666,5.0,5,1134482.34,0.19860867686337427
ACC04791,R27,Hospitality,211,1236589.73,0.6388,0.50–0.99,6,Active,1.0,-1.6666666666666667,-15,654176.56,0.19231748564938086
ACC04792,R46,Professional services,370,2542480.94,1.4059,1.00–1.49,3,Active,0.6666666666666666,3.3333333333333335,15,2750544.6,0.13572892300564707
ACC04793,R40,Manufacturing,720,3704861.08,1.2796,1.00–1.49,3,Active,1.0,5.0,10,4445354.5,0.07925057770263311
ACC04794,R21,Professional services,88,514916.32,0.7169,0.50–0.99,9,Active,0.6666666666666666,3.3333333333333335,25,359448.37,0.25099369593638227
ACC04795,R01,Hospitality,557,3657489.48,0.4326,0.15–0.49,5,Active,1.0,5.0,0,743249.3,0.1285074763065573
ACC04796,R34,Hospitality,80,408994.24,0.2619,0.15–0.49,3,Active,0.6666666666666666,3.3333333333333335,-15,129738.2,0.2967967729424144
ACC04797,R01,Logistics,153,1064344.6,1.483,1.00–1.49,4,Active,1.0,-1.6666666666666667,-10,1605792.26,0.24341119027457553
ACC04798,R22,Manufacturing,454,3748779.05,2.3322,1.50–2.49,3,Active,1.0,10.0,5,6531060.04,0.12844681582127188
ACC04799,R30,Logistics,174,948658.18,0.8831,0.50–0.99,6,Active,0.6666666666666666,13.333333333333334,25,690082.84,0.19414128797786456
ACC04800,R09,Manufacturing,65,409410.72,0.6228,0.50–0.99,12,Active,0.3333333333333333,0.0,0,237118.55,0.218167805312484
ACC04801,R06,Technology,148,983003.87,0.736,0.50–0.99,8,Active,1.0,-1.6666666666666667,-5,426065.57,0.2281859180700358
ACC04802,R33,Technology,244,1762178.67,0.6195,0.50–0.99,12,Active,1.0,5.0,15,624731.18,0.14937031366218476
ACC04803,R35,Financial services,303,2041999.68,1.0181,1.00–1.49,1,Active,1.0,13.333333333333334,20,2110325.0,0.11753870378986192
ACC04804,R23,Financial services,171,1298192.41,0.3747,0.15–0.49,4,Active,1.0,5.0,-5,223006.45,0.1909490959333158
ACC04805,R32,Professional services,1237,9263780.38,1.1677,1.00–1.49,1,Active,1.0,5.0,10,6993172.92,0.06584443491877186
ACC04806,R18,Logistics,483,2458455.97,0.4369,0.15–0.49,3,Active,0.6666666666666666,-6.666666666666667,5,557457.17,0.12351262300999455
ACC04807,R43,Manufacturing,125,776830.5,0.5511,0.50–0.99,5,Active,1.0,6.666666666666667,5,357826.52999999997,0.20738903578903295
ACC04808,R13,Professional services,110,797520.0,0.3339,0.15–0.49,1,Active,0.3333333333333333,5.0,10,257451.22,0.3007214017373666
ACC04809,R16,Professional services,484,3379062.06,2.2013,1.50–2.49,12,Active,1.0,-1.6666666666666667,0,7150908.0200000005,0.11810804659048041
ACC04810,R41,Manufacturing,128,723564.19,0.4206,0.15–0.49,12,Active,1.0,11.666666666666666,0,255703.98,0.2712203629101275
ACC04811,R10,Manufacturing,403,2818005.57,0.9471,0.50–0.99,3,Active,1.0,10.0,25,1575749.15,0.1325522633542521
ACC04812,R47,Retail,137,720951.24,0.4144,0.15–0.49,6,Active,0.6666666666666666,5.0,15,140814.5,0.2088334722084698
ACC04813,R38,Professional services,67,479956.65,0.6716,0.50–0.99,2,Active,0.6666666666666666,15.0,5,177121.13,0.28907226388227353
ACC04814,R25,Professional services,160,1099275.03,0.4349,0.15–0.49,7,Active,1.0,5.0,15,277149.34,0.2785212968716052
ACC04815,R05,Logistics,404,2933329.82,0.7431,0.50–0.99,6,Active,0.3333333333333333,16.666666666666668,5,1355333.96,0.15888678963273828
ACC04816,R48,Financial services,507,2869622.97,0.4081,0.15–0.49,4,Active,0.6666666666666666,-1.6666666666666667,5,698365.03,0.1263628780224726
ACC04817,R24,Professional services,83,516962.8,2.0435,1.50–2.49,6,Active,1.0,13.333333333333334,5,1722155.64,0.22963924530553997
ACC04818,R08,Hospitality,496,2720910.19,1.3204,1.00–1.49,1,Active,1.0,6.666666666666667,5,4015529.75,0.11915045300811258
ACC04819,R13,Professional services,62,375888.85,0.2365,0.15–0.49,6,Active,1.0,11.666666666666666,20,172523.36,0.35566279391273375
ACC04820,R03,Technology,383,2706948.61,0.3958,0.15–0.49,4,Active,1.0,0.0,-5,427350.72000000003,0.16636169980446766
ACC04821,R29,Manufacturing,258,1542662.82,1.6395,1.50–2.49,8,Active,1.0,5.0,20,3811305.0,0.1276915246329977
ACC04822,R14,Professional services,275,1834484.65,0.9516,0.50–0.99,11,Active,0.6666666666666666,18.333333333333332,25,983891.55,0.15696403297817352
ACC04823,R07,Financial services,62,420079.93,0.8243,0.50–0.99,1,Active,1.0,5.0,5,199416.04,0.25591172456702577
ACC04824,R26,Technology,275,2320508.16,2.113,1.50–2.49,5,Active,1.0,-6.666666666666667,0,4829901.34,0.1578012072389844
ACC04825,R08,Retail,543,4020728.96,0.668,0.50–0.99,2,Active,1.0,3.3333333333333335,10,2169242.99,0.13942035833225178
ACC04826,R41,Manufacturing,62,388448.49,1.2886,1.00–1.49,3,Active,0.6666666666666666,13.333333333333334,15,231049.64,0.22557836981253415
ACC04827,R03,Healthcare,208,1630503.62,1.5323,1.50–2.49,10,Active,1.0,-6.666666666666667,-10,2098471.16,0.14112717435711403
ACC04828,R11,Professional services,111,627548.36,1.1658,1.00–1.49,7,Active,1.0,1.6666666666666667,-10,451304.19,0.21240054948288206
ACC04829,R27,Hospitality,738,4715908.57,0.7159,0.50–0.99,11,Active,0.6666666666666666,8.333333333333334,5,2949078.58,0.09880579419525033
ACC04830,R20,Financial services,175,1591679.84,1.0387,1.00–1.49,5,Active,0.6666666666666666,6.666666666666667,15,984617.29,0.17447242211652048
ACC04831,R02,Manufacturing,988,6305038.08,0.4022,0.15–0.49,7,Active,1.0,-1.6666666666666667,-5,1701085.65,0.1396777175127716
ACC04832,R13,Hospitality,116,874579.31,0.5379,0.50–0.99,11,Active,1.0,10.0,15,575601.52,0.3593703347635049
ACC04833,R15,Logistics,352,2546804.77,0.8523,0.50–0.99,12,Active,1.0,8.333333333333334,20,1204449.58,0.16546741317838926
ACC04834,R21,Healthcare,78,558730.65,1.4893,1.00–1.49,1,Active,0.6666666666666666,3.3333333333333335,0,484794.71,0.28493908499295684
ACC04835,R09,Manufacturing,289,2045300.96,0.7983,0.50–0.99,4,Active,1.0,1.6666666666666667,0,772765.3,0.13651401240667432
ACC04836,R05,Professional services,182,1362829.11,3.433,2.50–5.00,10,Active,1.0,0.0,10,5101334.5,0.1328252965390471
ACC04837,R08,Professional services,308,2256327.82,2.206,1.50–2.49,11,Active,1.0,8.333333333333334,15,4829427.72,0.1594786634797454
ACC04838,R43,Healthcare,62,479285.17,0.7601,0.50–0.99,3,Active,1.0,8.333333333333334,0,171707.39,0.30444739342255517
ACC04839,R25,Professional services,140,1169118.58,4.0407,2.50–5.00,6,Active,1.0,6.666666666666667,0,3568249.47,0.13409625216892299
ACC04840,R40,Hospitality,460,3926394.82,0.6808,0.50–0.99,4,Active,0.6666666666666666,16.666666666666668,20,1243086.37,0.11018695544549162
ACC04841,R20,Healthcare,386,3571476.83,0.3033,0.15–0.49,7,Active,0.6666666666666666,0.0,-10,635087.34,0.14412714823989517
ACC04842,R29,Retail,211,1069684.52,0.5417,0.50–0.99,5,Active,1.0,3.3333333333333335,0,936453.12,0.17255253636264326
ACC04843,R16,Healthcare,239,1941752.03,1.2601,1.00–1.49,3,Active,1.0,5.0,10,1219529.36,0.131195837597354
ACC04844,R01,Healthcare,223,1756275.17,3.6067,2.50–5.00,6,Active,1.0,8.333333333333334,20,6223879.54,0.1249520312498454
ACC04845,R21,Professional services,260,1667308.95,2.306,1.50–2.49,11,Active,1.0,6.666666666666667,0,2757146.5100000002,0.1217831883450055
ACC04846,R16,Professional services,171,1199590.45,4.5716,2.50–5.00,7,Active,1.0,15.0,25,3849498.33,0.1660242520615535
ACC04847,R37,Technology,81,558422.6,1.513,1.50–2.49,3,Active,1.0,6.666666666666667,10,807845.04,0.213910854496958
ACC04848,R07,Technology,403,2334161.4,0.2991,0.15–0.49,7,Active,1.0,10.0,10,626865.45,0.14910057391397682
ACC04849,R40,Retail,263,1598578.02,0.5317,0.50–0.99,12,Active,0.0,16.666666666666668,10,1167970.97,0.2211297330770648
ACC04850,R19,Technology,62,384003.81,0.9219,0.50–0.99,6,Active,0.6666666666666666,11.666666666666666,5,372432.59,0.2851166965864644
ACC04851,R31,Manufacturing,334,1877944.57,0.5632,0.50–0.99,11,Active,0.3333333333333333,11.666666666666666,5,1115464.65,0.1274268760463303
ACC04852,R20,Hospitality,272,1825895.05,1.1072,1.00–1.49,7,Active,1.0,8.333333333333334,10,1621370.95,0.11197585427539117
ACC04853,R01,Logistics,108,679556.52,0.7585,0.50–0.99,6,Active,0.6666666666666666,8.333333333333334,15,417846.79,0.2208686854976423
ACC04854,R17,Logistics,185,1258474.27,1.4238,1.00–1.49,7,Active,0.6666666666666666,5.0,0,1365386.28,0.24299293668966587
ACC04855,R34,Professional services,389,2858203.03,2.6726,2.50–5.00,9,Active,1.0,10.0,25,11362309.19,0.10723223479869476
ACC04856,R03,Healthcare,177,1201681.74,0.8199,0.50–0.99,2,Active,0.6666666666666666,6.666666666666667,-5,448427.23,0.17639321699688296
ACC04857,R09,Technology,138,996246.36,2.1027,1.50–2.49,12,Active,1.0,5.0,10,1957074.1400000001,0.20410161374502586
ACC04858,R27,Healthcare,103,605158.15,0.3315,0.15–0.49,4,Active,1.0,8.333333333333334,5,127151.04000000001,0.2648502760597112
ACC04859,R07,Hospitality,233,1743075.14,1.8398,1.50–2.49,2,Active,1.0,10.0,5,2595661.97,0.13125371011903864
ACC04860,R20,Retail,238,1570385.88,0.7018,0.50–0.99,2,Active,0.6666666666666666,11.666666666666666,25,734939.11,0.13876104613257872
ACC04861,R38,Logistics,440,2190805.13,0.8904,0.50–0.99,9,Active,1.0,5.0,10,1350035.49,0.12608339360165244
ACC04862,R47,Technology,71,532147.29,0.2768,0.15–0.49,12,Active,1.0,5.0,15,181123.8,0.29880900307174113
ACC04863,R32,Hospitality,246,1918166.55,1.8183,1.50–2.49,2,Active,0.6666666666666666,11.666666666666666,20,2896683.41,0.14353541257209562
ACC04864,R12,Financial services,185,1180663.11,0.1995,0.15–0.49,4,Active,0.6666666666666666,6.666666666666667,10,295327.61,0.19704554327772048
ACC04865,R25,Technology,342,2375814.21,4.6281,2.50–5.00,12,Active,1.0,5.0,20,9382366.28,0.09627614923798553
ACC04866,R31,Hospitality,75,523364.24,0.1752,0.15–0.49,9,Active,0.3333333333333333,10.0,10,71185.06999999999,0.2595993105241955
ACC04867,R19,Manufacturing,282,2050923.18,1.4213,1.00–1.49,4,Active,1.0,1.6666666666666667,0,1591506.83,0.1321778147399329
ACC04868,R14,Hospitality,129,729116.61,0.1555,0.15–0.49,10,Active,0.3333333333333333,6.666666666666667,-5,174219.79,0.23254582147995762
ACC04869,R37,Professional services,62,447018.21,0.6332,0.50–0.99,2,Active,1.0,1.6666666666666667,5,322274.83999999997,0.27240646417000247
ACC04870,R18,Healthcare,81,586053.27,0.5169,0.50–0.99,4,Active,1.0,3.3333333333333335,5,309680.2,0.31794180192160276
ACC04871,R09,Technology,645,6472725.79,1.5488,1.50–2.49,5,Active,1.0,6.666666666666667,5,7014840.23,0.07773649674212531
ACC04872,R35,Technology,133,1231359.66,0.7837,0.50–0.99,9,Active,0.6666666666666666,11.666666666666666,10,600910.38,0.29924996347210364
ACC04873,R04,Hospitality,421,3137273.65,2.6102,2.50–5.00,3,Active,1.0,5.0,20,12875112.65,0.08207296162142423
ACC04874,R13,Manufacturing,68,460782.65,1.0283,1.00–1.49,6,Active,1.0,1.6666666666666667,10,701238.24,0.3601244882839364
ACC04875,R04,Financial services,286,2475598.59,0.5489,0.50–0.99,4,Active,1.0,-6.666666666666667,-5,1159899.7,0.12314692983046856
ACC04876,R08,Financial services,116,798660.86,1.9132,1.50–2.49,10,Active,1.0,1.6666666666666667,5,1088065.42,0.17153470627804163
ACC04877,R01,Logistics,221,1422416.46,0.6217,0.50–0.99,10,Active,0.6666666666666666,1.6666666666666667,0,807999.62,0.14823854356110708
ACC04878,R25,Logistics,94,969127.54,1.4022,1.00–1.49,11,Active,1.0,1.6666666666666667,5,705244.11,0.23311292637957293
ACC04879,R32,Healthcare,228,1676115.44,0.596,0.50–0.99,5,Active,1.0,-1.6666666666666667,-5,797096.37,0.18172371150562885
ACC04880,R16,Financial services,326,2609450.51,0.5234,0.50–0.99,6,Active,0.6666666666666666,6.666666666666667,25,1436829.0899999999,0.1913323518833833
ACC04881,R07,Technology,104,984689.09,0.6542,0.50–0.99,7,Active,1.0,10.0,20,443812.37,0.2150034546183496
ACC04882,R21,Healthcare,62,496565.44,0.8772,0.50–0.99,3,Active,1.0,10.0,20,136684.68,0.3529344582505258
ACC04883,R13,Hospitality,418,3490507.65,0.5053,0.50–0.99,1,Active,1.0,-1.6666666666666667,0,1607520.73,0.1588884814932532
ACC04884,R02,Retail,123,968638.4,1.2597,1.00–1.49,12,Active,1.0,16.666666666666668,15,898512.71,0.1948359415119814
ACC04885,R36,Financial services,276,1893907.32,0.9326,0.50–0.99,7,Active,1.0,5.0,10,960209.39,0.20887816137323068
ACC04886,R11,Healthcare,227,1846503.69,0.7692,0.50–0.99,6,Active,0.6666666666666666,3.3333333333333335,20,592391.54,0.21712063599555922
ACC04887,R25,Retail,192,1537757.73,1.0139,1.00–1.49,11,Active,1.0,5.0,10,1119159.37,0.20518661430775686
ACC04888,R15,Retail,537,4661975.3,2.0491,1.50–2.49,4,Active,0.6666666666666666,1.6666666666666667,15,7772210.22,0.0895206879596959
ACC04889,R06,Financial services,229,1427320.83,1.4178,1.00–1.49,8,Active,1.0,-1.6666666666666667,0,1472566.56,0.13775011163622825
ACC04890,R41,Hospitality,334,2492939.69,0.7355,0.50–0.99,3,Active,1.0,5.0,5,1495876.98,0.24304646951156908
ACC04891,R37,Technology,707,5692287.84,0.6503,0.50–0.99,7,Active,0.3333333333333333,18.333333333333332,25,2253044.67,0.09758315215467617
ACC04892,R17,Healthcare,101,514015.52,0.2448,0.15–0.49,3,Active,1.0,1.6666666666666667,5,242180.99,0.23652963508196911
ACC04893,R18,Professional services,195,1130367.82,0.3436,0.15–0.49,3,Active,1.0,10.0,15,315878.82,0.2334441868208304
ACC04894,R19,Healthcare,129,751487.42,0.2118,0.15–0.49,11,Active,1.0,5.0,-10,154409.68,0.221032353081062
ACC04895,R33,Financial services,364,2878056.92,1.4191,1.00–1.49,8,Active,0.6666666666666666,6.666666666666667,-10,2844358.23,0.1778544784030254
ACC04896,R47,Retail,501,4295105.52,0.619,0.50–0.99,2,Active,0.6666666666666666,8.333333333333334,25,1888662.03,0.12896464410128447
ACC04897,R41,Professional services,320,1661522.26,0.72,0.50–0.99,10,Active,1.0,10.0,0,1104398.5,0.1488920177722902
ACC04898,R19,Retail,933,7111045.36,2.1643,1.50–2.49,2,Active,0.6666666666666666,5.0,-10,10976565.55,0.07274354579528666
ACC04899,R14,Hospitality,89,608624.73,1.0831,1.00–1.49,11,Active,1.0,0.0,0,598735.89,0.391274436507544
ACC04900,R42,Manufacturing,412,2307061.11,0.1594,0.15–0.49,9,Active,1.0,3.3333333333333335,10,653324.03,0.14512002668927337
ACC04901,R35,Hospitality,62,309578.26,1.3195,1.00–1.49,4,Active,1.0,8.333333333333334,10,284620.69,0.2495308905997696
ACC04902,R17,Retail,150,827980.16,0.7977,0.50–0.99,9,Active,1.0,11.666666666666666,0,553187.81,0.20691886600048176
ACC04903,R43,Technology,457,3769244.33,0.5057,0.50–0.99,12,Active,0.6666666666666666,10.0,5,1575747.09,0.10801878952170359
ACC04904,R32,Technology,339,2685605.26,1.2221,1.00–1.49,3,Active,1.0,0.0,-5,1835344.39,0.13929421010082682
ACC04905,R19,Technology,201,1475352.97,1.1706,1.00–1.49,7,Active,1.0,10.0,10,1165005.3800000001,0.14808908625890427
ACC04906,R38,Financial services,260,2120641.56,3.7706,2.50–5.00,8,Active,1.0,8.333333333333334,10,6033432.61,0.11481904572555683
ACC04907,R39,Professional services,150,635300.46,0.8194,0.50–0.99,1,Active,0.6666666666666666,6.666666666666667,20,575243.19,0.21178330110459082
ACC04908,R15,Logistics,140,760021.24,1.9982,1.50–2.49,4,Active,1.0,5.0,5,1410778.79,0.15218408502541494
ACC04909,R39,Professional services,112,565910.87,0.3765,0.15–0.49,11,Active,1.0,0.0,5,111543.77,0.23668429956575363
ACC04910,R27,Financial services,126,843501.57,0.7905,0.50–0.99,10,Active,0.3333333333333333,5.0,10,405178.92,0.1712272223927014
ACC04911,R03,Retail,182,1080804.46,0.3601,0.15–0.49,8,Active,1.0,6.666666666666667,15,294546.36,0.16419867681455436
ACC04912,R04,Hospitality,239,1397627.87,0.5032,0.50–0.99,8,Active,1.0,15.0,10,741711.88,0.1581239790473217
ACC04913,R09,Professional services,312,1648408.51,0.4475,0.15–0.49,7,Active,1.0,-1.6666666666666667,5,515464.02999999997,0.14452309967269594
ACC04914,R43,Hospitality,531,4054980.59,1.3234,1.00–1.49,5,Active,1.0,-1.6666666666666667,-10,2980246.89,0.1177569256745652
ACC04915,R13,Retail,62,467458.63,0.2159,0.15–0.49,4,Active,1.0,11.666666666666666,10,73037.38,0.2787428997715786
ACC04916,R26,Professional services,186,1400392.74,0.8188,0.50–0.99,11,Active,1.0,3.3333333333333335,5,675759.16,0.1959238887376369
ACC04917,R27,Hospitality,258,1788599.79,1.374,1.00–1.49,2,Active,0.6666666666666666,5.0,5,1333871.79,0.14605498297750383
ACC04918,R31,Hospitality,259,1527664.9,0.3557,0.15–0.49,10,Active,0.6666666666666666,0.0,-10,421905.98,0.20017554848854263
ACC04919,R17,Manufacturing,99,681641.3,1.0563,1.00–1.49,10,Active,1.0,1.6666666666666667,0,469739.75,0.23957343922149626
ACC04920,R30,Healthcare,302,2589759.56,1.4814,1.00–1.49,5,Active,0.6666666666666666,8.333333333333334,0,1947728.9,0.1232381123526615
ACC04921,R30,Retail,110,735418.33,0.5669,0.50–0.99,6,Active,1.0,5.0,10,326706.42,0.1980452285054495
ACC04922,R28,Manufacturing,382,2652078.25,0.4168,0.15–0.49,3,Active,0.6666666666666666,10.0,5,704010.87,0.15123281732725555
ACC04923,R11,Retail,62,424231.31,1.9584,1.50–2.49,8,Active,0.6666666666666666,6.666666666666667,0,1470194.85,0.3736144031127172
ACC04924,R47,Retail,403,1892448.91,0.8553,0.50–0.99,11,Active,0.6666666666666666,1.6666666666666667,5,1025765.73,0.11484399011634638
ACC04925,R08,Logistics,70,321390.51,0.2517,0.15–0.49,10,Active,0.6666666666666666,5.0,-5,79016.74,0.24272475950898892
ACC04926,R13,Professional services,437,2975388.01,1.6135,1.50–2.49,10,Active,1.0,15.0,25,5929846.32,0.10516463809233252
ACC04927,R46,Professional services,106,587429.26,0.7666,0.50–0.99,11,Active,1.0,3.3333333333333335,0,475742.27999999997,0.2953183544592068
ACC04928,R15,Retail,435,3848994.5,1.8611,1.50–2.49,5,Active,0.6666666666666666,6.666666666666667,15,6561590.72,0.10491366953868717
ACC04929,R01,Technology,62,399739.41,0.3222,0.15–0.49,12,Active,0.3333333333333333,1.6666666666666667,5,273389.27999999997,0.3829553160515548
ACC04930,R06,Manufacturing,224,1467300.06,0.9832,0.50–0.99,12,Active,1.0,18.333333333333332,20,782849.17,0.15393813040357107
ACC04931,R13,Technology,117,502501.19,0.758,0.50–0.99,8,Active,1.0,1.6666666666666667,0,302577.38,0.19515428506666
ACC04932,R44,Retail,124,813601.97,0.5408,0.50–0.99,6,Active,1.0,-8.333333333333334,-15,569246.6,0.2711634778093948
ACC04933,R37,Healthcare,268,1612997.18,0.6023,0.50–0.99,11,Active,1.0,-3.3333333333333335,-10,750569.34,0.1549494619622714
ACC04934,R20,Manufacturing,458,2194421.76,0.9099,0.50–0.99,7,Active,1.0,11.666666666666666,10,1650493.02,0.1637224972959287
ACC04935,R22,Retail,254,1965012.73,0.8151,0.50–0.99,3,Active,0.3333333333333333,10.0,10,888861.1,0.15452381662275552
ACC04936,R25,Technology,156,1077669.26,0.9369,0.50–0.99,11,Active,1.0,5.0,5,510598.9,0.19378297534601854
ACC04937,R13,Logistics,315,1941735.96,0.2909,0.15–0.49,2,Active,1.0,10.0,5,532506.78,0.14110982925119114
ACC04938,R26,Professional services,614,4400154.23,0.9293,0.50–0.99,4,Active,0.6666666666666666,6.666666666666667,5,2273136.42,0.1090743682823078
ACC04939,R07,Hospitality,62,333890.14,0.968,0.50–0.99,6,Active,1.0,6.666666666666667,0,161493.62,0.3529010042198443
ACC04940,R09,Manufacturing,97,582265.08,0.4141,0.15–0.49,3,Active,0.3333333333333333,11.666666666666666,5,142482.8,0.4429530037329125
ACC04941,R22,Financial services,347,2566224.63,0.9589,0.50–0.99,12,Active,0.3333333333333333,11.666666666666666,10,1188606.94,0.15082204978039646
ACC04942,R47,Hospitality,495,3110210.2,0.9349,0.50–0.99,9,Active,1.0,3.3333333333333335,-5,1922523.7,0.12553361959200313
ACC04943,R40,Logistics,188,1487259.43,0.894,0.50–0.99,2,Active,1.0,8.333333333333334,10,934814.56,0.21657790548110217
ACC04944,R41,Manufacturing,277,1712297.57,0.51,0.50–0.99,7,Active,0.6666666666666666,0.0,5,1127929.9,0.17763984682353992
ACC04945,R39,Logistics,368,2829485.57,2.1573,1.50–2.49,12,Active,1.0,6.666666666666667,-5,5088850.75,0.11984950672187045
ACC04946,R05,Retail,140,994735.47,0.6377,0.50–0.99,7,Active,1.0,8.333333333333334,20,503314.4,0.2018678499608673
ACC04947,R03,Financial services,377,2952435.15,1.0081,1.00–1.49,9,Active,0.6666666666666666,5.0,5,2404347.67,0.16481811775558478
ACC04948,R24,Logistics,582,4605606.99,1.0155,1.00–1.49,1,Active,1.0,-1.6666666666666667,0,3376274.39,0.10076049355534378
ACC04949,R40,Logistics,83,729762.91,4.0996,2.50–5.00,4,Active,1.0,3.3333333333333335,0,2069369.67,0.17302060986510562
ACC04950,R27,Technology,64,312114.19,2.0358,1.50–2.49,6,Active,1.0,3.3333333333333335,5,758920.53,0.24672908995434456
ACC04951,R46,Logistics,359,2550580.55,1.4191,1.00–1.49,1,Active,1.0,3.3333333333333335,0,2323776.79,0.15436707982164122
ACC04952,R37,Healthcare,280,1865823.69,1.1603,1.00–1.49,5,Active,1.0,10.0,20,1406809.41,0.12282377620662838
ACC04953,R14,Hospitality,68,445020.0,1.0659,1.00–1.49,8,Active,1.0,8.333333333333334,10,360310.69,0.2528211247650962
ACC04954,R30,Professional services,140,702313.72,0.4021,0.15–0.49,1,Active,0.3333333333333333,5.0,5,212376.26,0.19390123682182164
ACC04955,R06,Manufacturing,192,1347141.25,0.2671,0.15–0.49,3,Active,0.6666666666666666,6.666666666666667,10,159443.22999999998,0.19000248719868124
ACC04956,R33,Financial services,771,5295584.17,0.5632,0.50–0.99,10,Active,0.6666666666666666,15.0,15,2683239.2,0.10036080687042036
ACC04957,R34,Technology,87,745662.54,0.8908,0.50–0.99,12,Active,1.0,6.666666666666667,-5,228039.08000000002,0.25576424874837844
ACC04958,R31,Hospitality,440,3051173.87,0.6819,0.50–0.99,6,Active,0.3333333333333333,6.666666666666667,5,1979352.95,0.13190633728243786
ACC04959,R16,Healthcare,318,2045160.29,0.7771,0.50–0.99,8,Active,0.6666666666666666,5.0,15,1229883.76,0.17564581904484997
ACC04960,R43,Retail,149,1090868.67,0.4615,0.15–0.49,5,Active,1.0,11.666666666666666,10,340965.61,0.18576544187209484
ACC04961,R25,Logistics,472,3113827.87,0.7769,0.50–0.99,6,Active,1.0,3.3333333333333335,5,1421163.6,0.1188693254183631
ACC04962,R47,Manufacturing,338,2550148.86,1.3783,1.00–1.49,3,Active,1.0,5.0,0,2349651.15,0.16913339252526455
ACC04963,R24,Manufacturing,397,2799111.65,4.6014,2.50–5.00,2,Active,1.0,5.0,5,10177577.17,0.08549983213830524
ACC04964,R13,Hospitality,572,5746490.75,1.9022,1.50–2.49,8,Active,1.0,3.3333333333333335,15,7219117.14,0.10749335653578411
ACC04965,R14,Manufacturing,201,1605671.94,0.6668,0.50–0.99,6,Active,0.6666666666666666,6.666666666666667,10,510461.55,0.20553336106804143
ACC04966,R01,Retail,62,344068.97,0.8506,0.50–0.99,10,Active,1.0,0.0,-5,144940.42,0.20868210021705996
ACC04967,R18,Financial services,69,487260.12,1.4237,1.00–1.49,8,Active,1.0,10.0,20,477103.21,0.21488193558010352
ACC04968,R01,Technology,278,2297059.88,4.8913,2.50–5.00,9,Active,1.0,5.0,10,9022668.97,0.0981704528441446
ACC04969,R34,Professional services,640,7556652.74,2.3549,1.50–2.49,11,Active,1.0,8.333333333333334,25,7533633.23,0.07116038186985892
ACC04970,R19,Logistics,275,1818890.31,0.1981,0.15–0.49,7,Active,1.0,3.3333333333333335,-10,505447.74,0.19866341628459844
ACC04971,R22,Manufacturing,93,782665.93,0.7355,0.50–0.99,5,Active,1.0,0.0,-10,280566.13,0.25827134203344354
ACC04972,R42,Retail,222,1541255.21,0.4647,0.15–0.49,3,Active,0.3333333333333333,1.6666666666666667,10,313851.88,0.21822338151619008
ACC04973,R26,Retail,558,3346753.31,0.505,0.50–0.99,7,Active,0.3333333333333333,15.0,10,1811083.35,0.1396898030870879
ACC04974,R29,Retail,429,2924470.96,1.1193,1.00–1.49,9,Active,1.0,0.0,-10,2260846.53,0.0982751286377873
ACC04975,R03,Professional services,117,855996.89,0.7944,0.50–0.99,8,Active,0.6666666666666666,8.333333333333334,-5,605150.66,0.18774934722522302
ACC04976,R10,Manufacturing,316,2598987.43,0.5638,0.50–0.99,3,Active,1.0,3.3333333333333335,10,992972.65,0.1743630404677976
ACC04977,R43,Manufacturing,211,1377649.32,0.5449,0.50–0.99,1,Active,0.6666666666666666,3.3333333333333335,15,605630.54,0.17386192069009138
ACC04978,R20,Hospitality,303,1908317.91,1.2594,1.00–1.49,8,Active,0.6666666666666666,0.0,0,2325530.98,0.130456484168585
ACC04979,R38,Logistics,390,2562939.34,1.2943,1.00–1.49,9,Active,0.3333333333333333,6.666666666666667,10,2715611.23,0.12939452816760919
ACC04980,R44,Technology,232,1894686.65,4.2012,2.50–5.00,4,Active,1.0,0.0,5,5752576.99,0.11536759775894742
ACC04981,R17,Professional services,228,1771755.37,0.3734,0.15–0.49,4,Active,0.6666666666666666,6.666666666666667,10,320788.81,0.19718634575682842
ACC04982,R21,Financial services,62,427308.56,1.318,1.00–1.49,3,Active,1.0,5.0,10,304948.23,0.2888148446687256
ACC04983,R18,Retail,170,1062347.98,0.773,0.50–0.99,7,Active,0.6666666666666666,8.333333333333334,10,626459.78,0.2366927169734598
ACC04984,R03,Financial services,352,2103332.28,0.7145,0.50–0.99,11,Active,1.0,5.0,5,1188271.62,0.15308536490135077
ACC04985,R08,Financial services,337,1863449.85,0.8197,0.50–0.99,4,Active,1.0,10.0,15,1121217.43,0.15030797751538383
ACC04986,R44,Logistics,135,1113184.92,3.615,2.50–5.00,7,Active,1.0,8.333333333333334,10,2945241.5,0.14487678633928752
ACC04987,R40,Manufacturing,395,2721413.27,0.6547,0.50–0.99,6,Active,0.3333333333333333,11.666666666666666,20,1287582.27,0.12023917548215461
ACC04988,R39,Hospitality,215,1537969.1,1.6343,1.50–2.49,8,Active,1.0,6.666666666666667,5,1942600.49,0.14399704752357725
ACC04989,R48,Healthcare,98,808228.29,0.7408,0.50–0.99,12,Active,1.0,1.6666666666666667,0,382709.27999999997,0.20426473955344884
ACC04990,R13,Financial services,244,1450602.56,1.4406,1.00–1.49,7,Active,1.0,5.0,0,1316043.04,0.13812156738232328
ACC04991,R08,Manufacturing,243,1229322.39,0.8487,0.50–0.99,3,Active,1.0,3.3333333333333335,0,726274.9400000001,0.16082439090995387
ACC04992,R23,Healthcare,166,1515894.99,4.1318,2.50–5.00,9,Active,1.0,6.666666666666667,15,5041170.25,0.13153151583151823
ACC04993,R33,Hospitality,164,1131626.87,0.8176,0.50–0.99,6,Active,0.6666666666666666,5.0,-10,602626.5599999999,0.18858591805464953
ACC04994,R36,Technology,254,1736529.8,0.7485,0.50–0.99,3,Active,1.0,5.0,10,1025621.47,0.2574876892397759
ACC04995,R04,Healthcare,192,1363171.29,0.6532,0.50–0.99,8,Active,0.6666666666666666,10.0,20,517242.24,0.19900781141140717
ACC04996,R48,Retail,711,6553176.44,2.0287,1.50–2.49,10,Active,1.0,-5.0,10,9635697.75,0.08859123585749719
ACC04997,R34,Retail,109,964586.25,0.8868,0.50–0.99,12,Active,1.0,3.3333333333333335,15,324092.69,0.23406928482975922
ACC04998,R37,Healthcare,267,1733600.45,0.6096,0.50–0.99,6,Active,0.6666666666666666,3.3333333333333335,10,965913.18,0.1648450415902231
ACC04999,R21,Logistics,660,5202849.35,1.4187,1.00–1.49,7,Active,0.6666666666666666,6.666666666666667,20,3516452.06,0.09158468856936393
ACC05000,R42,Technology,173,994891.49,0.8942,0.50–0.99,1,Active,1.0,6.666666666666667,5,497372.27,0.1865651758575863
ACC05001,R06,Technology,755,3939615.04,0.7587,0.50–0.99,6,Active,1.0,1.6666666666666667,-5,2315360.68,0.09408489307021631
ACC05002,R36,Professional services,100,869155.21,2.2913,1.50–2.49,7,Active,1.0,3.3333333333333335,-5,852043.35,0.1736996997622709
ACC05003,R24,Hospitality,158,1476164.96,1.2918,1.00–1.49,5,Active,1.0,5.0,10,886824.1799999999,0.16125029792782172
ACC05004,R44,Healthcare,163,1343604.84,0.6878,0.50–0.99,12,Active,1.0,10.0,5,698521.04,0.19059329487217957
ACC05005,R11,Financial services,467,3044490.75,4.1424,2.50–5.00,5,Active,1.0,-1.6666666666666667,0,12648572.32,0.10008733825487508
ACC05006,R40,Hospitality,202,1101643.13,0.4173,0.15–0.49,9,Active,0.3333333333333333,6.666666666666667,0,561775.24,0.23681105872542202
ACC05007,R05,Technology,190,1222481.39,0.2235,0.15–0.49,8,Active,1.0,3.3333333333333335,5,445871.33,0.20557615780031482
ACC05008,R04,Professional services,228,1487295.34,0.2786,0.15–0.49,8,Active,0.6666666666666666,0.0,-5,344150.85,0.19158051051672523
ACC05009,R42,Hospitality,62,330908.13,0.8626,0.50–0.99,8,Active,0.6666666666666666,1.6666666666666667,0,262314.48000000004,0.48837921395109885
ACC05010,R05,Hospitality,208,1474443.33,2.3232,1.50–2.49,5,Active,1.0,1.6666666666666667,0,2494073.12,0.16644127250771654
ACC05011,R34,Logistics,105,730567.86,0.6877,0.50–0.99,6,Active,0.6666666666666666,3.3333333333333335,5,452245.96,0.2890244905426534
ACC05012,R42,Retail,102,845547.85,1.2215,1.00–1.49,1,Active,1.0,10.0,10,619181.88,0.2030651163772499
ACC05013,R39,Hospitality,400,2130691.17,0.744,0.50–0.99,7,Active,1.0,6.666666666666667,10,1442439.08,0.12378462940635439
ACC05014,R14,Manufacturing,574,3568900.51,0.5824,0.50–0.99,10,Active,0.6666666666666666,8.333333333333334,15,2007449.57,0.1096813126409335
ACC05015,R09,Logistics,297,2622113.5,2.0754,1.50–2.49,12,Active,1.0,5.0,5,3716101.36,0.11636110419872363
ACC05016,R22,Healthcare,488,3553453.48,1.7505,1.50–2.49,7,Active,1.0,11.666666666666666,10,6813323.18,0.10144309500028115
ACC05017,R32,Healthcare,62,572277.28,0.6558,0.50–0.99,12,Active,1.0,5.0,5,138713.6,0.24615171291754911
ACC05018,R07,Financial services,73,602815.75,0.6063,0.50–0.99,7,Active,0.6666666666666666,3.3333333333333335,0,394461.37,0.43012080188188007
ACC05019,R33,Retail,62,303869.23,0.2219,0.15–0.49,10,Active,0.6666666666666666,6.666666666666667,10,85115.6,0.39423727353541793
ACC05020,R22,Professional services,326,2178863.29,1.9981,1.50–2.49,10,Active,1.0,-3.3333333333333335,-5,4337056.4,0.09792241689179336
ACC05021,R41,Manufacturing,198,1331125.43,0.5232,0.50–0.99,7,Active,0.6666666666666666,-3.3333333333333335,0,759356.59,0.22242394496291337
ACC05022,R37,Hospitality,117,538440.8,0.8923,0.50–0.99,9,Active,0.6666666666666666,8.333333333333334,15,387705.76,0.22812095911883393
ACC05023,R18,Logistics,229,1770116.44,1.1307,1.00–1.49,2,Active,0.6666666666666666,11.666666666666666,25,1330670.67,0.15115802026066277
ACC05024,R36,Financial services,585,3153069.34,0.4182,0.15–0.49,1,Active,0.3333333333333333,13.333333333333334,10,776964.19,0.1379818719149978
ACC05025,R41,Hospitality,134,709290.95,0.5814,0.50–0.99,11,Active,1.0,-1.6666666666666667,-10,468229.77,0.18834912995102346
ACC05026,R36,Logistics,367,2186674.63,0.3004,0.15–0.49,5,Active,0.6666666666666666,13.333333333333334,10,609619.91,0.21775927230151265
ACC05027,R34,Logistics,132,919426.57,0.8824,0.50–0.99,4,Active,1.0,3.3333333333333335,5,466495.89,0.22828906653175418
ACC05028,R27,Professional services,853,5628201.92,1.0077,1.00–1.49,4,Active,0.3333333333333333,11.666666666666666,15,6057069.67,0.08276724481052797
ACC05029,R19,Retail,83,425584.27,0.4245,0.15–0.49,1,Active,0.6666666666666666,10.0,5,126543.31999999999,0.2813477011756123
ACC05030,R11,Technology,416,2312930.04,0.5031,0.50–0.99,7,Active,1.0,1.6666666666666667,10,1300146.58,0.12881364804405554
ACC05031,R21,Healthcare,153,1160437.66,0.6597,0.50–0.99,3,Active,1.0,1.6666666666666667,0,526303.68,0.2665540503193793
ACC05032,R13,Healthcare,73,602414.58,0.5567,0.50–0.99,10,Active,0.6666666666666666,10.0,0,228400.23,0.2899483606505582
ACC05033,R19,Logistics,80,643890.6,1.9122,1.50–2.49,9,Active,0.6666666666666666,15.0,5,1019687.08,0.1821973328082969
ACC05034,R29,Professional services,67,487356.87,0.9855,0.50–0.99,6,Active,0.6666666666666666,1.6666666666666667,5,165816.08,0.2695464776652753
ACC05035,R01,Logistics,183,882383.58,0.9608,0.50–0.99,7,Active,0.6666666666666666,5.0,-15,472499.08,0.16931566912046062
ACC05036,R05,Hospitality,574,4043121.57,0.8111,0.50–0.99,8,Active,1.0,5.0,15,2322261.9,0.15699322740813362
ACC05037,R20,Healthcare,156,821220.18,0.9644,0.50–0.99,4,Active,1.0,13.333333333333334,10,549370.96,0.250270857397925
ACC05038,R36,Technology,62,380552.67,1.1689,1.00–1.49,3,Active,1.0,10.0,0,516212.34,0.2840189073388387
ACC05039,R36,Hospitality,223,1444990.21,0.7179,0.50–0.99,3,Active,1.0,-3.3333333333333335,-10,1074796.2,0.16709345665815578
ACC05040,R31,Manufacturing,87,584431.97,0.8878,0.50–0.99,4,Active,0.3333333333333333,6.666666666666667,-15,181674.96,0.2239831369865183
ACC05041,R30,Manufacturing,122,707887.33,0.9309,0.50–0.99,8,Active,1.0,-5.0,-10,271993.75,0.18937062948013816
ACC05042,R20,Logistics,297,1524875.3,1.7567,1.50–2.49,4,Active,1.0,8.333333333333334,10,4291035.26,0.143352903833031
ACC05043,R33,Hospitality,215,1056880.54,0.4264,0.15–0.49,9,Active,1.0,3.3333333333333335,-10,259185.69,0.20280669560342618
ACC05044,R47,Professional services,658,4282047.08,0.7621,0.50–0.99,3,Active,1.0,6.666666666666667,5,2618591.73,0.12863754185675802
ACC05045,R15,Hospitality,73,567872.77,1.3311,1.00–1.49,12,Active,1.0,15.0,15,414823.78,0.3193011632642916
ACC05046,R35,Technology,383,2100344.95,1.204,1.00–1.49,2,Active,0.6666666666666666,8.333333333333334,-10,2391034.36,0.10992742852269734
ACC05047,R31,Hospitality,183,1367807.03,0.8371,0.50–0.99,5,Active,0.6666666666666666,5.0,5,680682.93,0.15867310772739487
ACC05048,R45,Retail,173,994141.64,0.9394,0.50–0.99,2,Active,1.0,-8.333333333333334,-15,369412.08,0.18219993894828657
ACC05049,R13,Professional services,321,2234473.45,0.6033,0.50–0.99,11,Active,0.6666666666666666,8.333333333333334,15,1245895.96,0.1601750061722999
ACC05050,R18,Hospitality,213,1721052.73,2.1146,1.50–2.49,1,Active,1.0,8.333333333333334,10,3071758.77,0.15830258699109198
ACC05051,R30,Technology,572,4546861.52,1.5988,1.50–2.49,3,Active,1.0,1.6666666666666667,-5,7482570.86,0.09803141923768538
ACC05052,R23,Professional services,281,1945579.14,0.6884,0.50–0.99,1,Active,1.0,1.6666666666666667,0,1075737.18,0.16940234465348844
ACC05053,R16,Technology,473,3217658.92,0.4075,0.15–0.49,11,Active,0.3333333333333333,-1.6666666666666667,-15,890797.59,0.16805532344205293
ACC05054,R48,Retail,153,959019.07,0.4263,0.15–0.49,7,Active,1.0,6.666666666666667,5,182761.43,0.21648449095999456
ACC05055,R41,Professional services,238,1287588.8,0.9695,0.50–0.99,5,Active,1.0,-5.0,-10,1110003.2,0.17837596419470095
ACC05056,R04,Manufacturing,563,3935732.57,1.3466,1.00–1.49,6,Active,0.6666666666666666,15.0,5,3985476.53,0.10123076260108892
ACC05057,R03,Professional services,103,788121.25,1.2047,1.00–1.49,5,Active,1.0,10.0,10,794403.36,0.23466208417641224
ACC05058,R32,Healthcare,398,3091959.18,2.3273,1.50–2.49,4,Active,1.0,1.6666666666666667,-10,5447827.74,0.09918065051871515
ACC05059,R37,Technology,176,1416635.23,0.7223,0.50–0.99,6,Active,0.3333333333333333,3.3333333333333335,5,739767.92,0.16627078321786146
ACC05060,R03,Financial services,147,1276140.05,0.2153,0.15–0.49,12,Active,0.6666666666666666,13.333333333333334,0,349459.83999999997,0.19081235099082575
ACC05061,R21,Manufacturing,111,897693.52,4.1671,2.50–5.00,5,Active,1.0,8.333333333333334,15,3572186.84,0.1511434781257239
ACC05062,R17,Financial services,633,4293835.56,1.2668,1.00–1.49,4,Active,0.6666666666666666,11.666666666666666,5,4302836.99,0.0995526846448523
ACC05063,R48,Hospitality,282,2087601.44,0.7451,0.50–0.99,6,Active,1.0,-1.6666666666666667,5,1310108.45,0.21675353892053237
ACC05064,R15,Retail,508,2964011.87,0.5179,0.50–0.99,3,Active,0.6666666666666666,1.6666666666666667,0,1972518.64,0.12035954884606255
ACC05065,R40,Financial services,707,4937513.55,4.3168,2.50–5.00,1,Active,1.0,-1.6666666666666667,-15,18123022.49,0.06396678669226477
ACC05066,R05,Technology,62,410820.38,0.8695,0.50–0.99,7,Active,1.0,11.666666666666666,15,171126.27,0.24512049620696122
ACC05067,R20,Financial services,181,1414048.04,0.7901,0.50–0.99,6,Active,1.0,11.666666666666666,5,596366.05,0.18817462729212012
ACC05068,R45,Professional services,62,350594.69,0.8104,0.50–0.99,1,Active,1.0,-3.3333333333333335,-10,247542.01,0.26613878761137627
ACC05069,R12,Professional services,119,1268134.76,2.0986,1.50–2.49,11,Active,0.6666666666666666,5.0,0,1918715.78,0.17358492363240824
ACC05070,R26,Financial services,252,1397495.1,0.4414,0.15–0.49,4,Active,0.6666666666666666,11.666666666666666,10,343585.16,0.2130198730292163
ACC05071,R41,Healthcare,172,1250180.82,0.876,0.50–0.99,1,Active,0.6666666666666666,5.0,10,429015.73,0.198119386901728
ACC05072,R26,Healthcare,80,651935.18,3.2635,2.50–5.00,6,Active,1.0,1.6666666666666667,15,2360237.57,0.31737974081041426
ACC05073,R36,Healthcare,187,1426976.55,0.5197,0.50–0.99,7,Active,1.0,0.0,5,561316.01,0.14988730666964442
ACC05074,R08,Manufacturing,80,489326.21,2.8407,2.50–5.00,7,Active,1.0,11.666666666666666,10,2242912.98,0.2583139744655543
ACC05075,R46,Financial services,152,957187.11,0.3078,0.15–0.49,3,Active,0.3333333333333333,6.666666666666667,15,431557.94,0.24395105938743913
ACC05076,R36,Financial services,136,1078757.18,1.3385,1.00–1.49,2,Active,1.0,6.666666666666667,0,1241630.98,0.21858355566742077
ACC05077,R09,Hospitality,357,2619289.06,0.5417,0.50–0.99,10,Active,1.0,3.3333333333333335,0,1585472.56,0.19525321333442783
ACC05078,R21,Logistics,164,908664.74,0.286,0.15–0.49,9,Active,0.3333333333333333,3.3333333333333335,15,332102.64,0.36687322367940656
ACC05079,R45,Technology,329,1902674.22,0.5069,0.50–0.99,1,Active,1.0,0.0,0,1115532.51,0.13899547473024187
ACC05080,R07,Hospitality,84,761002.01,1.7197,1.50–2.49,1,Active,1.0,8.333333333333334,15,932363.57,0.22908256422239312
ACC05081,R16,Logistics,383,2118016.86,0.176,0.15–0.49,6,Active,1.0,1.6666666666666667,0,569364.46,0.14995594312634095
ACC05082,R35,Hospitality,750,3997431.17,0.8276,0.50–0.99,9,Active,1.0,8.333333333333334,5,3074344.41,0.11407385445471017
ACC05083,R18,Manufacturing,143,847297.81,0.2879,0.15–0.49,12,Active,1.0,6.666666666666667,0,217334.89,0.2877137587147835
ACC05084,R43,Retail,62,353716.85,0.5529,0.50–0.99,3,Active,0.6666666666666666,6.666666666666667,15,171166.49,0.22444186144425832
ACC05085,R10,Hospitality,322,2157778.72,0.597,0.50–0.99,5,Active,0.6666666666666666,-5.0,-15,1191279.45,0.1673057711158954
ACC05086,R28,Technology,90,634136.48,0.3756,0.15–0.49,2,Active,1.0,0.0,-15,190309.27,0.35149737380725027
ACC05087,R23,Logistics,558,3963933.21,0.7831,0.50–0.99,8,Active,0.3333333333333333,6.666666666666667,5,2276393.41,0.11947042532703084
ACC05088,R28,Financial services,292,1573289.97,0.2266,0.15–0.49,4,Active,0.6666666666666666,0.0,-10,376593.18,0.14316997698863834
ACC05089,R12,Hospitality,658,3461597.99,0.2329,0.15–0.49,5,Active,0.6666666666666666,0.0,-5,1174910.83,0.11280307469402108
ACC05090,R18,Logistics,318,1712287.92,0.3433,0.15–0.49,2,Active,0.6666666666666666,5.0,5,616808.04,0.15122911586683643
ACC05091,R37,Healthcare,253,1737584.34,0.5196,0.50–0.99,8,Active,1.0,6.666666666666667,0,678788.84,0.16435869009636792
ACC05092,R28,Professional services,697,4726462.36,0.1652,0.15–0.49,8,Active,1.0,11.666666666666666,10,1129980.68,0.10958692348448945
ACC05093,R01,Hospitality,113,656235.12,0.1714,0.15–0.49,4,Active,0.6666666666666666,-3.3333333333333335,-10,141089.61000000002,0.22204028547614799
ACC05094,R03,Financial services,236,1614304.21,0.1929,0.15–0.49,4,Active,0.3333333333333333,6.666666666666667,-5,406223.54,0.18707882570011908
ACC05095,R11,Manufacturing,425,3319070.26,2.4056,1.50–2.49,1,Active,1.0,3.3333333333333335,-10,6401879.29,0.10188713208492722
ACC05096,R06,Retail,209,1849825.17,0.7207,0.50–0.99,6,Active,1.0,5.0,20,624762.12,0.16460946283517017
ACC05097,R32,Technology,552,3738765.52,1.9329,1.50–2.49,4,Active,1.0,18.333333333333332,25,7637391.4,0.10531761717757875
ACC05098,R48,Hospitality,108,655934.18,0.3199,0.15–0.49,1,Active,0.6666666666666666,1.6666666666666667,-10,162612.5,0.3418566382877064
ACC05099,R42,Retail,224,1491530.0,1.0454,1.00–1.49,9,Active,0.3333333333333333,18.333333333333332,25,1324384.21,0.1419474718596415
ACC05100,R15,Manufacturing,111,629318.51,0.7781,0.50–0.99,7,Active,1.0,1.6666666666666667,5,318124.99,0.1813774064274728
ACC05101,R44,Technology,1237,8525349.43,0.3861,0.15–0.49,11,Active,0.6666666666666666,6.666666666666667,15,2255587.75,0.09219536491271232
ACC05102,R09,Healthcare,183,1341212.24,0.2196,0.15–0.49,8,Active,0.6666666666666666,8.333333333333334,10,328463.32,0.20542285150216955
ACC05103,R22,Healthcare,101,521030.42,0.9097,0.50–0.99,9,Active,0.6666666666666666,13.333333333333334,0,376430.0,0.2077698486088882
ACC05104,R12,Professional services,326,2789982.47,0.9435,0.50–0.99,8,Active,1.0,3.3333333333333335,0,1105479.39,0.14547599755089102
ACC05105,R43,Financial services,116,738469.87,1.4579,1.00–1.49,1,Active,1.0,-1.6666666666666667,5,553501.36,0.18956426189718215
ACC05106,R37,Logistics,112,636793.39,0.5266,0.50–0.99,5,Active,0.6666666666666666,10.0,0,276432.4,0.2003897143106309
ACC05107,R16,Hospitality,97,599380.47,0.8761,0.50–0.99,1,Active,1.0,5.0,15,268025.96,0.2728882830760886
ACC05108,R36,Retail,138,1208818.28,0.4565,0.15–0.49,6,Active,0.6666666666666666,3.3333333333333335,0,175642.71,0.19191391813405745
ACC05109,R02,Manufacturing,592,4776746.11,0.1525,0.15–0.49,10,Active,1.0,-1.6666666666666667,-15,1088228.55,0.11518279732993274
ACC05110,R05,Financial services,187,1149349.06,0.8038,0.50–0.99,6,Active,1.0,5.0,0,487480.13,0.2054434116797333
ACC05111,R30,Professional services,130,903436.96,1.8827,1.50–2.49,3,Active,1.0,5.0,0,1414513.4,0.1666242501170076
ACC05112,R05,Healthcare,356,2219511.65,0.269,0.15–0.49,7,Active,0.6666666666666666,6.666666666666667,20,691291.17,0.21425657351705413
ACC05113,R16,Technology,283,2188243.34,3.4324,2.50–5.00,5,Active,1.0,3.3333333333333335,5,7428061.45,0.13017838143372382
ACC05114,R43,Manufacturing,311,1982469.16,0.7668,0.50–0.99,11,Active,1.0,-8.333333333333334,-15,1267629.34,0.16991598001433728
ACC05115,R39,Technology,62,340868.39,0.6178,0.50–0.99,4,Active,1.0,6.666666666666667,0,180151.96,0.2705952847310056
ACC05116,R01,Healthcare,227,1374575.05,0.3521,0.15–0.49,11,Active,0.6666666666666666,5.0,0,315929.26,0.28317373278407926
ACC05117,R04,Retail,1144,9074724.28,0.5487,0.50–0.99,6,Active,0.6666666666666666,3.3333333333333335,-5,4172576.63,0.08063857932706257
ACC05118,R33,Technology,355,2936595.59,0.5971,0.50–0.99,11,Active,0.3333333333333333,8.333333333333334,10,1338472.78,0.13620147512475578
ACC05119,R11,Professional services,62,370976.47,0.6552,0.50–0.99,12,Active,1.0,-1.6666666666666667,-10,245123.21,0.31465017413419977
ACC05120,R39,Logistics,359,2809969.97,0.944,0.50–0.99,4,Active,0.3333333333333333,11.666666666666666,15,1120672.49,0.14679014908108962
ACC05121,R29,Hospitality,476,3694306.81,3.6299,2.50–5.00,8,Active,1.0,6.666666666666667,0,11554849.25,0.08474303552078002
ACC05122,R08,Technology,177,1078704.49,0.431,0.15–0.49,11,Active,0.6666666666666666,3.3333333333333335,0,272256.19,0.20491204963695087
ACC05123,R28,Manufacturing,387,2653377.39,1.7809,1.50–2.49,9,Active,1.0,3.3333333333333335,0,5606595.88,0.09683776541324574
ACC05124,R04,Retail,164,1056107.6,0.9725,0.50–0.99,12,Active,1.0,13.333333333333334,0,426071.23,0.15103383775122237
ACC05125,R13,Manufacturing,148,856343.24,0.4112,0.15–0.49,11,Active,1.0,-5.0,0,170605.38999999998,0.317511029628537
ACC05126,R21,Technology,98,536308.98,1.1459,1.00–1.49,11,Active,0.6666666666666666,-6.666666666666667,-5,643124.89,0.2738088690449824
ACC05127,R47,Technology,200,1368406.99,1.1927,1.00–1.49,7,Active,1.0,3.3333333333333335,5,1569959.72,0.1474523616134818
ACC05128,R23,Hospitality,223,1246705.26,0.5306,0.50–0.99,6,Active,1.0,3.3333333333333335,-10,964124.13,0.1796770808181112
ACC05129,R20,Logistics,259,1614852.68,0.9393,0.50–0.99,12,Active,1.0,6.666666666666667,20,985064.78,0.16369333801528546
ACC05130,R23,Retail,256,1613549.1,0.8198,0.50–0.99,1,Active,0.0,3.3333333333333335,-5,1074080.6300000001,0.19614099074759242
ACC05131,R31,Retail,541,4080341.86,0.7779,0.50–0.99,9,Active,0.6666666666666666,-3.3333333333333335,-10,1854759.86,0.12243530694338191
ACC05132,R43,Technology,144,926295.44,0.3378,0.15–0.49,9,Active,1.0,10.0,10,155552.97,0.2224359751380535
ACC05133,R42,Hospitality,292,2315653.37,2.5458,2.50–5.00,4,Active,1.0,5.0,0,8329774.62,0.11103433862388239
ACC05134,R38,Financial services,120,1143270.69,1.0836,1.00–1.49,9,Active,0.6666666666666666,5.0,25,803281.15,0.21948599749717837
ACC05135,R11,Healthcare,126,1101065.33,0.5656,0.50–0.99,1,Active,0.6666666666666666,16.666666666666668,0,402617.6,0.19984727990225482
ACC05136,R19,Hospitality,705,4471508.96,0.4356,0.15–0.49,12,Active,0.6666666666666666,0.0,0,1215387.85,0.1490643942138971
ACC05137,R23,Manufacturing,131,746438.34,0.7171,0.50–0.99,9,Active,0.3333333333333333,5.0,15,292635.96,0.21441012257588118
ACC05138,R04,Healthcare,179,1032298.2,1.0441,1.00–1.49,1,Active,1.0,6.666666666666667,5,1320010.5,0.1789690648101633
ACC05139,R12,Professional services,279,1735758.48,0.6288,0.50–0.99,6,Active,1.0,-3.3333333333333335,0,1179470.81,0.1770992636281746
ACC05140,R26,Professional services,117,806217.28,0.9115,0.50–0.99,12,Active,1.0,6.666666666666667,0,502766.58999999997,0.24679457899105203
ACC05141,R32,Financial services,79,713871.54,3.6708,2.50–5.00,6,Active,1.0,8.333333333333334,20,1889249.26,0.24450202364225335
ACC05142,R44,Manufacturing,182,954402.34,0.6161,0.50–0.99,1,Active,1.0,-3.3333333333333335,-15,511815.64,0.2132526440282939
ACC05143,R38,Logistics,359,2143181.85,1.1265,1.00–1.49,4,Active,1.0,11.666666666666666,15,2178035.95,0.13856702670333249
ACC05144,R06,Retail,160,1376484.97,3.2287,2.50–5.00,5,Active,1.0,8.333333333333334,20,3769982.76,0.1396581797787519
ACC05145,R18,Financial services,588,3610188.56,0.9347,0.50–0.99,1,Active,1.0,-1.6666666666666667,-15,2179735.03,0.12627993491161033
ACC05146,R17,Healthcare,618,5548805.7,4.8207,2.50–5.00,12,Active,1.0,11.666666666666666,10,17543239.46,0.10279166088958908
ACC05147,R30,Hospitality,145,918888.22,0.5915,0.50–0.99,7,Active,1.0,5.0,0,552108.73,0.24899001641860122
ACC05148,R40,Logistics,112,1146477.13,1.8206,1.50–2.49,10,Active,0.6666666666666666,13.333333333333334,20,1570843.04,0.22844730173135117
ACC05149,R46,Logistics,113,895394.55,0.2039,0.15–0.49,11,Active,0.3333333333333333,6.666666666666667,10,133044.16999999998,0.2609921766177048
ACC05150,R01,Hospitality,229,1953495.51,1.2872,1.00–1.49,9,Active,1.0,1.6666666666666667,0,1332964.86,0.14758195579469213
ACC05151,R41,Manufacturing,218,1435319.48,0.2302,0.15–0.49,4,Active,1.0,0.0,5,304999.1,0.21107242201163662
ACC05152,R08,Financial services,467,3105762.47,4.7245,2.50–5.00,6,Active,1.0,-3.3333333333333335,-5,13850389.81,0.10088245167893659
ACC05153,R14,Financial services,142,1082875.66,0.9185,0.50–0.99,9,Active,0.6666666666666666,13.333333333333334,20,357005.84,0.220690029453853
ACC05154,R08,Logistics,251,1740678.88,0.2082,0.15–0.49,10,Active,0.3333333333333333,6.666666666666667,5,314742.96,0.19479134084188038
ACC05155,R26,Healthcare,77,606945.26,1.067,1.00–1.49,12,Active,1.0,1.6666666666666667,0,451684.72,0.3188456964748703
ACC05156,R26,Technology,110,588077.76,0.2934,0.15–0.49,5,Active,1.0,0.0,-5,176675.82,0.3154904164339847
ACC05157,R20,Technology,424,3003230.19,0.507,0.50–0.99,10,Active,0.6666666666666666,6.666666666666667,0,1438925.18,0.15292430149010397
ACC05158,R33,Retail,430,2667253.54,0.1553,0.15–0.49,5,Active,0.6666666666666666,13.333333333333334,15,919783.0599999999,0.16499636059588776
ACC05159,R26,Manufacturing,179,994655.2,1.344,1.00–1.49,12,Active,1.0,3.3333333333333335,15,1100459.89,0.15633650967759266
ACC05160,R24,Technology,188,1436659.05,1.4866,1.00–1.49,5,Active,1.0,1.6666666666666667,15,1224991.17,0.21184674554321528
ACC05161,R14,Technology,325,2357498.74,0.6273,0.50–0.99,5,Active,1.0,6.666666666666667,0,912933.94,0.15010138176311447
ACC05162,R17,Technology,389,3495745.14,0.5153,0.50–0.99,2,Active,1.0,5.0,10,1487595.65,0.14422353689820464
ACC05163,R25,Healthcare,139,756984.76,0.5681,0.50–0.99,2,Active,1.0,0.0,-5,455317.36,0.18427080339799587
ACC05164,R36,Financial services,191,1494670.41,0.7907,0.50–0.99,11,Active,0.3333333333333333,8.333333333333334,10,546783.7,0.17554513077162548
ACC05165,R44,Financial services,170,1489590.17,0.5714,0.50–0.99,4,Active,0.6666666666666666,16.666666666666668,25,572082.12,0.2209287297142905
ACC05166,R39,Logistics,155,918631.16,1.2666,1.00–1.49,4,Active,1.0,1.6666666666666667,5,1243975.7,0.18935197141791368
ACC05167,R15,Professional services,62,426621.31,2.2893,1.50–2.49,2,Active,1.0,5.0,10,641852.39,0.24079201038291959
ACC05168,R05,Technology,526,3138599.9,0.4774,0.15–0.49,12,Active,1.0,13.333333333333334,10,860907.81,0.15338895494316343
ACC05169,R39,Manufacturing,794,6192293.07,0.2838,0.15–0.49,5,Active,0.3333333333333333,1.6666666666666667,-5,1470803.16,0.12910007813268412
ACC05170,R45,Financial services,314,2903495.61,3.3995,2.50–5.00,8,Active,1.0,0.0,15,9829073.88,0.10202615207174195
ACC05171,R07,Retail,124,926399.22,0.9253,0.50–0.99,6,Active,1.0,1.6666666666666667,5,471519.2,0.24325865885374068
ACC05172,R32,Manufacturing,1848,17370984.3,4.2342,2.50–5.00,6,Active,1.0,15.0,25,46234746.98,0.04273557403103227
ACC05173,R36,Professional services,327,1479125.8,0.2859,0.15–0.49,5,Active,0.6666666666666666,6.666666666666667,0,422786.23,0.1781976242540223
ACC05174,R11,Hospitality,284,1960392.47,0.6909,0.50–0.99,6,Active,1.0,-1.6666666666666667,5,1310074.29,0.1553611591717052
ACC05175,R13,Logistics,517,3510612.83,0.6122,0.50–0.99,8,Active,1.0,3.3333333333333335,5,1574357.6199999999,0.11765746824432219
ACC05176,R48,Retail,187,1537677.1,2.4698,1.50–2.49,4,Active,1.0,-3.3333333333333335,5,2159211.98,0.1283001171800206
ACC05177,R10,Logistics,432,3795734.53,0.7403,0.50–0.99,12,Active,1.0,-3.3333333333333335,-5,1343116.67,0.13674187512817795
ACC05178,R18,Hospitality,200,1103250.96,0.7546,0.50–0.99,11,Active,0.6666666666666666,8.333333333333334,15,640985.05,0.18509543355284472
ACC05179,R09,Manufacturing,514,4740267.6,0.7464,0.50–0.99,11,Active,0.3333333333333333,8.333333333333334,15,1978633.3599999999,0.13815185458198784
ACC05180,R03,Professional services,412,1985589.48,0.5224,0.50–0.99,6,Active,0.6666666666666666,0.0,5,1600724.95,0.17042501260164616
ACC05181,R37,Hospitality,62,387451.24,0.2213,0.15–0.49,8,Active,0.6666666666666666,5.0,0,62113.57,0.3316442029130355
ACC05182,R22,Professional services,62,476789.39,0.7168,0.50–0.99,4,Active,1.0,-1.6666666666666667,-5,167427.95,0.18728386552071274
ACC05183,R15,Retail,214,1643527.7,4.038,2.50–5.00,4,Active,1.0,6.666666666666667,-15,5495600.35,0.10913585897714864
ACC05184,R13,Manufacturing,171,1074488.21,0.6814,0.50–0.99,8,Active,0.6666666666666666,15.0,25,737918.5,0.23435593178688188
ACC05185,R48,Manufacturing,168,1160761.57,0.778,0.50–0.99,1,Active,1.0,1.6666666666666667,0,484723.61,0.16231468932196752
ACC05186,R28,Hospitality,72,617871.6,2.0373,1.50–2.49,4,Active,1.0,6.666666666666667,5,1622750.29,0.3050762510485829
ACC05187,R10,Retail,135,1181685.32,0.5681,0.50–0.99,6,Active,1.0,5.0,20,480416.33999999997,0.24583318928809234
ACC05188,R43,Financial services,767,4733177.82,0.5973,0.50–0.99,7,Active,0.6666666666666666,11.666666666666666,5,2884933.14,0.12371684471184573
ACC05189,R18,Logistics,146,869082.38,0.9263,0.50–0.99,5,Active,1.0,1.6666666666666667,10,443527.94,0.20115046940981138
ACC05190,R14,Manufacturing,179,1208734.31,0.2604,0.15–0.49,1,Active,0.6666666666666666,1.6666666666666667,0,317601.82,0.23659738902901642
ACC05191,R44,Professional services,412,2257725.05,0.5249,0.50–0.99,6,Active,0.3333333333333333,6.666666666666667,10,1601024.55,0.12278815003175673
ACC05192,R44,Healthcare,364,2718441.03,2.2095,1.50–2.49,11,Active,1.0,10.0,10,3665419.74,0.08965450860757584
ACC05193,R19,Logistics,407,3283099.94,1.4718,1.00–1.49,11,Active,1.0,3.3333333333333335,10,2391738.31,0.13377740962928997
ACC05194,R28,Manufacturing,151,1298304.46,3.1043,2.50–5.00,12,Active,1.0,1.6666666666666667,-10,4390702.75,0.20208743917195854
ACC05195,R07,Technology,329,1906284.33,0.1911,0.15–0.49,3,Active,1.0,3.3333333333333335,0,648852.18,0.18199733296782203
ACC05196,R07,Retail,96,598507.73,1.0724,1.00–1.49,3,Active,1.0,10.0,20,729283.96,0.23732337289893685
ACC05197,R12,Technology,467,4811242.54,1.3279,1.00–1.49,11,Active,0.6666666666666666,5.0,5,3152997.78,0.10604901116772561
ACC05198,R03,Retail,238,1322899.79,0.3245,0.15–0.49,12,Active,0.6666666666666666,10.0,10,354332.08,0.1733553899444772
ACC05199,R23,Technology,350,2841703.75,1.1983,1.00–1.49,8,Active,1.0,13.333333333333334,15,2563019.11,0.12708646716385918
ACC05200,R12,Hospitality,89,749321.39,0.5367,0.50–0.99,9,Active,0.6666666666666666,15.0,20,400560.06,0.21164258945762773
ACC05201,R39,Professional services,176,1157021.84,0.7102,0.50–0.99,8,Active,0.6666666666666666,6.666666666666667,5,743186.3,0.18404845842962952
ACC05202,R10,Financial services,620,3438686.17,0.6683,0.50–0.99,6,Active,0.6666666666666666,-1.6666666666666667,15,2418467.34,0.10582502069300057
ACC05203,R16,Technology,95,660712.37,0.5907,0.50–0.99,9,Active,1.0,3.3333333333333335,-5,300413.99,0.2894094234439777
ACC05204,R40,Professional services,160,1098070.93,0.5828,0.50–0.99,10,Active,1.0,-3.3333333333333335,5,625501.85,0.2770489720359361
ACC05205,R39,Logistics,688,3505928.31,0.4106,0.15–0.49,7,Active,1.0,8.333333333333334,15,962658.08,0.11129566125656437
ACC05206,R21,Professional services,335,2063540.95,1.3965,1.00–1.49,12,Active,1.0,10.0,25,2189815.58,0.13025817347993243
ACC05207,R30,Technology,155,998123.84,0.6932,0.50–0.99,3,Active,1.0,3.3333333333333335,20,422110.15,0.1919525251446793
ACC05208,R14,Technology,107,800322.17,2.3546,1.50–2.49,4,Active,1.0,6.666666666666667,10,1299007.46,0.18228270763524135
ACC05209,R06,Retail,118,856893.21,0.6531,0.50–0.99,10,Active,0.6666666666666666,16.666666666666668,25,309842.63,0.2606466119360465
ACC05210,R24,Financial services,171,1145028.16,1.2162,1.00–1.49,5,Active,1.0,5.0,10,1105457.43,0.1772529613542312
ACC05211,R07,Retail,549,3706612.2,0.6312,0.50–0.99,2,Active,0.6666666666666666,15.0,25,2603144.43,0.21312154865689623
ACC05212,R47,Technology,335,2584332.19,0.9737,0.50–0.99,5,Active,1.0,3.3333333333333335,10,1279077.6,0.13389858148793343
ACC05213,R05,Logistics,445,3120076.35,1.1855,1.00–1.49,3,Active,1.0,-6.666666666666667,0,2402018.41,0.10847094951426071
ACC05214,R12,Logistics,880,5048863.53,0.7854,0.50–0.99,2,Active,0.6666666666666666,-3.3333333333333335,5,3748097.4,0.09569284661321367
ACC05215,R39,Retail,494,3163275.96,0.4268,0.15–0.49,2,Active,0.6666666666666666,6.666666666666667,10,911177.17,0.17581364850896364
ACC05216,R22,Professional services,86,589034.03,0.6571,0.50–0.99,7,Active,1.0,-6.666666666666667,-10,294492.12,0.24057428263383437
ACC05217,R40,Professional services,62,494843.46,0.7848,0.50–0.99,4,Active,0.6666666666666666,10.0,10,233449.56,0.2678742345865513
ACC05218,R22,Professional services,843,9763796.93,0.7926,0.50–0.99,6,Active,0.6666666666666666,11.666666666666666,15,3007924.92,0.09987475719998846
ACC05219,R48,Logistics,106,840618.33,1.1955,1.00–1.49,4,Active,1.0,10.0,25,781475.71,0.21102433306218968
ACC05220,R11,Logistics,261,1691882.46,0.6252,0.50–0.99,1,Active,0.6666666666666666,1.6666666666666667,10,1143796.25,0.19386108827373044
ACC05221,R05,Technology,149,863396.67,0.4082,0.15–0.49,5,Active,1.0,3.3333333333333335,0,213325.11000000002,0.23275421348255562
ACC05222,R39,Financial services,62,374356.89,0.2113,0.15–0.49,10,Active,1.0,-1.6666666666666667,-5,132144.91,0.338979523762758
ACC05223,R28,Professional services,251,2405261.81,3.083,2.50–5.00,6,Active,1.0,16.666666666666668,20,5654316.83,0.11874021500754604
ACC05224,R03,Healthcare,379,2832816.19,0.9892,0.50–0.99,4,Active,0.6666666666666666,3.3333333333333335,15,1415160.51,0.1754314323212056
ACC05225,R42,Technology,70,365203.16,1.2392,1.00–1.49,11,Active,1.0,8.333333333333334,5,648595.75,0.3429395717359941
ACC05226,R39,Hospitality,623,4201789.73,0.6092,0.50–0.99,9,Active,0.6666666666666666,18.333333333333332,25,2157959.14,0.09872223117975419
ACC05227,R08,Retail,120,950441.74,1.4551,1.00–1.49,2,Active,1.0,6.666666666666667,0,1001666.88,0.22612742207369413
ACC05228,R06,Manufacturing,99,661347.27,2.4432,1.50–2.49,3,Active,1.0,-3.3333333333333335,-5,1174402.71,0.16483711577681395
ACC05229,R43,Logistics,429,3528424.63,1.091,1.00–1.49,5,Active,1.0,-1.6666666666666667,-10,2609592.15,0.11765200959492768
ACC05230,R22,Healthcare,509,3718396.06,2.652,2.50–5.00,5,Active,1.0,3.3333333333333335,5,15232191.68,0.10111214963109898
ACC05231,R12,Financial services,109,483207.48,0.5097,0.50–0.99,3,Active,0.6666666666666666,6.666666666666667,15,310950.14,0.22265964534044627
ACC05232,R40,Professional services,143,848422.44,0.487,0.15–0.49,4,Active,1.0,6.666666666666667,-5,189106.7,0.32917229041062523
ACC05233,R05,Financial services,118,870802.91,0.1511,0.15–0.49,6,Active,0.3333333333333333,11.666666666666666,10,113696.31999999999,0.24049360345658558
ACC05234,R22,Technology,86,556112.63,0.7185,0.50–0.99,2,Active,0.3333333333333333,0.0,10,298414.13,0.25215659726458783
ACC05235,R27,Technology,178,1247770.47,0.4087,0.15–0.49,6,Active,1.0,11.666666666666666,15,316400.93,0.23593827162081396
ACC05236,R23,Healthcare,178,1383585.56,0.7299,0.50–0.99,11,Active,0.6666666666666666,20.0,20,732704.27,0.16883228344672485
ACC05237,R28,Financial services,62,432341.35,1.7926,1.50–2.49,4,Active,1.0,5.0,0,714065.16,0.2290953662600419
ACC05238,R37,Financial services,92,574326.58,0.4111,0.15–0.49,1,Active,1.0,8.333333333333334,25,119666.35,0.24101415425212525
ACC05239,R25,Technology,220,961416.73,2.435,1.50–2.49,9,Active,1.0,0.0,5,2929547.31,0.1545529820840075
ACC05240,R31,Healthcare,101,716294.53,0.4484,0.15–0.49,10,Active,1.0,15.0,15,252884.48,0.27640939118987456
ACC05241,R19,Logistics,259,1614307.33,0.9275,0.50–0.99,6,Active,1.0,6.666666666666667,5,935449.08,0.20848192056238937
ACC05242,R19,Financial services,127,943171.93,2.0366,1.50–2.49,9,Active,1.0,6.666666666666667,10,2249916.2,0.19680436659273146
ACC05243,R19,Financial services,322,2375283.49,1.2557,1.00–1.49,3,Active,0.6666666666666666,10.0,0,1561957.71,0.11689593757998656
ACC05244,R16,Healthcare,611,3904105.29,0.6077,0.50–0.99,6,Active,0.6666666666666666,10.0,5,2019450.54,0.10264199054413832
ACC05245,R20,Logistics,681,6119672.69,0.6883,0.50–0.99,5,Active,0.6666666666666666,10.0,10,2486786.27,0.09377818294098758
ACC05246,R31,Professional services,202,1758497.26,0.7824,0.50–0.99,12,Active,1.0,13.333333333333334,25,587221.64,0.17736153825151119
ACC05247,R30,Professional services,216,1412168.62,0.6847,0.50–0.99,11,Active,1.0,3.3333333333333335,20,937258.3099999999,0.1934799553378351
ACC05248,R24,Manufacturing,153,856947.21,0.8501,0.50–0.99,10,Active,1.0,3.3333333333333335,-10,386922.21,0.18291356377514673
ACC05249,R31,Manufacturing,62,385893.56,0.8875,0.50–0.99,7,Active,1.0,0.0,-5,275444.19,0.35105994629888043
ACC05250,R01,Healthcare,143,1056489.15,0.2787,0.15–0.49,4,Active,0.6666666666666666,6.666666666666667,0,308373.89,0.23001470838008836
ACC05251,R41,Manufacturing,143,972848.02,1.3471,1.00–1.49,9,Active,1.0,3.3333333333333335,5,794665.82,0.15682380571157048
ACC05252,R06,Logistics,419,3655535.58,2.0864,1.50–2.49,12,Active,1.0,6.666666666666667,10,4325593.36,0.0886808256078905
ACC05253,R24,Hospitality,113,832716.39,0.6307,0.50–0.99,5,Active,1.0,5.0,0,323284.53,0.19977184686445765
ACC05254,R10,Logistics,169,1098474.51,0.9109,0.50–0.99,4,Active,0.6666666666666666,8.333333333333334,0,418190.02999999997,0.17814138960944467
ACC05255,R35,Manufacturing,83,649114.79,0.5252,0.50–0.99,9,Active,1.0,18.333333333333332,5,263644.99,0.22885712800577457
ACC05256,R44,Technology,291,2257798.83,1.2293,1.00–1.49,11,Active,0.6666666666666666,11.666666666666666,15,2289486.81,0.13634404612150783
ACC05257,R45,Logistics,186,1155573.12,1.1409,1.00–1.49,10,Active,1.0,11.666666666666666,5,1129327.0,0.16675102584282953
ACC05258,R22,Logistics,430,2868651.32,1.625,1.50–2.49,11,Active,1.0,13.333333333333334,10,6420404.76,0.10152952355367292
ACC05259,R19,Technology,278,2496231.37,2.4214,1.50–2.49,9,Active,1.0,-3.3333333333333335,-15,3474610.81,0.12095402510845377
ACC05260,R27,Manufacturing,546,4258643.29,0.5666,0.50–0.99,5,Active,0.6666666666666666,-5.0,-15,1865703.46,0.1266778881845321
ACC05261,R35,Manufacturing,148,1208785.16,0.7501,0.50–0.99,5,Active,1.0,5.0,10,577792.03,0.1810171614576276
ACC05262,R19,Manufacturing,67,465356.04,0.8171,0.50–0.99,7,Active,0.6666666666666666,-1.6666666666666667,0,227650.93,0.3131447564640052
ACC05263,R07,Logistics,171,979203.04,0.6482,0.50–0.99,12,Active,0.6666666666666666,1.6666666666666667,-5,420703.59,0.17714130082211738
ACC05264,R21,Technology,250,2146864.92,0.9734,0.50–0.99,9,Active,0.6666666666666666,11.666666666666666,25,810644.62,0.1643206021915486
ACC05265,R12,Retail,342,1764399.01,0.226,0.15–0.49,7,Active,0.3333333333333333,13.333333333333334,15,460892.17,0.14937750680963208
ACC05266,R26,Technology,412,2556317.85,1.0622,1.00–1.49,3,Active,1.0,-3.3333333333333335,-10,2895931.83,0.12499242661787045
ACC05267,R29,Logistics,224,1768839.42,1.4273,1.00–1.49,10,Active,1.0,3.3333333333333335,0,1287630.02,0.1559599747728124
ACC05268,R17,Hospitality,283,2191709.97,0.939,0.50–0.99,4,Active,1.0,8.333333333333334,20,854784.38,0.1456242899419131
ACC05269,R37,Hospitality,254,1820824.42,1.0212,1.00–1.49,5,Active,1.0,3.3333333333333335,-10,1618836.82,0.15302811677573433
ACC05270,R31,Retail,106,850717.66,0.9815,0.50–0.99,7,Active,1.0,6.666666666666667,15,464461.39999999997,0.317611608628224
ACC05271,R28,Professional services,186,1200763.47,1.2492,1.00–1.49,6,Active,1.0,11.666666666666666,10,1277978.02,0.19744821325003073
ACC05272,R07,Logistics,65,490305.51,1.454,1.00–1.49,10,Active,1.0,6.666666666666667,0,415509.24,0.42204170548947056
ACC05273,R24,Retail,154,1226007.86,1.6737,1.50–2.49,5,Active,0.6666666666666666,6.666666666666667,10,1934038.34,0.163193833172512
ACC05274,R44,Healthcare,277,1789494.28,0.4113,0.15–0.49,4,Active,0.6666666666666666,3.3333333333333335,0,459788.88,0.18303159333271493
ACC05275,R04,Healthcare,477,3420611.51,0.9887,0.50–0.99,1,Active,1.0,8.333333333333334,10,1500864.42,0.1050118926936836
ACC05276,R33,Professional services,313,2438060.14,0.9243,0.50–0.99,12,Active,1.0,5.0,5,1225172.24,0.15684727895254352
ACC05277,R10,Financial services,62,420005.24,0.4796,0.15–0.49,8,Active,1.0,3.3333333333333335,5,84867.68,0.36966259600955037
ACC05278,R25,Logistics,299,2269534.83,1.3989,1.00–1.49,8,Active,1.0,1.6666666666666667,-5,1618161.76,0.14151715292742645
ACC05279,R28,Manufacturing,181,1057007.97,0.6686,0.50–0.99,12,Active,0.6666666666666666,-1.6666666666666667,10,492050.26,0.16827711470269163
ACC05280,R36,Technology,133,1211572.44,1.7868,1.50–2.49,11,Active,1.0,8.333333333333334,15,2042768.22,0.169933975778411
ACC05281,R39,Hospitality,531,3640818.35,0.5455,0.50–0.99,11,Active,1.0,1.6666666666666667,5,1931239.66,0.13365616835217603
ACC05282,R05,Retail,127,1048403.7,2.1067,1.50–2.49,10,Active,1.0,5.0,5,1552184.6300000001,0.173448234746863
ACC05283,R03,Hospitality,359,2938805.75,0.5974,0.50–0.99,3,Active,1.0,-3.3333333333333335,-10,1355624.02,0.13610805530726963
ACC05284,R39,Logistics,373,2115824.79,0.1579,0.15–0.49,1,Active,0.6666666666666666,-1.6666666666666667,-15,835275.87,0.19150601701799014
ACC05285,R18,Manufacturing,293,2106030.28,0.5444,0.50–0.99,4,Active,0.3333333333333333,13.333333333333334,25,1151766.67,0.22271017420075165
ACC05286,R37,Financial services,265,1716575.89,0.6982,0.50–0.99,8,Active,1.0,11.666666666666666,5,1351263.19,0.2518891031964273
ACC05287,R40,Logistics,327,2027214.41,0.5247,0.50–0.99,11,Active,0.3333333333333333,1.6666666666666667,0,1009892.32,0.1467085815795506
ACC05288,R15,Healthcare,172,1042978.75,0.8277,0.50–0.99,2,Active,1.0,1.6666666666666667,0,603396.07,0.21409950566885866
ACC05289,R12,Healthcare,117,765318.06,0.2685,0.15–0.49,2,Active,0.6666666666666666,6.666666666666667,15,157232.93,0.2171768113920733
ACC05290,R46,Hospitality,499,2977991.07,0.5054,0.50–0.99,3,Active,1.0,5.0,0,1475777.18,0.10522884993767996
ACC05291,R45,Manufacturing,319,1802262.12,0.6465,0.50–0.99,11,Active,1.0,10.0,20,1117145.9,0.1555005668943265
ACC05292,R20,Healthcare,135,886866.53,0.8874,0.50–0.99,8,Active,0.6666666666666666,6.666666666666667,0,608057.82,0.24714315466053416
ACC05293,R18,Logistics,386,2667047.51,0.5443,0.50–0.99,12,Active,1.0,13.333333333333334,25,1594704.91,0.14979844419048507
ACC05294,R14,Logistics,272,1966245.0,4.4732,2.50–5.00,11,Active,1.0,6.666666666666667,5,6613786.07,0.10422078308213953
ACC05295,R31,Healthcare,94,612637.06,0.8227,0.50–0.99,8,Active,0.3333333333333333,15.0,5,221445.66,0.2685834772940563
ACC05296,R33,Logistics,478,2588914.88,0.8326,0.50–0.99,5,Active,0.6666666666666666,5.0,-10,1403775.41,0.11690751585017739
ACC05297,R37,Hospitality,170,909907.07,1.4363,1.00–1.49,8,Active,1.0,1.6666666666666667,0,1351854.85,0.1938528544918811
ACC05298,R38,Logistics,203,1461218.91,0.9132,0.50–0.99,8,Active,0.3333333333333333,15.0,10,997892.46,0.3979258533765201
ACC05299,R19,Logistics,344,2668439.84,0.5695,0.50–0.99,5,Active,1.0,0.0,0,1338253.7,0.15885267871812303
ACC05300,R23,Technology,371,2406427.74,0.8509,0.50–0.99,6,Active,0.3333333333333333,10.0,5,1125055.62,0.13577510820278293
ACC05301,R14,Hospitality,373,2503194.2,0.5677,0.50–0.99,3,Active,1.0,8.333333333333334,0,1108640.58,0.17174253216717497
ACC05302,R09,Technology,634,5204606.66,1.3287,1.00–1.49,1,Active,0.6666666666666666,0.0,-10,4771095.58,0.08488885474105559
ACC05303,R28,Manufacturing,121,978645.23,0.6777,0.50–0.99,8,Active,0.6666666666666666,3.3333333333333335,10,495418.54,0.2649182964514742
ACC05304,R03,Manufacturing,485,3480101.91,0.8778,0.50–0.99,3,Active,1.0,8.333333333333334,0,1596552.8399999999,0.14176822078726403
ACC05305,R01,Financial services,565,3010279.95,0.5586,0.50–0.99,9,Active,0.6666666666666666,8.333333333333334,-5,2266945.41,0.0966639999708147
ACC05306,R05,Healthcare,143,934917.08,1.1599,1.00–1.49,8,Active,1.0,1.6666666666666667,10,651718.45,0.14765600847026128
ACC05307,R23,Healthcare,137,913142.06,0.1698,0.15–0.49,10,Active,0.6666666666666666,11.666666666666666,15,269673.92,0.23391800082961015
ACC05308,R09,Logistics,264,1929120.19,0.8676,0.50–0.99,10,Active,1.0,-1.6666666666666667,0,1035203.8,0.16233000347102053
ACC05309,R26,Manufacturing,479,2841151.73,0.6748,0.50–0.99,8,Active,1.0,8.333333333333334,-5,1822545.31,0.14148271185103176
ACC05310,R31,Manufacturing,186,1102110.51,0.2549,0.15–0.49,8,Active,0.6666666666666666,6.666666666666667,5,301211.07,0.20335546552966846
ACC05311,R06,Manufacturing,335,2158363.71,0.1686,0.15–0.49,8,Active,1.0,6.666666666666667,-5,381368.96,0.1816721974988921
ACC05312,R21,Healthcare,87,575245.78,0.8374,0.50–0.99,7,Active,1.0,13.333333333333334,5,301763.89,0.2990507157926105
ACC05313,R16,Hospitality,208,1871470.42,1.0063,1.00–1.49,11,Active,1.0,5.0,-5,1294968.37,0.18480107664516893
ACC05314,R01,Manufacturing,740,4881346.13,0.4743,0.15–0.49,1,Active,0.6666666666666666,10.0,15,1300658.68,0.12587773043010014
ACC05315,R17,Technology,152,967773.51,0.6589,0.50–0.99,9,Active,1.0,3.3333333333333335,5,757388.39,0.251868004028109
ACC05316,R13,Logistics,198,1177871.69,0.7837,0.50–0.99,1,Active,1.0,15.0,25,584759.24,0.15215892212919543
ACC05317,R26,Technology,150,775040.83,0.2459,0.15–0.49,10,Active,1.0,3.3333333333333335,-5,308422.98,0.22712697727640044
ACC05318,R32,Healthcare,141,940331.37,0.4004,0.15–0.49,8,Active,0.6666666666666666,1.6666666666666667,0,337474.10000000003,0.37378311559447486
ACC05319,R10,Financial services,290,3044667.93,2.3168,1.50–2.49,9,Active,1.0,13.333333333333334,15,3830470.95,0.12898072331307225
ACC05320,R44,Healthcare,1667,10086651.8,0.4712,0.15–0.49,1,Active,1.0,3.3333333333333335,5,2507046.33,0.09408910659113383
ACC05321,R18,Technology,273,2241747.95,0.6334,0.50–0.99,4,Active,0.6666666666666666,8.333333333333334,10,870172.49,0.14075103533465272
ACC05322,R16,Manufacturing,184,1188965.38,0.6082,0.50–0.99,2,Active,0.6666666666666666,10.0,5,939340.37,0.23775101698152487
ACC05323,R14,Healthcare,244,1424148.97,0.3914,0.15–0.49,1,Active,0.6666666666666666,8.333333333333334,10,305101.26,0.1718382877212478
ACC05324,R47,Hospitality,158,1590885.98,3.7659,2.50–5.00,10,Active,1.0,10.0,15,4112799.43,0.17809658779493037
ACC05325,R41,Healthcare,577,3180927.59,0.383,0.15–0.49,4,Active,0.6666666666666666,13.333333333333334,20,1786415.75,0.39292591438966007
ACC05326,R17,Professional services,573,3758031.94,1.2293,1.00–1.49,10,Active,1.0,3.3333333333333335,10,3844359.58,0.09940561697423365
ACC05327,R40,Professional services,152,854580.71,0.7797,0.50–0.99,6,Active,1.0,18.333333333333332,10,435414.59,0.21259999108310515
ACC05328,R07,Hospitality,62,418313.94,0.7628,0.50–0.99,6,Active,0.6666666666666666,8.333333333333334,0,175348.74,0.26982118106395997
ACC05329,R02,Financial services,482,3316292.36,0.5995,0.50–0.99,8,Active,0.3333333333333333,16.666666666666668,15,1698161.67,0.14294582135575576
ACC05330,R06,Hospitality,842,5413781.22,1.209,1.00–1.49,12,Active,1.0,16.666666666666668,25,5645434.8,0.09217869690876082
ACC05331,R25,Retail,132,727912.32,3.7242,2.50–5.00,11,Active,1.0,15.0,10,4828936.04,0.18069030515692078
ACC05332,R48,Logistics,376,2168712.66,0.877,0.50–0.99,8,Active,1.0,-3.3333333333333335,-10,1353583.38,0.14333367138872416
ACC05333,R02,Healthcare,474,2408379.74,0.8219,0.50–0.99,1,Active,0.3333333333333333,10.0,0,1601342.62,0.1369838194946526
ACC05334,R14,Financial services,178,1487461.09,1.2482,1.00–1.49,7,Active,1.0,-1.6666666666666667,0,1130295.12,0.156364502745497
ACC05335,R45,Manufacturing,259,1431207.47,0.2398,0.15–0.49,12,Active,0.6666666666666666,6.666666666666667,10,265564.93,0.17503373639538022
ACC05336,R27,Manufacturing,538,4649091.63,1.9531,1.50–2.49,4,Active,0.6666666666666666,5.0,15,7786783.22,0.12962296204244697
ACC05337,R27,Hospitality,340,1891768.79,0.2798,0.15–0.49,6,Active,0.6666666666666666,18.333333333333332,15,528071.78,0.1615899909305257
ACC05338,R18,Professional services,62,526379.0,2.1232,1.50–2.49,2,Active,1.0,8.333333333333334,0,778925.65,0.18387490750671065
ACC05339,R41,Manufacturing,190,1059007.93,0.1632,0.15–0.49,8,Active,1.0,6.666666666666667,10,287199.75,0.20000490494026804
ACC05340,R04,Professional services,491,4283224.77,0.5597,0.50–0.99,10,Active,1.0,0.0,0,1505626.95,0.11296340203722341
ACC05341,R30,Manufacturing,119,577478.82,0.6036,0.50–0.99,8,Active,1.0,8.333333333333334,20,417783.49,0.26003435255900925
ACC05342,R40,Technology,535,3759459.1,0.8928,0.50–0.99,3,Active,1.0,3.3333333333333335,10,1724389.54,0.12874974937933975
ACC05343,R31,Hospitality,180,1362525.24,2.1638,1.50–2.49,11,Active,1.0,6.666666666666667,10,2422641.41,0.19986129577222658
ACC05344,R17,Financial services,248,1580745.31,0.7272,0.50–0.99,8,Active,1.0,-1.6666666666666667,-5,1002378.97,0.19598615322601728
ACC05345,R31,Technology,122,912195.07,1.1971,1.00–1.49,9,Active,1.0,1.6666666666666667,0,776122.62,0.19635455090459172
ACC05346,R38,Healthcare,442,3112718.58,4.8348,2.50–5.00,11,Active,1.0,0.0,10,11496736.48,0.09022088554783603
ACC05347,R21,Hospitality,133,1010050.16,1.4437,1.00–1.49,7,Active,0.3333333333333333,10.0,25,905649.49,0.28013401381335845
ACC05348,R09,Hospitality,259,1528256.5,1.2467,1.00–1.49,1,Active,1.0,-3.3333333333333335,-15,1486077.39,0.1486778349320838
ACC05349,R21,Healthcare,352,3017363.53,1.7863,1.50–2.49,10,Active,0.6666666666666666,8.333333333333334,20,5707765.58,0.19365016543156444
ACC05350,R36,Healthcare,70,513702.83,0.5799,0.50–0.99,2,Active,0.6666666666666666,10.0,-10,182838.39,0.3060844188179225
ACC05351,R13,Healthcare,312,1414967.13,0.347,0.15–0.49,4,Active,0.3333333333333333,6.666666666666667,10,595020.84,0.17546909804516136
ACC05352,R01,Professional services,119,853909.32,1.2141,1.00–1.49,8,Active,1.0,1.6666666666666667,5,709498.3200000001,0.18625776209329387
ACC05353,R28,Hospitality,249,1744572.17,1.2952,1.00–1.49,8,Active,0.3333333333333333,6.666666666666667,5,1701571.05,0.1745304352556631
ACC05354,R28,Retail,288,2449865.15,4.4153,2.50–5.00,3,Active,1.0,10.0,-5,9143057.08,0.11868926097436679
ACC05355,R11,Manufacturing,281,1781013.92,0.9272,0.50–0.99,8,Active,1.0,-5.0,-10,897864.0,0.16066138157401355
ACC05356,R35,Manufacturing,137,869887.9,0.3455,0.15–0.49,6,Active,1.0,10.0,10,185159.33,0.20782282749315475
ACC05357,R09,Professional services,157,896791.74,0.1508,0.15–0.49,8,Active,1.0,13.333333333333334,20,339710.2,0.2878357655260794
ACC05358,R20,Professional services,206,1593400.34,0.691,0.50–0.99,9,Active,1.0,3.3333333333333335,-5,420912.69,0.15761112293738222
ACC05359,R39,Healthcare,206,1373484.0,0.3268,0.15–0.49,3,Active,0.3333333333333333,3.3333333333333335,10,305430.57,0.1998429224145814
ACC05360,R21,Manufacturing,118,997987.59,0.2841,0.15–0.49,9,Active,0.6666666666666666,5.0,5,120055.20999999999,0.2908156518458694
ACC05361,R40,Manufacturing,171,1243240.73,0.7873,0.50–0.99,4,Active,0.6666666666666666,-8.333333333333334,-15,525843.86,0.15463679349418713
ACC05362,R23,Technology,266,1610650.46,0.6198,0.50–0.99,8,Active,1.0,1.6666666666666667,5,976290.0,0.1812618950096358
ACC05363,R01,Retail,218,1682566.47,1.6483,1.50–2.49,11,Active,1.0,6.666666666666667,5,2535629.75,0.15086157429133762
ACC05364,R07,Financial services,182,1223715.24,0.9752,0.50–0.99,6,Active,0.6666666666666666,13.333333333333334,10,705440.31,0.19760007726404413
ACC05365,R41,Technology,103,846660.61,0.7983,0.50–0.99,1,Active,1.0,3.3333333333333335,5,259054.72,0.20387596957456403
ACC05366,R13,Logistics,519,3293126.38,0.3351,0.15–0.49,8,Active,0.3333333333333333,8.333333333333334,0,954709.76,0.17709286640329094
ACC05367,R35,Technology,376,1939399.03,0.8096,0.50–0.99,7,Active,0.6666666666666666,0.0,0,1178512.71,0.15969922354886534
ACC05368,R15,Professional services,236,1705110.4,0.9181,0.50–0.99,2,Active,0.6666666666666666,10.0,0,604400.4,0.13920182974537762
ACC05369,R10,Financial services,214,2136095.12,0.2439,0.15–0.49,3,Active,1.0,-1.6666666666666667,-10,491672.17,0.18134731199853127
ACC05370,R20,Logistics,187,1662856.45,1.8942,1.50–2.49,12,Active,1.0,0.0,-5,3029480.24,0.14030195401058052
ACC05371,R02,Technology,283,1225898.61,0.4571,0.15–0.49,6,Active,1.0,-5.0,-5,394650.31,0.16513251909440085
ACC05372,R05,Healthcare,943,6032093.49,0.5389,0.50–0.99,1,Active,1.0,5.0,15,4165697.39,0.1282806415049746
ACC05373,R38,Hospitality,98,801693.51,0.4835,0.15–0.49,5,Active,0.6666666666666666,15.0,0,141650.44,0.2429256691776437
ACC05374,R32,Logistics,229,1477406.12,0.1599,0.15–0.49,12,Active,0.6666666666666666,1.6666666666666667,10,300465.32,0.22184788124219892
ACC05375,R04,Professional services,283,1748771.99,4.7742,2.50–5.00,9,Active,1.0,6.666666666666667,0,8081756.85,0.12260173115018384
ACC05376,R26,Healthcare,273,1628908.81,0.4529,0.15–0.49,11,Active,0.6666666666666666,10.0,15,387037.59,0.16588431340461704
ACC05377,R18,Manufacturing,394,3431859.6,1.5067,1.50–2.49,2,Active,1.0,11.666666666666666,15,4857787.72,0.1119703845548253
ACC05378,R11,Technology,63,386800.37,0.601,0.50–0.99,2,Active,1.0,10.0,5,224827.6,0.3451994278684763
ACC05379,R36,Logistics,395,2329442.92,0.7576,0.50–0.99,1,Active,1.0,-5.0,-10,1245306.39,0.1204807833191495
ACC05380,R18,Logistics,166,1053366.47,0.2427,0.15–0.49,12,Active,0.6666666666666666,6.666666666666667,10,301157.01,0.24124870030372494
ACC05381,R43,Professional services,523,3641738.72,4.7576,2.50–5.00,6,Active,1.0,8.333333333333334,0,16030610.32,0.11388082790617315
ACC05382,R32,Manufacturing,164,1010379.82,0.5032,0.50–0.99,11,Active,1.0,-1.6666666666666667,-5,632107.52,0.17745272080801544
ACC05383,R04,Financial services,359,1781795.64,0.6806,0.50–0.99,12,Active,0.6666666666666666,10.0,-10,1239344.36,0.1253670325152612
ACC05384,R32,Hospitality,107,830020.41,0.9754,0.50–0.99,11,Active,1.0,5.0,5,350676.93,0.25401144295474365
ACC05385,R39,Retail,62,373673.33,1.0109,1.00–1.49,7,Active,1.0,3.3333333333333335,15,334240.23,0.29831571853466954
ACC05386,R48,Retail,163,1150319.92,0.9259,0.50–0.99,6,Active,0.6666666666666666,20.0,20,714494.71,0.23912920988919145
ACC05387,R37,Financial services,190,1212038.76,0.8196,0.50–0.99,2,Active,1.0,8.333333333333334,15,779481.77,0.16387557071261333
ACC05388,R22,Technology,117,847229.5,0.3819,0.15–0.49,1,Active,1.0,5.0,0,156203.79,0.2028049520977554
ACC05389,R10,Professional services,62,293683.12,0.6723,0.50–0.99,4,Active,1.0,6.666666666666667,0,303112.54,0.2576481208123661
ACC05390,R06,Technology,62,729114.14,1.7727,1.50–2.49,9,Active,1.0,-1.6666666666666667,-5,1110365.5,0.28776020319275425
ACC05391,R18,Manufacturing,146,814533.07,0.7396,0.50–0.99,6,Active,1.0,8.333333333333334,-5,521602.53,0.18301699609508554
ACC05392,R25,Manufacturing,417,1653754.26,0.3612,0.15–0.49,12,Active,0.3333333333333333,5.0,0,671848.86,0.13731626985319087
ACC05393,R20,Manufacturing,87,499912.89,0.2367,0.15–0.49,2,Active,1.0,13.333333333333334,-10,113758.78,0.28608730714647695
ACC05394,R27,Hospitality,177,991092.23,0.882,0.50–0.99,6,Active,1.0,6.666666666666667,15,468372.93,0.22457675751653902
ACC05395,R07,Hospitality,98,721627.32,0.768,0.50–0.99,3,Active,0.6666666666666666,-1.6666666666666667,-15,351677.1,0.250591930222475
ACC05396,R31,Financial services,271,2345240.39,4.362,2.50–5.00,4,Active,1.0,3.3333333333333335,-5,7982759.36,0.14479570607743147
ACC05397,R36,Logistics,250,2089774.4,0.7203,0.50–0.99,7,Active,1.0,3.3333333333333335,0,970136.25,0.2102324841924123
ACC05398,R37,Retail,693,5338772.74,1.0568,1.00–1.49,7,Active,1.0,1.6666666666666667,5,5846754.55,0.0921023889488487
ACC05399,R28,Retail,282,1524205.61,0.9861,0.50–0.99,10,Active,0.6666666666666666,3.3333333333333335,15,937815.26,0.15217407696786517
ACC05400,R22,Healthcare,285,2205853.91,0.3801,0.15–0.49,9,Active,1.0,11.666666666666666,0,826554.05,0.24312389716187727
ACC05401,R36,Healthcare,182,1277671.49,1.2159,1.00–1.49,5,Active,1.0,3.3333333333333335,5,1381311.48,0.18170038416161532
ACC05402,R16,Hospitality,516,2816198.66,0.5552,0.50–0.99,10,Active,1.0,11.666666666666666,10,1710561.75,0.14466075080265772
ACC05403,R10,Logistics,116,951346.87,1.0985,1.00–1.49,12,Active,0.3333333333333333,10.0,15,902732.8,0.2261440248328918
ACC05404,R30,Hospitality,621,3506346.25,0.9896,0.50–0.99,2,Active,1.0,16.666666666666668,10,2019795.85,0.11481686854270806
ACC05405,R40,Hospitality,223,1375147.76,0.9455,0.50–0.99,12,Active,0.6666666666666666,5.0,0,784978.48,0.17243309302878077
ACC05406,R48,Technology,263,2360147.74,1.133,1.00–1.49,11,Active,1.0,10.0,0,1960136.27,0.2338797543506946
ACC05407,R23,Financial services,252,1400495.7,0.241,0.15–0.49,7,Active,0.3333333333333333,3.3333333333333335,5,441983.6,0.21283455790186745
ACC05408,R37,Professional services,279,1677495.41,0.6406,0.50–0.99,7,Active,1.0,15.0,15,882287.48,0.132407841577262
ACC05409,R38,Retail,1361,9362409.77,0.9059,0.50–0.99,6,Active,1.0,1.6666666666666667,5,4626936.35,0.07110463896068762
ACC05410,R36,Financial services,74,544590.17,1.3451,1.00–1.49,1,Active,1.0,10.0,20,527792.48,0.22456707947651056
ACC05411,R05,Financial services,227,1457607.8,1.6671,1.50–2.49,11,Active,1.0,-3.3333333333333335,-15,2866975.66,0.14476615635566228
ACC05412,R22,Hospitality,269,1607035.99,0.9527,0.50–0.99,6,Active,1.0,-1.6666666666666667,-5,877695.98,0.15000246454693664
ACC05413,R38,Logistics,242,1437381.54,0.9486,0.50–0.99,6,Active,1.0,0.0,10,568336.99,0.1535853844411385
ACC05414,R43,Healthcare,162,1070658.21,0.2458,0.15–0.49,2,Active,0.6666666666666666,21.666666666666668,25,368609.02,0.21041438470482507
ACC05415,R40,Retail,238,1770384.86,0.6678,0.50–0.99,8,Active,1.0,11.666666666666666,5,816097.59,0.2287238003060132
ACC05416,R09,Financial services,135,784658.11,1.205,1.00–1.49,2,Active,1.0,6.666666666666667,-5,660938.05,0.1693825286874089
ACC05417,R28,Professional services,237,1325771.45,0.9882,0.50–0.99,3,Active,0.6666666666666666,-1.6666666666666667,5,853671.03,0.14015596641269065
ACC05418,R11,Financial services,353,2450889.8,0.5416,0.50–0.99,9,Active,0.6666666666666666,6.666666666666667,0,1004769.74,0.134327190514582
ACC05419,R18,Professional services,311,2533006.57,4.8434,2.50–5.00,10,Active,1.0,16.666666666666668,20,8582151.63,0.11675462037592566
ACC05420,R05,Logistics,1131,6229413.14,0.5663,0.50–0.99,1,Active,1.0,-1.6666666666666667,-10,4363641.58,0.08070481170190277
ACC05421,R02,Healthcare,612,3322096.65,1.0061,1.00–1.49,3,Active,0.6666666666666666,8.333333333333334,25,4391665.97,0.11391992884760437
ACC05422,R17,Financial services,170,1064689.25,0.1525,0.15–0.49,7,Active,0.6666666666666666,16.666666666666668,15,294937.58,0.18179327341184762
ACC05423,R13,Manufacturing,257,1638498.75,0.9598,0.50–0.99,6,Active,1.0,10.0,10,1101895.15,0.15301436442454544
ACC05424,R05,Logistics,73,374269.88,0.9804,0.50–0.99,11,Active,0.3333333333333333,11.666666666666666,15,307301.72,0.2521820347867891
ACC05425,R32,Retail,269,1484137.52,0.9633,0.50–0.99,3,Active,0.6666666666666666,13.333333333333334,20,1174679.86,0.214348019014216
ACC05426,R48,Healthcare,118,694674.64,0.528,0.50–0.99,7,Active,1.0,1.6666666666666667,0,422105.21,0.23487010763118327
ACC05427,R22,Hospitality,167,1145749.73,2.4721,1.50–2.49,3,Active,1.0,8.333333333333334,0,1790532.01,0.13002234052682604
ACC05428,R47,Financial services,527,3313304.84,0.373,0.15–0.49,6,Active,0.3333333333333333,8.333333333333334,10,1112374.1099999999,0.13745926572113806
ACC05429,R13,Retail,404,2505081.32,0.3519,0.15–0.49,4,Active,0.3333333333333333,3.3333333333333335,-5,962424.2,0.23827074202752027
ACC05430,R06,Logistics,62,402086.88,0.8255,0.50–0.99,2,Active,0.3333333333333333,13.333333333333334,5,103830.91,0.27369264643388747
ACC05431,R03,Manufacturing,383,2617779.8,1.118,1.00–1.49,6,Active,1.0,1.6666666666666667,5,2704573.37,0.16985887213693512
ACC05432,R14,Logistics,291,1705495.11,0.6367,0.50–0.99,3,Active,0.6666666666666666,8.333333333333334,15,889808.71,0.14076778851649055
ACC05433,R09,Technology,749,6157140.88,0.8676,0.50–0.99,9,Active,1.0,1.6666666666666667,5,2746203.34,0.09908414808092374
ACC05434,R32,Hospitality,133,1248650.68,1.688,1.50–2.49,4,Active,1.0,6.666666666666667,20,2425774.05,0.2079998125139026
ACC05435,R04,Technology,113,863433.08,3.1938,2.50–5.00,10,Active,1.0,-1.6666666666666667,0,3485509.25,0.18362092419210282
ACC05436,R30,Financial services,214,1546116.17,0.5537,0.50–0.99,6,Active,0.6666666666666666,10.0,-10,731557.14,0.14579034172576963
ACC05437,R23,Logistics,82,488326.71,0.8567,0.50–0.99,6,Active,1.0,0.0,-5,414242.9,0.310887776854221
ACC05438,R08,Technology,189,1037475.54,0.5675,0.50–0.99,1,Active,1.0,-1.6666666666666667,-5,640244.02,0.1933941324290564
ACC05439,R10,Technology,204,1322063.57,1.2832,1.00–1.49,3,Active,1.0,8.333333333333334,-10,1060510.93,0.17223760924529558
ACC05440,R44,Manufacturing,237,1757363.66,1.1338,1.00–1.49,7,Active,1.0,-1.6666666666666667,-15,1781239.44,0.19036020365255077
ACC05441,R16,Professional services,434,2596011.91,0.9556,0.50–0.99,10,Active,0.6666666666666666,5.0,15,1678372.26,0.15158042250856696
ACC05442,R39,Professional services,171,997432.47,0.5084,0.50–0.99,3,Active,0.6666666666666666,10.0,5,677789.22,0.21474665562296474
ACC05443,R35,Manufacturing,570,3360530.27,0.3341,0.15–0.49,6,Active,1.0,-6.666666666666667,-15,1002444.53,0.16861884839518443
ACC05444,R39,Professional services,278,2008092.23,2.5687,2.50–5.00,12,Active,1.0,6.666666666666667,0,7661197.22,0.10827522369104324
ACC05445,R09,Hospitality,78,399200.24,1.5821,1.50–2.49,9,Active,1.0,-6.666666666666667,5,1356791.01,0.19786711182462102
ACC05446,R36,Retail,633,4198926.76,1.3824,1.00–1.49,3,Active,1.0,10.0,0,3544125.53,0.08782228021115387
ACC05447,R39,Manufacturing,603,3842384.46,0.2997,0.15–0.49,1,Active,1.0,10.0,25,997941.33,0.1553510627844752
ACC05448,R20,Logistics,147,1078725.22,0.9812,0.50–0.99,5,Active,1.0,-1.6666666666666667,-10,672372.02,0.1736466034554036
ACC05449,R41,Retail,474,2568316.45,0.3539,0.15–0.49,3,Active,0.3333333333333333,10.0,10,751395.22,0.12489353286149545
ACC05450,R31,Hospitality,123,744539.62,0.5014,0.50–0.99,1,Active,1.0,-3.3333333333333335,5,339910.22,0.2784952306040122
ACC05451,R32,Logistics,108,832903.16,1.2289,1.00–1.49,9,Active,1.0,1.6666666666666667,5,679628.85,0.2137203775291726
ACC05452,R23,Manufacturing,326,2886428.69,3.2518,2.50–5.00,6,Active,1.0,1.6666666666666667,-5,7986424.39,0.11620026439271694
ACC05453,R29,Technology,221,1633444.1,0.9857,0.50–0.99,9,Active,1.0,8.333333333333334,10,1100133.87,0.18517729051009582
ACC05454,R02,Financial services,88,624696.88,1.3157,1.00–1.49,9,Active,1.0,-1.6666666666666667,0,547582.16,0.18953370567273586
ACC05455,R29,Healthcare,103,674036.16,0.4501,0.15–0.49,4,Active,0.6666666666666666,8.333333333333334,-5,141959.24,0.2014951686386272
ACC05456,R39,Financial services,605,4441362.78,0.9131,0.50–0.99,6,Active,0.6666666666666666,10.0,-5,2016477.8900000001,0.1257959798639733
ACC05457,R33,Retail,339,2806294.6,0.9249,0.50–0.99,1,Active,1.0,6.666666666666667,25,965984.21,0.14365472078362634
ACC05458,R40,Logistics,127,1006814.68,0.8754,0.50–0.99,12,Active,1.0,3.3333333333333335,5,497045.59,0.19828066838444347
ACC05459,R35,Healthcare,346,2220801.4,1.0049,1.00–1.49,8,Active,1.0,10.0,15,2159305.93,0.11312493700990273
ACC05460,R16,Healthcare,282,1380121.78,1.3,1.00–1.49,1,Active,0.6666666666666666,11.666666666666666,5,2095461.39,0.22642928403286566
ACC05461,R25,Healthcare,182,1414129.91,0.6668,0.50–0.99,5,Active,1.0,0.0,-10,624258.87,0.1886339484663597
ACC05462,R17,Healthcare,498,4775172.81,0.6404,0.50–0.99,7,Active,0.6666666666666666,11.666666666666666,10,1601948.9,0.12009608210747592
ACC05463,R28,Professional services,176,1087520.88,0.3267,0.15–0.49,7,Active,0.3333333333333333,5.0,20,354064.88,0.22515349538122342
ACC05464,R15,Financial services,365,2753053.1,1.7304,1.50–2.49,8,Active,1.0,3.3333333333333335,-15,4049098.03,0.10402488484247496
ACC05465,R29,Financial services,149,1149480.3,0.6817,0.50–0.99,5,Active,0.6666666666666666,15.0,20,416572.9,0.19224778527960829
ACC05466,R44,Healthcare,245,1812004.24,0.6302,0.50–0.99,2,Active,1.0,10.0,15,851867.21,0.14658242665016458
ACC05467,R23,Manufacturing,455,2680938.9,0.3063,0.15–0.49,11,Active,0.3333333333333333,11.666666666666666,15,814623.77,0.14515676921875098
ACC05468,R39,Logistics,78,387125.48,0.2424,0.15–0.49,10,Active,0.6666666666666666,8.333333333333334,20,115413.1,0.39809992613753475
ACC05469,R32,Technology,198,1460858.98,0.4829,0.15–0.49,10,Active,0.3333333333333333,13.333333333333334,5,307360.66000000003,0.23700347388891957
ACC05470,R10,Logistics,593,4942450.49,2.3648,1.50–2.49,11,Active,1.0,11.666666666666666,10,9087243.32,0.0993586169720346
ACC05471,R01,Retail,732,6234802.26,0.5071,0.50–0.99,8,Active,1.0,3.3333333333333335,5,2580581.4899999998,0.1035078191303584
ACC05472,R42,Healthcare,204,1451601.31,1.2297,1.00–1.49,2,Active,1.0,11.666666666666666,20,1416250.49,0.14853718435980465
ACC05473,R14,Hospitality,341,2280920.62,0.5431,0.50–0.99,5,Active,0.6666666666666666,8.333333333333334,5,1438727.77,0.18710086453062585
ACC05474,R38,Retail,130,737744.48,0.5606,0.50–0.99,6,Active,0.6666666666666666,-6.666666666666667,10,462954.73,0.31448200823201616
ACC05475,R29,Technology,182,895869.29,0.6683,0.50–0.99,12,Active,1.0,5.0,-5,805636.4,0.23117031432648033
ACC05476,R36,Hospitality,772,4717320.19,0.845,0.50–0.99,6,Active,1.0,1.6666666666666667,-10,2678939.56,0.10357321999580821
ACC05477,R02,Logistics,92,559067.08,2.3261,1.50–2.49,10,Active,1.0,6.666666666666667,10,920783.08,0.2546450553276347
ACC05478,R06,Retail,94,939371.22,2.0201,1.50–2.49,6,Active,1.0,8.333333333333334,0,1170562.68,0.24813553656301404
ACC05479,R23,Manufacturing,245,1755716.99,0.5584,0.50–0.99,10,Active,0.6666666666666666,-1.6666666666666667,5,1056055.66,0.18422167041769816
ACC05480,R12,Healthcare,276,2071253.91,0.3218,0.15–0.49,2,Active,1.0,0.0,5,655498.13,0.17167261538993572
ACC05481,R35,Manufacturing,90,587433.64,0.4664,0.15–0.49,8,Active,0.6666666666666666,8.333333333333334,0,183277.32,0.3561606007151907
ACC05482,R48,Logistics,204,1129220.04,0.3944,0.15–0.49,12,Active,1.0,11.666666666666666,15,258899.19,0.30196324653017614
ACC05483,R04,Retail,271,1849858.01,0.6573,0.50–0.99,1,Active,1.0,0.0,-10,810444.72,0.14848970544136567
ACC05484,R37,Logistics,391,2135271.07,0.6587,0.50–0.99,4,Active,0.6666666666666666,11.666666666666666,15,1253389.15,0.1358122087043097
ACC05485,R17,Logistics,62,401472.52,1.2397,1.00–1.49,12,Active,1.0,0.0,-5,444405.14,0.22463655707952393
ACC05486,R03,Financial services,167,979688.94,0.6807,0.50–0.99,8,Active,0.3333333333333333,5.0,-10,504417.19,0.21605813140299754
ACC05487,R17,Manufacturing,124,1068194.28,0.9899,0.50–0.99,5,Active,1.0,0.0,0,330947.99,0.201486318117355
ACC05488,R21,Technology,428,2259552.43,0.6559,0.50–0.99,5,Active,1.0,0.0,-10,1723953.05,0.10747074821194405
ACC05489,R06,Technology,383,2938382.12,1.3731,1.00–1.49,4,Active,1.0,1.6666666666666667,-10,2244636.92,0.10946806435859728
ACC05490,R47,Financial services,442,3630130.75,0.4126,0.15–0.49,3,Active,0.6666666666666666,10.0,-5,762270.77,0.137468390092611
ACC05491,R42,Financial services,106,791697.31,0.5745,0.50–0.99,7,Active,1.0,3.3333333333333335,5,407323.17,0.21482320317705114
ACC05492,R39,Retail,499,4022910.1,0.7777,0.50–0.99,8,Active,0.6666666666666666,8.333333333333334,15,1844160.44,0.12328696858990976
ACC05493,R15,Retail,217,1429859.4,0.9145,0.50–0.99,6,Active,1.0,11.666666666666666,5,553422.22,0.15581157947968352
ACC05494,R34,Logistics,78,453719.7,0.3644,0.15–0.49,5,Active,1.0,3.3333333333333335,10,95522.35,0.27416829946003046
ACC05495,R16,Technology,154,841297.81,0.4708,0.15–0.49,4,Active,1.0,5.0,0,300144.41000000003,0.20460388754467418
ACC05496,R16,Technology,141,1006109.22,0.8197,0.50–0.99,3,Active,1.0,-1.6666666666666667,5,466588.66,0.20633278316845813
ACC05497,R33,Financial services,102,747238.56,0.551,0.50–0.99,1,Active,0.6666666666666666,15.0,15,404490.77999999997,0.23082569006856435
ACC05498,R21,Healthcare,231,1281487.67,0.1979,0.15–0.49,12,Active,1.0,3.3333333333333335,0,386307.68,0.18839792120977042
ACC05499,R30,Logistics,409,2234757.4,0.4538,0.15–0.49,1,Active,0.6666666666666666,15.0,20,981758.31,0.269360504589304
ACC05500,R18,Manufacturing,324,2388901.62,0.3476,0.15–0.49,8,Active,0.6666666666666666,10.0,15,552658.53,0.16164628750428614
ACC05501,R06,Logistics,134,973949.63,0.7208,0.50–0.99,5,Active,0.6666666666666666,1.6666666666666667,5,367368.19,0.19404218928216546
ACC05502,R48,Financial services,79,585426.42,3.7474,2.50–5.00,11,Active,1.0,6.666666666666667,10,1994418.0999999999,0.23428751274112958
ACC05503,R31,Hospitality,339,2580005.05,0.7465,0.50–0.99,12,Active,1.0,11.666666666666666,25,1082962.39,0.1359301885583973
ACC05504,R32,Logistics,284,1473645.12,0.2223,0.15–0.49,3,Active,1.0,8.333333333333334,15,653781.44,0.21087577424480478
ACC05505,R35,Professional services,290,1494289.03,0.308,0.15–0.49,9,Active,0.0,16.666666666666668,10,414044.97,0.1734273286418366
ACC05506,R31,Retail,452,1838062.15,0.5441,0.50–0.99,4,Active,1.0,5.0,-5,1519812.78,0.10485042266415565
ACC05507,R28,Retail,104,869051.76,0.6531,0.50–0.99,12,Active,1.0,-1.6666666666666667,-5,436997.02999999997,0.27052898633620975
ACC05508,R01,Manufacturing,518,3629057.83,0.8801,0.50–0.99,5,Active,1.0,6.666666666666667,20,1515071.81,0.1137429893724089
ACC05509,R20,Technology,387,2761602.47,0.7522,0.50–0.99,9,Active,1.0,11.666666666666666,5,1103917.08,0.1356584002221258
ACC05510,R30,Manufacturing,125,634945.1,0.3095,0.15–0.49,12,Active,0.6666666666666666,5.0,5,168071.91,0.19519333934962332
ACC05511,R20,Logistics,306,2283119.48,0.5082,0.50–0.99,6,Active,1.0,6.666666666666667,5,1091605.46,0.16142220173583782
ACC05512,R19,Healthcare,114,630618.5,0.1568,0.15–0.49,9,Active,1.0,5.0,15,131744.59,0.23879629269366257
ACC05513,R05,Technology,114,893003.65,0.5403,0.50–0.99,5,Active,1.0,10.0,10,626302.2,0.2547866170608464
ACC05514,R33,Professional services,551,4072587.5,0.5958,0.50–0.99,6,Active,1.0,6.666666666666667,5,1885361.46,0.11534975454359095
ACC05515,R13,Healthcare,246,1969801.06,0.3649,0.15–0.49,11,Active,0.3333333333333333,10.0,20,428879.08999999997,0.2010645451697932
ACC05516,R20,Financial services,167,982808.62,0.2572,0.15–0.49,1,Active,0.6666666666666666,6.666666666666667,10,305216.69,0.22250822113959526
ACC05517,R12,Healthcare,167,1425597.31,2.9275,2.50–5.00,9,Active,1.0,8.333333333333334,20,4867563.32,0.19549923297510327
ACC05518,R29,Retail,287,1894653.52,3.9368,2.50–5.00,4,Active,1.0,16.666666666666668,10,9783049.62,0.15883871129794908
ACC05519,R29,Logistics,154,989677.41,0.7341,0.50–0.99,10,Active,1.0,3.3333333333333335,15,515438.08,0.315322405564724
ACC05520,R19,Retail,345,2375414.16,0.2538,0.15–0.49,11,Active,1.0,13.333333333333334,15,468751.22,0.1650397693090584
ACC05521,R35,Retail,135,951834.47,1.2778,1.00–1.49,6,Active,1.0,6.666666666666667,15,949411.73,0.24751195504047918
ACC05522,R15,Manufacturing,187,1321909.9,0.5884,0.50–0.99,5,Active,1.0,-3.3333333333333335,0,562533.47,0.19721401784212114
ACC05523,R10,Technology,164,952870.7,0.9,0.50–0.99,11,Active,0.3333333333333333,6.666666666666667,15,591632.31,0.1713112027439378
ACC05524,R05,Professional services,509,3862878.74,2.2501,1.50–2.49,8,Active,1.0,3.3333333333333335,5,6301158.5,0.09028421747776272
ACC05525,R46,Technology,381,2245622.94,0.5005,0.50–0.99,3,Active,1.0,-1.6666666666666667,10,2080905.05,0.2587686128314921
ACC05526,R36,Retail,277,1634323.71,0.7303,0.50–0.99,3,Active,1.0,-1.6666666666666667,0,859300.67,0.15509957636698826
ACC05527,R08,Professional services,182,1022623.58,0.4028,0.15–0.49,5,Active,1.0,6.666666666666667,10,345150.36,0.24760772387204183
ACC05528,R34,Professional services,378,2726867.16,0.182,0.15–0.49,7,Active,0.6666666666666666,11.666666666666666,20,627139.34,0.1457494653121204
ACC05529,R40,Retail,1017,7626106.89,1.9317,1.50–2.49,10,Active,0.6666666666666666,5.0,10,13374458.66,0.06778335899872893
ACC05530,R25,Logistics,324,2584856.71,0.9379,0.50–0.99,3,Active,1.0,-5.0,-5,1160559.41,0.16086400229562556
ACC05531,R30,Healthcare,277,1812884.07,2.7758,2.50–5.00,4,Active,1.0,5.0,0,7180884.54,0.1184473076730719
ACC05532,R26,Logistics,469,4378957.38,0.9577,0.50–0.99,4,Active,1.0,1.6666666666666667,5,1663118.59,0.12009736470287027
ACC05533,R16,Healthcare,511,2256738.73,0.6836,0.50–0.99,4,Active,1.0,0.0,0,1418090.95,0.10765443565610201
ACC05534,R12,Retail,62,445330.25,0.7197,0.50–0.99,12,Active,1.0,5.0,10,180579.27,0.2452330672662663
ACC05535,R43,Financial services,250,1335043.63,0.2613,0.15–0.49,5,Active,0.6666666666666666,11.666666666666666,15,413797.46,0.1897615227139999
ACC05536,R44,Manufacturing,257,1212016.42,0.5162,0.50–0.99,11,Active,0.6666666666666666,11.666666666666666,0,878896.78,0.13900825308316017
ACC05537,R26,Retail,370,2342237.82,0.8709,0.50–0.99,9,Active,0.3333333333333333,10.0,0,1077310.64,0.12107757664873865
ACC05538,R14,Retail,80,504584.15,0.7079,0.50–0.99,2,Active,0.6666666666666666,5.0,10,316961.60000000003,0.35564156538883507
ACC05539,R45,Technology,700,6796304.57,1.2742,1.00–1.49,2,Active,1.0,0.0,-5,5343176.24,0.11150312078903185
ACC05540,R43,Manufacturing,553,4097943.86,1.3342,1.00–1.49,3,Active,0.6666666666666666,8.333333333333334,-5,3333706.12,0.09602486034477217
ACC05541,R05,Retail,145,843989.9,0.5954,0.50–0.99,9,Active,0.6666666666666666,5.0,0,589224.72,0.21044942052737275
ACC05542,R16,Retail,300,1435967.83,0.3138,0.15–0.49,8,Active,1.0,0.0,-15,540620.63,0.1632822471496564
ACC05543,R16,Healthcare,354,2193070.87,0.7432,0.50–0.99,7,Active,0.6666666666666666,1.6666666666666667,0,1131655.44,0.13517601221370534
ACC05544,R33,Professional services,290,1763177.88,0.6513,0.50–0.99,5,Active,0.6666666666666666,15.0,5,773539.64,0.18789411249391694
ACC05545,R20,Technology,149,808667.17,0.1637,0.15–0.49,11,Active,1.0,-5.0,-5,170964.06,0.19715965330489546
ACC05546,R04,Healthcare,232,1506547.49,0.5022,0.50–0.99,10,Active,0.6666666666666666,10.0,5,671482.61,0.1753669251147576
ACC05547,R37,Logistics,164,1149229.02,1.2746,1.00–1.49,4,Active,1.0,0.0,-10,1340598.65,0.1683667435261505
ACC05548,R28,Logistics,332,2991199.46,1.8729,1.50–2.49,10,Active,1.0,0.0,-5,4819100.04,0.1235206779363411
ACC05549,R06,Professional services,173,1046872.01,0.7292,0.50–0.99,3,Active,0.6666666666666666,8.333333333333334,0,588657.47,0.25553537498882767
ACC05550,R08,Professional services,482,3125269.84,2.59,2.50–5.00,8,Active,1.0,1.6666666666666667,15,12169969.98,0.07821106251620061
ACC05551,R20,Professional services,82,592103.34,0.9749,0.50–0.99,9,Active,1.0,13.333333333333334,20,322079.08,0.32594201038872456
ACC05552,R01,Logistics,826,5560328.35,0.576,0.50–0.99,9,Active,0.3333333333333333,13.333333333333334,-5,3417346.23,0.08699425250458052
ACC05553,R41,Retail,96,775428.24,1.9278,1.50–2.49,7,Active,0.3333333333333333,11.666666666666666,10,1074528.13,0.23087648925905385
ACC05554,R37,Professional services,103,456702.36,0.2786,0.15–0.49,1,Active,1.0,6.666666666666667,0,166652.91999999998,0.4261412275108101
ACC05555,R17,Manufacturing,133,830961.9,0.5467,0.50–0.99,3,Active,0.6666666666666666,10.0,15,451313.31,0.17195705730968489
ACC05556,R13,Healthcare,128,965847.23,1.1031,1.00–1.49,1,Active,0.6666666666666666,6.666666666666667,20,802957.83,0.16603466418347032
ACC05557,R38,Healthcare,414,2671940.06,0.5853,0.50–0.99,9,Active,1.0,1.6666666666666667,0,1680510.82,0.13130903894599913
ACC05558,R12,Technology,1603,11249322.49,0.7677,0.50–0.99,1,Active,1.0,-1.6666666666666667,-5,5335702.68,0.07358717119971915
ACC05559,R11,Hospitality,511,2508686.85,1.3165,1.00–1.49,7,Active,0.6666666666666666,1.6666666666666667,-15,2857222.25,0.10641941312132247
ACC05560,R04,Healthcare,278,1764222.78,0.1989,0.15–0.49,11,Active,0.6666666666666666,21.666666666666668,15,374055.99,0.14912212883540987
ACC05561,R35,Financial services,71,450080.35,0.9864,0.50–0.99,1,Active,1.0,15.0,5,148810.66,0.29979459729315067
ACC05562,R34,Financial services,66,328027.28,0.3205,0.15–0.49,12,Active,0.3333333333333333,8.333333333333334,10,79833.21,0.31840750279983693
ACC05563,R32,Hospitality,532,3457527.13,0.2604,0.15–0.49,3,Active,0.6666666666666666,13.333333333333334,10,846251.5,0.12561921219269107
ACC05564,R30,Retail,100,543690.95,0.8506,0.50–0.99,8,Active,1.0,0.0,0,442444.7,0.2937232385357487
ACC05565,R26,Technology,62,504891.56,2.4507,1.50–2.49,6,Active,1.0,1.6666666666666667,20,771308.29,0.2546330340749934
ACC05566,R26,Retail,521,3474250.58,0.6119,0.50–0.99,1,Active,0.6666666666666666,6.666666666666667,-10,1383488.31,0.11624372714386971
ACC05567,R20,Technology,413,2656733.06,1.0219,1.00–1.49,1,Active,0.6666666666666666,13.333333333333334,10,2769581.3,0.12634235450256984
ACC05568,R46,Technology,153,759067.48,1.4767,1.00–1.49,7,Active,1.0,5.0,0,995673.3300000001,0.31447923822433954
ACC05569,R35,Manufacturing,1744,12595813.79,0.2001,0.15–0.49,9,Active,1.0,8.333333333333334,20,2632359.06,0.07186449428321802
ACC05570,R35,Professional services,544,4516662.07,0.2494,0.15–0.49,2,Active,0.6666666666666666,-5.0,10,765150.8300000001,0.15240571795336097
ACC05571,R21,Professional services,255,1852148.94,0.2454,0.15–0.49,4,Active,0.6666666666666666,0.0,10,411357.18,0.18857055122743038
ACC05572,R19,Logistics,83,637846.8,1.3202,1.00–1.49,11,Active,1.0,8.333333333333334,10,456674.6,0.22199116508875116
ACC05573,R15,Professional services,131,881730.06,0.8164,0.50–0.99,9,Active,1.0,-8.333333333333334,-15,344671.07,0.19753557784326714
ACC05574,R38,Technology,275,2240394.99,1.1548,1.00–1.49,2,Active,1.0,11.666666666666666,5,2164733.9,0.15240273508807883
ACC05575,R13,Hospitality,62,248961.02,0.2544,0.15–0.49,12,Active,0.6666666666666666,3.3333333333333335,-5,177306.74,0.3484175566503755
ACC05576,R21,Retail,383,2120793.73,0.2774,0.15–0.49,3,Active,1.0,8.333333333333334,5,411842.21,0.1570566502957509
ACC05577,R15,Retail,137,1050815.05,0.2051,0.15–0.49,3,Active,0.6666666666666666,-1.6666666666666667,10,251248.25,0.25497955061614686
ACC05578,R36,Hospitality,62,486034.01,0.5229,0.50–0.99,10,Active,0.3333333333333333,6.666666666666667,5,115480.69,0.30896703673114406
ACC05579,R02,Retail,676,6227925.21,1.872,1.50–2.49,1,Active,1.0,5.0,20,8144479.64,0.09951221285372565
ACC05580,R36,Healthcare,524,3982760.72,0.6199,0.50–0.99,7,Active,1.0,10.0,15,2282058.94,0.10749478410585561
ACC05581,R11,Technology,842,7013568.6,4.9911,2.50–5.00,6,Active,1.0,11.666666666666666,5,24080473.25,0.06461896490889457
ACC05582,R01,Healthcare,385,2038238.99,0.7432,0.50–0.99,6,Active,1.0,3.3333333333333335,10,1346728.24,0.1373550690824641
ACC05583,R01,Hospitality,253,2113838.32,1.0187,1.00–1.49,1,Active,1.0,10.0,10,1614969.5,0.1574078720462667
ACC05584,R19,Healthcare,158,923063.99,0.2141,0.15–0.49,9,Active,1.0,1.6666666666666667,5,243020.88,0.31304288456887114
ACC05585,R39,Hospitality,105,695896.1,0.1787,0.15–0.49,5,Active,0.6666666666666666,18.333333333333332,25,192077.77000000002,0.28492854249780747
ACC05586,R07,Manufacturing,109,859399.95,1.0452,1.00–1.49,9,Active,0.6666666666666666,11.666666666666666,15,781981.44,0.2443710439573559
ACC05587,R09,Professional services,261,2058607.53,0.519,0.50–0.99,9,Active,1.0,0.0,-15,658403.28,0.15383561032018592
ACC05588,R01,Financial services,308,2078510.94,2.4291,1.50–2.49,9,Active,1.0,15.0,10,3706617.59,0.10743420541086664
ACC05589,R32,Logistics,90,590952.59,1.1507,1.00–1.49,6,Active,1.0,16.666666666666668,25,648727.03,0.2936175238290134
ACC05590,R35,Hospitality,234,1360488.69,1.0718,1.00–1.49,8,Active,0.6666666666666666,10.0,10,1316146.8,0.1587452027943269
ACC05591,R07,Technology,672,3510063.45,0.4511,0.15–0.49,2,Active,0.6666666666666666,13.333333333333334,15,1272544.7,0.11086205632120606
ACC05592,R16,Retail,148,1191324.51,3.5553,2.50–5.00,2,Active,1.0,1.6666666666666667,0,4252539.69,0.17592026429529406
ACC05593,R28,Manufacturing,269,2151985.4,1.9978,1.50–2.49,1,Active,1.0,-1.6666666666666667,0,4419660.0,0.1520076609924539
ACC05594,R06,Professional services,211,1204043.35,0.7575,0.50–0.99,9,Active,1.0,3.3333333333333335,0,965724.53,0.2507762116625135
ACC05595,R33,Logistics,154,795626.32,0.682,0.50–0.99,4,Active,0.6666666666666666,3.3333333333333335,0,574545.5599999999,0.17474968513005956
ACC05596,R31,Healthcare,165,1122662.24,1.1087,1.00–1.49,12,Active,1.0,8.333333333333334,10,1105336.75,0.19370601224234976
ACC05597,R42,Hospitality,64,573501.67,1.0655,1.00–1.49,7,Active,1.0,0.0,0,251494.06,0.24078235034348458
ACC05598,R40,Technology,780,4561729.02,1.4846,1.00–1.49,2,Active,0.6666666666666666,21.666666666666668,20,5196644.23,0.08004206015838121
ACC05599,R11,Professional services,139,796867.33,0.913,0.50–0.99,12,Active,1.0,5.0,0,738750.71,0.22573007364938683
ACC05600,R35,Professional services,188,971299.94,0.79,0.50–0.99,7,Active,0.6666666666666666,3.3333333333333335,-5,766704.06,0.23158213746438064
ACC05601,R45,Retail,243,1593925.63,0.8523,0.50–0.99,11,Active,0.6666666666666666,15.0,25,931021.76,0.1723828895123876
ACC05602,R46,Hospitality,400,2321919.74,0.3902,0.15–0.49,6,Active,1.0,0.0,0,692213.51,0.15678665299046965
ACC05603,R34,Technology,459,2886425.79,0.1877,0.15–0.49,4,Active,1.0,6.666666666666667,10,838374.61,0.15638323152435976
ACC05604,R21,Logistics,1115,7382535.59,0.7746,0.50–0.99,6,Active,1.0,10.0,0,4316760.37,0.10492112204647416
ACC05605,R26,Retail,66,439763.58,0.8022,0.50–0.99,3,Active,0.6666666666666666,3.3333333333333335,0,202867.73,0.2356637657047109
ACC05606,R42,Technology,369,1969012.3,1.3862,1.00–1.49,3,Active,1.0,11.666666666666666,15,2444569.12,0.10397559776113734
ACC05607,R14,Manufacturing,326,2978984.5,0.6044,0.50–0.99,7,Active,0.6666666666666666,6.666666666666667,-5,957023.4,0.11215198125141873
ACC05608,R23,Logistics,283,2750051.22,0.6044,0.50–0.99,12,Active,0.6666666666666666,10.0,0,1046692.77,0.19033651715976715
ACC05609,R39,Technology,1036,8511105.77,1.1272,1.00–1.49,7,Active,1.0,-1.6666666666666667,-15,6147132.53,0.07869114802639328
ACC05610,R25,Healthcare,113,1007113.29,1.3102,1.00–1.49,3,Active,1.0,1.6666666666666667,10,802185.65,0.20876491565474578
ACC05611,R42,Technology,232,2102183.95,4.1301,2.50–5.00,8,Active,1.0,5.0,15,6023382.2,0.1281747771472955
ACC05612,R35,Manufacturing,619,3987929.4,1.3748,1.00–1.49,6,Active,0.6666666666666666,13.333333333333334,10,3790202.4699999997,0.09720746109654027
ACC05613,R22,Hospitality,600,3494116.42,1.0034,1.00–1.49,9,Active,0.6666666666666666,13.333333333333334,-10,3924645.95,0.09542053010586665
ACC05614,R43,Financial services,371,3464085.75,0.5418,0.50–0.99,6,Active,0.6666666666666666,8.333333333333334,20,1204811.8,0.13523394170005146
ACC05615,R25,Logistics,435,2831514.56,0.8874,0.50–0.99,9,Active,0.6666666666666666,3.3333333333333335,-5,1726576.82,0.13814597846801244
ACC05616,R44,Manufacturing,71,361304.6,0.1726,0.15–0.49,2,Active,0.6666666666666666,1.6666666666666667,0,172055.87,0.500315277897726
ACC05617,R12,Healthcare,567,3259371.06,0.7319,0.50–0.99,4,Active,0.6666666666666666,13.333333333333334,15,1906580.75,0.1134886229929373
ACC05618,R34,Financial services,438,2838648.46,1.9701,1.50–2.49,6,Active,1.0,6.666666666666667,15,4719226.53,0.10348706530977113
ACC05619,R29,Financial services,154,906598.42,0.2788,0.15–0.49,11,Active,1.0,-5.0,5,240508.54,0.22126593433422292
ACC05620,R05,Retail,267,1668353.25,0.8772,0.50–0.99,7,Active,1.0,1.6666666666666667,0,1262049.92,0.3052924625800426
ACC05621,R09,Hospitality,206,1823017.05,0.989,0.50–0.99,4,Active,1.0,-3.3333333333333335,-10,714671.07,0.19170123450235854
ACC05622,R11,Hospitality,390,2544236.95,0.8553,0.50–0.99,10,Active,1.0,8.333333333333334,0,1127171.67,0.11661778413288516
ACC05623,R06,Logistics,549,3172951.02,0.7523,0.50–0.99,3,Active,1.0,15.0,20,1720543.05,0.11949271366458168
ACC05624,R16,Professional services,252,1631788.36,0.5417,0.50–0.99,8,Active,0.6666666666666666,-3.3333333333333335,-15,901456.46,0.17860226740131901
ACC05625,R20,Professional services,406,2305748.19,0.8628,0.50–0.99,2,Active,0.6666666666666666,10.0,15,2079920.76,0.17919931331734598
ACC05626,R19,Retail,176,1013795.08,0.2521,0.15–0.49,3,Active,0.3333333333333333,6.666666666666667,5,321906.95,0.29603876097705045
ACC05627,R32,Financial services,1278,7261627.95,0.4666,0.15–0.49,1,Active,1.0,5.0,0,1922257.41,0.08119182812722724
ACC05628,R25,Financial services,264,1933136.54,4.1615,2.50–5.00,11,Active,1.0,8.333333333333334,5,7029323.7299999995,0.11156058900801105
ACC05629,R30,Logistics,109,513111.94,0.3556,0.15–0.49,7,Active,0.3333333333333333,10.0,15,115901.86,0.24520909770953764
ACC05630,R25,Manufacturing,174,1337180.82,4.3759,2.50–5.00,6,Active,1.0,8.333333333333334,0,3969021.84,0.122167350180408
ACC05631,R47,Technology,250,1146355.01,0.9415,0.50–0.99,12,Active,1.0,3.3333333333333335,10,845790.76,0.1724998399473152
ACC05632,R06,Professional services,93,553712.66,0.3652,0.15–0.49,8,Active,0.6666666666666666,10.0,-5,172578.00999999998,0.4256890743790651
ACC05633,R10,Logistics,79,651034.65,0.8539,0.50–0.99,1,Active,1.0,1.6666666666666667,10,303060.07,0.25267463213927255
ACC05634,R21,Manufacturing,368,3261136.69,0.4681,0.15–0.49,1,Active,0.6666666666666666,10.0,-5,847168.07,0.15388214189169241
ACC05635,R44,Technology,212,1221218.38,0.86,0.50–0.99,3,Active,1.0,6.666666666666667,0,762925.42,0.16228162839851812
ACC05636,R24,Financial services,195,1514490.07,2.2149,1.50–2.49,3,Active,1.0,5.0,10,3239250.91,0.15914383975925175
ACC05637,R28,Healthcare,259,1583502.0,1.3291,1.00–1.49,5,Active,1.0,5.0,5,2194219.32,0.14966968331068034
ACC05638,R36,Retail,62,418024.67,0.8143,0.50–0.99,11,Active,0.6666666666666666,-3.3333333333333335,-15,207083.57,0.2837337274905632
ACC05639,R25,Retail,144,1009819.15,0.8465,0.50–0.99,5,Active,1.0,5.0,10,716178.4299999999,0.21708230892734767
ACC05640,R19,Retail,62,422367.19,0.4897,0.15–0.49,8,Active,0.3333333333333333,20.0,10,168513.02,0.4835880979403508
ACC05641,R14,Healthcare,62,428523.11,0.6696,0.50–0.99,11,Active,0.6666666666666666,10.0,10,102019.79,0.34700039153859513
ACC05642,R04,Healthcare,255,1671472.04,0.1714,0.15–0.49,2,Active,0.3333333333333333,8.333333333333334,15,438369.72,0.1536987805274457
ACC05643,R31,Manufacturing,91,704268.82,0.8557,0.50–0.99,12,Active,0.6666666666666666,10.0,5,452624.26,0.2404416272089834
ACC05644,R21,Manufacturing,159,1148695.89,0.6653,0.50–0.99,9,Active,1.0,5.0,15,564751.9400000001,0.19119141716960975
ACC05645,R28,Manufacturing,868,5611873.61,0.7505,0.50–0.99,2,Active,0.6666666666666666,1.6666666666666667,15,3101409.63,0.08640293944617827
ACC05646,R08,Technology,177,799573.66,0.8187,0.50–0.99,11,Active,1.0,-1.6666666666666667,0,997737.89,0.19578558363205248
ACC05647,R08,Professional services,407,2186786.79,0.2259,0.15–0.49,12,Active,0.6666666666666666,1.6666666666666667,0,517781.88,0.13771611757490618
ACC05648,R41,Technology,90,542387.34,0.3899,0.15–0.49,10,Active,0.6666666666666666,5.0,15,124084.98,0.32205704806196633
ACC05649,R48,Retail,233,1414273.89,0.7342,0.50–0.99,11,Active,1.0,0.0,-5,848905.99,0.1806064326469583
ACC05650,R04,Financial services,427,3154986.77,0.9339,0.50–0.99,1,Active,0.6666666666666666,6.666666666666667,10,1081637.95,0.11554151574910523
ACC05651,R07,Professional services,256,1728013.35,0.9457,0.50–0.99,8,Active,0.3333333333333333,6.666666666666667,25,860013.65,0.2244591920773336
ACC05652,R07,Professional services,215,1727098.32,1.0863,1.00–1.49,4,Active,0.3333333333333333,10.0,5,1830311.3900000001,0.1721667964678172
ACC05653,R06,Professional services,149,904176.43,0.9585,0.50–0.99,9,Active,0.6666666666666666,6.666666666666667,-5,573659.04,0.18059216327369745
ACC05654,R10,Technology,114,711708.8,0.4816,0.15–0.49,10,Active,0.6666666666666666,1.6666666666666667,10,166720.66999999998,0.23910199835879897
ACC05655,R25,Hospitality,117,771374.52,0.3124,0.15–0.49,4,Active,0.6666666666666666,15.0,10,209186.96,0.21681371059567772
ACC05656,R30,Retail,143,1297300.27,0.442,0.15–0.49,4,Active,1.0,16.666666666666668,15,290423.02,0.33073936254179787
ACC05657,R47,Hospitality,401,2941832.74,1.2153,1.00–1.49,4,Active,1.0,5.0,5,2119494.13,0.10910512960565352
ACC05658,R24,Professional services,1514,7528763.59,0.2853,0.15–0.49,11,Active,0.6666666666666666,-5.0,5,2780692.03,0.08635921836743983
ACC05659,R44,Financial services,248,1669697.55,0.5189,0.50–0.99,11,Active,1.0,5.0,0,877637.32,0.14385865982539614
ACC05660,R45,Manufacturing,112,816419.05,0.7669,0.50–0.99,12,Active,0.6666666666666666,13.333333333333334,15,393009.44,0.22806053427641543
ACC05661,R08,Retail,368,1541641.1,0.3454,0.15–0.49,5,Active,0.6666666666666666,11.666666666666666,5,595819.86,0.1512727908021008
ACC05662,R06,Hospitality,94,602319.33,0.8019,0.50–0.99,9,Active,0.6666666666666666,1.6666666666666667,15,312606.22,0.21295888042808525
ACC05663,R36,Hospitality,287,1739812.73,0.9685,0.50–0.99,7,Active,1.0,10.0,5,666222.63,0.1646195370921819
ACC05664,R21,Technology,601,4765694.2,1.3759,1.00–1.49,1,Active,1.0,15.0,25,4292400.63,0.09706499511121641
ACC05665,R10,Hospitality,76,601674.58,2.1373,1.50–2.49,12,Active,1.0,6.666666666666667,5,1029822.41,0.19238469743823577
ACC05666,R12,Hospitality,222,1414773.26,0.3665,0.15–0.49,5,Active,1.0,6.666666666666667,10,192913.32,0.14602768047666517
ACC05667,R25,Logistics,105,591792.12,0.8889,0.50–0.99,4,Active,1.0,10.0,0,354156.01,0.27054469168913997
ACC05668,R43,Manufacturing,489,3262510.58,0.9526,0.50–0.99,2,Active,0.6666666666666666,6.666666666666667,20,1790824.79,0.18023412734885821
ACC05669,R31,Healthcare,62,469712.78,0.6505,0.50–0.99,3,Active,1.0,-5.0,-15,98558.45,0.3329758545903487
ACC05670,R21,Healthcare,256,1482992.5,0.6472,0.50–0.99,2,Active,0.3333333333333333,8.333333333333334,0,806071.27,0.1385509307116791
ACC05671,R36,Manufacturing,346,3168188.33,2.1859,1.50–2.49,5,Active,0.6666666666666666,11.666666666666666,15,4988597.78,0.10458409121640745
ACC05672,R12,Financial services,504,3768666.86,0.2463,0.15–0.49,12,Active,0.6666666666666666,16.666666666666668,20,983167.94,0.12245369081919807
ACC05673,R33,Logistics,231,1322696.96,0.3268,0.15–0.49,11,Active,1.0,0.0,15,342849.75,0.1534471965448805
ACC05674,R47,Technology,202,1968966.47,3.9092,2.50–5.00,5,Active,1.0,-1.6666666666666667,10,5045806.36,0.12272281210422706
ACC05675,R04,Manufacturing,62,411467.42,0.1648,0.15–0.49,3,Active,0.6666666666666666,0.0,0,108240.37,0.4151735790039277
ACC05676,R11,Professional services,285,2056619.97,1.7688,1.50–2.49,11,Active,1.0,10.0,5,3423516.39,0.11561420850681313
ACC05677,R03,Manufacturing,861,8076306.27,0.6109,0.50–0.99,8,Active,1.0,10.0,10,2707634.92,0.09075308709433488
ACC05678,R06,Logistics,231,1872911.48,0.9223,0.50–0.99,2,Active,0.3333333333333333,16.666666666666668,5,992927.39,0.36559670078458145
ACC05679,R15,Retail,231,1237122.52,0.6785,0.50–0.99,1,Active,1.0,10.0,20,774011.9400000001,0.1527575936264493
ACC05680,R46,Technology,665,4451321.97,0.7366,0.50–0.99,8,Active,0.6666666666666666,6.666666666666667,15,2843222.81,0.12716517510103825
ACC05681,R03,Hospitality,407,2926127.79,2.2395,1.50–2.49,12,Active,1.0,10.0,15,5353281.44,0.09860698662383123
ACC05682,R01,Manufacturing,1003,6153026.34,1.311,1.00–1.49,2,Active,1.0,8.333333333333334,10,5524082.57,0.07258167706629279
ACC05683,R33,Healthcare,458,2025470.29,0.3655,0.15–0.49,6,Active,1.0,1.6666666666666667,10,538151.81,0.12153951601076943
ACC05684,R15,Financial services,363,2383043.2,0.8109,0.50–0.99,2,Active,0.3333333333333333,16.666666666666668,10,1450285.11,0.1480449345168287
ACC05685,R23,Logistics,104,550277.84,0.5171,0.50–0.99,8,Active,1.0,6.666666666666667,15,278171.93,0.19949277090494794
ACC05686,R23,Logistics,197,1377705.93,0.7273,0.50–0.99,7,Active,1.0,-1.6666666666666667,-5,618533.29,0.17700310713578413
ACC05687,R37,Technology,233,1782145.17,0.8957,0.50–0.99,4,Active,0.6666666666666666,8.333333333333334,5,798109.8300000001,0.15693099228610138
ACC05688,R37,Professional services,264,2044049.65,0.6094,0.50–0.99,4,Active,0.6666666666666666,1.6666666666666667,15,871890.67,0.16080495063590944
ACC05689,R13,Financial services,164,1252102.56,1.7272,1.50–2.49,5,Active,1.0,-5.0,-10,1802169.98,0.1556469022827309
ACC05690,R13,Manufacturing,101,718408.98,0.4513,0.15–0.49,11,Active,1.0,-6.666666666666667,-15,169416.04,0.2795148116663933
ACC05691,R41,Professional services,583,4927684.31,1.2178,1.00–1.49,11,Active,0.6666666666666666,18.333333333333332,25,3534800.78,0.09506275344448487
ACC05692,R03,Healthcare,105,785581.77,2.0669,1.50–2.49,3,Active,1.0,8.333333333333334,15,1107851.14,0.1761554876438539
ACC05693,R26,Retail,191,1312357.18,0.1962,0.15–0.49,6,Active,0.6666666666666666,-3.3333333333333335,-5,603429.7899999999,0.5134731162116838
ACC05694,R08,Technology,124,969179.54,1.4654,1.00–1.49,3,Active,1.0,-3.3333333333333335,-5,649993.63,0.19923304279722448
ACC05695,R44,Hospitality,381,2733466.53,1.2449,1.00–1.49,6,Active,1.0,8.333333333333334,10,3242165.11,0.12941041356423222
ACC05696,R33,Hospitality,373,2529931.98,0.709,0.50–0.99,12,Active,0.3333333333333333,6.666666666666667,0,1362750.09,0.14673417745828907
ACC05697,R37,Healthcare,109,717326.18,0.8795,0.50–0.99,6,Active,1.0,1.6666666666666667,10,410428.87,0.22089172780628777
ACC05698,R44,Logistics,170,1171584.98,1.6214,1.50–2.49,3,Active,1.0,0.0,5,2606808.68,0.1446986467223794
ACC05699,R34,Healthcare,260,1559524.43,0.9611,0.50–0.99,10,Active,1.0,3.3333333333333335,0,1094290.99,0.22682395984234022
ACC05700,R35,Manufacturing,256,1497541.25,0.1684,0.15–0.49,4,Active,0.6666666666666666,-5.0,-15,493965.68,0.19216872763977058
ACC05701,R34,Hospitality,1290,7154412.84,0.871,0.50–0.99,12,Active,1.0,5.0,15,5112881.7,0.09698928583819212
ACC05702,R27,Logistics,82,558897.0,1.5655,1.50–2.49,10,Active,1.0,3.3333333333333335,20,1090170.59,0.1781584597146519
ACC05703,R40,Healthcare,144,1266300.73,1.9586,1.50–2.49,5,Active,1.0,3.3333333333333335,5,1636141.98,0.1573987203558774
ACC05704,R24,Professional services,301,1591054.06,0.474,0.15–0.49,9,Active,0.6666666666666666,3.3333333333333335,5,515320.01,0.1462679121318126
ACC05705,R14,Healthcare,502,3877099.08,1.094,1.00–1.49,11,Active,1.0,5.0,10,3165684.43,0.09966820922946856
ACC05706,R26,Technology,75,465562.83,0.3657,0.15–0.49,5,Active,0.3333333333333333,10.0,0,229019.41,0.4631586069317458
ACC05707,R44,Retail,762,5985059.96,0.6225,0.50–0.99,11,Active,1.0,3.3333333333333335,5,2488627.21,0.09366612735682818
ACC05708,R21,Financial services,143,905925.98,0.9474,0.50–0.99,7,Active,0.6666666666666666,5.0,5,401981.3,0.20164681847244545
ACC05709,R02,Financial services,256,1922212.28,0.4846,0.15–0.49,4,Active,0.6666666666666666,10.0,15,552639.47,0.18977418170769655
ACC05710,R01,Technology,646,3930304.9,0.4897,0.15–0.49,6,Active,1.0,8.333333333333334,0,1325940.5,0.1313384881046791
ACC05711,R02,Financial services,857,3797911.73,0.4363,0.15–0.49,5,Active,1.0,-1.6666666666666667,0,1369140.18,0.11077648919698989
ACC05712,R05,Financial services,480,3252196.52,0.6302,0.50–0.99,5,Active,0.6666666666666666,1.6666666666666667,-15,1686650.48,0.17100512081370906
ACC05713,R48,Logistics,62,372750.86,0.5012,0.50–0.99,12,Active,1.0,8.333333333333334,5,141012.91,0.21961583306169175
ACC05714,R45,Logistics,403,3345068.82,0.6903,0.50–0.99,3,Active,0.6666666666666666,11.666666666666666,10,1226249.32,0.16245729684009413
ACC05715,R42,Logistics,175,1146427.49,0.8283,0.50–0.99,12,Active,0.3333333333333333,5.0,20,608117.86,0.1868250432559958
ACC05716,R10,Retail,291,2135700.92,0.3924,0.15–0.49,11,Active,0.6666666666666666,10.0,0,526421.66,0.21257319032363622
ACC05717,R16,Healthcare,106,980619.15,0.6128,0.50–0.99,2,Active,1.0,-1.6666666666666667,-10,328000.57,0.23276831816169324
ACC05718,R47,Technology,434,2819704.62,2.7572,2.50–5.00,11,Active,1.0,6.666666666666667,0,11706895.79,0.11066914710964128
ACC05719,R38,Retail,183,1217548.69,1.3262,1.00–1.49,8,Active,0.6666666666666666,8.333333333333334,5,1040396.53,0.16353553878071628
ACC05720,R07,Manufacturing,220,1005111.73,0.2908,0.15–0.49,10,Active,1.0,13.333333333333334,10,338185.7,0.23776383390135375
ACC05721,R09,Hospitality,153,953845.06,0.288,0.15–0.49,1,Active,0.6666666666666666,10.0,5,238816.67,0.28359406785760466
ACC05722,R18,Hospitality,81,514478.73,0.7517,0.50–0.99,2,Active,1.0,3.3333333333333335,-10,257093.1,0.23181818168021354
ACC05723,R23,Logistics,122,761871.45,0.3351,0.15–0.49,3,Active,0.6666666666666666,5.0,5,213397.58,0.2298237814422675
ACC05724,R05,Technology,377,2777593.73,0.3522,0.15–0.49,6,Active,1.0,1.6666666666666667,-5,540742.27,0.15659052625283446
ACC05725,R06,Financial services,710,4555462.01,1.34,1.00–1.49,5,Active,1.0,6.666666666666667,5,4696405.9,0.10015775968534071
ACC05726,R03,Manufacturing,555,4059277.76,0.832,0.50–0.99,3,Active,1.0,10.0,10,1846296.46,0.10905376276074367
ACC05727,R26,Retail,353,3130135.74,1.0107,1.00–1.49,4,Active,1.0,6.666666666666667,-5,1978197.93,0.1359511039637581
ACC05728,R19,Financial services,434,3818668.73,0.9235,0.50–0.99,10,Active,1.0,11.666666666666666,10,1213748.8,0.12725326993323371
ACC05729,R44,Professional services,164,949289.68,0.3688,0.15–0.49,10,Active,1.0,-3.3333333333333335,5,228457.38,0.2796899535983058
ACC05730,R14,Hospitality,265,1892397.72,0.3886,0.15–0.49,1,Active,1.0,3.3333333333333335,10,497069.84,0.18610361058476868
ACC05731,R39,Technology,113,659009.3,3.656,2.50–5.00,12,Active,1.0,-3.3333333333333335,5,3528858.5100000002,0.1656728911953238
ACC05732,R37,Retail,211,1384234.64,0.849,0.50–0.99,4,Active,0.0,11.666666666666666,15,853652.51,0.3383779972233576
ACC05733,R04,Retail,113,758851.98,0.506,0.50–0.99,10,Active,0.3333333333333333,11.666666666666666,10,356091.62,0.22543873082264745
ACC05734,R07,Logistics,216,1249565.04,0.3917,0.15–0.49,6,Active,0.6666666666666666,-3.3333333333333335,0,368236.05,0.20367343379871417
ACC05735,R35,Financial services,644,4350718.08,2.1985,1.50–2.49,4,Active,1.0,-5.0,-10,7868941.57,0.08969635447749111
ACC05736,R38,Retail,175,1042886.14,0.6676,0.50–0.99,1,Active,0.6666666666666666,3.3333333333333335,15,626220.34,0.19812151696070987
ACC05737,R22,Manufacturing,94,463344.73,0.2847,0.15–0.49,3,Active,0.6666666666666666,1.6666666666666667,10,140673.95,0.3144687935573374
ACC05738,R19,Logistics,331,2115313.37,0.8531,0.50–0.99,8,Active,1.0,6.666666666666667,5,1295011.73,0.16003429041996037
ACC05739,R05,Hospitality,236,1918649.25,1.8452,1.50–2.49,6,Active,1.0,6.666666666666667,20,4014573.31,0.18875572770243795
ACC05740,R23,Financial services,357,1712703.65,0.1718,0.15–0.49,12,Active,0.6666666666666666,3.3333333333333335,10,581124.56,0.1618658650177951
ACC05741,R12,Logistics,217,1689112.47,0.5275,0.50–0.99,2,Active,1.0,6.666666666666667,0,747459.23,0.17495265931772308
ACC05742,R39,Professional services,261,1848063.89,1.4439,1.00–1.49,6,Active,0.6666666666666666,11.666666666666666,10,1596078.0,0.12442949056536144
ACC05743,R37,Logistics,679,3745984.17,0.3598,0.15–0.49,6,Active,1.0,3.3333333333333335,5,925795.39,0.11757090049402015
ACC05744,R13,Healthcare,250,2262667.14,0.8722,0.50–0.99,12,Active,0.6666666666666666,16.666666666666668,10,834465.6900000001,0.14909487237318278
ACC05745,R40,Retail,138,809632.23,0.7313,0.50–0.99,6,Active,1.0,3.3333333333333335,-5,826052.95,0.20410302105260428
ACC05746,R12,Logistics,267,2157592.83,1.2842,1.00–1.49,8,Active,1.0,11.666666666666666,20,1948367.11,0.16838434927743479
ACC05747,R33,Retail,339,2020096.29,0.2988,0.15–0.49,2,Active,0.3333333333333333,10.0,20,535111.42,0.16846666020538467
ACC05748,R29,Professional services,702,5290679.13,1.8396,1.50–2.49,6,Active,1.0,6.666666666666667,-15,9346382.02,0.08912263940466691
ACC05749,R02,Hospitality,242,1243670.56,0.5851,0.50–0.99,10,Active,1.0,0.0,-15,896931.24,0.21942347587456776
ACC05750,R48,Professional services,438,2284865.97,0.6007,0.50–0.99,9,Active,0.0,5.0,10,1336215.61,0.13453939399230802
ACC05751,R26,Hospitality,382,2035654.83,0.4282,0.15–0.49,3,Active,1.0,5.0,0,649875.39,0.1614986836989473
ACC05752,R05,Manufacturing,446,3427623.78,3.8547,2.50–5.00,11,Active,1.0,1.6666666666666667,-5,11107323.87,0.08581835151898369
ACC05753,R15,Retail,256,1629471.58,0.7529,0.50–0.99,1,Active,0.6666666666666666,10.0,5,1130909.16,0.15158457852190066
ACC05754,R03,Manufacturing,210,1657876.78,1.7074,1.50–2.49,1,Active,1.0,8.333333333333334,10,2155676.12,0.12083230267947141
ACC05755,R07,Professional services,125,923288.31,1.2529,1.00–1.49,9,Active,0.3333333333333333,10.0,25,882549.9299999999,0.24157921913199848
ACC05756,R39,Manufacturing,421,2837485.25,0.301,0.15–0.49,10,Active,0.6666666666666666,10.0,10,659180.45,0.23848815899069375
ACC05757,R19,Technology,397,2716170.83,0.6999,0.50–0.99,2,Active,0.6666666666666666,-3.3333333333333335,0,1503613.8,0.13399808433200228
ACC05758,R37,Financial services,63,392547.22,0.7309,0.50–0.99,5,Active,0.0,13.333333333333334,-10,131620.65,0.24857852430938326
ACC05759,R44,Hospitality,321,2341582.16,3.4986,2.50–5.00,1,Active,1.0,3.3333333333333335,25,9918727.83,0.11615390214773491
ACC05760,R12,Manufacturing,134,850984.6,0.9587,0.50–0.99,11,Active,0.6666666666666666,5.0,15,508211.75,0.169568831265448
ACC05761,R02,Healthcare,75,514318.7,0.6746,0.50–0.99,8,Active,1.0,1.6666666666666667,10,169734.45,0.31118061694560323
ACC05762,R15,Hospitality,167,877879.57,0.9596,0.50–0.99,10,Active,1.0,-1.6666666666666667,-5,792450.8200000001,0.18875294244721236
ACC05763,R10,Financial services,99,661538.42,0.3916,0.15–0.49,3,Active,1.0,11.666666666666666,25,142546.6,0.23961017095516388
ACC05764,R47,Hospitality,221,1649821.29,1.4517,1.00–1.49,11,Active,1.0,5.0,0,1588638.9000000001,0.14898121890034793
ACC05765,R27,Technology,77,492126.71,0.4815,0.15–0.49,12,Active,0.3333333333333333,11.666666666666666,5,108393.25,0.2544164911192055
ACC05766,R40,Financial services,74,417573.38,0.1925,0.15–0.49,12,Active,0.3333333333333333,8.333333333333334,5,87061.99,0.30378246695289224
ACC05767,R01,Healthcare,808,5392653.15,0.1544,0.15–0.49,1,Active,0.3333333333333333,15.0,-5,1313604.92,0.09761223914969623
ACC05768,R27,Manufacturing,132,1065712.87,2.3052,1.50–2.49,1,Active,1.0,5.0,10,2269881.39,0.15604339948512005
ACC05769,R10,Retail,228,1372478.67,0.6477,0.50–0.99,2,Active,1.0,11.666666666666666,10,877636.77,0.17988826892778353
ACC05770,R25,Manufacturing,244,1273879.98,0.2378,0.15–0.49,1,Active,0.6666666666666666,1.6666666666666667,0,354770.95,0.14898725167814592
ACC05771,R24,Manufacturing,182,1258882.9,1.2757,1.00–1.49,8,Active,1.0,-5.0,-10,1594686.97,0.16683659942318418
ACC05772,R20,Hospitality,793,4197080.75,0.6398,0.50–0.99,4,Active,0.6666666666666666,11.666666666666666,20,3041679.28,0.10269626175106802
ACC05773,R07,Technology,222,1379050.83,0.63,0.50–0.99,7,Active,1.0,8.333333333333334,15,831460.31,0.16470072427755889
ACC05774,R13,Technology,221,1751976.37,0.6595,0.50–0.99,11,Active,0.6666666666666666,1.6666666666666667,-15,736996.7999999999,0.21425190649322742
ACC05775,R30,Professional services,168,1084434.33,1.0743,1.00–1.49,5,Active,0.3333333333333333,5.0,-10,862240.64,0.14016470417907909
ACC05776,R19,Technology,235,2153185.74,1.5266,1.50–2.49,12,Active,1.0,13.333333333333334,15,3316693.97,0.1328539413288918
ACC05777,R42,Healthcare,218,997343.6,0.9665,0.50–0.99,3,Active,0.6666666666666666,10.0,25,520840.37,0.21449463253141457
ACC05778,R12,Financial services,222,1271617.97,0.3175,0.15–0.49,1,Active,1.0,8.333333333333334,0,246564.34,0.28915380757758813
ACC05779,R04,Retail,93,613049.58,0.9592,0.50–0.99,2,Active,1.0,10.0,5,469689.9,0.3211655889547639
ACC05780,R16,Professional services,351,3101399.93,0.6784,0.50–0.99,8,Active,1.0,0.0,10,1457925.69,0.16131654520681335
ACC05781,R24,Manufacturing,134,991615.93,0.4351,0.15–0.49,6,Active,1.0,8.333333333333334,0,219017.12,0.228338352818215
ACC05782,R27,Healthcare,393,2785494.55,0.221,0.15–0.49,4,Active,0.6666666666666666,-1.6666666666666667,20,664634.34,0.15112010838579168
ACC05783,R31,Technology,62,458964.2,0.8469,0.50–0.99,1,Active,1.0,6.666666666666667,10,135872.05000000002,0.39918579199773463
ACC05784,R30,Financial services,286,1802373.57,0.7956,0.50–0.99,6,Active,1.0,-1.6666666666666667,-5,880752.67,0.13053153015747132
ACC05785,R04,Financial services,182,1394702.71,0.8286,0.50–0.99,11,Active,0.6666666666666666,10.0,25,505348.65,0.15381830127634005
ACC05786,R23,Professional services,548,2917449.96,0.8295,0.50–0.99,11,Active,1.0,15.0,5,2727083.95,0.11917722825074636
ACC05787,R40,Retail,330,2201521.04,0.9485,0.50–0.99,9,Active,1.0,-1.6666666666666667,0,1135914.3800000001,0.14135417832181457
ACC05788,R07,Hospitality,312,2160625.01,0.3226,0.15–0.49,11,Active,1.0,11.666666666666666,15,597542.05,0.1718917850648782
ACC05789,R24,Professional services,392,2047312.81,0.8749,0.50–0.99,11,Active,1.0,3.3333333333333335,10,1405435.55,0.1499488003551342
ACC05790,R30,Healthcare,1099,9577847.64,1.7448,1.50–2.49,11,Active,1.0,-3.3333333333333335,5,15318201.77,0.07027967372058823
ACC05791,R03,Hospitality,757,4731496.66,0.5248,0.50–0.99,2,Active,1.0,-3.3333333333333335,-10,2397201.17,0.08736399822238654
ACC05792,R08,Healthcare,582,3983411.99,1.0229,1.00–1.49,1,Active,1.0,6.666666666666667,5,4162119.61,0.13400740149938212
ACC05793,R37,Technology,175,1152701.88,1.3983,1.00–1.49,5,Active,0.6666666666666666,20.0,25,1320971.5,0.19869846677744413
ACC05794,R43,Hospitality,301,2126168.63,0.7855,0.50–0.99,12,Active,0.6666666666666666,0.0,0,1208574.19,0.1560508891162865
ACC05795,R30,Professional services,218,1218435.04,0.5442,0.50–0.99,5,Active,0.6666666666666666,3.3333333333333335,-5,930138.22,0.28573221056382064
ACC05796,R36,Technology,454,3863750.07,3.9365,2.50–5.00,5,Active,1.0,1.6666666666666667,15,12615876.8,0.08632764135689905
ACC05797,R31,Logistics,403,2018400.6,0.7102,0.50–0.99,1,Active,0.6666666666666666,5.0,5,1085550.5,0.1179640878527735
ACC05798,R11,Retail,492,3552061.32,0.6275,0.50–0.99,11,Active,0.6666666666666666,5.0,0,1597806.36,0.1042170385297548
ACC05799,R23,Healthcare,636,3814824.6,0.5962,0.50–0.99,7,Active,1.0,3.3333333333333335,10,2620609.16,0.11380232048226975
ACC05800,R24,Hospitality,210,1595197.06,4.2999,2.50–5.00,4,Active,1.0,13.333333333333334,10,5374030.34,0.12365710875219692
ACC05801,R11,Retail,1038,7327504.23,0.7951,0.50–0.99,9,Active,0.3333333333333333,15.0,25,3867178.97,0.10032460014765154
ACC05802,R09,Retail,62,440926.68,0.8414,0.50–0.99,10,Active,1.0,6.666666666666667,5,341111.62,0.4533522027768549
ACC05803,R43,Hospitality,217,1159383.68,0.2861,0.15–0.49,10,Active,1.0,1.6666666666666667,10,321567.57,0.2080557457581472
ACC05804,R14,Retail,407,2370751.9,0.5869,0.50–0.99,8,Active,0.6666666666666666,6.666666666666667,15,1252724.49,0.12814755014138385
ACC05805,R22,Professional services,399,3080178.58,2.2268,1.50–2.49,11,Active,1.0,6.666666666666667,5,5377848.36,0.10789286939013626
ACC05806,R23,Retail,127,688524.09,0.155,0.15–0.49,6,Active,0.6666666666666666,13.333333333333334,15,141025.19999999998,0.239613892807245
ACC05807,R42,Retail,287,2399053.14,0.8889,0.50–0.99,10,Active,1.0,13.333333333333334,20,1203564.42,0.1652824022121543
ACC05808,R13,Hospitality,62,380236.53,0.9304,0.50–0.99,8,Active,1.0,6.666666666666667,25,283261.53,0.23905279659059847
ACC05809,R05,Manufacturing,136,1046017.86,0.4755,0.15–0.49,5,Active,1.0,-3.3333333333333335,0,168578.64,0.20039416248480063
ACC05810,R11,Retail,196,1151191.23,1.2069,1.00–1.49,4,Active,1.0,3.3333333333333335,5,1240873.21,0.1827044017185288
ACC05811,R19,Technology,273,1619257.62,0.6929,0.50–0.99,12,Active,1.0,6.666666666666667,0,911824.25,0.13548589820029763
ACC05812,R39,Healthcare,556,3019836.24,0.7411,0.50–0.99,9,Active,1.0,10.0,10,1856890.45,0.11221374949801367
ACC05813,R19,Financial services,344,1814136.03,0.7721,0.50–0.99,5,Active,0.6666666666666666,3.3333333333333335,-5,1655024.61,0.19159596832373646
ACC05814,R48,Professional services,143,763252.29,0.5444,0.50–0.99,6,Active,0.6666666666666666,6.666666666666667,5,531192.48,0.18499713570703544
ACC05815,R01,Technology,106,841737.03,1.4119,1.00–1.49,12,Active,1.0,8.333333333333334,0,736624.92,0.18779590680403097
ACC05816,R38,Technology,1909,13923200.01,1.1485,1.00–1.49,3,Active,1.0,8.333333333333334,15,11872617.36,0.056423285134852064
ACC05817,R17,Technology,246,1741035.54,0.6579,0.50–0.99,9,Active,1.0,6.666666666666667,20,903760.27,0.18581696190491637
ACC05818,R41,Financial services,105,790238.22,3.9932,2.50–5.00,3,Active,1.0,8.333333333333334,0,2352989.44,0.20456883135805065
ACC05819,R04,Professional services,574,4687997.66,1.141,1.00–1.49,5,Active,0.6666666666666666,3.3333333333333335,10,3609926.37,0.09739740901302583
ACC05820,R06,Retail,530,3771990.46,0.9095,0.50–0.99,2,Active,1.0,1.6666666666666667,5,1689599.61,0.10377107606292574
ACC05821,R19,Retail,550,3145890.48,0.3913,0.15–0.49,1,Active,1.0,0.0,0,2008326.27,0.5447592022668788
ACC05822,R48,Financial services,86,402690.2,0.7417,0.50–0.99,5,Active,0.6666666666666666,13.333333333333334,25,193438.16,0.2449868650692613
ACC05823,R40,Healthcare,62,505332.28,1.1301,1.00–1.49,11,Active,1.0,1.6666666666666667,0,414563.92,0.2675956565997418
ACC05824,R03,Manufacturing,119,1242332.7,1.3308,1.00–1.49,2,Active,0.6666666666666666,0.0,-10,686666.17,0.1571062734124723
ACC05825,R20,Healthcare,476,4109388.82,0.76,0.50–0.99,6,Active,1.0,8.333333333333334,-10,1664227.27,0.12221044978094349
ACC05826,R47,Logistics,117,862993.94,0.9825,0.50–0.99,5,Active,1.0,6.666666666666667,5,335103.18,0.21462277673246036
ACC05827,R16,Technology,500,3697318.48,1.2872,1.00–1.49,12,Active,1.0,3.3333333333333335,-5,3065090.67,0.09581816347605598
ACC05828,R01,Financial services,140,1002991.65,1.2546,1.00–1.49,9,Active,1.0,3.3333333333333335,5,794847.84,0.2505316118687809
ACC05829,R32,Technology,129,860110.5,0.5973,0.50–0.99,2,Active,0.3333333333333333,20.0,25,530860.86,0.2592912877537774
ACC05830,R06,Hospitality,356,2017401.64,0.3078,0.15–0.49,10,Active,0.6666666666666666,5.0,25,519172.19,0.1494639106085442
ACC05831,R42,Healthcare,225,1624961.43,0.7124,0.50–0.99,12,Active,1.0,10.0,5,873616.86,0.1665066503419426
ACC05832,R06,Healthcare,321,2404160.29,0.1974,0.15–0.49,1,Active,1.0,5.0,10,374067.27,0.1588885784724727
ACC05833,R09,Hospitality,89,768912.29,0.5886,0.50–0.99,4,Active,1.0,1.6666666666666667,25,338767.91000000003,0.3465820434991937
ACC05834,R40,Healthcare,150,1096941.45,0.9202,0.50–0.99,11,Active,1.0,10.0,5,351385.69,0.21327235712104173
ACC05835,R06,Logistics,299,1727652.83,0.8751,0.50–0.99,10,Active,0.6666666666666666,8.333333333333334,15,1379403.19,0.18270056234419924
ACC05836,R14,Professional services,325,2593162.44,4.5441,2.50–5.00,9,Active,1.0,3.3333333333333335,5,8082280.08,0.10312929968870752
ACC05837,R45,Professional services,162,1005169.94,0.9297,0.50–0.99,11,Active,1.0,3.3333333333333335,0,462444.77,0.16233029535935747
ACC05838,R13,Financial services,1448,7831099.91,0.8964,0.50–0.99,3,Active,0.6666666666666666,11.666666666666666,10,4914493.68,0.07486073482706869
ACC05839,R38,Retail,99,761105.54,2.201,1.50–2.49,2,Active,1.0,-1.6666666666666667,5,1281978.53,0.2113723697406005
ACC05840,R15,Healthcare,309,1764010.19,0.9242,0.50–0.99,1,Active,1.0,1.6666666666666667,-10,1282241.07,0.16674526430112957
ACC05841,R06,Hospitality,121,646996.94,0.8217,0.50–0.99,10,Active,1.0,10.0,15,803727.13,0.26662027707391434
ACC05842,R14,Logistics,1155,6529806.0,0.6944,0.50–0.99,1,Active,0.6666666666666666,3.3333333333333335,0,4799407.79,0.10972731987194524
ACC05843,R37,Healthcare,206,1386987.06,1.8699,1.50–2.49,8,Active,1.0,1.6666666666666667,5,3107380.12,0.15258213655378494
ACC05844,R17,Logistics,467,3490565.55,1.1668,1.00–1.49,11,Active,0.6666666666666666,15.0,15,3084787.03,0.10995754832807547
ACC05845,R32,Professional services,113,883780.14,0.1659,0.15–0.49,6,Active,0.0,18.333333333333332,25,222674.18,0.3380113101410726
ACC05846,R27,Retail,192,1188460.22,0.576,0.50–0.99,10,Active,0.3333333333333333,5.0,0,854061.1,0.18646037359934295
ACC05847,R37,Healthcare,86,426774.5,0.6931,0.50–0.99,10,Active,1.0,-1.6666666666666667,0,632683.58,0.3448508014452
ACC05848,R03,Professional services,123,807414.17,0.3262,0.15–0.49,2,Active,1.0,-3.3333333333333335,-15,201489.98,0.251483185311604
ACC05849,R17,Financial services,131,1085091.16,1.091,1.00–1.49,6,Active,1.0,1.6666666666666667,5,1011767.2,0.16619793413504266
ACC05850,R09,Hospitality,148,882325.76,0.3528,0.15–0.49,11,Active,0.6666666666666666,6.666666666666667,0,129383.51,0.23084301422185213
ACC05851,R48,Manufacturing,570,4469687.86,0.7374,0.50–0.99,1,Active,1.0,5.0,15,2086552.94,0.11417116884564707
ACC05852,R10,Technology,128,1012453.22,1.2239,1.00–1.49,10,Active,1.0,0.0,-5,885114.64,0.211433612948756
ACC05853,R46,Retail,352,3491799.91,3.0058,2.50–5.00,10,Active,1.0,10.0,10,8669764.99,0.11412475740596104
ACC05854,R08,Professional services,75,573377.43,1.2773,1.00–1.49,7,Active,1.0,5.0,-10,342095.33999999997,0.25787642102145697
ACC05855,R17,Healthcare,150,1146670.94,2.259,1.50–2.49,2,Active,1.0,5.0,10,2219237.49,0.14115131319884866
ACC05856,R31,Retail,118,835736.75,0.7013,0.50–0.99,3,Active,0.0,-1.6666666666666667,-15,481297.23,0.2071017146657852
ACC05857,R16,Technology,236,1902985.66,0.7525,0.50–0.99,9,Active,0.6666666666666666,6.666666666666667,5,645839.09,0.1435335124374051
ACC05858,R06,Hospitality,108,660231.54,0.9702,0.50–0.99,3,Active,1.0,5.0,15,300125.26,0.21195359585303017
ACC05859,R36,Logistics,62,435432.97,0.437,0.15–0.49,3,Active,1.0,-5.0,-5,153191.97,0.3461998998749805
ACC05860,R14,Healthcare,799,6325702.41,0.7108,0.50–0.99,5,Active,1.0,1.6666666666666667,5,3014282.04,0.0944784040830258
ACC05861,R22,Technology,290,1801295.15,0.7089,0.50–0.99,3,Active,0.6666666666666666,0.0,5,1215595.59,0.19314410727806416
ACC05862,R42,Logistics,846,5447111.8,0.6382,0.50–0.99,9,Active,1.0,3.3333333333333335,0,3300285.05,0.09257647873902508
ACC05863,R43,Technology,325,1790612.27,0.2816,0.15–0.49,11,Active,0.3333333333333333,15.0,25,552862.09,0.1962894790182456
ACC05864,R15,Logistics,312,2073082.39,0.5855,0.50–0.99,6,Active,1.0,10.0,-5,958085.64,0.11715821167074476
ACC05865,R29,Logistics,227,1907176.46,0.6626,0.50–0.99,2,Active,1.0,11.666666666666666,15,713830.79,0.16396271587826355
ACC05866,R18,Retail,594,4252561.21,0.8437,0.50–0.99,1,Active,1.0,5.0,0,2236569.74,0.11206176029089229
ACC05867,R44,Financial services,391,3058789.2,0.9632,0.50–0.99,1,Active,1.0,3.3333333333333335,-5,1330225.34,0.13949358789816158
ACC05868,R23,Technology,280,1501271.69,0.2827,0.15–0.49,12,Active,1.0,5.0,10,390316.13,0.17713217893711852
ACC05869,R47,Financial services,85,429532.91,0.445,0.15–0.49,5,Active,0.6666666666666666,6.666666666666667,5,314270.39,0.3931261934986718
ACC05870,R43,Technology,227,1507640.12,3.2807,2.50–5.00,12,Active,1.0,1.6666666666666667,-5,6605254.5200000005,0.12234859807747792
ACC05871,R04,Healthcare,290,2071380.9,2.225,1.50–2.49,12,Active,1.0,11.666666666666666,15,3193944.44,0.1180939683165666
ACC05872,R37,Retail,181,1173023.67,1.2487,1.00–1.49,11,Active,1.0,8.333333333333334,15,1104901.29,0.16995281420681646
ACC05873,R15,Retail,110,854012.14,1.9379,1.50–2.49,8,Active,1.0,6.666666666666667,0,1019840.13,0.16877213688977732
ACC05874,R19,Technology,363,2010462.15,0.7644,0.50–0.99,5,Active,1.0,-1.6666666666666667,-10,1280262.52,0.1673268561773995
ACC05875,R39,Technology,62,308397.28,0.2115,0.15–0.49,9,Active,1.0,3.3333333333333335,5,52052.56,0.35489777068514444
ACC05876,R02,Technology,391,3053154.39,0.6882,0.50–0.99,10,Active,1.0,18.333333333333332,20,1160019.43,0.12178786240765582
ACC05877,R15,Financial services,700,4559713.13,0.87,0.50–0.99,1,Active,0.3333333333333333,8.333333333333334,20,2042014.76,0.08452884869608139
ACC05878,R06,Professional services,121,619224.49,0.1926,0.15–0.49,9,Active,0.3333333333333333,-1.6666666666666667,0,315501.36,0.41067795135744284
ACC05879,R33,Financial services,315,1916088.93,0.5122,0.50–0.99,8,Active,1.0,10.0,-15,941721.7,0.16787702947173133
ACC05880,R31,Manufacturing,622,5008854.8,0.7663,0.50–0.99,2,Active,1.0,1.6666666666666667,10,1940841.08,0.11659605847014448
ACC05881,R31,Healthcare,367,2401532.67,0.7694,0.50–0.99,8,Active,1.0,3.3333333333333335,5,1419623.32,0.14811989326556935
ACC05882,R16,Logistics,116,745403.11,0.3276,0.15–0.49,10,Active,1.0,8.333333333333334,20,167497.66,0.2598166372132745
ACC05883,R31,Healthcare,128,851842.36,0.6884,0.50–0.99,6,Active,0.6666666666666666,11.666666666666666,10,290808.0,0.24573658825228825
ACC05884,R38,Professional services,69,469665.6,0.3837,0.15–0.49,12,Active,0.6666666666666666,13.333333333333334,15,89282.67,0.2738298999812273
ACC05885,R19,Financial services,356,1915291.02,0.9252,0.50–0.99,9,Active,1.0,-6.666666666666667,0,1080021.22,0.11305499768197022
ACC05886,R23,Manufacturing,141,911147.13,0.7696,0.50–0.99,7,Active,1.0,6.666666666666667,15,339712.32,0.17194743428355289
ACC05887,R30,Hospitality,197,1071994.53,0.337,0.15–0.49,4,Active,1.0,-1.6666666666666667,-10,312731.05,0.1923367383956142
ACC05888,R19,Technology,291,2176224.65,0.5495,0.50–0.99,1,Active,1.0,8.333333333333334,5,816736.15,0.13262721004913808
ACC05889,R17,Financial services,154,1214338.32,0.7978,0.50–0.99,2,Active,0.6666666666666666,6.666666666666667,20,775135.88,0.3039837411078883
ACC05890,R07,Healthcare,115,852773.37,0.172,0.15–0.49,5,Active,0.3333333333333333,11.666666666666666,5,226758.05,0.27023463838238404
ACC05891,R23,Logistics,272,1204159.77,0.1574,0.15–0.49,8,Active,0.6666666666666666,8.333333333333334,10,396093.61,0.17333040867437277
ACC05892,R23,Financial services,89,554219.53,0.8978,0.50–0.99,2,Active,0.3333333333333333,3.3333333333333335,0,529843.37,0.2972633072002012
ACC05893,R38,Technology,275,1931419.09,1.1733,1.00–1.49,8,Active,0.6666666666666666,0.0,-10,1301803.78,0.12213045053700775
ACC05894,R07,Logistics,125,1099217.65,0.906,0.50–0.99,1,Active,1.0,6.666666666666667,15,508380.6,0.20394158525939698
ACC05895,R04,Professional services,295,2062758.45,0.6946,0.50–0.99,4,Active,0.6666666666666666,21.666666666666668,25,1253152.41,0.16403737617429212
ACC05896,R07,Healthcare,140,960317.24,0.559,0.50–0.99,6,Active,1.0,6.666666666666667,0,470526.2,0.2056962570195989
ACC05897,R37,Healthcare,200,1136274.4,0.7136,0.50–0.99,7,Active,0.6666666666666666,3.3333333333333335,25,752897.78,0.19725059704190795
ACC05898,R43,Professional services,96,435252.3,0.6194,0.50–0.99,2,Active,0.6666666666666666,-6.666666666666667,-15,276037.17,0.21964574518003943
ACC05899,R32,Healthcare,398,2666862.04,1.2084,1.00–1.49,6,Active,1.0,1.6666666666666667,0,2880145.95,0.14185516836061374
ACC05900,R21,Technology,341,2372136.65,2.7686,2.50–5.00,9,Active,1.0,1.6666666666666667,-15,9628058.69,0.15743893181692994
ACC05901,R15,Professional services,200,1791613.63,0.2004,0.15–0.49,2,Active,0.6666666666666666,15.0,20,428114.3,0.23983670253834227
ACC05902,R41,Manufacturing,246,1727610.94,0.3723,0.15–0.49,9,Active,0.6666666666666666,8.333333333333334,-5,247391.47,0.19898779246896106
ACC05903,R33,Healthcare,179,1088252.49,0.2487,0.15–0.49,7,Active,0.6666666666666666,8.333333333333334,5,289051.0,0.17873872484127487
ACC05904,R18,Technology,159,1103760.34,0.6904,0.50–0.99,2,Active,1.0,0.0,5,777515.03,0.1898500819264087
ACC05905,R06,Healthcare,264,1704851.81,0.173,0.15–0.49,12,Active,0.0,16.666666666666668,10,293528.45,0.1863602452216123
ACC05906,R16,Professional services,320,1963318.54,1.1238,1.00–1.49,6,Active,1.0,3.3333333333333335,-10,2850822.03,0.1400776724971998
ACC05907,R34,Professional services,274,1959262.07,0.8331,0.50–0.99,3,Active,1.0,-6.666666666666667,-10,911983.3099999999,0.17583371572165482
ACC05908,R10,Financial services,144,767480.57,1.3413,1.00–1.49,1,Active,0.6666666666666666,18.333333333333332,25,628616.32,0.15696953388396226
ACC05909,R14,Financial services,62,236118.3,0.5143,0.50–0.99,8,Active,1.0,3.3333333333333335,10,91982.77,0.2745392298231983
ACC05910,R13,Professional services,103,590616.49,0.1682,0.15–0.49,1,Active,1.0,8.333333333333334,20,178859.7,0.26119252103060864
ACC05911,R12,Hospitality,270,1875851.4,1.0845,1.00–1.49,5,Active,1.0,10.0,-5,1849920.17,0.13856147134942662
ACC05912,R38,Manufacturing,375,2573608.31,1.1677,1.00–1.49,8,Active,0.6666666666666666,13.333333333333334,20,2159883.43,0.11994377152511547
ACC05913,R20,Financial services,163,1181172.68,4.465,2.50–5.00,5,Active,1.0,-3.3333333333333335,-15,3523654.9,0.12048572601073601
ACC05914,R42,Professional services,346,2387692.19,0.7056,0.50–0.99,12,Active,1.0,-3.3333333333333335,5,1214596.77,0.144826847567853
ACC05915,R08,Technology,500,3218999.82,1.329,1.00–1.49,12,Active,1.0,11.666666666666666,5,3220754.19,0.12198450767422148
ACC05916,R24,Retail,235,1721904.81,1.6669,1.50–2.49,10,Active,1.0,3.3333333333333335,-10,2850458.26,0.12403305703385278
ACC05917,R27,Healthcare,228,1737305.37,2.3384,1.50–2.49,6,Active,1.0,0.0,5,2605049.9,0.12566331533289385
ACC05918,R21,Logistics,445,2252156.1,0.7082,0.50–0.99,9,Active,1.0,3.3333333333333335,-10,1263059.93,0.10521363841617325
ACC05919,R18,Logistics,62,538413.47,0.9312,0.50–0.99,5,Active,1.0,-5.0,-5,201816.84,0.26174984521408345
ACC05920,R06,Retail,372,1948455.1,0.5013,0.50–0.99,3,Active,1.0,6.666666666666667,20,1555847.96,0.1765814672206428
ACC05921,R04,Technology,499,2948704.94,0.1748,0.15–0.49,4,Active,0.6666666666666666,3.3333333333333335,-5,700702.58,0.13313834562555912
ACC05922,R41,Professional services,400,3239176.17,1.174,1.00–1.49,11,Active,0.6666666666666666,3.3333333333333335,5,2518451.5,0.11326119190409341
ACC05923,R37,Technology,131,759368.52,0.6912,0.50–0.99,4,Active,1.0,5.0,15,381100.08,0.22977743534339626
ACC05924,R30,Technology,407,2308533.22,0.601,0.50–0.99,11,Active,0.6666666666666666,5.0,0,1011328.89,0.12171353503213973
ACC05925,R39,Healthcare,265,1812197.8,0.3137,0.15–0.49,3,Active,1.0,3.3333333333333335,5,568223.28,0.26491729878557435
ACC05926,R23,Hospitality,66,411891.63,0.682,0.50–0.99,3,Active,1.0,11.666666666666666,5,231770.71,0.2822812291195286
ACC05927,R15,Hospitality,928,5264400.02,0.6119,0.50–0.99,5,Active,0.6666666666666666,5.0,15,3486190.86,0.1285935780899571
ACC05928,R21,Technology,510,3693269.88,0.2674,0.15–0.49,8,Active,0.6666666666666666,3.3333333333333335,10,1123061.64,0.1743543225684936
ACC05929,R17,Healthcare,139,851572.53,0.4073,0.15–0.49,10,Active,1.0,6.666666666666667,0,182027.5,0.2756931628383659
ACC05930,R09,Manufacturing,111,719583.73,0.432,0.15–0.49,9,Active,1.0,5.0,15,178595.69,0.2548056742671655
ACC05931,R43,Logistics,153,1084063.39,2.0275,1.50–2.49,3,Active,1.0,1.6666666666666667,0,2107776.58,0.23253763230228108
ACC05932,R41,Professional services,761,5815000.91,1.6069,1.50–2.49,9,Active,1.0,-5.0,0,9909322.43,0.08043536219633401
ACC05933,R17,Logistics,123,757537.52,0.6552,0.50–0.99,9,Active,0.6666666666666666,8.333333333333334,15,517882.32,0.2239046530323711
ACC05934,R14,Manufacturing,127,788736.0,0.4393,0.15–0.49,1,Active,1.0,3.3333333333333335,-15,188041.88,0.22622575207371196
ACC05935,R23,Technology,241,1532435.78,0.1827,0.15–0.49,7,Active,0.6666666666666666,6.666666666666667,5,452984.07,0.16443318034325316
ACC05936,R10,Technology,379,2419460.24,0.969,0.50–0.99,4,Active,1.0,3.3333333333333335,10,1350517.66,0.14008172710664404
ACC05937,R20,Technology,628,4998767.93,0.8408,0.50–0.99,11,Active,0.6666666666666666,6.666666666666667,5,2239344.25,0.10410872121614953
ACC05938,R24,Retail,484,3498951.95,1.1008,1.00–1.49,10,Active,1.0,-1.6666666666666667,-5,3437074.35,0.14720628891898155
ACC05939,R02,Hospitality,209,1968573.85,1.3578,1.00–1.49,1,Active,1.0,6.666666666666667,15,1515682.77,0.1744943497543017
ACC05940,R21,Retail,470,3273756.83,0.9506,0.50–0.99,1,Active,1.0,8.333333333333334,5,1502156.72,0.11390931531886547
ACC05941,R27,Hospitality,191,1367849.87,0.8333,0.50–0.99,9,Active,1.0,0.0,20,823755.21,0.22698556606574277
ACC05942,R06,Financial services,166,1226689.99,0.3434,0.15–0.49,8,Active,0.6666666666666666,13.333333333333334,25,286315.85,0.2168447537434843
ACC05943,R39,Manufacturing,347,2002458.83,0.8117,0.50–0.99,9,Active,1.0,15.0,25,1110994.99,0.1217314135693715
ACC05944,R34,Retail,568,3512128.73,1.1887,1.00–1.49,12,Active,1.0,1.6666666666666667,10,3539494.75,0.09827706179187304
ACC05945,R48,Technology,253,1847679.6,0.88,0.50–0.99,9,Active,1.0,10.0,-5,897410.33,0.14691673418243986
ACC05946,R38,Professional services,81,524676.66,1.3106,1.00–1.49,7,Active,0.6666666666666666,15.0,20,517741.56,0.2056929091548253
ACC05947,R33,Healthcare,1174,7828614.0,0.8223,0.50–0.99,1,Active,0.6666666666666666,5.0,10,4435935.9,0.13871124392440382
ACC05948,R14,Manufacturing,331,2284790.85,0.9083,0.50–0.99,2,Active,1.0,-1.6666666666666667,5,1352771.03,0.17764630093994407
ACC05949,R10,Healthcare,170,1169858.13,0.5834,0.50–0.99,6,Active,1.0,10.0,10,1007179.12,0.3423458846907254
ACC05950,R05,Hospitality,580,3242586.01,0.9861,0.50–0.99,2,Active,0.6666666666666666,1.6666666666666667,10,1724692.26,0.1142536831152075
ACC05951,R39,Manufacturing,217,1743465.4,0.851,0.50–0.99,2,Active,0.3333333333333333,1.6666666666666667,15,867806.8200000001,0.18700738903518074
ACC05952,R15,Retail,250,1695658.71,0.6927,0.50–0.99,2,Active,0.6666666666666666,3.3333333333333335,-5,719219.06,0.17129274336223893
ACC05953,R44,Professional services,672,2998965.23,0.426,0.15–0.49,6,Active,0.6666666666666666,10.0,25,1185726.43,0.12033391376567272
ACC05954,R26,Retail,433,3352923.97,3.3778,2.50–5.00,10,Active,1.0,1.6666666666666667,5,13259752.36,0.08497119918793303
ACC05955,R29,Healthcare,160,1024292.1,0.7083,0.50–0.99,3,Active,0.6666666666666666,6.666666666666667,0,530202.42,0.17567069911838346
ACC05956,R20,Retail,245,1767272.63,0.4506,0.15–0.49,7,Active,0.6666666666666666,11.666666666666666,10,359948.25,0.18225647118647328
ACC05957,R07,Hospitality,254,1512557.31,0.3879,0.15–0.49,3,Active,1.0,-5.0,0,427946.98,0.21032345809728864
ACC05958,R15,Logistics,62,470919.37,1.3413,1.00–1.49,3,Active,1.0,8.333333333333334,5,268485.68,0.2518896159354553
ACC05959,R27,Healthcare,111,623394.13,0.6296,0.50–0.99,3,Active,1.0,5.0,5,340341.68,0.2493694162423487
ACC05960,R33,Hospitality,147,953822.65,0.5578,0.50–0.99,9,Active,1.0,11.666666666666666,10,556869.7,0.2200518367692865
ACC05961,R11,Technology,172,1053969.55,0.9215,0.50–0.99,3,Active,1.0,3.3333333333333335,0,531673.44,0.20402852799781915
ACC05962,R31,Retail,62,513222.38,0.5416,0.50–0.99,5,Active,1.0,6.666666666666667,15,351488.93,0.37242592661858176
ACC05963,R43,Healthcare,533,2810055.92,0.8106,0.50–0.99,9,Active,0.6666666666666666,11.666666666666666,0,1613574.19,0.10648744267230185
ACC05964,R22,Professional services,78,459488.68,0.8855,0.50–0.99,4,Active,0.6666666666666666,13.333333333333334,20,194934.61,0.3838500955626268
ACC05965,R01,Technology,296,1828253.33,0.1619,0.15–0.49,4,Active,0.6666666666666666,-3.3333333333333335,-15,440272.07,0.15266186728175654
ACC05966,R47,Retail,109,978475.68,1.8883,1.50–2.49,11,Active,1.0,10.0,25,1368048.84,0.37079065431700575
ACC05967,R04,Professional services,177,1909497.88,1.9678,1.50–2.49,12,Active,1.0,6.666666666666667,15,1952646.7,0.1371374097845044
ACC05968,R23,Professional services,190,983212.76,0.1687,0.15–0.49,2,Active,0.6666666666666666,11.666666666666666,-5,338325.85,0.17846180291524877
ACC05969,R37,Professional services,837,5243844.16,2.5697,2.50–5.00,4,Active,1.0,1.6666666666666667,-5,21504817.36,0.07714537752394271
ACC05970,R14,Hospitality,134,1013583.85,0.5779,0.50–0.99,1,Active,1.0,13.333333333333334,20,440007.87,0.2007531885229182
ACC05971,R32,Technology,159,1260650.66,1.079,1.00–1.49,3,Active,0.6666666666666666,13.333333333333334,25,1061879.92,0.18095899618856967
ACC05972,R31,Hospitality,119,831318.65,0.7438,0.50–0.99,3,Active,1.0,8.333333333333334,10,353762.69,0.27783750154172915
ACC05973,R12,Hospitality,301,2311826.64,0.8326,0.50–0.99,8,Active,0.3333333333333333,5.0,-10,1197387.88,0.1515066703338489
ACC05974,R46,Professional services,246,1334415.47,0.5362,0.50–0.99,7,Active,0.3333333333333333,6.666666666666667,5,894749.0,0.18243231635298346
ACC05975,R25,Retail,100,757278.99,3.1546,2.50–5.00,6,Active,1.0,5.0,10,2682685.89,0.18485540360833308
ACC05976,R18,Hospitality,540,2962997.03,0.3497,0.15–0.49,12,Active,0.6666666666666666,1.6666666666666667,10,688097.98,0.1380051026034677
ACC05977,R21,Technology,503,3605226.91,1.1418,1.00–1.49,12,Active,0.6666666666666666,3.3333333333333335,-15,3109004.96,0.11666810989885809
ACC05978,R46,Manufacturing,170,930370.2,0.1746,0.15–0.49,4,Active,0.6666666666666666,5.0,10,279960.2,0.2232417013143314
ACC05979,R44,Financial services,666,4494708.88,0.5192,0.50–0.99,6,Active,1.0,-1.6666666666666667,0,2368573.69,0.11580493671153592
ACC05980,R13,Technology,516,3936384.0,1.2418,1.00–1.49,5,Active,1.0,-1.6666666666666667,-5,3703230.15,0.11229201408729443
ACC05981,R41,Logistics,185,1313215.49,1.4005,1.00–1.49,9,Active,0.6666666666666666,15.0,15,1325874.12,0.1930376175875569
ACC05982,R04,Technology,320,2196168.05,0.7194,0.50–0.99,9,Active,0.6666666666666666,5.0,20,1197361.85,0.18158442462265376
ACC05983,R04,Healthcare,235,1621891.4,1.3118,1.00–1.49,7,Active,0.6666666666666666,13.333333333333334,10,1351678.65,0.20182975915788068
ACC05984,R14,Logistics,456,2412113.0,0.7514,0.50–0.99,2,Active,1.0,6.666666666666667,10,1800366.33,0.12021702234442375
ACC05985,R29,Manufacturing,1109,6667606.2,0.65,0.50–0.99,3,Active,0.6666666666666666,3.3333333333333335,-15,4429818.82,0.11251148087285909
ACC05986,R01,Financial services,385,3137178.38,4.4931,2.50–5.00,7,Active,1.0,6.666666666666667,0,11170651.5,0.10049061705863392
ACC05987,R40,Healthcare,464,4163074.4,0.5666,0.50–0.99,7,Active,0.6666666666666666,8.333333333333334,10,1187149.81,0.10370516340573972
ACC05988,R30,Logistics,388,3033916.17,0.4257,0.15–0.49,5,Active,1.0,6.666666666666667,5,592719.6900000001,0.14788087429035277
ACC05989,R47,Financial services,349,1668315.38,0.3423,0.15–0.49,12,Active,0.6666666666666666,-1.6666666666666667,0,543463.2,0.148792416204018
ACC05990,R48,Manufacturing,445,2895154.71,0.3394,0.15–0.49,10,Active,0.6666666666666666,6.666666666666667,20,716492.4,0.1277761237503522
ACC05991,R19,Financial services,62,397860.63,0.2035,0.15–0.49,1,Active,1.0,11.666666666666666,20,77175.26000000001,0.3225142254061895
ACC05992,R12,Manufacturing,262,1661360.05,0.5605,0.50–0.99,3,Active,0.6666666666666666,-1.6666666666666667,0,982815.61,0.2090509951386511
ACC05993,R15,Professional services,358,2497514.23,0.6884,0.50–0.99,9,Active,1.0,6.666666666666667,-5,1070767.31,0.1657623378236776
ACC05994,R35,Financial services,225,1702244.55,2.4042,1.50–2.49,7,Active,0.6666666666666666,8.333333333333334,10,2271359.18,0.18070096726398557
ACC05995,R11,Hospitality,417,2919951.64,0.7478,0.50–0.99,5,Active,1.0,10.0,25,1415327.55,0.1482874653171484
ACC05996,R11,Logistics,140,814876.86,0.9375,0.50–0.99,4,Active,1.0,5.0,-15,346445.79,0.18213010198026947
ACC05997,R35,Hospitality,506,3636888.31,0.6802,0.50–0.99,7,Active,1.0,3.3333333333333335,15,1822147.6199999999,0.1128156219145906
ACC05998,R31,Technology,562,3755487.08,0.815,0.50–0.99,10,Active,1.0,5.0,-5,1863910.63,0.1006118291261985
ACC05999,R06,Hospitality,390,2122981.83,0.8847,0.50–0.99,12,Active,0.6666666666666666,3.3333333333333335,0,1191681.95,0.1164631426295521
ACC06000,R09,Hospitality,78,632155.81,0.5264,0.50–0.99,6,Active,1.0,-5.0,-10,253962.41,0.25517872839458094
ACC06001,R24,Retail,239,2373572.74,2.5612,2.50–5.00,9,Active,1.0,13.333333333333334,10,7124818.5,0.1266715635610177
ACC06002,R08,Professional services,566,4128375.37,1.1885,1.00–1.49,11,Active,1.0,10.0,10,3276962.27,0.09096799391579224
ACC06003,R44,Healthcare,232,1352553.1,0.5299,0.50–0.99,4,Active,0.6666666666666666,3.3333333333333335,10,965880.3200000001,0.19812856395975526
ACC06004,R48,Manufacturing,255,1976911.96,0.7784,0.50–0.99,6,Active,1.0,8.333333333333334,10,837483.05,0.1390326410031463
ACC06005,R18,Hospitality,494,3423004.71,1.0362,1.00–1.49,9,Active,1.0,18.333333333333332,25,3162819.92,0.14787675845991077
ACC06006,R12,Professional services,239,1923603.83,0.6408,0.50–0.99,7,Active,1.0,8.333333333333334,0,904010.51,0.16395230520428883
ACC06007,R40,Financial services,154,1112484.92,1.4641,1.00–1.49,7,Active,1.0,3.3333333333333335,5,810062.5700000001,0.21456574531417924
ACC06008,R20,Logistics,238,1379845.41,0.5778,0.50–0.99,9,Active,0.6666666666666666,-1.6666666666666667,0,1072406.6400000001,0.19301376808093718
ACC06009,R18,Healthcare,101,855469.48,1.2054,1.00–1.49,10,Active,1.0,15.0,25,714154.66,0.2622328437711595
ACC06010,R24,Manufacturing,139,1068643.0,0.6652,0.50–0.99,2,Active,1.0,5.0,5,622584.46,0.34326944277379096
ACC06011,R48,Manufacturing,274,1750501.98,0.9306,0.50–0.99,8,Active,0.6666666666666666,15.0,15,734406.87,0.21633441734470985
ACC06012,R33,Technology,358,2017099.6,0.2543,0.15–0.49,1,Active,1.0,3.3333333333333335,10,603937.08,0.1484914273408792
ACC06013,R45,Logistics,546,4908871.31,1.3558,1.00–1.49,1,Active,1.0,5.0,-10,4112459.57,0.1602648676392584
ACC06014,R24,Technology,655,4039706.76,0.3517,0.15–0.49,11,Active,0.6666666666666666,3.3333333333333335,0,893069.8,0.11450954043927156
ACC06015,R22,Healthcare,373,2776325.63,1.3356,1.00–1.49,8,Active,1.0,0.0,5,2788550.66,0.16529551697349515
ACC06016,R39,Financial services,312,2193716.76,1.1586,1.00–1.49,12,Active,1.0,0.0,15,1973454.98,0.1308480486086085
ACC06017,R22,Professional services,293,1873602.29,0.2745,0.15–0.49,10,Active,0.6666666666666666,-1.6666666666666667,5,475747.4,0.20366991221190556
ACC06018,R21,Financial services,191,1409475.59,0.5344,0.50–0.99,1,Active,1.0,6.666666666666667,5,808782.76,0.18574757394419375
ACC06019,R46,Financial services,383,2444143.68,1.2006,1.00–1.49,7,Active,0.3333333333333333,15.0,15,2457386.85,0.11682234687042871
ACC06020,R29,Financial services,329,2079934.07,0.9803,0.50–0.99,12,Active,1.0,5.0,0,1258299.82,0.14572868833147148
ACC06021,R27,Manufacturing,713,4459944.01,0.448,0.15–0.49,5,Active,1.0,11.666666666666666,25,1254897.15,0.11676060795130044
ACC06022,R42,Retail,369,2994688.82,1.7861,1.50–2.49,11,Active,1.0,10.0,10,4565551.68,0.11229562438254377
ACC06023,R09,Professional services,107,576017.22,1.3818,1.00–1.49,4,Active,1.0,6.666666666666667,-5,472738.27,0.18375279277878928
ACC06024,R22,Professional services,188,971237.3,0.4738,0.15–0.49,7,Active,1.0,0.0,-5,202248.41999999998,0.20779654316971055
ACC06025,R40,Technology,186,1363846.43,0.7586,0.50–0.99,6,Active,0.6666666666666666,15.0,25,855902.18,0.1893002430106546
ACC06026,R08,Retail,125,1158036.48,1.4803,1.00–1.49,6,Active,1.0,5.0,0,682512.52,0.17167258223886406
ACC06027,R27,Technology,1027,6745467.04,0.3014,0.15–0.49,8,Active,0.6666666666666666,8.333333333333334,5,1670026.58,0.09035996597353263
ACC06028,R47,Healthcare,148,979110.11,0.7596,0.50–0.99,5,Active,1.0,10.0,15,275332.77,0.19592316675433794
ACC06029,R13,Technology,287,1733396.15,0.3857,0.15–0.49,7,Active,0.3333333333333333,10.0,15,402329.32,0.18698979459971665
ACC06030,R27,Manufacturing,378,2734538.99,0.5396,0.50–0.99,7,Active,1.0,-1.6666666666666667,10,1428239.68,0.16809453329988108
ACC06031,R21,Professional services,669,4272317.8,2.3781,1.50–2.49,6,Active,1.0,11.666666666666666,15,8297106.4,0.0863026550491952
ACC06032,R36,Manufacturing,344,2730857.93,0.7315,0.50–0.99,7,Active,0.3333333333333333,6.666666666666667,-15,963390.98,0.1212609513646109
ACC06033,R19,Hospitality,170,1029308.56,0.8525,0.50–0.99,11,Active,1.0,3.3333333333333335,-5,573993.9,0.17727764301435997
ACC06034,R24,Financial services,369,3012464.98,1.9162,1.50–2.49,8,Active,1.0,1.6666666666666667,20,5063172.26,0.11559440440643974
ACC06035,R30,Technology,172,1166583.69,1.8606,1.50–2.49,9,Active,0.6666666666666666,15.0,25,2289303.72,0.17232524897822185
ACC06036,R44,Retail,122,1210724.62,4.1609,2.50–5.00,5,Active,1.0,3.3333333333333335,0,3876587.0100000002,0.18746296040428848
ACC06037,R20,Retail,105,642470.58,0.7731,0.50–0.99,12,Active,1.0,5.0,10,558648.49,0.33493481273836057
ACC06038,R05,Financial services,103,874159.23,0.9439,0.50–0.99,2,Active,1.0,5.0,5,458170.15,0.2292737564972917
ACC06039,R27,Retail,167,1273917.6,0.7291,0.50–0.99,3,Active,1.0,8.333333333333334,15,842765.59,0.33815589900506465
ACC06040,R30,Financial services,195,1245236.17,0.2442,0.15–0.49,9,Active,1.0,5.0,15,405370.08,0.23848922249471544
ACC06041,R22,Professional services,147,1213076.55,3.4769,2.50–5.00,10,Active,1.0,8.333333333333334,10,3476388.44,0.1303800095107614
ACC06042,R22,Healthcare,242,1362403.58,1.0373,1.00–1.49,8,Active,1.0,1.6666666666666667,10,1502938.29,0.1588656049741272
ACC06043,R25,Hospitality,238,2009460.16,1.4885,1.00–1.49,11,Active,1.0,0.0,-15,1660760.81,0.15137303225749818
ACC06044,R01,Healthcare,270,1686818.67,0.3456,0.15–0.49,11,Active,1.0,3.3333333333333335,5,558635.48,0.26653051474217204
ACC06045,R39,Healthcare,369,2587271.97,0.539,0.50–0.99,2,Active,0.6666666666666666,11.666666666666666,25,1232823.74,0.16387921025663724
ACC06046,R26,Technology,62,465471.69,0.3266,0.15–0.49,12,Active,1.0,-6.666666666666667,0,128830.01,0.30529700550707783
ACC06047,R27,Retail,173,1500679.21,1.2885,1.00–1.49,9,Active,0.6666666666666666,6.666666666666667,5,1096326.48,0.17118961932688323
ACC06048,R06,Financial services,127,1007460.91,0.5734,0.50–0.99,8,Active,1.0,1.6666666666666667,-10,420403.09,0.22442769733119847
ACC06049,R28,Financial services,152,1337169.16,0.631,0.50–0.99,8,Active,1.0,8.333333333333334,20,624096.13,0.2063260529989938
ACC06050,R26,Retail,829,3748448.25,0.467,0.15–0.49,9,Active,1.0,3.3333333333333335,5,1173372.32,0.09279303002136782
ACC06051,R19,Logistics,184,1276043.83,0.6859,0.50–0.99,9,Active,0.6666666666666666,10.0,25,625098.15,0.23348309270303688
ACC06052,R34,Logistics,237,2042928.24,0.8012,0.50–0.99,7,Active,0.3333333333333333,6.666666666666667,15,622556.93,0.16866978530596524
ACC06053,R19,Professional services,270,2048683.01,0.5299,0.50–0.99,5,Active,0.6666666666666666,6.666666666666667,5,1076271.13,0.14260915388942366
ACC06054,R07,Financial services,118,666492.32,0.7258,0.50–0.99,3,Active,0.6666666666666666,5.0,10,398923.16,0.21699494563815183
ACC06055,R01,Retail,1285,8055094.4,0.4114,0.15–0.49,2,Active,0.6666666666666666,13.333333333333334,10,2220307.69,0.1266574939474488
ACC06056,R17,Logistics,796,3618489.3,3.6056,2.50–5.00,1,Active,1.0,-1.6666666666666667,-5,18826258.67,0.06713001148945091
ACC06057,R44,Technology,225,1474611.58,1.2233,1.00–1.49,8,Active,1.0,3.3333333333333335,-10,1461750.51,0.14660705576734848
ACC06058,R39,Manufacturing,727,7389954.94,0.3592,0.15–0.49,11,Active,0.6666666666666666,15.0,15,1142867.35,0.12174871321446952
ACC06059,R26,Hospitality,475,2428697.2,1.2373,1.00–1.49,5,Active,0.6666666666666666,3.3333333333333335,-5,2734242.38,0.1287073653667544
ACC06060,R08,Healthcare,119,711513.44,1.1488,1.00–1.49,3,Active,0.6666666666666666,11.666666666666666,10,843894.84,0.20116860036366782
ACC06061,R42,Hospitality,97,655792.0,0.9358,0.50–0.99,4,Active,1.0,3.3333333333333335,10,209261.76,0.22674256264793174
ACC06062,R12,Technology,62,394676.72,3.5472,2.50–5.00,1,Active,1.0,8.333333333333334,0,1307715.76,0.2233724332552557
ACC06063,R31,Technology,784,4306962.17,0.7882,0.50–0.99,6,Active,0.6666666666666666,1.6666666666666667,0,2562577.41,0.1208087289923453
ACC06064,R21,Healthcare,669,3588131.06,0.5784,0.50–0.99,5,Active,1.0,15.0,20,2157371.6,0.10305651000375173
ACC06065,R35,Financial services,260,1603554.45,0.3124,0.15–0.49,8,Active,0.6666666666666666,5.0,15,434367.69,0.1909358227636901
ACC06066,R19,Hospitality,747,6038264.69,0.8099,0.50–0.99,9,Active,1.0,3.3333333333333335,10,2535391.71,0.10493503144377207
ACC06067,R34,Retail,427,2599382.13,0.7743,0.50–0.99,12,Active,1.0,3.3333333333333335,-5,1983905.85,0.1371736530141071
ACC06068,R37,Retail,734,5493079.08,1.1127,1.00–1.49,4,Active,1.0,16.666666666666668,20,5095699.21,0.09736757470849489
ACC06069,R19,Financial services,250,1593618.06,1.3564,1.00–1.49,5,Active,0.6666666666666666,5.0,10,1484485.1300000001,0.1465605010303739
ACC06070,R25,Financial services,599,3487879.24,0.3268,0.15–0.49,6,Active,0.6666666666666666,8.333333333333334,5,888968.39,0.11916027453693777
ACC06071,R44,Retail,520,2761227.84,0.6076,0.50–0.99,11,Active,0.3333333333333333,8.333333333333334,-10,1970656.89,0.14195652790676677
ACC06072,R41,Hospitality,193,864579.12,0.2525,0.15–0.49,7,Active,0.6666666666666666,5.0,5,323196.87,0.20779844605485215
ACC06073,R30,Retail,270,1494979.69,0.5136,0.50–0.99,4,Active,0.6666666666666666,10.0,10,912481.74,0.19484461578988843
ACC06074,R22,Manufacturing,189,1050499.43,1.9661,1.50–2.49,11,Active,1.0,3.3333333333333335,5,2845716.67,0.14135613150940973
ACC06075,R04,Financial services,155,1040537.61,0.9193,0.50–0.99,11,Active,1.0,1.6666666666666667,5,501234.72000000003,0.2995217302650157
ACC06076,R30,Technology,416,3471193.9,0.5776,0.50–0.99,10,Active,0.6666666666666666,10.0,20,1516251.09,0.13945283338911696
ACC06077,R37,Professional services,211,1462042.48,0.9336,0.50–0.99,5,Active,1.0,6.666666666666667,0,933539.49,0.1969324317601904
ACC06078,R25,Financial services,427,2782143.0,1.4129,1.00–1.49,2,Active,1.0,1.6666666666666667,10,2785219.23,0.1017966264093734
ACC06079,R14,Healthcare,300,2889742.81,1.6604,1.50–2.49,12,Active,1.0,3.3333333333333335,-5,4054260.7,0.1444832787120108
ACC06080,R24,Hospitality,69,479990.94,0.8201,0.50–0.99,12,Active,1.0,6.666666666666667,15,241958.52,0.3155043626674545
ACC06081,R38,Retail,339,3058032.75,2.2467,1.50–2.49,7,Active,1.0,11.666666666666666,-5,3653263.28,0.1100191475602405
ACC06082,R16,Hospitality,250,1727812.24,2.2514,1.50–2.49,2,Active,1.0,6.666666666666667,10,3129118.35,0.10874585888784911
ACC06083,R19,Hospitality,160,926909.99,0.3332,0.15–0.49,12,Active,1.0,6.666666666666667,10,288290.36,0.24932994582786008
ACC06084,R09,Retail,108,552494.49,0.8195,0.50–0.99,1,Active,0.6666666666666666,6.666666666666667,0,315592.01,0.21050517780464897
ACC06085,R27,Logistics,143,1176653.8,0.5641,0.50–0.99,2,Active,1.0,0.0,-15,484792.08,0.26808729706462403
ACC06086,R12,Healthcare,451,3273283.99,0.7208,0.50–0.99,11,Active,0.6666666666666666,6.666666666666667,15,1931050.01,0.1782165662387748
ACC06087,R16,Hospitality,62,497967.6,4.3309,2.50–5.00,12,Active,1.0,10.0,25,1923586.52,0.15604193319560095
ACC06088,R06,Professional services,145,1028352.3,0.9655,0.50–0.99,8,Active,1.0,6.666666666666667,0,444875.44,0.21880119061929948
ACC06089,R39,Hospitality,712,5406700.03,0.7317,0.50–0.99,1,Active,1.0,1.6666666666666667,0,2893813.3,0.10754976335097487
ACC06090,R38,Technology,280,1187322.92,0.8032,0.50–0.99,1,Active,0.3333333333333333,11.666666666666666,10,971722.07,0.13873592219090472
ACC06091,R43,Technology,81,665873.09,1.2895,1.00–1.49,8,Active,1.0,11.666666666666666,20,364489.12,0.24147529301085302
ACC06092,R11,Manufacturing,188,1416703.23,1.8101,1.50–2.49,8,Active,1.0,6.666666666666667,10,1882294.96,0.1451818821572552
ACC06093,R16,Hospitality,310,1895852.59,2.4851,1.50–2.49,11,Active,1.0,3.3333333333333335,10,4867230.2700000005,0.13076555437830517
ACC06094,R08,Technology,325,2097679.83,0.845,0.50–0.99,5,Active,1.0,13.333333333333334,15,1226391.71,0.1547215060809418
ACC06095,R09,Manufacturing,114,712066.42,0.639,0.50–0.99,4,Active,1.0,6.666666666666667,5,380680.75,0.2023866069960159
ACC06096,R18,Professional services,267,1742418.86,0.2779,0.15–0.49,1,Active,0.6666666666666666,15.0,5,470750.74,0.16865681391637335
ACC06097,R16,Technology,233,1503665.67,0.3087,0.15–0.49,5,Active,0.6666666666666666,6.666666666666667,10,603282.96,0.3195283571592557
ACC06098,R47,Manufacturing,261,1472828.2,0.1659,0.15–0.49,2,Active,1.0,6.666666666666667,15,414547.86,0.16972613607310158
ACC06099,R28,Technology,582,2984029.5,0.3451,0.15–0.49,12,Active,1.0,1.6666666666666667,5,1088037.79,0.13043085224327855
ACC06100,R31,Hospitality,280,1548398.05,0.1898,0.15–0.49,8,Active,0.3333333333333333,8.333333333333334,10,452268.05,0.16334816024957022
ACC06101,R41,Hospitality,321,2400901.75,1.0515,1.00–1.49,7,Active,0.6666666666666666,13.333333333333334,20,1519301.17,0.11812370452254622
ACC06102,R28,Professional services,462,2681970.33,1.2179,1.00–1.49,12,Active,0.6666666666666666,-1.6666666666666667,5,2381673.97,0.10154088507280207
ACC06103,R12,Technology,258,1739055.25,0.3777,0.15–0.49,5,Active,1.0,-1.6666666666666667,-5,406663.94,0.2312822876714679
ACC06104,R02,Healthcare,400,2038763.08,0.8119,0.50–0.99,1,Active,1.0,3.3333333333333335,10,1349209.41,0.14969382707442688
ACC06105,R15,Technology,410,3072479.95,1.9798,1.50–2.49,6,Active,1.0,5.0,5,5768564.37,0.09568551548987979
ACC06106,R03,Technology,207,1751187.68,3.9172,2.50–5.00,2,Active,1.0,3.3333333333333335,15,5855382.82,0.1773612882492252
ACC06107,R10,Technology,443,2720800.53,0.3184,0.15–0.49,8,Active,0.3333333333333333,13.333333333333334,15,690234.99,0.1308089684921943
ACC06108,R16,Hospitality,281,1682516.73,0.8689,0.50–0.99,2,Active,0.6666666666666666,11.666666666666666,15,1144413.11,0.15551393375294878
ACC06109,R08,Retail,125,1053189.34,0.848,0.50–0.99,12,Active,1.0,-3.3333333333333335,5,328285.65,0.18745901167364007
ACC06110,R36,Healthcare,370,2561205.1,1.3789,1.00–1.49,1,Active,0.6666666666666666,13.333333333333334,15,2139485.91,0.10084916168644528
ACC06111,R12,Manufacturing,367,2463603.04,0.62,0.50–0.99,3,Active,1.0,5.0,5,1406150.3,0.21655746531322803
ACC06112,R11,Professional services,173,842306.48,0.3432,0.15–0.49,8,Active,0.6666666666666666,5.0,15,245163.07,0.18911076163146545
ACC06113,R03,Logistics,233,1719575.3,0.6106,0.50–0.99,3,Active,1.0,13.333333333333334,25,895457.15,0.20093427748132256
ACC06114,R06,Retail,163,972022.16,1.2644,1.00–1.49,11,Active,1.0,11.666666666666666,10,1035387.52,0.1482164852456499
ACC06115,R40,Logistics,398,2699513.3,0.6297,0.50–0.99,5,Active,1.0,5.0,0,1623432.46,0.1399640312189958
ACC06116,R06,Healthcare,137,793242.41,0.8508,0.50–0.99,2,Active,0.6666666666666666,11.666666666666666,0,436472.31,0.293193496964644
ACC06117,R27,Financial services,167,946752.66,0.5115,0.50–0.99,6,Active,0.6666666666666666,-5.0,-10,525753.07,0.2407215225977229
ACC06118,R09,Hospitality,62,458919.26,0.8018,0.50–0.99,3,Active,1.0,5.0,5,290273.66000000003,0.2815778935658707
ACC06119,R43,Logistics,259,2341795.11,1.4012,1.00–1.49,12,Active,1.0,3.3333333333333335,0,2198831.43,0.19847046567838914
ACC06120,R44,Technology,249,1838521.71,0.7785,0.50–0.99,4,Active,1.0,10.0,15,811057.38,0.15803450404472394
ACC06121,R31,Professional services,126,893192.39,0.6742,0.50–0.99,2,Active,1.0,8.333333333333334,10,235322.25,0.21580383671403747
ACC06122,R16,Healthcare,194,1050270.68,0.8371,0.50–0.99,7,Active,0.6666666666666666,15.0,20,599543.9,0.18088530658943958
ACC06123,R06,Manufacturing,750,4277995.76,0.744,0.50–0.99,2,Active,1.0,3.3333333333333335,0,2386473.26,0.10621522527140304
ACC06124,R05,Professional services,94,694076.21,0.2552,0.15–0.49,2,Active,0.6666666666666666,5.0,0,184529.94,0.3183919798272933
ACC06125,R18,Hospitality,123,734161.69,0.7868,0.50–0.99,3,Active,1.0,1.6666666666666667,5,532512.22,0.27750223363530546
ACC06126,R23,Professional services,73,766109.16,2.3516,1.50–2.49,6,Active,0.6666666666666666,10.0,15,736104.78,0.2127919250664918
ACC06127,R22,Healthcare,177,1371888.39,0.771,0.50–0.99,3,Active,1.0,8.333333333333334,10,521368.14,0.16880859230999928
ACC06128,R05,Financial services,141,775264.82,1.3598,1.00–1.49,8,Active,0.3333333333333333,15.0,0,628061.13,0.19051837744708763
ACC06129,R01,Logistics,247,1813365.08,0.7226,0.50–0.99,12,Active,0.3333333333333333,6.666666666666667,10,831081.25,0.16477821698245632
ACC06130,R09,Financial services,155,1100745.56,0.7779,0.50–0.99,4,Active,0.6666666666666666,11.666666666666666,10,365438.83,0.1992047501430927
ACC06131,R37,Logistics,351,1996008.68,0.6107,0.50–0.99,12,Active,1.0,10.0,-5,1004800.35,0.14190602857646553
ACC06132,R17,Hospitality,107,586253.49,0.84,0.50–0.99,5,Active,1.0,0.0,-5,630572.16,0.3077265005487044
ACC06133,R10,Logistics,1026,6828285.15,0.2641,0.15–0.49,6,Active,0.6666666666666666,6.666666666666667,-5,1737596.46,0.10540505887188849
ACC06134,R20,Professional services,233,1678752.61,0.2894,0.15–0.49,12,Active,0.6666666666666666,3.3333333333333335,0,236823.22,0.1705218432774304
ACC06135,R06,Logistics,416,2432687.5,0.3236,0.15–0.49,10,Active,0.6666666666666666,1.6666666666666667,0,669726.01,0.13548256250455362
ACC06136,R09,Manufacturing,142,1060564.56,4.1611,2.50–5.00,1,Active,1.0,0.0,20,4051562.36,0.18869614551684746
ACC06137,R33,Retail,101,518360.11,0.8027,0.50–0.99,4,Active,0.6666666666666666,8.333333333333334,10,247888.37,0.21973786182971144
ACC06138,R32,Financial services,114,683680.24,2.384,1.50–2.49,9,Active,1.0,13.333333333333334,10,1252504.55,0.18968581535635842
ACC06139,R26,Logistics,379,2622898.46,1.1796,1.00–1.49,10,Active,1.0,8.333333333333334,15,2201317.0,0.12924822350832885
ACC06140,R32,Healthcare,183,959243.21,0.4486,0.15–0.49,9,Active,0.3333333333333333,8.333333333333334,-5,210084.26,0.24608613060000722
ACC06141,R47,Financial services,77,678195.78,0.62,0.50–0.99,3,Active,0.6666666666666666,16.666666666666668,15,226982.43,0.23865176220425308
ACC06142,R05,Hospitality,93,485984.42,0.9093,0.50–0.99,7,Active,1.0,6.666666666666667,10,414722.14,0.21250499575725235
ACC06143,R16,Logistics,311,1604139.06,0.73,0.50–0.99,1,Active,1.0,-1.6666666666666667,5,876767.2,0.128397682708769
ACC06144,R45,Manufacturing,106,1031693.18,1.5261,1.50–2.49,4,Active,1.0,3.3333333333333335,5,1044188.53,0.22281392912768178
ACC06145,R13,Healthcare,318,2449610.19,2.3483,1.50–2.49,4,Active,1.0,13.333333333333334,15,3665495.19,0.14475221159988327
ACC06146,R10,Retail,204,1411088.76,0.1753,0.15–0.49,2,Active,0.3333333333333333,8.333333333333334,20,433186.75,0.2566449383001285
ACC06147,R47,Hospitality,469,3492298.95,0.3281,0.15–0.49,10,Active,0.6666666666666666,15.0,15,732569.17,0.2060407551034001
ACC06148,R40,Logistics,336,2247534.5,3.8719,2.50–5.00,7,Active,1.0,0.0,-10,9203856.63,0.08993667942498705
ACC06149,R19,Healthcare,126,952006.16,0.8104,0.50–0.99,5,Active,1.0,-1.6666666666666667,-15,460683.33,0.18265566400476305
ACC06150,R38,Technology,522,2686664.92,0.6934,0.50–0.99,9,Active,0.6666666666666666,-3.3333333333333335,5,1491680.32,0.11574620970915378
ACC06151,R48,Healthcare,353,2804021.55,0.6392,0.50–0.99,7,Active,0.6666666666666666,11.666666666666666,10,1227474.23,0.1415694915421918
ACC06152,R07,Hospitality,461,2838470.45,0.4184,0.15–0.49,4,Active,1.0,-6.666666666666667,-10,794929.67,0.15282816486247544
ACC06153,R08,Manufacturing,287,1951716.71,0.1738,0.15–0.49,12,Active,0.6666666666666666,5.0,10,497147.7,0.162397348908382
ACC06154,R15,Manufacturing,84,718722.26,1.9566,1.50–2.49,1,Active,1.0,13.333333333333334,15,1309610.01,0.19161313034591448
ACC06155,R03,Healthcare,215,1428139.6,4.8003,2.50–5.00,4,Active,1.0,15.0,15,5613327.02,0.10211000327200888
ACC06156,R25,Healthcare,653,4190803.43,0.7529,0.50–0.99,9,Active,1.0,11.666666666666666,10,1834685.38,0.10780120614102794
ACC06157,R29,Hospitality,141,1039459.45,4.4463,2.50–5.00,5,Active,1.0,-3.3333333333333335,5,3089582.85,0.1612609564263314
ACC06158,R18,Financial services,156,828229.22,0.3017,0.15–0.49,9,Active,0.6666666666666666,1.6666666666666667,5,272528.04,0.2541613582037996
ACC06159,R17,Technology,435,2785782.36,0.8685,0.50–0.99,2,Active,1.0,11.666666666666666,5,1510108.44,0.14085982820184814
ACC06160,R04,Manufacturing,113,739997.41,0.38,0.15–0.49,3,Active,0.6666666666666666,3.3333333333333335,5,148398.14,0.2064729805961539
ACC06161,R27,Logistics,103,828605.01,0.8633,0.50–0.99,2,Active,0.6666666666666666,1.6666666666666667,15,353982.53,0.22729855811482877
ACC06162,R28,Hospitality,129,844383.13,0.4796,0.15–0.49,12,Active,0.6666666666666666,6.666666666666667,10,191069.18,0.28003344908024974
ACC06163,R03,Financial services,211,967222.26,0.3157,0.15–0.49,5,Active,1.0,1.6666666666666667,5,354463.18,0.20697534617327493
ACC06164,R28,Manufacturing,96,718133.05,0.6271,0.50–0.99,1,Active,1.0,8.333333333333334,10,230127.81,0.26938038122195895
ACC06165,R15,Financial services,62,339220.05,0.8401,0.50–0.99,2,Active,1.0,-1.6666666666666667,0,115103.63,0.25631013260247515
ACC06166,R13,Financial services,135,806781.28,0.5566,0.50–0.99,3,Active,1.0,6.666666666666667,15,456689.53,0.25438657590883806
ACC06167,R36,Healthcare,278,1463806.61,1.3839,1.00–1.49,1,Active,0.6666666666666666,3.3333333333333335,-5,2457434.7199999997,0.1654378127083802
ACC06168,R41,Technology,633,4308007.05,0.2923,0.15–0.49,4,Active,1.0,-5.0,5,973016.54,0.11353602492983494
ACC06169,R20,Professional services,785,5531722.36,0.5676,0.50–0.99,12,Active,1.0,8.333333333333334,10,2505314.84,0.09129479675753475
ACC06170,R43,Hospitality,308,1792595.09,0.1957,0.15–0.49,8,Active,0.6666666666666666,0.0,-15,341228.63,0.1730665952731973
ACC06171,R30,Logistics,62,484540.8,1.4795,1.00–1.49,5,Active,1.0,6.666666666666667,15,447467.54,0.3099061834624402
ACC06172,R34,Hospitality,977,6351144.51,0.6702,0.50–0.99,7,Active,1.0,1.6666666666666667,15,4237634.02,0.07998928125379764
ACC06173,R17,Healthcare,182,1281196.19,1.0067,1.00–1.49,5,Active,1.0,3.3333333333333335,-10,1335544.71,0.15353535351623437
ACC06174,R24,Technology,284,2018634.44,0.671,0.50–0.99,12,Active,1.0,10.0,5,716888.07,0.14753364891480641
ACC06175,R16,Manufacturing,70,429527.85,0.7987,0.50–0.99,12,Active,0.6666666666666666,0.0,-5,153787.52,0.27274230994589316
ACC06176,R06,Financial services,178,1475991.65,0.7855,0.50–0.99,6,Active,1.0,5.0,-10,565736.4400000001,0.19961411846785912
ACC06177,R08,Financial services,359,3069772.42,0.9899,0.50–0.99,1,Active,1.0,11.666666666666666,20,1367707.63,0.13715775427701513
ACC06178,R26,Logistics,115,874664.63,2.1844,1.50–2.49,6,Active,1.0,-5.0,-15,1514393.77,0.17524480735987205
ACC06179,R41,Manufacturing,357,2488174.74,0.2157,0.15–0.49,3,Active,1.0,0.0,5,859795.52,0.44891919302290384
ACC06180,R46,Professional services,139,965130.44,1.6934,1.50–2.49,4,Active,0.6666666666666666,5.0,5,1456030.44,0.1944777468483177
ACC06181,R48,Hospitality,512,3009903.99,0.2922,0.15–0.49,5,Active,1.0,0.0,15,984598.09,0.12887465456169794
ACC06182,R22,Hospitality,459,2214506.48,4.8978,2.50–5.00,6,Active,1.0,8.333333333333334,-5,12691482.28,0.10878515126910664
ACC06183,R33,Retail,89,609193.97,0.7662,0.50–0.99,11,Active,0.6666666666666666,0.0,5,203578.19,0.22873936784852084
ACC06184,R07,Financial services,109,720696.98,0.6622,0.50–0.99,9,Active,1.0,3.3333333333333335,5,363105.47000000003,0.2750835789907959
ACC06185,R45,Professional services,248,1281735.62,0.6564,0.50–0.99,1,Active,1.0,3.3333333333333335,0,755634.66,0.17771243964492123
ACC06186,R36,Retail,94,711025.92,0.1748,0.15–0.49,4,Active,0.6666666666666666,5.0,10,161091.08,0.36688588728077925
ACC06187,R36,Financial services,193,1258370.21,0.9708,0.50–0.99,2,Active,1.0,5.0,5,775303.92,0.18181076674750316
ACC06188,R38,Retail,158,878823.98,2.0366,1.50–2.49,3,Active,1.0,15.0,5,2487588.27,0.1824307740019357
ACC06189,R31,Logistics,229,2164969.46,1.8936,1.50–2.49,4,Active,1.0,1.6666666666666667,-10,3606492.15,0.14624496585745705
ACC06190,R03,Professional services,177,1041988.19,2.3411,1.50–2.49,9,Active,1.0,6.666666666666667,0,2403905.26,0.19032103925538343
ACC06191,R35,Professional services,255,1588671.02,0.7155,0.50–0.99,1,Active,1.0,0.0,-15,821999.97,0.18948794873025318
ACC06192,R18,Logistics,326,2148738.76,0.8752,0.50–0.99,8,Active,0.6666666666666666,0.0,-15,1521019.78,0.16653810787094284
ACC06193,R46,Healthcare,897,5063257.38,0.8711,0.50–0.99,6,Active,1.0,20.0,20,3199706.2,0.0982079063709316
ACC06194,R11,Retail,389,2907157.45,1.3888,1.00–1.49,7,Active,1.0,3.3333333333333335,-10,2196787.03,0.11945725778893233
ACC06195,R21,Financial services,367,2888596.03,2.4869,1.50–2.49,11,Active,1.0,3.3333333333333335,-5,4695034.96,0.12144379811778983
ACC06196,R35,Retail,158,1714377.41,4.8674,2.50–5.00,11,Active,1.0,5.0,0,3797011.26,0.14625885481912076
ACC06197,R22,Financial services,62,308987.59,0.8785,0.50–0.99,1,Active,0.6666666666666666,8.333333333333334,5,160108.93,0.2892402843935692
ACC06198,R24,Manufacturing,190,901284.55,0.7808,0.50–0.99,9,Active,1.0,3.3333333333333335,0,972553.27,0.20971037839362683
ACC06199,R03,Financial services,116,708123.61,0.8831,0.50–0.99,7,Active,1.0,8.333333333333334,10,336452.66,0.26153269894272096
ACC06200,R07,Healthcare,314,1808070.84,0.2562,0.15–0.49,4,Active,0.6666666666666666,10.0,5,507720.02,0.15357338945666194
ACC06201,R01,Healthcare,288,2038963.22,2.0978,1.50–2.49,10,Active,1.0,6.666666666666667,-5,3776264.2,0.11320297167321146
ACC06202,R08,Financial services,191,1067924.8,0.8162,0.50–0.99,3,Active,0.6666666666666666,1.6666666666666667,-15,608321.98,0.16620273280720235
ACC06203,R37,Professional services,229,1522370.34,0.2654,0.15–0.49,6,Active,0.6666666666666666,-1.6666666666666667,-10,516403.06,0.2655843726393037
ACC06204,R14,Hospitality,147,912382.32,0.3705,0.15–0.49,5,Active,1.0,3.3333333333333335,0,308039.04,0.21658270766289314
ACC06205,R33,Hospitality,179,1266656.98,1.2988,1.00–1.49,3,Active,0.6666666666666666,18.333333333333332,10,1272947.21,0.18645469194876405
ACC06206,R31,Manufacturing,202,878677.26,0.9592,0.50–0.99,3,Active,1.0,8.333333333333334,10,889525.06,0.20325812958937745
ACC06207,R08,Healthcare,117,890016.58,0.4731,0.15–0.49,8,Active,1.0,-3.3333333333333335,-5,197099.35,0.21264897426854756
ACC06208,R16,Financial services,303,2518967.79,3.7212,2.50–5.00,12,Active,1.0,5.0,-10,8116583.71,0.10659684240810063
ACC06209,R31,Financial services,296,2253191.57,3.6566,2.50–5.00,10,Active,1.0,-3.3333333333333335,5,8274738.93,0.1273455629736378
ACC06210,R29,Hospitality,166,1124489.82,0.5384,0.50–0.99,9,Active,0.6666666666666666,15.0,15,806033.5,0.19558262126305512
ACC06211,R04,Professional services,807,5845191.41,0.9617,0.50–0.99,2,Active,1.0,8.333333333333334,0,2967903.33,0.09700928297588769
ACC06212,R47,Manufacturing,221,1189419.27,2.0661,1.50–2.49,7,Active,1.0,-3.3333333333333335,10,2802573.24,0.13291604181035105
ACC06213,R05,Manufacturing,487,4171738.01,1.1127,1.00–1.49,10,Active,1.0,6.666666666666667,-10,3758629.96,0.13351274544335148
ACC06214,R46,Professional services,206,1457620.12,0.8757,0.50–0.99,12,Active,1.0,-3.3333333333333335,5,601300.18,0.1543296850157664
ACC06215,R36,Manufacturing,305,3112648.25,0.3611,0.15–0.49,9,Active,0.6666666666666666,5.0,25,431051.97,0.2240462141314906
ACC06216,R33,Hospitality,521,3473803.58,0.158,0.15–0.49,2,Active,0.3333333333333333,6.666666666666667,5,729627.48,0.12914845298942737
ACC06217,R09,Logistics,146,963428.2,0.6748,0.50–0.99,5,Active,0.3333333333333333,1.6666666666666667,-5,415321.27,0.2099941575768285
ACC06218,R12,Technology,170,1287016.95,1.3811,1.00–1.49,5,Active,1.0,-1.6666666666666667,5,1216781.1,0.19684484555300177
ACC06219,R48,Hospitality,439,2920463.0,0.8397,0.50–0.99,7,Active,0.6666666666666666,1.6666666666666667,-10,1365292.56,0.12578633483658966
ACC06220,R08,Financial services,506,2945533.94,0.5089,0.50–0.99,3,Active,1.0,5.0,5,1701873.65,0.10464879064282741
ACC06221,R41,Financial services,282,1450137.25,0.5191,0.50–0.99,9,Active,1.0,5.0,5,890017.23,0.12165824942349877
ACC06222,R24,Financial services,244,1295489.01,0.3592,0.15–0.49,10,Active,1.0,6.666666666666667,10,417374.17,0.20409122528227744
ACC06223,R07,Logistics,202,1397873.91,0.978,0.50–0.99,12,Active,1.0,3.3333333333333335,0,1162449.08,0.17259710036523798
ACC06224,R01,Retail,107,682309.14,2.7559,2.50–5.00,9,Active,1.0,1.6666666666666667,10,1724272.59,0.1629735078569108
ACC06225,R27,Retail,107,878405.63,1.3989,1.00–1.49,2,Active,1.0,5.0,5,798900.4,0.24825617808304762
ACC06226,R16,Retail,205,992707.26,0.6203,0.50–0.99,5,Active,1.0,6.666666666666667,5,703967.25,0.2592735045935579
ACC06227,R01,Manufacturing,428,3084865.31,0.4545,0.15–0.49,7,Active,0.6666666666666666,0.0,0,910518.78,0.177427506773076
ACC06228,R44,Technology,67,469236.32,0.3622,0.15–0.49,1,Active,0.3333333333333333,-3.3333333333333335,-5,160754.41999999998,0.3784399160749051
ACC06229,R25,Technology,158,1002067.78,0.7579,0.50–0.99,1,Active,1.0,8.333333333333334,10,585918.6900000001,0.20445622385507625
ACC06230,R44,Professional services,840,4400915.79,0.9578,0.50–0.99,3,Active,1.0,0.0,10,2794238.58,0.08981204749820615
ACC06231,R40,Retail,590,4031863.82,0.7697,0.50–0.99,9,Active,1.0,5.0,5,1915736.15,0.10693714579341508
ACC06232,R32,Technology,158,1494088.65,1.1353,1.00–1.49,8,Active,1.0,-1.6666666666666667,0,1014238.58,0.1887803526057387
ACC06233,R04,Manufacturing,337,2023138.01,4.4874,2.50–5.00,10,Active,1.0,10.0,-10,10366431.13,0.10271197192218823
ACC06234,R29,Logistics,698,5588236.74,1.0335,1.00–1.49,11,Active,0.6666666666666666,11.666666666666666,10,5116767.9,0.14028478259610574
ACC06235,R06,Manufacturing,161,767934.75,0.2355,0.15–0.49,8,Active,0.3333333333333333,-1.6666666666666667,5,252064.71,0.18849381589139852
ACC06236,R28,Logistics,207,1329632.83,0.5107,0.50–0.99,8,Active,0.6666666666666666,8.333333333333334,0,642518.73,0.22261375554408863
ACC06237,R38,Hospitality,350,1949281.28,0.9835,0.50–0.99,7,Active,1.0,5.0,25,1228402.56,0.13067381700380762
ACC06238,R06,Professional services,204,1021605.71,0.1623,0.15–0.49,4,Active,1.0,5.0,5,260022.39,0.19594293772617913
ACC06239,R23,Technology,62,411741.32,0.5269,0.50–0.99,3,Active,1.0,1.6666666666666667,-15,105125.32999999999,0.4241990153171441
ACC06240,R02,Hospitality,340,1636414.97,0.6546,0.50–0.99,9,Active,1.0,1.6666666666666667,0,1016688.64,0.1623578032468101
ACC06241,R01,Healthcare,142,1047109.99,0.7426,0.50–0.99,3,Active,1.0,3.3333333333333335,0,493101.45,0.2514007920184856
ACC06242,R13,Healthcare,274,1590637.83,0.8005,0.50–0.99,2,Active,0.6666666666666666,18.333333333333332,25,815881.52,0.1558894918643844
ACC06243,R24,Healthcare,374,2057770.54,0.2781,0.15–0.49,5,Active,0.6666666666666666,5.0,20,549190.92,0.20383762552179818
ACC06244,R16,Technology,142,797101.49,0.3664,0.15–0.49,1,Active,0.6666666666666666,3.3333333333333335,5,329734.94,0.31982584173646234
ACC06245,R28,Financial services,62,439105.66,0.582,0.50–0.99,4,Active,1.0,-8.333333333333334,-5,128292.55,0.28055219940292037
ACC06246,R13,Logistics,885,4461312.91,0.1866,0.15–0.49,2,Active,0.6666666666666666,10.0,20,1473100.32,0.13683793558004656
ACC06247,R12,Healthcare,85,696044.54,0.2054,0.15–0.49,3,Active,1.0,10.0,10,138462.63,0.4267729178877526
ACC06248,R26,Healthcare,636,5328290.65,2.0738,1.50–2.49,1,Active,1.0,3.3333333333333335,5,9246939.97,0.08071789173130264
ACC06249,R23,Healthcare,67,499217.64,0.9377,0.50–0.99,11,Active,0.6666666666666666,3.3333333333333335,5,370035.67,0.29521519479480046
ACC06250,R22,Technology,1079,7266821.5,1.1414,1.00–1.49,10,Active,1.0,6.666666666666667,10,7311778.37,0.07243214768451427
ACC06251,R41,Financial services,123,829202.23,0.9728,0.50–0.99,7,Active,0.6666666666666666,8.333333333333334,5,403797.62,0.2180208909926057
ACC06252,R47,Logistics,106,929311.39,1.9643,1.50–2.49,6,Active,1.0,5.0,10,777573.97,0.17137549760147147
ACC06253,R14,Healthcare,172,1086765.63,0.9808,0.50–0.99,2,Active,0.6666666666666666,16.666666666666668,25,940627.42,0.2552269331871671
ACC06254,R05,Manufacturing,315,2470994.47,0.8319,0.50–0.99,5,Active,1.0,8.333333333333334,-15,742409.8,0.13536524005416975
ACC06255,R40,Manufacturing,131,754745.44,0.8357,0.50–0.99,2,Active,1.0,8.333333333333334,20,542570.72,0.2502841841427633
ACC06256,R13,Retail,423,2452073.64,0.207,0.15–0.49,3,Active,1.0,1.6666666666666667,-10,597484.07,0.13041716997968705
ACC06257,R23,Manufacturing,415,2921153.55,1.3992,1.00–1.49,9,Active,1.0,1.6666666666666667,5,2808673.23,0.11992821359373725
ACC06258,R31,Professional services,560,3170652.08,2.0684,1.50–2.49,6,Active,1.0,5.0,0,6881780.56,0.10639238042666797
ACC06259,R27,Healthcare,70,415199.36,0.5813,0.50–0.99,8,Active,0.6666666666666666,3.3333333333333335,15,209064.5,0.270884033411653
ACC06260,R14,Financial services,112,866902.31,4.2535,2.50–5.00,7,Active,1.0,0.0,5,3986532.57,0.2343277905191703
ACC06261,R24,Logistics,139,1058382.19,0.6475,0.50–0.99,10,Active,0.6666666666666666,5.0,20,678423.6,0.22443562078741738
ACC06262,R10,Manufacturing,307,1732757.91,0.802,0.50–0.99,3,Active,1.0,10.0,15,1052020.07,0.1432623261349295
ACC06263,R38,Healthcare,211,1424683.41,0.5536,0.50–0.99,4,Active,1.0,10.0,20,720905.1,0.21380041202759345
ACC06264,R22,Hospitality,112,572236.16,0.2157,0.15–0.49,9,Active,0.6666666666666666,0.0,5,128373.81,0.25811422692025066
ACC06265,R27,Manufacturing,348,2675006.18,0.541,0.50–0.99,7,Active,1.0,8.333333333333334,15,1399312.71,0.16644034994775556
ACC06266,R17,Logistics,155,875182.67,0.8871,0.50–0.99,9,Active,1.0,8.333333333333334,20,569147.89,0.17936194687057525
ACC06267,R36,Retail,82,800473.93,2.3232,1.50–2.49,6,Active,1.0,8.333333333333334,10,1032612.14,0.23726585427425764
ACC06268,R45,Financial services,352,2213919.94,0.2881,0.15–0.49,12,Active,0.6666666666666666,8.333333333333334,5,504292.23,0.16071680845410716
ACC06269,R47,Retail,322,2004243.4,1.3128,1.00–1.49,2,Active,1.0,6.666666666666667,0,2269880.4,0.1358550061234748
ACC06270,R13,Healthcare,889,6402316.02,0.6379,0.50–0.99,8,Active,1.0,6.666666666666667,5,3778407.86,0.10201453541762011
ACC06271,R04,Manufacturing,347,2412361.75,0.983,0.50–0.99,8,Active,1.0,5.0,10,1779245.65,0.15428554736728634
ACC06272,R18,Retail,348,2291498.75,4.2372,2.50–5.00,3,Active,1.0,1.6666666666666667,10,9793739.52,0.10578890855579362
ACC06273,R33,Financial services,507,3809989.65,1.2284,1.00–1.49,3,Active,0.6666666666666666,0.0,-5,3616012.69,0.0973744372799316
ACC06274,R37,Healthcare,445,2522247.46,0.8424,0.50–0.99,7,Active,1.0,11.666666666666666,0,1440014.85,0.13912743104662867
ACC06275,R46,Healthcare,118,907852.94,3.6132,2.50–5.00,4,Active,1.0,8.333333333333334,15,4049506.73,0.15799118103673976
ACC06276,R02,Professional services,270,1778003.74,2.073,1.50–2.49,5,Active,1.0,11.666666666666666,0,3619844.97,0.12830111738624264
ACC06277,R14,Financial services,596,2732971.5,0.2006,0.15–0.49,2,Active,0.6666666666666666,5.0,15,1257370.89,0.10978333877022056
ACC06278,R10,Retail,171,1080840.58,0.9815,0.50–0.99,3,Active,0.6666666666666666,5.0,-5,439852.15,0.19548922896289195
ACC06279,R07,Hospitality,123,659732.05,0.2161,0.15–0.49,11,Active,0.6666666666666666,13.333333333333334,15,207068.23,0.2467373522653335
ACC06280,R36,Technology,112,891457.4,0.9477,0.50–0.99,3,Active,1.0,6.666666666666667,10,561530.36,0.1975142727511315
ACC06281,R41,Manufacturing,122,975631.23,0.9318,0.50–0.99,7,Active,0.6666666666666666,10.0,15,272595.59,0.1930707209430874
ACC06282,R04,Technology,71,572316.21,0.8475,0.50–0.99,9,Active,0.6666666666666666,6.666666666666667,5,208206.16,0.25970525741436185
ACC06283,R29,Financial services,229,1818263.29,1.2172,1.00–1.49,12,Active,1.0,18.333333333333332,15,1389839.22,0.20252713413012138
ACC06284,R44,Healthcare,71,466346.1,0.6493,0.50–0.99,1,Active,0.6666666666666666,13.333333333333334,5,159654.49,0.2567224491279485
ACC06285,R11,Professional services,149,765691.27,0.3593,0.15–0.49,3,Active,0.6666666666666666,8.333333333333334,5,205452.34,0.24635773693246618
ACC06286,R39,Manufacturing,183,1280981.61,2.5053,2.50–5.00,3,Active,1.0,1.6666666666666667,10,5286766.84,0.14437936115357017
ACC06287,R21,Financial services,97,876464.92,0.9752,0.50–0.99,6,Active,0.6666666666666666,-1.6666666666666667,-5,557539.49,0.23662902035371336
ACC06288,R07,Hospitality,70,487786.79,2.481,1.50–2.49,9,Active,1.0,11.666666666666666,15,679346.35,0.1982821240326282
ACC06289,R01,Professional services,280,1976567.22,0.7446,0.50–0.99,2,Active,0.3333333333333333,11.666666666666666,0,1005740.01,0.15590513804882092
ACC06290,R09,Hospitality,414,2686858.71,0.5801,0.50–0.99,4,Active,1.0,-1.6666666666666667,0,1391875.29,0.14565405205495627
ACC06291,R47,Hospitality,70,651167.26,3.5863,2.50–5.00,3,Active,1.0,0.0,-5,1947514.94,0.18904196116098773
ACC06292,R09,Retail,62,336439.23,3.3114,2.50–5.00,11,Active,1.0,-8.333333333333334,-10,1381435.4100000001,0.2848951409811377
ACC06293,R47,Financial services,234,1555393.91,2.2573,1.50–2.49,2,Active,1.0,-3.3333333333333335,5,2988526.59,0.1500313014750348
ACC06294,R47,Manufacturing,154,707824.15,0.6046,0.50–0.99,1,Active,1.0,5.0,25,493754.97,0.1861579992354008
ACC06295,R20,Healthcare,219,1053709.7,1.1504,1.00–1.49,12,Active,1.0,8.333333333333334,25,1255650.36,0.14830947316695278
ACC06296,R46,Technology,119,830630.98,1.7467,1.50–2.49,7,Active,1.0,0.0,5,1961330.08,0.23667644653265116
ACC06297,R04,Technology,62,497856.17,1.3298,1.00–1.49,2,Active,0.6666666666666666,11.666666666666666,25,296007.45,0.19959214259088504
ACC06298,R35,Technology,300,1989795.53,0.6567,0.50–0.99,11,Active,0.6666666666666666,10.0,25,800838.88,0.1595085558117099
ACC06299,R18,Manufacturing,145,737313.08,0.3819,0.15–0.49,7,Active,1.0,16.666666666666668,20,242638.47,0.23451281513569966
ACC06300,R15,Healthcare,132,570173.59,0.2318,0.15–0.49,2,Active,1.0,5.0,10,352092.93,0.28682915041092183
ACC06301,R43,Retail,230,1538860.26,0.7441,0.50–0.99,1,Active,1.0,5.0,5,699978.48,0.1530798545031513
ACC06302,R15,Logistics,103,674888.11,0.7634,0.50–0.99,10,Active,1.0,15.0,5,217512.91999999998,0.21986763135027387
ACC06303,R11,Professional services,213,1912083.18,4.2989,2.50–5.00,1,Active,1.0,11.666666666666666,10,5240816.92,0.11984673010523066
ACC06304,R07,Healthcare,146,884400.81,1.0878,1.00–1.49,8,Active,1.0,5.0,-5,985267.16,0.17523798590624914
ACC06305,R46,Logistics,185,1259745.59,0.8303,0.50–0.99,7,Active,1.0,6.666666666666667,0,885995.53,0.1751138691901809
ACC06306,R13,Financial services,193,984070.46,1.241,1.00–1.49,10,Active,1.0,6.666666666666667,10,1254332.45,0.1971522146993113
ACC06307,R47,Professional services,363,2303444.66,0.1695,0.15–0.49,12,Active,1.0,-5.0,0,527697.71,0.17141257808668445
ACC06308,R45,Financial services,1146,10210913.08,2.6546,2.50–5.00,10,Active,0.6666666666666666,5.0,0,31642554.37,0.06852431266785299
ACC06309,R08,Professional services,298,1888822.06,1.3773,1.00–1.49,2,Active,0.6666666666666666,8.333333333333334,10,1848763.8800000001,0.15835933890499088
ACC06310,R29,Retail,301,2466501.99,0.5481,0.50–0.99,2,Active,1.0,5.0,5,877392.18,0.1490701064393003
ACC06311,R32,Professional services,286,1767649.19,0.708,0.50–0.99,6,Active,0.6666666666666666,5.0,0,976307.86,0.13691537393417466
ACC06312,R11,Manufacturing,71,407172.6,0.3557,0.15–0.49,11,Active,1.0,6.666666666666667,5,115878.59,0.24652006015115085
ACC06313,R04,Logistics,752,4931390.74,0.9511,0.50–0.99,7,Active,0.6666666666666666,6.666666666666667,10,2767115.37,0.12456620324022809
ACC06314,R48,Retail,230,2039969.84,1.3194,1.00–1.49,3,Active,1.0,0.0,5,1332600.19,0.12760210405939545
ACC06315,R27,Retail,271,2152336.41,1.9146,1.50–2.49,10,Active,1.0,1.6666666666666667,-10,3487682.3,0.15147568081140966
ACC06316,R04,Financial services,150,1359888.98,0.9306,0.50–0.99,9,Active,1.0,13.333333333333334,5,676644.82,0.2079138992233643
ACC06317,R46,Financial services,322,2021923.15,1.2302,1.00–1.49,3,Active,1.0,10.0,10,2097686.45,0.14313201966547248
ACC06318,R03,Logistics,209,1314518.32,0.3016,0.15–0.49,6,Active,1.0,3.3333333333333335,10,343497.31,0.24823808841646827
ACC06319,R16,Healthcare,362,2730188.17,0.6827,0.50–0.99,12,Active,1.0,1.6666666666666667,-10,1387143.68,0.13600206117520217
ACC06320,R43,Technology,88,740270.44,1.1644,1.00–1.49,1,Active,1.0,3.3333333333333335,0,582162.9,0.2984556121578003
ACC06321,R26,Hospitality,198,1262657.53,2.459,1.50–2.49,10,Active,1.0,8.333333333333334,25,2745429.87,0.13330409704845247
ACC06322,R45,Professional services,476,4524723.03,0.8092,0.50–0.99,2,Active,0.6666666666666666,0.0,0,1607030.67,0.12229466339403837
ACC06323,R35,Healthcare,454,3608065.65,3.9034,2.50–5.00,1,Active,1.0,13.333333333333334,10,13998583.76,0.10409423739085884
ACC06324,R31,Financial services,610,3634383.14,0.8329,0.50–0.99,8,Active,1.0,3.3333333333333335,5,2077831.12,0.1072730858844229
ACC06325,R39,Logistics,187,1197686.94,0.8714,0.50–0.99,11,Active,1.0,8.333333333333334,0,627677.4,0.22682912085922574
ACC06326,R04,Retail,515,3218211.31,0.9649,0.50–0.99,3,Active,0.6666666666666666,11.666666666666666,10,1506683.1,0.11112348085111884
ACC06327,R11,Financial services,96,730527.46,0.7951,0.50–0.99,11,Active,0.6666666666666666,-5.0,-15,222612.75999999998,0.28287604498654273
ACC06328,R41,Hospitality,77,538475.33,2.1059,1.50–2.49,1,Active,1.0,-6.666666666666667,-15,1468454.84,0.2281484049204037
ACC06329,R25,Logistics,118,781360.18,0.5167,0.50–0.99,1,Active,0.3333333333333333,0.0,-5,452390.24,0.2171210513097672
ACC06330,R02,Retail,257,1947223.49,0.8296,0.50–0.99,6,Active,0.6666666666666666,5.0,20,552408.28,0.1782859024902918
ACC06331,R36,Logistics,82,581882.43,0.7249,0.50–0.99,1,Active,0.3333333333333333,8.333333333333334,10,217475.18,0.2381569458853896
ACC06332,R06,Professional services,384,3220883.31,0.9809,0.50–0.99,5,Active,1.0,5.0,15,1503489.62,0.1687288335563036
ACC06333,R33,Manufacturing,862,5544733.95,0.9527,0.50–0.99,6,Active,1.0,0.0,0,3455674.63,0.10628054968584343
ACC06334,R32,Healthcare,385,2226194.52,0.6803,0.50–0.99,12,Active,0.6666666666666666,1.6666666666666667,5,986733.12,0.14526713808115815
ACC06335,R25,Logistics,161,1335664.96,3.5796,2.50–5.00,11,Active,1.0,3.3333333333333335,0,4260742.14,0.1326916599936458
ACC06336,R17,Professional services,573,3037784.34,0.6961,0.50–0.99,11,Active,0.3333333333333333,13.333333333333334,20,2376899.3,0.1404239013145497
ACC06337,R16,Retail,118,970016.88,2.1602,1.50–2.49,8,Active,1.0,13.333333333333334,10,1536791.45,0.1470593919555598
ACC06338,R35,Hospitality,164,1170012.68,0.7519,0.50–0.99,10,Active,1.0,13.333333333333334,-5,481147.58,0.1737162477331644
ACC06339,R34,Technology,307,2086385.73,0.8834,0.50–0.99,10,Active,1.0,13.333333333333334,15,1170358.45,0.17251151164532288
ACC06340,R21,Retail,88,802299.35,3.0374,2.50–5.00,11,Active,1.0,5.0,5,1890328.64,0.16076983379443777
ACC06341,R34,Hospitality,100,929634.23,1.7854,1.50–2.49,9,Active,1.0,3.3333333333333335,15,1325657.51,0.22454242471413657
ACC06342,R15,Hospitality,166,1032703.54,0.74,0.50–0.99,1,Active,0.6666666666666666,8.333333333333334,0,427922.75,0.16713266879792973
ACC06343,R04,Healthcare,68,496697.92,0.3959,0.15–0.49,1,Active,0.3333333333333333,5.0,-5,45608.39,0.33991036142860837
ACC06344,R23,Manufacturing,291,1756376.38,1.038,1.00–1.49,3,Active,1.0,5.0,5,2336602.13,0.13861444652242508
ACC06345,R40,Technology,260,1928983.12,1.2341,1.00–1.49,11,Active,1.0,-3.3333333333333335,-5,2037255.1500000001,0.15477189059394955
ACC06346,R02,Financial services,464,3198161.9,0.5289,0.50–0.99,2,Active,1.0,5.0,-15,1631800.03,0.12573128353460808
ACC06347,R02,Retail,242,1261281.22,0.1632,0.15–0.49,12,Active,0.6666666666666666,5.0,5,478889.3,0.1726626256841247
ACC06348,R32,Hospitality,205,1441096.83,0.5666,0.50–0.99,12,Active,1.0,10.0,10,687788.55,0.15831176533760988
ACC06349,R32,Logistics,232,1902980.49,0.4834,0.15–0.49,9,Active,1.0,6.666666666666667,10,282400.25,0.18350477417340247
ACC06350,R09,Healthcare,62,371184.39,0.9254,0.50–0.99,8,Active,1.0,8.333333333333334,-5,210027.58000000002,0.21518647807748698
ACC06351,R07,Manufacturing,201,1334234.42,1.4732,1.00–1.49,4,Active,1.0,16.666666666666668,15,1093533.35,0.20775112399649695
ACC06352,R48,Professional services,227,1341225.55,0.8909,0.50–0.99,3,Active,1.0,5.0,5,867053.1,0.1398742393725384
ACC06353,R24,Healthcare,780,5772896.3,1.8888,1.50–2.49,6,Active,1.0,13.333333333333334,20,10045410.35,0.07795157322119405
ACC06354,R12,Logistics,797,5640926.14,0.9157,0.50–0.99,1,Active,1.0,8.333333333333334,15,3184323.81,0.1046732439604128
ACC06355,R19,Logistics,413,2340966.16,0.5562,0.50–0.99,9,Active,0.6666666666666666,21.666666666666668,15,1517104.68,0.1381556090319151
ACC06356,R30,Technology,166,1232616.17,0.4033,0.15–0.49,6,Active,0.6666666666666666,5.0,10,212897.28,0.262086480337809
ACC06357,R32,Financial services,415,3905692.02,1.3028,1.00–1.49,6,Active,0.6666666666666666,15.0,25,3628440.89,0.11364362063108917
ACC06358,R06,Logistics,206,1975981.2,2.38,1.50–2.49,4,Active,1.0,10.0,10,2783068.17,0.14698427807179285
ACC06359,R02,Financial services,247,1158087.39,0.9326,0.50–0.99,2,Active,1.0,11.666666666666666,-5,736152.03,0.14295276791134692
ACC06360,R43,Healthcare,1030,8007280.09,0.8322,0.50–0.99,11,Active,0.6666666666666666,8.333333333333334,20,3675258.4699999997,0.0929094361892355
ACC06361,R08,Retail,226,1244024.34,0.3826,0.15–0.49,10,Active,1.0,0.0,10,316764.79,0.2387798681742058
ACC06362,R35,Logistics,146,1044314.25,0.5017,0.50–0.99,8,Active,1.0,1.6666666666666667,5,482939.57,0.21397876419945308
ACC06363,R36,Financial services,127,869773.81,1.035,1.00–1.49,9,Active,1.0,8.333333333333334,5,509639.45,0.15425632176338114
ACC06364,R13,Healthcare,489,4379225.88,0.8418,0.50–0.99,8,Active,1.0,11.666666666666666,10,1731172.23,0.17313524728267474
ACC06365,R17,Retail,523,3076518.47,0.7417,0.50–0.99,6,Active,0.6666666666666666,8.333333333333334,0,2151518.2,0.2547461489075193
ACC06366,R45,Retail,453,3959749.62,1.9067,1.50–2.49,12,Active,1.0,-5.0,-15,5673566.39,0.09854332619815373
ACC06367,R48,Healthcare,377,2236254.36,0.6423,0.50–0.99,4,Active,1.0,15.0,10,1419719.51,0.1269018871500254
ACC06368,R04,Retail,364,2570826.17,1.695,1.50–2.49,8,Active,1.0,0.0,5,4909039.77,0.0951433070739521
ACC06369,R01,Retail,102,588202.08,0.7915,0.50–0.99,5,Active,1.0,11.666666666666666,10,468099.41000000003,0.2702114398462542
ACC06370,R07,Technology,531,3631882.03,0.6907,0.50–0.99,10,Active,1.0,0.0,-10,1763511.65,0.1078926603159744
ACC06371,R08,Technology,813,5365424.05,0.6774,0.50–0.99,6,Active,1.0,-5.0,-10,2597244.01,0.10309601955482738
ACC06372,R12,Healthcare,67,506052.54,1.4728,1.00–1.49,8,Active,0.6666666666666666,5.0,0,325632.91,0.24213501270980559
ACC06373,R14,Manufacturing,411,2807583.72,0.8281,0.50–0.99,5,Active,1.0,8.333333333333334,0,1311097.41,0.1374325342191006
ACC06374,R37,Technology,129,1103381.41,0.613,0.50–0.99,6,Active,0.6666666666666666,11.666666666666666,0,436354.1,0.1911085794007403
ACC06375,R04,Financial services,1246,7417885.13,1.2971,1.00–1.49,2,Active,1.0,-11.666666666666666,-5,8995867.02,0.07599578802214027
ACC06376,R08,Logistics,300,2536411.0,0.9665,0.50–0.99,8,Active,1.0,1.6666666666666667,-10,1322230.61,0.17844106387726924
ACC06377,R31,Professional services,188,1287817.13,0.4099,0.15–0.49,3,Active,1.0,-6.666666666666667,-10,405809.72000000003,0.21334322513996073
ACC06378,R10,Financial services,174,870063.84,0.3054,0.15–0.49,7,Active,0.6666666666666666,3.3333333333333335,0,395434.57,0.25572332142628
ACC06379,R44,Manufacturing,344,2179997.53,0.764,0.50–0.99,6,Active,0.6666666666666666,8.333333333333334,15,1317504.2,0.15630690503450131
ACC06380,R39,Financial services,237,2037205.56,0.5789,0.50–0.99,3,Active,1.0,5.0,5,1028384.41,0.20517030383620388
ACC06381,R39,Financial services,95,586289.32,0.2459,0.15–0.49,8,Active,0.3333333333333333,13.333333333333334,-5,149267.72,0.26309751484016575
ACC06382,R31,Logistics,301,1784428.85,0.5386,0.50–0.99,8,Active,1.0,11.666666666666666,10,1370363.91,0.19567623152053512
ACC06383,R09,Retail,93,505819.06,1.8829,1.50–2.49,12,Active,1.0,1.6666666666666667,-5,1109292.32,0.1883957490737855
ACC06384,R42,Financial services,397,2663452.02,0.9164,0.50–0.99,3,Active,0.6666666666666666,11.666666666666666,20,1452739.09,0.1457984764872614
ACC06385,R29,Retail,115,985384.65,3.1389,2.50–5.00,8,Active,1.0,10.0,-10,3014715.5,0.16910736944230478
ACC06386,R17,Manufacturing,228,1601451.38,1.4033,1.00–1.49,12,Active,1.0,6.666666666666667,-5,1508328.27,0.141041190366967
ACC06387,R03,Professional services,197,1034619.25,0.7504,0.50–0.99,12,Active,0.3333333333333333,6.666666666666667,-5,794796.8099999999,0.33034726534721515
ACC06388,R28,Healthcare,290,2408892.28,1.6457,1.50–2.49,11,Active,1.0,3.3333333333333335,-5,4264011.49,0.13115165923380984
ACC06389,R13,Professional services,409,2419848.58,1.7446,1.50–2.49,5,Active,1.0,6.666666666666667,0,5596778.21,0.1004851625382673
ACC06390,R22,Hospitality,1623,7236192.21,1.5384,1.50–2.49,6,Active,1.0,8.333333333333334,-15,20917889.04,0.05991299728342004
ACC06391,R19,Retail,744,7694623.91,0.7599,0.50–0.99,5,Active,1.0,10.0,10,2746198.86,0.12210974069885289
ACC06392,R21,Financial services,289,1864381.07,1.0046,1.00–1.49,6,Active,1.0,6.666666666666667,5,2154388.79,0.24068436261880086
ACC06393,R20,Hospitality,211,1053076.94,0.5814,0.50–0.99,12,Active,1.0,5.0,0,862944.87,0.24229491849242463
ACC06394,R15,Professional services,119,634258.38,0.7642,0.50–0.99,7,Active,1.0,-1.6666666666666667,-5,461615.49,0.19737939557383938
ACC06395,R07,Retail,100,804658.72,1.7519,1.50–2.49,8,Active,1.0,5.0,15,985065.71,0.15627676118857725
ACC06396,R31,Professional services,305,2006547.61,0.1734,0.15–0.49,4,Active,0.3333333333333333,16.666666666666668,25,651743.21,0.17853298586330693
ACC06397,R26,Manufacturing,245,1931209.75,0.724,0.50–0.99,3,Active,0.6666666666666666,10.0,0,639726.58,0.1444997611514934
ACC06398,R36,Professional services,882,7098930.85,0.8904,0.50–0.99,12,Active,0.6666666666666666,13.333333333333334,10,2404465.43,0.08147565036706923
ACC06399,R25,Healthcare,172,1204721.3,4.9298,2.50–5.00,1,Active,1.0,6.666666666666667,10,6298447.5,0.14482088970089338
ACC06400,R43,Logistics,81,551844.42,1.7036,1.50–2.49,1,Active,1.0,0.0,10,860982.32,0.20032186445481498
ACC06401,R45,Retail,375,1996765.4,0.7075,0.50–0.99,5,Active,1.0,1.6666666666666667,0,1345463.13,0.12172748608217022
ACC06402,R06,Manufacturing,198,1204707.33,1.3638,1.00–1.49,7,Active,0.3333333333333333,13.333333333333334,5,1193847.74,0.14011779963310447
ACC06403,R32,Manufacturing,62,449279.65,1.0754,1.00–1.49,7,Active,0.6666666666666666,15.0,20,415401.82,0.23776677840749097
ACC06404,R08,Professional services,62,465343.31,0.5509,0.50–0.99,9,Active,0.6666666666666666,23.333333333333332,25,245264.77,0.25923275222282777
ACC06405,R13,Logistics,593,4079106.81,1.1361,1.00–1.49,3,Active,1.0,8.333333333333334,5,3981082.82,0.09222737844646238
ACC06406,R23,Technology,280,2358464.29,1.3629,1.00–1.49,10,Active,1.0,1.6666666666666667,-5,2407444.3,0.18387941354864012
ACC06407,R19,Healthcare,129,819742.52,0.5538,0.50–0.99,3,Active,0.3333333333333333,3.3333333333333335,15,490289.83999999997,0.1980930611655951
ACC06408,R04,Manufacturing,62,448976.62,0.9835,0.50–0.99,2,Active,1.0,-3.3333333333333335,-10,314360.53,0.29152232996535987
ACC06409,R15,Professional services,142,847686.22,0.4179,0.15–0.49,2,Active,1.0,20.0,20,245060.05,0.3708625096417505
ACC06410,R46,Technology,403,2149871.27,0.9539,0.50–0.99,12,Active,1.0,6.666666666666667,-10,1018564.4,0.13380190971875525
ACC06411,R25,Professional services,320,2409064.88,0.8655,0.50–0.99,2,Active,0.6666666666666666,21.666666666666668,20,1141799.37,0.15453134268496627
ACC06412,R05,Professional services,654,4027331.55,0.3425,0.15–0.49,12,Active,1.0,1.6666666666666667,0,946307.85,0.12551451241597622
ACC06413,R40,Logistics,356,2487429.62,0.9317,0.50–0.99,7,Active,1.0,1.6666666666666667,0,1469915.19,0.14990480199054243
ACC06414,R29,Manufacturing,335,2214134.54,2.1971,1.50–2.49,10,Active,1.0,5.0,10,3839427.99,0.09846963219050549
ACC06415,R05,Healthcare,257,1436861.11,0.9537,0.50–0.99,1,Active,0.6666666666666666,8.333333333333334,5,966158.41,0.2137742942160955
ACC06416,R33,Technology,79,702280.67,1.4491,1.00–1.49,7,Active,1.0,6.666666666666667,0,539496.17,0.2674457485932348
ACC06417,R22,Logistics,327,2760579.72,4.0248,2.50–5.00,2,Active,1.0,-1.6666666666666667,5,9716969.2,0.12049223722099607
ACC06418,R32,Healthcare,423,3136652.86,0.9178,0.50–0.99,11,Active,1.0,5.0,-10,2493094.92,0.30763820154273036
ACC06419,R42,Technology,1905,14242406.82,1.1024,1.00–1.49,9,Active,1.0,11.666666666666666,20,12255813.15,0.05232667528244022
ACC06420,R17,Hospitality,737,5088639.0,0.89,0.50–0.99,8,Active,0.6666666666666666,13.333333333333334,20,2686534.11,0.11969012726006872
ACC06421,R21,Logistics,451,3514314.6,2.4668,1.50–2.49,9,Active,1.0,-3.3333333333333335,0,6414391.8100000005,0.15919027735781513
ACC06422,R33,Financial services,315,2159175.78,2.7726,2.50–5.00,12,Active,1.0,15.0,15,9918766.17,0.10510138768651842
ACC06423,R14,Hospitality,210,1311146.54,0.8501,0.50–0.99,10,Active,1.0,5.0,-5,688058.72,0.1991578561338667
ACC06424,R03,Professional services,106,888126.79,0.9213,0.50–0.99,8,Active,1.0,-5.0,-10,403123.49,0.24800612050836027
ACC06425,R27,Logistics,410,2409575.9,0.3926,0.15–0.49,12,Active,1.0,6.666666666666667,5,757035.85,0.17340241074397494
ACC06426,R29,Technology,247,1547234.9,0.6417,0.50–0.99,5,Active,0.6666666666666666,3.3333333333333335,5,815376.01,0.18299516114409928
ACC06427,R32,Healthcare,62,303134.27,0.1947,0.15–0.49,2,Active,0.6666666666666666,15.0,10,51927.7,0.31683453637417486
ACC06428,R36,Financial services,64,451074.11,0.5422,0.50–0.99,9,Active,0.6666666666666666,3.3333333333333335,0,97883.13,0.35187488230604097
ACC06429,R37,Retail,223,1511494.07,0.2608,0.15–0.49,2,Active,0.6666666666666666,1.6666666666666667,0,284931.58,0.222852674548776
ACC06430,R13,Technology,308,2755069.96,0.4201,0.15–0.49,2,Active,1.0,-8.333333333333334,-10,470147.94,0.1485886468666924
ACC06431,R03,Manufacturing,73,330035.29,0.4711,0.15–0.49,4,Active,0.3333333333333333,6.666666666666667,0,135133.41,0.3170294906774332
ACC06432,R29,Logistics,391,2916777.88,0.5818,0.50–0.99,6,Active,0.6666666666666666,5.0,15,1239819.27,0.17431519733514383
ACC06433,R18,Financial services,160,1354039.58,0.9866,0.50–0.99,5,Active,1.0,6.666666666666667,20,597569.87,0.2211174135569297
ACC06434,R04,Hospitality,229,2192151.84,0.3448,0.15–0.49,3,Active,1.0,1.6666666666666667,5,391751.26,0.19449741484855057
ACC06435,R07,Manufacturing,178,1274437.29,0.8092,0.50–0.99,1,Active,0.6666666666666666,3.3333333333333335,-15,509955.02,0.18674080555053713
ACC06436,R03,Professional services,563,3778986.78,0.7747,0.50–0.99,5,Active,0.6666666666666666,3.3333333333333335,-15,1774242.37,0.10829740200242557
ACC06437,R23,Professional services,419,2732487.39,0.2509,0.15–0.49,6,Active,0.6666666666666666,-1.6666666666666667,-10,931888.6,0.24589058422138066
ACC06438,R12,Retail,124,1256659.86,3.6612,2.50–5.00,6,Active,1.0,6.666666666666667,10,3278141.71,0.12918136485372936
ACC06439,R15,Technology,123,914517.71,0.6545,0.50–0.99,5,Active,0.6666666666666666,6.666666666666667,5,579854.36,0.330744481172068
ACC06440,R42,Manufacturing,113,767915.24,2.6165,2.50–5.00,8,Active,1.0,1.6666666666666667,0,3281284.8,0.15841636001223325
ACC06441,R05,Hospitality,309,2001489.48,0.6914,0.50–0.99,4,Active,1.0,3.3333333333333335,10,910432.05,0.1789075634177807
ACC06442,R15,Retail,125,751532.15,0.55,0.50–0.99,2,Active,0.6666666666666666,8.333333333333334,10,493115.4,0.2252147358857675
ACC06443,R33,Healthcare,418,2947091.88,0.7108,0.50–0.99,4,Active,0.6666666666666666,0.0,0,1352915.66,0.12832698723544567
ACC06444,R44,Professional services,247,2332466.72,0.7302,0.50–0.99,8,Active,1.0,5.0,15,1422583.56,0.3019475714954585
ACC06445,R43,Manufacturing,267,1559849.09,0.7357,0.50–0.99,6,Active,0.3333333333333333,3.3333333333333335,20,651321.91,0.17089993505568493
ACC06446,R31,Technology,228,1421101.21,0.776,0.50–0.99,9,Active,1.0,3.3333333333333335,5,785640.54,0.16916266072345285
ACC06447,R01,Retail,623,5322058.53,1.3522,1.00–1.49,3,Active,1.0,8.333333333333334,20,3920536.44,0.09441687412986063
ACC06448,R11,Hospitality,395,1897553.4,0.9616,0.50–0.99,6,Active,1.0,1.6666666666666667,0,1390682.8699999999,0.13960785008147888
ACC06449,R25,Professional services,100,750616.29,0.8839,0.50–0.99,2,Active,0.3333333333333333,13.333333333333334,15,299121.42,0.18988764157969096
ACC06450,R11,Logistics,180,1079586.58,0.5523,0.50–0.99,2,Active,1.0,13.333333333333334,10,652819.3,0.15125616630603542
ACC06451,R37,Logistics,176,1401129.27,0.6677,0.50–0.99,11,Active,0.6666666666666666,6.666666666666667,20,462970.97,0.1837782010272461
ACC06452,R47,Hospitality,1533,9345271.35,0.2325,0.15–0.49,5,Active,0.6666666666666666,8.333333333333334,0,2650231.03,0.07877834533134088
ACC06453,R23,Financial services,208,1704087.71,4.7863,2.50–5.00,4,Active,1.0,-1.6666666666666667,-15,6927624.33,0.13962124822834016
ACC06454,R02,Financial services,262,1556873.77,0.4486,0.15–0.49,8,Active,0.6666666666666666,8.333333333333334,10,471254.49,0.2933026838860235
ACC06455,R39,Retail,537,2992145.24,1.1626,1.00–1.49,3,Active,1.0,-1.6666666666666667,-5,3652076.15,0.10473333433625509
ACC06456,R22,Professional services,143,1295078.71,4.5296,2.50–5.00,10,Active,1.0,8.333333333333334,20,3724650.3000000003,0.18555499662866956
ACC06457,R40,Professional services,333,2390755.61,0.918,0.50–0.99,11,Active,0.6666666666666666,0.0,0,1073423.03,0.15375591031120617
ACC06458,R22,Healthcare,1009,4968730.69,1.1896,1.00–1.49,11,Active,1.0,3.3333333333333335,15,6199484.2700000005,0.08031397490573025
ACC06459,R38,Financial services,322,2631579.51,3.1364,2.50–5.00,3,Active,1.0,16.666666666666668,10,8222376.91,0.10673389052133384
ACC06460,R22,Healthcare,686,4076430.24,0.5191,0.50–0.99,8,Active,1.0,10.0,10,2729904.35,0.1290391431698339
ACC06461,R32,Hospitality,1204,7552994.1,0.4734,0.15–0.49,11,Active,0.6666666666666666,10.0,20,1929001.97,0.08957710517107237
ACC06462,R26,Retail,83,764887.42,1.8302,1.50–2.49,12,Active,1.0,-3.3333333333333335,0,1166415.42,0.26122656323796023
ACC06463,R28,Logistics,213,1715069.58,2.8865,2.50–5.00,1,Active,1.0,11.666666666666666,15,6947607.53,0.1506592297696105
ACC06464,R02,Logistics,155,672830.54,0.2373,0.15–0.49,6,Active,1.0,5.0,10,265266.0,0.28956250344509654
ACC06465,R11,Manufacturing,568,3946077.26,0.8576,0.50–0.99,2,Active,1.0,3.3333333333333335,15,2512538.23,0.13289314161963003
ACC06466,R24,Hospitality,316,1496215.42,0.3089,0.15–0.49,5,Active,0.6666666666666666,0.0,-10,487025.02,0.14111939654784014
ACC06467,R25,Manufacturing,75,386317.73,0.3362,0.15–0.49,7,Active,0.6666666666666666,10.0,15,91626.81,0.2778752119834743
ACC06468,R20,Manufacturing,82,523415.06,0.2267,0.15–0.49,11,Active,1.0,6.666666666666667,0,176291.44,0.31106638829300126
ACC06469,R34,Manufacturing,277,1875301.13,0.57,0.50–0.99,5,Active,0.6666666666666666,6.666666666666667,15,848671.91,0.14728613073719746
ACC06470,R41,Hospitality,361,1955980.45,0.4373,0.15–0.49,2,Active,1.0,1.6666666666666667,-10,533867.82,0.17383233001003548
ACC06471,R21,Professional services,92,605475.33,0.354,0.15–0.49,1,Active,0.3333333333333333,13.333333333333334,15,111502.3,0.34137578642415634
ACC06472,R46,Logistics,182,1094192.38,3.4202,2.50–5.00,9,Active,1.0,-1.6666666666666667,10,5600360.85,0.13887162346705545
ACC06473,R32,Technology,420,3898439.03,2.4217,1.50–2.49,12,Active,1.0,3.3333333333333335,10,5843315.71,0.0938080468795207
ACC06474,R10,Financial services,182,946038.35,0.5381,0.50–0.99,2,Active,0.0,16.666666666666668,15,552562.18,0.2093127581686871
ACC06475,R44,Hospitality,403,2325513.43,0.9577,0.50–0.99,12,Active,0.0,10.0,10,1508008.23,0.1353849355285188
ACC06476,R46,Financial services,101,1073029.98,1.0331,1.00–1.49,1,Active,1.0,1.6666666666666667,10,737049.24,0.36768646926342197
ACC06477,R34,Professional services,435,3126139.54,1.2547,1.00–1.49,1,Active,1.0,11.666666666666666,15,3051286.2399999998,0.12803423702355507
ACC06478,R05,Technology,579,3676869.32,0.388,0.15–0.49,4,Active,0.3333333333333333,13.333333333333334,20,943465.1,0.11779626142686977
ACC06479,R16,Hospitality,572,5353552.6,4.6063,2.50–5.00,9,Active,1.0,0.0,-10,15365019.78,0.08803819178862793
ACC06480,R38,Manufacturing,127,869899.59,0.7129,0.50–0.99,8,Active,1.0,6.666666666666667,5,432956.06,0.27149995021377954
ACC06481,R04,Hospitality,136,1065653.58,2.0548,1.50–2.49,11,Active,1.0,-3.3333333333333335,-5,1456289.72,0.30098610782060675
ACC06482,R27,Retail,218,1346012.43,1.6067,1.50–2.49,12,Active,1.0,0.0,-5,2912714.65,0.1401692908246764
ACC06483,R23,Retail,391,2127009.67,1.791,1.50–2.49,10,Active,1.0,10.0,5,5545862.9,0.13922360690448551
ACC06484,R25,Logistics,144,921802.01,1.3963,1.00–1.49,8,Active,1.0,6.666666666666667,20,739393.6,0.1916685517262966
ACC06485,R43,Logistics,191,1131702.07,0.2402,0.15–0.49,5,Active,0.6666666666666666,13.333333333333334,10,351071.85,0.3028241618896906
ACC06486,R18,Technology,77,657618.62,1.0943,1.00–1.49,12,Active,1.0,5.0,10,558560.37,0.22987880260656754
ACC06487,R36,Manufacturing,145,982878.58,0.8585,0.50–0.99,6,Active,0.6666666666666666,13.333333333333334,5,540447.48,0.20791707793336606
ACC06488,R28,Technology,260,1246084.3,0.7749,0.50–0.99,8,Active,0.3333333333333333,8.333333333333334,5,934749.43,0.16833382041652115
ACC06489,R16,Technology,252,2392246.08,1.0426,1.00–1.49,10,Active,1.0,-6.666666666666667,-5,1828003.44,0.13248846690669855
ACC06490,R34,Hospitality,316,1977696.28,0.8883,0.50–0.99,9,Active,1.0,6.666666666666667,10,910493.92,0.16509181857361396
ACC06491,R17,Financial services,547,3365127.08,0.5534,0.50–0.99,1,Active,0.3333333333333333,10.0,15,1595533.52,0.11138971456247575
ACC06492,R15,Professional services,1380,9019037.77,0.9298,0.50–0.99,1,Active,1.0,0.0,10,5313401.09,0.0746076490278879
ACC06493,R46,Retail,281,1907672.27,4.1214,2.50–5.00,5,Active,1.0,13.333333333333334,15,8099193.89,0.11857113161442163
ACC06494,R19,Hospitality,353,2068717.61,1.0598,1.00–1.49,4,Active,1.0,3.3333333333333335,15,2704448.46,0.12652638061131927
ACC06495,R02,Professional services,216,1238011.3,0.5595,0.50–0.99,11,Active,0.6666666666666666,6.666666666666667,15,806547.1,0.18030680097597324
ACC06496,R01,Professional services,266,1880789.91,0.5393,0.50–0.99,4,Active,0.6666666666666666,5.0,-5,903906.66,0.1484859714056177
ACC06497,R37,Financial services,183,1027299.46,0.4584,0.15–0.49,3,Active,1.0,-3.3333333333333335,-5,293635.85,0.28434750297060335
ACC06498,R09,Hospitality,336,2227087.1,0.5338,0.50–0.99,8,Active,0.3333333333333333,0.0,-10,1344556.82,0.13858220156818818
ACC06499,R03,Professional services,115,672637.76,0.6664,0.50–0.99,8,Active,0.6666666666666666,1.6666666666666667,-5,446113.78,0.20114419202711778
ACC06500,R46,Healthcare,122,486803.62,0.2447,0.15–0.49,1,Active,1.0,3.3333333333333335,5,149712.45,0.2284303998238944
ACC06501,R06,Retail,140,1040111.43,1.4204,1.00–1.49,2,Active,1.0,11.666666666666666,10,855246.73,0.19956421253679674
ACC06502,R26,Manufacturing,189,1210926.89,1.2712,1.00–1.49,6,Active,1.0,11.666666666666666,20,1109961.8,0.18954740784340895
ACC06503,R47,Logistics,299,1494684.64,0.4278,0.15–0.49,5,Active,0.6666666666666666,13.333333333333334,0,503058.68,0.17953498346888347
ACC06504,R07,Financial services,230,2172185.75,1.9731,1.50–2.49,6,Active,1.0,1.6666666666666667,-5,4120168.33,0.15586704199295212
ACC06505,R13,Retail,926,4925671.66,0.5975,0.50–0.99,9,Active,0.6666666666666666,3.3333333333333335,10,3202950.3,0.079694974581342
ACC06506,R27,Professional services,355,2949244.82,0.7623,0.50–0.99,1,Active,1.0,5.0,10,1050222.27,0.1306652318295521
ACC06507,R07,Financial services,229,1509364.59,1.1199,1.00–1.49,12,Active,0.6666666666666666,5.0,-10,2506316.79,0.1690029798867221
ACC06508,R44,Healthcare,108,416818.95,0.3134,0.15–0.49,9,Active,0.6666666666666666,-5.0,-10,152388.41,0.34126548235426146
ACC06509,R47,Hospitality,76,552237.38,0.826,0.50–0.99,8,Active,1.0,13.333333333333334,15,239641.36000000002,0.32095228408526366
ACC06510,R28,Retail,221,1800816.07,0.7677,0.50–0.99,11,Active,0.3333333333333333,6.666666666666667,5,755469.49,0.18915427908278104
ACC06511,R21,Retail,292,1919766.34,0.8682,0.50–0.99,1,Active,1.0,10.0,15,768580.95,0.1428810419045341
ACC06512,R22,Technology,297,1745707.87,0.2208,0.15–0.49,8,Active,0.6666666666666666,10.0,-15,750985.13,0.16779982984543593
ACC06513,R24,Technology,308,2646129.65,0.9548,0.50–0.99,2,Active,1.0,-1.6666666666666667,-5,1029758.74,0.15485750750826774
ACC06514,R14,Professional services,237,1140757.53,0.4322,0.15–0.49,4,Active,0.6666666666666666,3.3333333333333335,-15,369257.24,0.19890180139154906
ACC06515,R18,Financial services,184,1239600.32,0.471,0.15–0.49,7,Active,0.3333333333333333,13.333333333333334,15,454049.88,0.2239186400979004
ACC06516,R43,Financial services,75,525994.94,0.6859,0.50–0.99,12,Active,0.6666666666666666,11.666666666666666,10,190143.68,0.2640440383355601
ACC06517,R35,Professional services,360,2570248.75,2.9577,2.50–5.00,5,Active,1.0,6.666666666666667,15,11418415.86,0.11076985979981047
ACC06518,R46,Financial services,434,3226287.74,1.5947,1.50–2.49,12,Active,1.0,-6.666666666666667,0,5803286.26,0.11166228449147975
ACC06519,R17,Healthcare,550,4589727.33,1.9265,1.50–2.49,8,Active,0.6666666666666666,15.0,20,7218238.65,0.09698799705464375
ACC06520,R01,Professional services,62,528438.05,1.4631,1.00–1.49,7,Active,1.0,5.0,-10,435228.48,0.26437962072270815
ACC06521,R37,Professional services,152,847148.87,0.2959,0.15–0.49,3,Active,0.6666666666666666,8.333333333333334,0,270614.95,0.21703474700676564
ACC06522,R06,Professional services,171,1001345.1,1.2598,1.00–1.49,7,Active,1.0,3.3333333333333335,0,1097373.02,0.14969507115772396
ACC06523,R22,Professional services,197,1301645.24,0.7499,0.50–0.99,4,Active,1.0,-5.0,-15,618132.11,0.17337410436957432
ACC06524,R18,Technology,62,477615.06,1.3665,1.00–1.49,3,Active,0.6666666666666666,11.666666666666666,5,205827.33000000002,0.2354364100493877
ACC06525,R18,Manufacturing,151,880982.36,0.5786,0.50–0.99,8,Active,1.0,5.0,15,526969.53,0.20581000927042875
ACC06526,R10,Logistics,422,3330932.74,0.9616,0.50–0.99,11,Active,0.6666666666666666,3.3333333333333335,5,1667921.57,0.13373660269907311
ACC06527,R16,Logistics,583,4460096.31,1.1101,1.00–1.49,2,Active,0.6666666666666666,13.333333333333334,10,3520333.5500000003,0.1041458048210621
ACC06528,R37,Manufacturing,260,1674053.2,0.9797,0.50–0.99,2,Active,1.0,13.333333333333334,10,993117.5,0.3061518561650999
ACC06529,R38,Manufacturing,128,847090.51,0.9426,0.50–0.99,3,Active,1.0,5.0,-5,584150.65,0.2765616261022498
ACC06530,R08,Logistics,187,1312011.58,0.8039,0.50–0.99,2,Active,1.0,15.0,5,691054.12,0.1746602090754106
ACC06531,R14,Manufacturing,350,2436116.32,0.5301,0.50–0.99,12,Active,0.6666666666666666,13.333333333333334,20,1397745.55,0.1546822486124756
ACC06532,R21,Logistics,148,985374.93,0.6323,0.50–0.99,11,Active,0.6666666666666666,15.0,10,537595.73,0.20702636628924823
ACC06533,R01,Healthcare,269,2288651.91,4.8559,2.50–5.00,4,Active,1.0,6.666666666666667,0,5292460.0,0.11498682283531389
ACC06534,R14,Healthcare,231,1243172.32,0.7071,0.50–0.99,1,Active,0.6666666666666666,6.666666666666667,5,827725.25,0.16580109669674706
ACC06535,R19,Retail,161,939378.3,0.5641,0.50–0.99,10,Active,1.0,0.0,5,594699.63,0.20513670663215974
ACC06536,R08,Manufacturing,357,2458753.67,0.9464,0.50–0.99,5,Active,1.0,5.0,0,1102145.93,0.12604469515445849
ACC06537,R29,Technology,279,1926908.89,0.2998,0.15–0.49,3,Active,0.6666666666666666,11.666666666666666,10,411596.04,0.1444776277859635
ACC06538,R33,Hospitality,625,4854325.01,1.3405,1.00–1.49,10,Active,0.6666666666666666,1.6666666666666667,-15,4037548.88,0.0937410279365721
ACC06539,R27,Manufacturing,252,1500699.97,0.2492,0.15–0.49,5,Active,0.6666666666666666,5.0,10,273746.26,0.20364452038590725
ACC06540,R15,Professional services,203,1011284.39,1.14,1.00–1.49,9,Active,1.0,8.333333333333334,15,1410826.0,0.16734795158486868
ACC06541,R48,Financial services,500,3179907.71,1.6498,1.50–2.49,6,Active,1.0,1.6666666666666667,0,6864515.47,0.09726722548975644
ACC06542,R40,Financial services,617,5698537.26,1.9438,1.50–2.49,12,Active,0.6666666666666666,16.666666666666668,5,8539658.59,0.09513493450659131
ACC06543,R13,Retail,182,1366590.36,0.7088,0.50–0.99,12,Active,1.0,13.333333333333334,15,877246.13,0.31592265174369
ACC06544,R01,Healthcare,83,827197.09,1.5973,1.50–2.49,10,Active,0.6666666666666666,5.0,10,867494.27,0.22775885583141464
ACC06545,R37,Logistics,546,4750705.23,4.9182,2.50–5.00,9,Active,1.0,8.333333333333334,20,14454473.83,0.06896378156260487
ACC06546,R05,Hospitality,108,831075.74,0.4544,0.15–0.49,9,Active,0.3333333333333333,3.3333333333333335,-5,179641.32,0.3332103604904073
ACC06547,R16,Healthcare,482,2973203.6,0.1602,0.15–0.49,2,Active,0.6666666666666666,11.666666666666666,10,740470.46,0.12947476773221395
ACC06548,R20,Hospitality,469,1831620.71,0.3347,0.15–0.49,6,Active,0.3333333333333333,-1.6666666666666667,10,940681.66,0.13716291257548371
ACC06549,R26,Financial services,62,326810.85,0.9032,0.50–0.99,5,Active,0.6666666666666666,8.333333333333334,5,355952.61,0.3472389618693431
ACC06550,R42,Manufacturing,457,2777549.52,0.1777,0.15–0.49,12,Active,1.0,1.6666666666666667,10,805112.5,0.14082151574673027
ACC06551,R11,Retail,585,3690984.66,0.844,0.50–0.99,3,Active,1.0,10.0,0,1960744.25,0.13492027459505215
ACC06552,R08,Professional services,73,479818.59,0.4882,0.15–0.49,12,Active,0.6666666666666666,13.333333333333334,10,72763.87,0.2570404118949355
ACC06553,R21,Healthcare,387,3339402.72,1.2373,1.00–1.49,12,Active,1.0,10.0,0,2645006.9,0.1301066020889419
ACC06554,R11,Retail,231,1560196.86,1.3244,1.00–1.49,12,Active,1.0,3.3333333333333335,5,1236376.96,0.16901302914214011
ACC06555,R18,Manufacturing,1066,7683684.42,0.7079,0.50–0.99,7,Active,0.3333333333333333,8.333333333333334,10,3315832.0,0.07302717000329312
ACC06556,R21,Professional services,658,3910110.69,0.2836,0.15–0.49,12,Active,0.6666666666666666,15.0,10,1048087.8,0.13800040733442237
ACC06557,R06,Retail,630,5506710.02,0.5323,0.50–0.99,8,Active,0.6666666666666666,3.3333333333333335,-5,2210252.2399999998,0.1332631808463387
ACC06558,R22,Financial services,117,788518.35,1.0659,1.00–1.49,9,Active,0.6666666666666666,6.666666666666667,0,783521.84,0.1980664537259099
ACC06559,R10,Financial services,152,1555022.79,1.3423,1.00–1.49,4,Active,1.0,1.6666666666666667,5,653085.05,0.19376857340737205
ACC06560,R02,Retail,65,410692.84,0.3983,0.15–0.49,6,Active,0.3333333333333333,8.333333333333334,0,64585.95,0.3281905355959812
ACC06561,R10,Retail,246,1741034.57,0.616,0.50–0.99,12,Active,1.0,-1.6666666666666667,-10,812210.72,0.24060902229275755
ACC06562,R26,Financial services,74,621369.05,0.571,0.50–0.99,12,Active,0.6666666666666666,1.6666666666666667,15,184327.59,0.2882792788092122
ACC06563,R18,Healthcare,289,2372873.75,0.7358,0.50–0.99,6,Active,1.0,5.0,15,1053814.35,0.16246491659891657
ACC06564,R37,Retail,195,1161934.74,2.2179,1.50–2.49,7,Active,1.0,-1.6666666666666667,0,3128645.95,0.1836903975067701
ACC06565,R05,Hospitality,112,717147.46,3.3613,2.50–5.00,7,Active,1.0,8.333333333333334,25,3306629.69,0.18376368998596043
ACC06566,R36,Healthcare,741,5874716.54,0.7597,0.50–0.99,5,Active,1.0,3.3333333333333335,0,3107001.22,0.10047748249185225
ACC06567,R31,Hospitality,273,1564747.92,0.788,0.50–0.99,12,Active,1.0,13.333333333333334,0,655473.52,0.16522604095003146
ACC06568,R47,Financial services,201,1194956.41,0.3881,0.15–0.49,1,Active,1.0,-5.0,0,389448.38,0.2975960979799841
ACC06569,R21,Hospitality,395,2510204.23,0.7245,0.50–0.99,10,Active,1.0,3.3333333333333335,-5,1539752.65,0.12816564837031802
ACC06570,R24,Professional services,239,1912940.16,0.6061,0.50–0.99,6,Active,1.0,0.0,5,709133.04,0.1372070199899601
ACC06571,R47,Hospitality,109,722271.39,1.4423,1.00–1.49,12,Active,1.0,6.666666666666667,15,738679.9,0.29024668153295113
ACC06572,R15,Manufacturing,151,1178875.24,0.2282,0.15–0.49,4,Active,0.6666666666666666,10.0,0,248414.81,0.29910795058029915
ACC06573,R39,Retail,261,1541974.15,0.6398,0.50–0.99,12,Active,1.0,3.3333333333333335,5,876459.54,0.1378926484158331
ACC06574,R13,Logistics,77,533976.17,0.6104,0.50–0.99,2,Active,1.0,-3.3333333333333335,10,471491.54,0.31991321184218446
ACC06575,R21,Financial services,435,2210558.79,0.4824,0.15–0.49,11,Active,0.6666666666666666,15.0,10,679952.32,0.15537626275593613
ACC06576,R32,Logistics,78,514178.42,0.6964,0.50–0.99,8,Active,1.0,5.0,20,461980.04,0.2509869429563972
ACC06577,R20,Logistics,857,4732508.74,0.7482,0.50–0.99,4,Active,1.0,0.0,0,2788174.17,0.09591506897817202
ACC06578,R10,Manufacturing,179,1443165.88,0.8159,0.50–0.99,9,Active,1.0,8.333333333333334,15,1007565.52,0.28721407909423047
ACC06579,R26,Technology,125,876570.87,0.6381,0.50–0.99,5,Active,1.0,-3.3333333333333335,0,396255.42,0.17822960555413633
ACC06580,R37,Healthcare,62,555446.5,0.2195,0.15–0.49,1,Active,1.0,5.0,0,56286.38,0.32078697320988897
ACC06581,R19,Financial services,301,2461337.71,3.2989,2.50–5.00,2,Active,1.0,-5.0,-10,7169294.44,0.0970041439466995
ACC06582,R22,Hospitality,276,1411403.15,0.5621,0.50–0.99,7,Active,0.6666666666666666,-1.6666666666666667,0,1179135.1400000001,0.14841826958931914
ACC06583,R11,Hospitality,173,1120505.76,0.6214,0.50–0.99,2,Active,1.0,8.333333333333334,5,972466.5700000001,0.2111698961339083
ACC06584,R24,Healthcare,162,1164559.37,0.5755,0.50–0.99,2,Active,0.6666666666666666,1.6666666666666667,-10,598936.82,0.23181138900752038
ACC06585,R01,Financial services,183,944216.9,0.2503,0.15–0.49,3,Active,0.6666666666666666,10.0,10,270185.2,0.29172916134128607
ACC06586,R06,Professional services,205,1297395.95,0.9216,0.50–0.99,1,Active,1.0,8.333333333333334,15,596784.81,0.18157435641003505
ACC06587,R31,Technology,177,1098107.67,0.2612,0.15–0.49,2,Active,0.6666666666666666,1.6666666666666667,15,292322.79,0.2079530488853576
ACC06588,R35,Professional services,300,2297271.48,4.6696,2.50–5.00,2,Active,1.0,6.666666666666667,5,9128363.54,0.15245593742372562
ACC06589,R44,Logistics,175,1278789.51,1.1452,1.00–1.49,2,Active,0.6666666666666666,1.6666666666666667,5,1392012.07,0.18463708966982392
ACC06590,R28,Manufacturing,384,2341452.75,0.4113,0.15–0.49,5,Active,0.3333333333333333,10.0,5,720015.64,0.1589905455998184
ACC06591,R08,Manufacturing,174,1286850.5,2.3769,1.50–2.49,3,Active,1.0,8.333333333333334,5,2338558.01,0.15744878453019612
ACC06592,R07,Healthcare,709,4107227.82,0.6483,0.50–0.99,7,Active,1.0,6.666666666666667,0,2995301.02,0.12621693249150767
ACC06593,R41,Professional services,139,749604.72,0.5733,0.50–0.99,1,Active,1.0,11.666666666666666,0,402538.04,0.20289736239546102
ACC06594,R12,Professional services,100,768804.16,1.3397,1.00–1.49,12,Active,0.6666666666666666,11.666666666666666,5,788201.1799999999,0.4197418047985247
ACC06595,R35,Manufacturing,134,809673.63,1.0896,1.00–1.49,1,Active,1.0,6.666666666666667,5,767938.73,0.20517469156612866
ACC06596,R11,Professional services,155,902153.42,0.3006,0.15–0.49,9,Active,0.6666666666666666,10.0,5,192570.65,0.22112803205290718
ACC06597,R12,Professional services,244,1332321.03,0.8213,0.50–0.99,2,Active,0.6666666666666666,13.333333333333334,10,766063.4,0.18731922850931265
ACC06598,R13,Logistics,62,326731.63,1.0791,1.00–1.49,11,Active,1.0,0.0,5,352857.55,0.21156926084809022
ACC06599,R06,Retail,457,4588339.66,2.2434,1.50–2.49,2,Active,1.0,6.666666666666667,-10,5825774.87,0.10968611097252443
ACC06600,R27,Technology,235,2035573.47,0.4873,0.15–0.49,1,Active,1.0,1.6666666666666667,0,588971.42,0.17014400404815033
ACC06601,R09,Retail,178,1305500.23,3.1106,2.50–5.00,8,Active,1.0,6.666666666666667,5,4917753.29,0.13282943246070816
ACC06602,R32,Manufacturing,341,2404711.41,0.5344,0.50–0.99,5,Active,1.0,10.0,5,968544.85,0.1732269519191453
ACC06603,R26,Professional services,171,978881.07,0.3749,0.15–0.49,3,Active,0.6666666666666666,5.0,-5,441127.09,0.3071201793410957
ACC06604,R42,Manufacturing,300,1978878.81,0.6381,0.50–0.99,10,Active,1.0,-8.333333333333334,-15,1046343.05,0.17068862613417937
ACC06605,R11,Manufacturing,80,479598.97,0.6519,0.50–0.99,12,Active,0.6666666666666666,10.0,0,265446.97000000003,0.23335139649689482
ACC06606,R02,Hospitality,484,2944209.99,0.4875,0.15–0.49,4,Active,0.6666666666666666,11.666666666666666,25,878701.92,0.12325635783570663
ACC06607,R48,Professional services,313,1377839.72,0.6535,0.50–0.99,6,Active,0.6666666666666666,6.666666666666667,15,1289560.75,0.2149254982158158
ACC06608,R34,Retail,115,634028.98,0.7124,0.50–0.99,1,Active,0.6666666666666666,5.0,0,549688.68,0.28298915761890875
ACC06609,R41,Technology,453,2605708.72,2.3331,1.50–2.49,5,Active,1.0,1.6666666666666667,5,6115225.17,0.10876353115926754
ACC06610,R03,Professional services,374,3102088.48,1.4739,1.00–1.49,5,Active,1.0,-6.666666666666667,-10,2197492.5,0.12077309323875389
ACC06611,R28,Healthcare,199,1249005.24,0.2137,0.15–0.49,10,Active,0.3333333333333333,8.333333333333334,15,261610.35,0.21005877195963857
ACC06612,R01,Manufacturing,478,3654182.24,0.5344,0.50–0.99,8,Active,0.6666666666666666,5.0,20,1350751.86,0.10515951754349952
ACC06613,R03,Healthcare,75,432347.97,0.3296,0.15–0.49,9,Active,1.0,6.666666666666667,5,132752.66999999998,0.24677513991700364
ACC06614,R27,Hospitality,62,423623.73,0.9891,0.50–0.99,11,Active,1.0,6.666666666666667,0,190629.33,0.4310303040438489
ACC06615,R14,Professional services,103,744683.7,1.2886,1.00–1.49,2,Active,0.6666666666666666,13.333333333333334,15,648527.15,0.2508413194383807
ACC06616,R30,Logistics,323,1679629.82,0.2077,0.15–0.49,2,Active,1.0,10.0,5,492277.48,0.1462483707753058
ACC06617,R42,Manufacturing,395,3031933.18,0.5939,0.50–0.99,1,Active,0.6666666666666666,10.0,15,1519603.07,0.1607664621179456
ACC06618,R23,Logistics,102,949378.15,2.3999,1.50–2.49,8,Active,1.0,0.0,5,1043896.82,0.17609822767183733
ACC06619,R46,Professional services,136,1122347.4,0.7235,0.50–0.99,11,Active,1.0,13.333333333333334,20,527447.91,0.19671084081238166
ACC06620,R48,Retail,690,5587715.68,0.7045,0.50–0.99,3,Active,1.0,8.333333333333334,10,2075963.68,0.09949354270732723
ACC06621,R43,Manufacturing,221,1124938.42,0.8648,0.50–0.99,2,Active,1.0,8.333333333333334,10,872271.64,0.19426970886000405
ACC06622,R11,Healthcare,364,3697185.58,3.3333,2.50–5.00,4,Active,1.0,11.666666666666666,20,10143808.74,0.10041632259991008
ACC06623,R25,Professional services,395,3909973.67,1.3297,1.00–1.49,1,Active,1.0,-1.6666666666666667,0,2695725.89,0.11265644736563332
ACC06624,R46,Retail,219,1112216.64,0.1619,0.15–0.49,1,Active,0.6666666666666666,8.333333333333334,20,269657.3,0.27650989830120537
ACC06625,R24,Hospitality,155,830673.05,0.5531,0.50–0.99,11,Active,0.3333333333333333,11.666666666666666,5,720013.79,0.2238994360215177
ACC06626,R35,Financial services,579,4647981.78,1.4288,1.00–1.49,7,Active,0.6666666666666666,11.666666666666666,15,3931979.63,0.11432901980997388
ACC06627,R34,Healthcare,506,2647462.32,0.5971,0.50–0.99,12,Active,0.6666666666666666,5.0,10,2705924.85,0.13309419180977278
ACC06628,R17,Financial services,165,1315248.41,3.7518,2.50–5.00,6,Active,1.0,8.333333333333334,20,3835958.2,0.1331023698387901
ACC06629,R13,Retail,286,2021898.37,0.8775,0.50–0.99,5,Active,1.0,16.666666666666668,25,1350715.55,0.17296816453663372
ACC06630,R15,Manufacturing,227,1751985.66,1.7526,1.50–2.49,5,Active,1.0,1.6666666666666667,10,2296211.92,0.11809698283249724
ACC06631,R14,Professional services,341,2183146.45,0.5278,0.50–0.99,2,Active,0.3333333333333333,8.333333333333334,10,1176097.18,0.13703394279981193
ACC06632,R33,Logistics,194,1079510.61,1.467,1.00–1.49,8,Active,0.6666666666666666,10.0,15,1245725.39,0.23281351578722734
ACC06633,R02,Technology,263,1528912.64,0.1616,0.15–0.49,3,Active,0.3333333333333333,6.666666666666667,15,442030.92,0.2070604765369185
ACC06634,R27,Manufacturing,140,887177.61,0.7639,0.50–0.99,4,Active,1.0,10.0,25,494039.7,0.22173719312200477
ACC06635,R26,Healthcare,125,785189.31,0.9848,0.50–0.99,4,Active,0.6666666666666666,13.333333333333334,25,554821.62,0.22139796341953757
ACC06636,R03,Financial services,409,2671151.32,0.4707,0.15–0.49,9,Active,1.0,0.0,5,583709.61,0.12784143426385802
ACC06637,R36,Logistics,284,1597721.57,0.2348,0.15–0.49,10,Active,1.0,3.3333333333333335,0,484816.6,0.350880201309917
ACC06638,R07,Retail,258,1282973.61,0.4294,0.15–0.49,4,Active,0.0,10.0,10,392190.91,0.15115836266216243
ACC06639,R40,Technology,212,1621481.67,0.7803,0.50–0.99,10,Active,1.0,11.666666666666666,15,821461.77,0.17092570337971255
ACC06640,R36,Logistics,102,691764.38,0.2109,0.15–0.49,10,Active,0.6666666666666666,0.0,0,165936.09,0.2534637415462225
ACC06641,R04,Technology,236,1589256.48,0.5646,0.50–0.99,7,Active,1.0,5.0,-10,948645.59,0.22708242132712395
ACC06642,R06,Logistics,117,1068879.29,2.4764,1.50–2.49,2,Active,1.0,6.666666666666667,10,1715527.72,0.1840754247592742
ACC06643,R35,Technology,415,2852223.18,1.8034,1.50–2.49,9,Active,1.0,11.666666666666666,20,5546817.3,0.1404602033866864
ACC06644,R32,Technology,366,2486857.03,1.1158,1.00–1.49,10,Active,0.6666666666666666,5.0,5,2085544.15,0.12857078952003584
ACC06645,R45,Manufacturing,67,473328.39,0.5312,0.50–0.99,11,Active,1.0,3.3333333333333335,0,229435.63999999998,0.2746376648376376
ACC06646,R25,Professional services,180,1216108.54,0.9366,0.50–0.99,11,Active,1.0,3.3333333333333335,10,501383.25,0.1909330876886239
ACC06647,R36,Hospitality,137,601536.75,0.8972,0.50–0.99,10,Active,1.0,6.666666666666667,0,655457.13,0.21881886465312692
ACC06648,R39,Retail,590,4535785.64,1.7991,1.50–2.49,9,Active,1.0,1.6666666666666667,25,7333439.2,0.08633096741047713
ACC06649,R31,Professional services,209,1184372.31,0.4247,0.15–0.49,5,Active,0.3333333333333333,13.333333333333334,25,258924.94,0.2512861071835855
ACC06650,R39,Professional services,66,483004.51,0.1542,0.15–0.49,12,Active,1.0,3.3333333333333335,-15,56525.83,0.36859238782860165
ACC06651,R19,Logistics,343,2211752.12,0.5781,0.50–0.99,7,Active,1.0,-1.6666666666666667,-10,1455635.32,0.13845919353541153
ACC06652,R14,Professional services,122,666677.52,0.4038,0.15–0.49,3,Active,1.0,6.666666666666667,5,380813.33,0.3128280205214203
ACC06653,R12,Financial services,151,1207271.3,0.8534,0.50–0.99,11,Active,1.0,10.0,15,707126.72,0.2537121840257368
ACC06654,R08,Healthcare,151,1274774.74,0.599,0.50–0.99,3,Active,0.6666666666666666,10.0,0,556025.59,0.20259021313466716
ACC06655,R16,Logistics,218,1508411.73,0.2946,0.15–0.49,11,Active,1.0,6.666666666666667,15,457959.11,0.17437879077226692
ACC06656,R18,Manufacturing,969,6141895.67,0.4402,0.15–0.49,12,Active,0.6666666666666666,10.0,20,1931004.47,0.15202893259092568
ACC06657,R29,Logistics,463,2786757.31,0.1697,0.15–0.49,5,Active,1.0,8.333333333333334,15,708698.95,0.14571033318588492
ACC06658,R14,Healthcare,252,1055919.7,0.3558,0.15–0.49,9,Active,1.0,6.666666666666667,0,445750.3,0.24046135829756438
ACC06659,R44,Manufacturing,90,541784.17,0.6955,0.50–0.99,5,Active,0.6666666666666666,15.0,25,349845.48,0.35752669730039305
ACC06660,R16,Professional services,228,1723623.33,1.4572,1.00–1.49,6,Active,1.0,1.6666666666666667,5,1306799.58,0.16052193530966294
ACC06661,R45,Financial services,230,2031968.71,1.7592,1.50–2.49,1,Active,1.0,13.333333333333334,25,3709934.19,0.17059163419056408
ACC06662,R43,Retail,115,819196.11,0.7708,0.50–0.99,1,Active,1.0,16.666666666666668,20,380747.75,0.20956591558287807
ACC06663,R27,Hospitality,287,1783125.77,3.6731,2.50–5.00,5,Active,1.0,-1.6666666666666667,5,6952634.12,0.13013632196624061
ACC06664,R09,Hospitality,69,352375.0,0.5083,0.50–0.99,12,Active,0.6666666666666666,10.0,-15,281173.49,0.2997789939152174
ACC06665,R08,Technology,144,1118288.1,0.1862,0.15–0.49,3,Active,0.3333333333333333,16.666666666666668,25,165459.38,0.24555817054015186
ACC06666,R28,Logistics,105,808250.17,0.3395,0.15–0.49,9,Active,0.3333333333333333,10.0,0,119867.56,0.2269098259737026
ACC06667,R36,Financial services,271,2077979.57,0.2263,0.15–0.49,8,Active,1.0,-6.666666666666667,-15,385618.85000000003,0.18103961340906724
ACC06668,R09,Logistics,598,3518210.77,0.4253,0.15–0.49,9,Active,0.6666666666666666,6.666666666666667,0,1180586.11,0.1415558695036841
ACC06669,R07,Professional services,336,1408062.45,0.4785,0.15–0.49,3,Active,1.0,-8.333333333333334,5,586060.84,0.16700181978045894
ACC06670,R15,Logistics,883,8440414.48,2.107,1.50–2.49,5,Active,0.6666666666666666,11.666666666666666,10,12104987.84,0.07456146459914616
ACC06671,R30,Healthcare,623,6067876.99,1.8801,1.50–2.49,10,Active,0.6666666666666666,11.666666666666666,10,7975963.42,0.08414988502296593
ACC06672,R48,Manufacturing,195,1020783.43,0.7562,0.50–0.99,3,Active,0.6666666666666666,1.6666666666666667,-15,653306.14,0.17410791095212902
ACC06673,R28,Retail,90,585399.41,0.4449,0.15–0.49,4,Active,1.0,3.3333333333333335,0,149343.29,0.34568874228338
ACC06674,R23,Healthcare,374,1828500.12,0.8521,0.50–0.99,5,Active,1.0,6.666666666666667,5,1259366.66,0.11842686687739096
ACC06675,R30,Manufacturing,937,5410609.02,0.6215,0.50–0.99,1,Active,1.0,0.0,-5,3061849.43,0.09236462664990808
ACC06676,R13,Retail,529,3430994.55,1.9858,1.50–2.49,7,Active,0.6666666666666666,1.6666666666666667,0,7104197.7299999995,0.1310030077068439
ACC06677,R27,Professional services,292,1427659.17,0.9811,0.50–0.99,3,Active,1.0,8.333333333333334,15,849090.54,0.1484338266987227
ACC06678,R40,Logistics,313,2027765.74,1.7278,1.50–2.49,4,Active,1.0,13.333333333333334,25,3519137.91,0.1049869947430399
ACC06679,R33,Retail,205,1426461.41,1.7312,1.50–2.49,4,Active,1.0,8.333333333333334,5,2551057.35,0.14815626227738402
ACC06680,R08,Manufacturing,167,1390246.25,2.1211,1.50–2.49,2,Active,0.6666666666666666,10.0,20,2047157.8399999999,0.15116916148729914
ACC06681,R17,Professional services,195,2022846.84,1.7492,1.50–2.49,1,Active,1.0,8.333333333333334,0,3118991.56,0.14067301976149435
ACC06682,R48,Manufacturing,62,409874.28,0.4656,0.15–0.49,7,Active,0.6666666666666666,11.666666666666666,10,146682.55,0.3631148613944416
ACC06683,R20,Logistics,159,1295726.03,0.5688,0.50–0.99,10,Active,1.0,6.666666666666667,-10,649467.3,0.24924881635641602
ACC06684,R05,Retail,106,699730.34,0.8167,0.50–0.99,3,Active,0.6666666666666666,6.666666666666667,-10,542906.94,0.26543300075811316
ACC06685,R26,Financial services,113,800614.6,0.6937,0.50–0.99,6,Active,0.3333333333333333,5.0,-5,442146.07,0.20821250530674895
ACC06686,R08,Retail,241,1556709.21,1.0296,1.00–1.49,5,Active,0.6666666666666666,3.3333333333333335,0,1600713.97,0.14952203453359522
ACC06687,R45,Professional services,62,519477.8,1.6703,1.50–2.49,3,Active,1.0,5.0,-5,603718.86,0.26285651405527977
ACC06688,R35,Healthcare,135,935643.99,0.5413,0.50–0.99,3,Active,1.0,6.666666666666667,-15,382573.31,0.18032932024770712
ACC06689,R36,Healthcare,413,2849475.39,2.1566,1.50–2.49,4,Active,1.0,8.333333333333334,5,6188210.34,0.11204969503485633
ACC06690,R34,Retail,333,2502034.13,0.5852,0.50–0.99,2,Active,0.6666666666666666,3.3333333333333335,-10,986034.51,0.14004459342092937
ACC06691,R43,Technology,62,470172.46,0.9823,0.50–0.99,8,Active,1.0,15.0,25,191444.23,0.29646243365952907
ACC06692,R07,Professional services,1095,7570024.75,0.3964,0.15–0.49,3,Active,0.3333333333333333,-1.6666666666666667,10,1547183.58,0.09132805238230038
ACC06693,R13,Technology,585,4356617.65,0.8767,0.50–0.99,12,Active,1.0,5.0,10,1857213.7,0.09383829330635782
ACC06694,R07,Logistics,159,965543.09,0.6717,0.50–0.99,7,Active,1.0,-8.333333333333334,-10,491735.17,0.1761866356071288
ACC06695,R38,Hospitality,184,1133777.63,0.8803,0.50–0.99,7,Active,0.6666666666666666,16.666666666666668,20,617508.15,0.21500517374885453
ACC06696,R04,Financial services,361,2923845.71,1.6093,1.50–2.49,9,Active,1.0,3.3333333333333335,-5,4721652.55,0.11715765287752913
ACC06697,R26,Logistics,209,1398589.44,0.7177,0.50–0.99,11,Active,0.6666666666666666,10.0,15,653007.1900000001,0.14158782696664096
ACC06698,R20,Logistics,334,2345437.7,0.1683,0.15–0.49,11,Active,0.6666666666666666,5.0,10,568206.92,0.16876863070463335
ACC06699,R06,Retail,616,3685213.16,0.4897,0.15–0.49,10,Active,1.0,10.0,15,883271.79,0.21120914973215082
ACC06700,R26,Technology,1006,6137345.79,0.6685,0.50–0.99,1,Active,1.0,3.3333333333333335,0,3471014.84,0.09455962529978429
ACC06701,R09,Manufacturing,175,1281162.36,0.8647,0.50–0.99,6,Active,1.0,6.666666666666667,20,828050.91,0.20030651801857766
ACC06702,R37,Hospitality,315,1918452.44,0.7241,0.50–0.99,8,Active,1.0,3.3333333333333335,15,1321705.91,0.2277924230627416
ACC06703,R31,Professional services,186,1285331.32,0.5716,0.50–0.99,2,Active,1.0,8.333333333333334,0,617304.1900000001,0.16751871676528474
ACC06704,R47,Professional services,96,532616.65,0.6639,0.50–0.99,8,Active,1.0,10.0,10,411143.29,0.1810097678842927
ACC06705,R27,Hospitality,168,922317.28,0.307,0.15–0.49,4,Active,0.6666666666666666,15.0,15,328195.17,0.16397494104390797
ACC06706,R19,Manufacturing,263,1354206.43,1.2948,1.00–1.49,7,Active,1.0,11.666666666666666,10,1831929.24,0.18000761285316524
ACC06707,R08,Healthcare,191,1229581.76,0.6691,0.50–0.99,1,Active,0.6666666666666666,1.6666666666666667,20,563192.2,0.17299102289061719
ACC06708,R38,Financial services,134,782656.31,0.2127,0.15–0.49,8,Active,1.0,15.0,10,233084.9,0.23432894433536283
ACC06709,R13,Retail,163,1015160.56,0.6799,0.50–0.99,6,Active,0.6666666666666666,8.333333333333334,20,533607.23,0.18703345953967976
ACC06710,R43,Healthcare,259,1487725.22,1.5794,1.50–2.49,1,Active,1.0,0.0,0,4388198.84,0.11816950944514552
ACC06711,R32,Professional services,317,2160297.83,0.8552,0.50–0.99,2,Active,0.6666666666666666,6.666666666666667,10,925654.83,0.1809767748560342
ACC06712,R47,Technology,195,1477265.77,0.9518,0.50–0.99,11,Active,0.6666666666666666,1.6666666666666667,10,460863.66,0.15725109849921787
ACC06713,R22,Healthcare,127,1198799.83,1.9606,1.50–2.49,11,Active,1.0,-1.6666666666666667,-10,1623214.23,0.14993243364301448
ACC06714,R30,Technology,90,565331.63,0.949,0.50–0.99,10,Active,0.6666666666666666,8.333333333333334,25,235413.1,0.3044655505668581
ACC06715,R33,Healthcare,87,673719.47,0.5647,0.50–0.99,7,Active,0.6666666666666666,6.666666666666667,0,236791.87,0.22006463279916472
ACC06716,R02,Healthcare,585,4917351.27,4.1293,2.50–5.00,10,Active,1.0,5.0,5,19798481.79,0.09247671188061354
ACC06717,R42,Manufacturing,62,549611.98,2.7461,2.50–5.00,1,Active,1.0,3.3333333333333335,10,1314136.82,0.22641413919407283
ACC06718,R33,Retail,214,1583673.23,0.5915,0.50–0.99,6,Active,0.6666666666666666,10.0,20,742737.38,0.18323979317588884
ACC06719,R19,Technology,124,954584.63,1.1035,1.00–1.49,4,Active,0.6666666666666666,-3.3333333333333335,5,586907.84,0.22343929041281024
ACC06720,R33,Manufacturing,136,809323.46,0.575,0.50–0.99,6,Active,0.3333333333333333,8.333333333333334,5,524908.55,0.20492854805423555
ACC06721,R02,Logistics,607,4042734.97,0.2949,0.15–0.49,4,Active,0.3333333333333333,10.0,10,927280.56,0.11934152238901026
ACC06722,R45,Logistics,402,3411729.43,0.5973,0.50–0.99,1,Active,1.0,11.666666666666666,5,1066052.07,0.11050258636211281
ACC06723,R15,Financial services,74,415218.15,0.6841,0.50–0.99,2,Active,1.0,13.333333333333334,10,413563.7,0.3267853763405646
ACC06724,R24,Retail,684,3846315.17,0.4899,0.15–0.49,8,Active,0.6666666666666666,8.333333333333334,20,1235721.25,0.10554042296705397
ACC06725,R17,Manufacturing,171,1675085.82,2.3002,1.50–2.49,6,Active,1.0,1.6666666666666667,-10,2452930.62,0.19581629547891954
ACC06726,R16,Professional services,377,2708153.45,0.9814,0.50–0.99,6,Active,0.6666666666666666,8.333333333333334,25,1388760.36,0.12813488201078038
ACC06727,R39,Professional services,220,2019499.17,1.0658,1.00–1.49,5,Active,1.0,8.333333333333334,0,1453097.05,0.1576872257150385
ACC06728,R47,Professional services,291,1859153.24,0.6735,0.50–0.99,6,Active,1.0,5.0,10,981982.71,0.15394076344607122
ACC06729,R36,Hospitality,335,2170723.39,0.6364,0.50–0.99,3,Active,0.3333333333333333,3.3333333333333335,25,1274353.3699999999,0.14438940225265856
ACC06730,R14,Financial services,85,494754.93,0.7478,0.50–0.99,1,Active,1.0,-1.6666666666666667,5,317070.96,0.2649061906127453
ACC06731,R15,Financial services,360,1981451.68,0.4607,0.15–0.49,3,Active,0.6666666666666666,8.333333333333334,15,466861.82,0.1720437772596302
ACC06732,R07,Financial services,320,1954256.82,0.8395,0.50–0.99,10,Active,1.0,8.333333333333334,20,1290021.63,0.16305267660090553
ACC06733,R48,Financial services,538,3660003.24,0.5946,0.50–0.99,10,Active,1.0,5.0,5,1977054.56,0.13658090480263468
ACC06734,R21,Healthcare,94,632395.66,0.2117,0.15–0.49,4,Active,1.0,8.333333333333334,25,138967.48,0.2598121310546341
ACC06735,R17,Hospitality,222,1654347.66,0.6117,0.50–0.99,8,Active,1.0,13.333333333333334,10,1036814.74,0.24830220738959272
ACC06736,R17,Logistics,314,1449978.35,0.1762,0.15–0.49,5,Active,0.6666666666666666,11.666666666666666,15,614737.4299999999,0.23622587011859206
ACC06737,R15,Manufacturing,266,1285511.43,0.2421,0.15–0.49,7,Active,0.0,8.333333333333334,25,346944.33,0.17710026288555866
ACC06738,R36,Logistics,79,518028.8,0.9512,0.50–0.99,6,Active,1.0,10.0,10,183982.31,0.21487769658747938
ACC06739,R16,Professional services,542,3374671.66,0.282,0.15–0.49,1,Active,1.0,-3.3333333333333335,5,695962.71,0.12064616544392345
ACC06740,R12,Hospitality,260,1611912.05,3.7481,2.50–5.00,10,Active,1.0,20.0,20,6020301.25,0.1131986943691711
ACC06741,R27,Healthcare,329,2692333.45,1.0479,1.00–1.49,6,Active,1.0,1.6666666666666667,5,1816692.64,0.11640593364091038
ACC06742,R30,Retail,321,2399352.71,1.377,1.00–1.49,8,Active,1.0,6.666666666666667,15,1817115.61,0.13202907629703423
ACC06743,R09,Healthcare,177,885259.33,0.6921,0.50–0.99,9,Active,0.6666666666666666,20.0,25,750845.86,0.24859008828380438
ACC06744,R44,Financial services,576,3769140.01,1.1065,1.00–1.49,4,Active,1.0,6.666666666666667,0,3714995.58,0.10170373013614735
ACC06745,R22,Professional services,305,1703968.11,0.684,0.50–0.99,6,Active,1.0,8.333333333333334,10,1101293.54,0.1579060826075981
ACC06746,R32,Logistics,148,1140398.29,1.3599,1.00–1.49,7,Active,1.0,10.0,5,894682.02,0.15972425978951615
ACC06747,R39,Technology,301,1763824.97,0.9855,0.50–0.99,4,Active,1.0,5.0,5,1086435.95,0.14584195625260268
ACC06748,R13,Technology,227,1911333.9,1.4754,1.00–1.49,8,Active,1.0,6.666666666666667,20,1006774.51,0.1263382337702494
ACC06749,R22,Hospitality,375,2175281.65,0.9439,0.50–0.99,6,Active,0.6666666666666666,8.333333333333334,20,1460553.36,0.11619077329324085
ACC06750,R45,Hospitality,126,885440.02,0.6446,0.50–0.99,9,Active,0.6666666666666666,8.333333333333334,5,592314.31,0.21260356854027823
ACC06751,R40,Healthcare,72,457817.71,1.3401,1.00–1.49,11,Active,1.0,16.666666666666668,10,478361.72,0.25689264642573034
ACC06752,R46,Technology,62,480648.96,1.6846,1.50–2.49,8,Active,1.0,10.0,15,712232.21,0.2845214929244879
ACC06753,R22,Technology,473,3093679.73,0.5244,0.50–0.99,5,Active,1.0,6.666666666666667,5,1612310.45,0.1391692033638472
ACC06754,R15,Retail,142,964515.15,0.9542,0.50–0.99,1,Active,1.0,3.3333333333333335,-5,776044.92,0.3037012988862825
ACC06755,R37,Technology,297,1615814.08,0.2722,0.15–0.49,11,Active,0.3333333333333333,11.666666666666666,20,555723.14,0.16548633240653138
ACC06756,R47,Technology,101,708497.69,2.4417,1.50–2.49,7,Active,1.0,5.0,10,1119698.48,0.17927773996903512
ACC06757,R21,Manufacturing,373,2973866.86,1.0186,1.00–1.49,2,Active,0.6666666666666666,16.666666666666668,15,2262099.83,0.11629366751583713
ACC06758,R11,Technology,417,2984806.28,0.4679,0.15–0.49,12,Active,1.0,1.6666666666666667,10,579936.34,0.17986975635667973
ACC06759,R25,Financial services,229,1402428.36,0.3316,0.15–0.49,1,Active,0.3333333333333333,5.0,-5,517293.98,0.2503570029457675
ACC06760,R06,Healthcare,206,1445694.72,0.7086,0.50–0.99,4,Active,1.0,3.3333333333333335,15,703009.75,0.1909333586103436
ACC06761,R25,Logistics,359,2282453.91,0.3316,0.15–0.49,9,Active,0.6666666666666666,5.0,20,685764.55,0.20176034599708473
ACC06762,R43,Financial services,246,1903352.33,2.5762,2.50–5.00,5,Active,1.0,5.0,0,7088062.19,0.14187339655115236
ACC06763,R13,Healthcare,710,5187026.57,0.7721,0.50–0.99,8,Active,1.0,1.6666666666666667,20,2302256.84,0.09964714992360112
ACC06764,R47,Logistics,418,2401303.4,0.5399,0.50–0.99,7,Active,1.0,-3.3333333333333335,15,1268625.2,0.1526917225313954
ACC06765,R36,Logistics,129,874540.33,0.3395,0.15–0.49,10,Active,1.0,-1.6666666666666667,0,268133.86,0.23351121830922453
ACC06766,R04,Manufacturing,336,2132463.43,1.8697,1.50–2.49,6,Active,1.0,0.0,0,4560897.91,0.09959209082712774
ACC06767,R22,Retail,119,710363.24,0.4165,0.15–0.49,3,Active,1.0,11.666666666666666,15,185384.0,0.3377284059182034
ACC06768,R16,Retail,432,3153327.31,0.8391,0.50–0.99,8,Active,0.3333333333333333,5.0,5,1283573.73,0.16204200907368513
ACC06769,R34,Healthcare,284,2036388.1,1.0916,1.00–1.49,5,Active,1.0,5.0,-5,1715958.85,0.16051759351001688
ACC06770,R37,Financial services,410,2978930.14,0.3607,0.15–0.49,9,Active,0.6666666666666666,11.666666666666666,10,730406.12,0.1280206366411311
ACC06771,R16,Retail,203,1274990.2,0.6025,0.50–0.99,10,Active,1.0,-6.666666666666667,-5,547129.55,0.17780800089137333
ACC06772,R38,Professional services,207,1202594.36,1.5314,1.50–2.49,7,Active,1.0,1.6666666666666667,-5,2408462.1,0.13782233929642956
ACC06773,R15,Professional services,130,923975.32,0.668,0.50–0.99,11,Active,1.0,3.3333333333333335,-5,515302.65,0.2608263260867708
ACC06774,R37,Technology,304,1432420.82,0.7464,0.50–0.99,2,Active,1.0,1.6666666666666667,10,1163431.74,0.18236151468500966
ACC06775,R40,Manufacturing,141,891398.21,0.5803,0.50–0.99,3,Active,1.0,3.3333333333333335,-5,364814.05,0.2025435671725586
ACC06776,R43,Professional services,211,1397831.38,0.5234,0.50–0.99,5,Active,1.0,1.6666666666666667,5,711590.62,0.15581126377920151
ACC06777,R06,Technology,176,1090906.29,1.1956,1.00–1.49,10,Active,1.0,3.3333333333333335,10,1146306.37,0.18561294837895262
ACC06778,R26,Healthcare,615,4931254.68,1.0881,1.00–1.49,1,Active,1.0,5.0,0,4184068.52,0.09949897097192309
ACC06779,R19,Healthcare,214,1725562.46,1.2576,1.00–1.49,7,Active,1.0,5.0,-5,1132431.27,0.12922004807526827
ACC06780,R28,Manufacturing,256,1977286.27,2.2753,1.50–2.49,4,Active,1.0,8.333333333333334,10,3279796.8,0.12210913551847428
ACC06781,R38,Retail,295,1538285.43,0.9585,0.50–0.99,5,Active,1.0,0.0,-15,925618.47,0.17949204480379927
ACC06782,R33,Technology,114,681561.44,0.6733,0.50–0.99,4,Active,1.0,11.666666666666666,0,425482.72,0.23031890921188167
ACC06783,R23,Financial services,87,630174.95,1.9083,1.50–2.49,4,Active,1.0,0.0,-5,1520828.52,0.18465653016803762
ACC06784,R33,Retail,171,1062935.9,0.6442,0.50–0.99,6,Active,1.0,-3.3333333333333335,-10,513305.6,0.1814901155587105
ACC06785,R24,Manufacturing,596,3099086.12,1.3666,1.00–1.49,8,Active,0.6666666666666666,16.666666666666668,15,3853044.69,0.09562726713885407
ACC06786,R25,Manufacturing,237,1393522.29,0.8313,0.50–0.99,1,Active,0.6666666666666666,-1.6666666666666667,-10,666489.08,0.14018933797105307
ACC06787,R40,Manufacturing,153,971525.22,0.771,0.50–0.99,9,Active,1.0,-8.333333333333334,-10,413077.63,0.1790638846418125
ACC06788,R23,Hospitality,319,2575314.39,0.9009,0.50–0.99,6,Active,0.6666666666666666,3.3333333333333335,5,1047300.64,0.14861771125581932
ACC06789,R25,Retail,66,399371.81,0.5765,0.50–0.99,5,Active,0.3333333333333333,10.0,0,180123.22,0.27813875605880234
ACC06790,R07,Retail,502,2581579.59,0.5026,0.50–0.99,5,Active,1.0,3.3333333333333335,5,1672543.71,0.12835842710785147
ACC06791,R29,Professional services,364,3455199.62,2.3493,1.50–2.49,2,Active,0.6666666666666666,8.333333333333334,15,4169875.62,0.11196463162145016
ACC06792,R45,Financial services,323,2114367.73,0.8026,0.50–0.99,4,Active,0.3333333333333333,20.0,25,1059151.82,0.1437157964834223
ACC06793,R23,Retail,125,567126.42,0.7182,0.50–0.99,1,Active,1.0,3.3333333333333335,10,306006.02,0.23643371555616755
ACC06794,R34,Manufacturing,106,594460.86,0.3708,0.15–0.49,2,Active,0.6666666666666666,10.0,0,235482.92,0.23422922178292108
ACC06795,R15,Professional services,222,1537283.5,0.889,0.50–0.99,1,Active,0.6666666666666666,16.666666666666668,10,565804.4400000001,0.16289001363193292
ACC06796,R35,Healthcare,156,928698.63,0.9497,0.50–0.99,11,Active,1.0,11.666666666666666,5,499329.6,0.1542433228853612
ACC06797,R34,Retail,236,1139313.81,0.3011,0.15–0.49,7,Active,0.6666666666666666,1.6666666666666667,10,445706.04,0.19591905188464948
ACC06798,R46,Hospitality,302,2423546.86,2.4637,1.50–2.49,3,Active,1.0,3.3333333333333335,-15,3517422.2199999997,0.14518764614089544
ACC06799,R02,Logistics,220,1932515.25,0.6146,0.50–0.99,7,Active,0.3333333333333333,5.0,5,1212031.82,0.24149006592600608
ACC06800,R14,Hospitality,234,1456282.39,0.8175,0.50–0.99,2,Active,0.6666666666666666,13.333333333333334,10,724515.41,0.19146520790197788
ACC06801,R45,Financial services,209,1114296.12,0.623,0.50–0.99,3,Active,1.0,0.0,-10,643246.53,0.18061249248368907
ACC06802,R30,Technology,457,3347289.26,0.234,0.15–0.49,4,Active,1.0,8.333333333333334,0,941945.5499999999,0.27562426236915977
ACC06803,R39,Logistics,842,5801693.79,1.2824,1.00–1.49,8,Active,1.0,1.6666666666666667,15,5775035.7,0.12335430040610129
ACC06804,R30,Hospitality,419,4261669.39,3.6204,2.50–5.00,12,Active,1.0,5.0,25,10339110.54,0.09015029159686046
ACC06805,R16,Technology,415,2252034.84,0.8886,0.50–0.99,6,Active,1.0,5.0,15,1293843.2,0.11102733160912796
ACC06806,R02,Financial services,477,3223875.5,0.9837,0.50–0.99,10,Active,0.6666666666666666,15.0,20,1477785.36,0.12843171538046586
ACC06807,R02,Professional services,71,343789.6,0.3078,0.15–0.49,11,Active,1.0,1.6666666666666667,-5,142460.89,0.4647846623215767
ACC06808,R36,Hospitality,336,2608043.78,0.7509,0.50–0.99,12,Active,0.6666666666666666,8.333333333333334,5,1395333.04,0.13206749192695777
ACC06809,R33,Manufacturing,501,3135966.43,0.3116,0.15–0.49,3,Active,0.6666666666666666,10.0,15,928132.65,0.15780169452813156
ACC06810,R47,Logistics,208,1291773.04,0.8069,0.50–0.99,3,Active,1.0,1.6666666666666667,15,501238.51,0.18060944518302877
ACC06811,R40,Financial services,93,556573.86,0.3462,0.15–0.49,8,Active,0.6666666666666666,1.6666666666666667,5,142640.84,0.3737705069512729
ACC06812,R31,Financial services,68,781215.45,1.4732,1.00–1.49,5,Active,1.0,11.666666666666666,20,551571.39,0.5211014745462774
ACC06813,R32,Healthcare,538,4341271.63,1.4569,1.00–1.49,12,Active,0.6666666666666666,10.0,10,3508311.08,0.1349383613694625
ACC06814,R40,Technology,196,1142670.1,0.5839,0.50–0.99,1,Active,0.6666666666666666,8.333333333333334,15,808034.04,0.1880750194181679
ACC06815,R12,Hospitality,682,4294170.48,2.2046,1.50–2.49,7,Active,1.0,3.3333333333333335,-15,10037512.25,0.09840162301227003
ACC06816,R46,Professional services,610,5019437.61,1.3043,1.00–1.49,3,Active,1.0,3.3333333333333335,10,4054167.87,0.09117933842189743
ACC06817,R08,Retail,146,920827.25,0.7013,0.50–0.99,3,Active,1.0,8.333333333333334,5,384460.94,0.2464281944080857
ACC06818,R23,Logistics,175,1147315.21,0.5816,0.50–0.99,4,Active,0.3333333333333333,11.666666666666666,15,418287.26,0.19998930874631074
ACC06819,R31,Retail,544,3727692.2,1.0899,1.00–1.49,11,Active,1.0,1.6666666666666667,-5,3304471.19,0.10766782405820079
ACC06820,R13,Financial services,551,4132596.3,0.2335,0.15–0.49,2,Active,0.6666666666666666,3.3333333333333335,0,1062164.72,0.13590717087940044
ACC06821,R08,Manufacturing,161,1194503.01,0.8246,0.50–0.99,10,Active,1.0,-1.6666666666666667,0,442810.5,0.21304820177067377
ACC06822,R31,Healthcare,185,1017706.61,0.331,0.15–0.49,12,Active,0.6666666666666666,5.0,10,337716.36,0.20847028002455564
ACC06823,R41,Retail,180,1313554.39,0.2201,0.15–0.49,4,Active,0.6666666666666666,0.0,0,254186.01,0.24044416486850687
ACC06824,R23,Technology,142,916361.09,0.9782,0.50–0.99,1,Active,0.6666666666666666,10.0,20,710176.18,0.2831248140291986
ACC06825,R14,Healthcare,486,2931615.87,0.2189,0.15–0.49,7,Active,1.0,11.666666666666666,0,670918.42,0.11895831690343488
ACC06826,R07,Retail,161,1162217.38,1.1056,1.00–1.49,5,Active,1.0,13.333333333333334,20,1627037.69,0.20126617191219565
ACC06827,R22,Financial services,457,3293647.81,1.4627,1.00–1.49,1,Active,1.0,1.6666666666666667,20,2870774.06,0.12371753863242968
ACC06828,R33,Professional services,191,1189371.44,0.8623,0.50–0.99,10,Active,0.6666666666666666,1.6666666666666667,5,925480.38,0.3013640065764156
ACC06829,R31,Professional services,142,899129.38,0.7216,0.50–0.99,12,Active,0.6666666666666666,8.333333333333334,15,487569.63,0.1888565851515303
ACC06830,R21,Retail,668,4025692.97,0.3579,0.15–0.49,10,Active,1.0,6.666666666666667,0,1067601.43,0.1250531151452834
ACC06831,R23,Logistics,115,673351.58,1.0773,1.00–1.49,5,Active,0.3333333333333333,5.0,10,1048606.97,0.26578235238775216
ACC06832,R39,Logistics,452,3268316.73,0.9586,0.50–0.99,12,Active,1.0,11.666666666666666,10,1482494.01,0.15731509431120133
ACC06833,R44,Healthcare,191,1499351.63,2.2577,1.50–2.49,9,Active,1.0,5.0,5,2674040.47,0.19614694893724455
ACC06834,R17,Healthcare,406,2812571.95,0.8842,0.50–0.99,12,Active,0.6666666666666666,-6.666666666666667,-15,1642180.53,0.22042916034427867
ACC06835,R19,Logistics,294,2245674.63,2.8971,2.50–5.00,4,Active,1.0,1.6666666666666667,0,7275926.5,0.11455457380865346
ACC06836,R22,Hospitality,211,1179645.07,0.3488,0.15–0.49,4,Active,1.0,0.0,10,252749.5,0.2267349234790407
ACC06837,R46,Hospitality,183,1606616.13,0.7111,0.50–0.99,8,Active,0.6666666666666666,-3.3333333333333335,-15,401174.01,0.1517411335186071
ACC06838,R32,Professional services,62,329812.12,0.4518,0.15–0.49,1,Active,1.0,10.0,10,210860.38,0.4051238595820882
ACC06839,R19,Professional services,90,550173.21,1.2621,1.00–1.49,12,Active,1.0,3.3333333333333335,10,625455.97,0.22420495653577374
ACC06840,R33,Manufacturing,431,2582417.38,0.9362,0.50–0.99,2,Active,1.0,-1.6666666666666667,5,1146500.25,0.14672373918718096
ACC06841,R44,Professional services,294,1841843.88,1.3248,1.00–1.49,6,Active,1.0,5.0,10,2031967.33,0.1431914598215382
ACC06842,R35,Financial services,794,5467431.54,0.9044,0.50–0.99,12,Active,0.3333333333333333,13.333333333333334,20,2796144.34,0.10751959876810807
ACC06843,R31,Technology,408,3436957.8,0.3584,0.15–0.49,2,Active,1.0,10.0,5,803228.68,0.14341985650159703
ACC06844,R23,Manufacturing,151,965490.75,0.6567,0.50–0.99,3,Active,0.6666666666666666,3.3333333333333335,-10,614489.55,0.3099981165275386
ACC06845,R40,Hospitality,152,830028.76,0.5318,0.50–0.99,12,Active,1.0,5.0,5,383919.07,0.17575281135150056
ACC06846,R15,Manufacturing,242,1264519.23,0.4113,0.15–0.49,5,Active,0.6666666666666666,3.3333333333333335,-10,248631.74,0.1661132790262529
ACC06847,R02,Technology,117,798550.45,1.6089,1.50–2.49,7,Active,1.0,16.666666666666668,15,1588374.6,0.16009439832541644
ACC06848,R41,Technology,293,2452757.13,0.9119,0.50–0.99,12,Active,1.0,1.6666666666666667,-15,946180.88,0.15069528943195887
ACC06849,R07,Logistics,147,861701.8,0.8817,0.50–0.99,7,Active,1.0,6.666666666666667,0,506879.24,0.1790723686858443
ACC06850,R03,Retail,380,2459841.67,0.7283,0.50–0.99,10,Active,0.3333333333333333,16.666666666666668,10,1169162.48,0.21433136650694373
ACC06851,R43,Manufacturing,611,4413551.79,0.4044,0.15–0.49,9,Active,1.0,8.333333333333334,10,880908.19,0.11213795098483267
ACC06852,R34,Professional services,546,3906175.5,1.2114,1.00–1.49,8,Active,0.6666666666666666,8.333333333333334,10,3887616.89,0.12943868738634995
ACC06853,R18,Technology,411,3225853.36,1.4166,1.00–1.49,9,Active,1.0,18.333333333333332,25,2674299.65,0.14376532728170802
ACC06854,R10,Technology,143,1101305.38,4.3019,2.50–5.00,2,Active,1.0,13.333333333333334,0,3990636.47,0.1726801712811429
ACC06855,R16,Financial services,1478,9396530.03,0.7531,0.50–0.99,11,Active,0.6666666666666666,-6.666666666666667,5,4992948.96,0.069959909557005
ACC06856,R40,Healthcare,202,849121.81,0.317,0.15–0.49,6,Active,1.0,3.3333333333333335,10,343571.97,0.19990793261415496
ACC06857,R48,Hospitality,125,728214.59,0.7064,0.50–0.99,10,Active,0.6666666666666666,5.0,20,265809.45,0.19511494256194029
ACC06858,R27,Healthcare,135,829285.2,0.4895,0.15–0.49,8,Active,1.0,3.3333333333333335,0,388650.52,0.34260866129750034
ACC06859,R41,Professional services,62,429192.88,0.6063,0.50–0.99,11,Active,1.0,5.0,10,264181.97,0.28260610541782566
ACC06860,R42,Retail,367,2355886.16,0.9127,0.50–0.99,4,Active,0.6666666666666666,8.333333333333334,20,1454821.08,0.13589569132276966
ACC06861,R25,Financial services,372,1984726.6,1.3035,1.00–1.49,10,Active,1.0,8.333333333333334,10,2081968.68,0.10698154062161414
ACC06862,R17,Retail,453,2801321.18,0.3104,0.15–0.49,6,Active,1.0,-8.333333333333334,-15,715994.58,0.1555219854843145
ACC06863,R45,Hospitality,197,1348886.22,0.3952,0.15–0.49,11,Active,0.6666666666666666,15.0,15,411601.09,0.18039588145869548
ACC06864,R34,Technology,372,3276550.14,0.6274,0.50–0.99,9,Active,1.0,5.0,0,1180280.25,0.15685622039040278
ACC06865,R04,Healthcare,378,3035533.64,0.3915,0.15–0.49,4,Active,1.0,3.3333333333333335,-5,494532.52999999997,0.13010528279101746
ACC06866,R03,Retail,114,762113.29,0.8432,0.50–0.99,10,Active,1.0,5.0,-5,304285.39,0.20997042253412687
ACC06867,R02,Logistics,192,1167117.1,1.3687,1.00–1.49,9,Active,0.6666666666666666,8.333333333333334,15,1056352.32,0.20540879381839497
ACC06868,R37,Manufacturing,62,463637.33,0.6712,0.50–0.99,5,Active,0.6666666666666666,16.666666666666668,15,336713.43,0.3466816331927677
ACC06869,R29,Financial services,936,8183935.34,0.7684,0.50–0.99,4,Active,1.0,-1.6666666666666667,10,3350747.8,0.11316945838329197
ACC06870,R37,Logistics,101,826158.0,4.8882,2.50–5.00,2,Active,1.0,6.666666666666667,5,2365459.42,0.18402812000912594
ACC06871,R38,Manufacturing,173,1398949.08,1.4642,1.00–1.49,12,Active,1.0,6.666666666666667,0,1041693.4,0.18306740271949318
ACC06872,R47,Professional services,69,551162.08,1.5118,1.50–2.49,10,Active,0.6666666666666666,8.333333333333334,0,907162.07,0.20465868969598267
ACC06873,R18,Healthcare,111,738806.98,0.4347,0.15–0.49,11,Active,0.3333333333333333,13.333333333333334,0,154752.91,0.26193495352282975
ACC06874,R48,Professional services,299,2084070.9,0.8676,0.50–0.99,2,Active,1.0,13.333333333333334,20,1124953.31,0.14011539285772312
ACC06875,R36,Healthcare,185,1272083.32,0.3072,0.15–0.49,7,Active,0.3333333333333333,-1.6666666666666667,10,242390.66,0.1933827711153043
ACC06876,R26,Professional services,183,1112973.49,0.3076,0.15–0.49,9,Active,1.0,8.333333333333334,10,292763.08,0.20184899372478018
ACC06877,R20,Logistics,82,617558.64,0.2961,0.15–0.49,3,Active,0.6666666666666666,10.0,10,151871.66,0.3541493004583116
ACC06878,R14,Logistics,121,684927.61,1.7641,1.50–2.49,8,Active,0.6666666666666666,13.333333333333334,20,1348693.47,0.1999656132848575
ACC06879,R31,Hospitality,80,605997.14,0.1549,0.15–0.49,3,Active,1.0,13.333333333333334,5,113787.23999999999,0.29648820168466994
ACC06880,R04,Healthcare,457,3574605.94,0.1538,0.15–0.49,12,Active,0.6666666666666666,10.0,10,756883.84,0.14937555748645423
ACC06881,R28,Technology,613,3577091.21,0.2979,0.15–0.49,8,Active,1.0,-1.6666666666666667,-15,989103.61,0.11152822453346936
ACC06882,R46,Professional services,108,885367.81,0.3986,0.15–0.49,5,Active,1.0,6.666666666666667,10,138510.13,0.25709837607738795
ACC06883,R33,Healthcare,628,4824447.56,2.5262,2.50–5.00,10,Active,1.0,3.3333333333333335,10,17630382.4,0.08608560634538576
ACC06884,R40,Financial services,313,1798401.58,0.2699,0.15–0.49,10,Active,0.6666666666666666,11.666666666666666,10,513508.01,0.180842125392207
ACC06885,R35,Healthcare,62,380930.73,0.2519,0.15–0.49,2,Active,0.6666666666666666,-3.3333333333333335,10,73440.8,0.4947606906135092
ACC06886,R15,Logistics,84,533041.82,0.5985,0.50–0.99,2,Active,1.0,11.666666666666666,5,198529.11,0.24727170418834546
ACC06887,R12,Professional services,272,1854652.53,2.2911,1.50–2.49,5,Active,1.0,6.666666666666667,-5,3369531.4899999998,0.12427804561938328
ACC06888,R10,Retail,612,3971214.33,1.4549,1.00–1.49,12,Active,1.0,3.3333333333333335,-5,3767662.34,0.09463907630000422
ACC06889,R11,Healthcare,93,683293.95,0.88,0.50–0.99,6,Active,1.0,-1.6666666666666667,-15,266617.31,0.2635463615571582
ACC06890,R15,Professional services,177,999574.21,0.2909,0.15–0.49,7,Active,0.3333333333333333,6.666666666666667,5,431758.33999999997,0.28526507104710785
ACC06891,R16,Logistics,636,5112247.55,0.8655,0.50–0.99,6,Active,1.0,5.0,5,2003519.8,0.12613727288161117
ACC06892,R37,Manufacturing,660,4368595.6,0.6774,0.50–0.99,10,Active,0.6666666666666666,6.666666666666667,10,2799268.65,0.16036120880500462
ACC06893,R20,Technology,229,1496638.0,0.5787,0.50–0.99,5,Active,0.6666666666666666,13.333333333333334,25,733084.37,0.1725131909609908
ACC06894,R40,Logistics,80,590642.38,0.719,0.50–0.99,1,Active,1.0,11.666666666666666,0,276783.23,0.23946850600172132
ACC06895,R40,Professional services,168,1220487.32,0.1665,0.15–0.49,11,Active,0.6666666666666666,8.333333333333334,10,406338.85,0.23261832477691868
ACC06896,R26,Professional services,402,2009836.45,0.7163,0.50–0.99,4,Active,1.0,3.3333333333333335,5,1866392.53,0.15184804066848387
ACC06897,R45,Hospitality,416,2941715.04,0.7426,0.50–0.99,8,Active,1.0,10.0,5,1106829.21,0.13500281206022696
ACC06898,R22,Retail,207,1382172.87,0.6284,0.50–0.99,3,Active,0.6666666666666666,15.0,25,560400.62,0.18319105460153057
ACC06899,R41,Financial services,237,1604654.4,0.4498,0.15–0.49,7,Active,1.0,6.666666666666667,10,380029.99,0.20699549055716274
ACC06900,R16,Hospitality,320,1810274.25,0.3706,0.15–0.49,3,Active,0.6666666666666666,8.333333333333334,20,383448.95,0.1293378724245026
ACC06901,R06,Financial services,384,3532889.26,1.9883,1.50–2.49,3,Active,0.3333333333333333,5.0,5,5087889.03,0.12437772848042997
ACC06902,R11,Logistics,138,1181314.04,1.9092,1.50–2.49,7,Active,1.0,1.6666666666666667,-10,2020095.49,0.22467449496426048
ACC06903,R41,Financial services,209,1441915.41,0.2243,0.15–0.49,5,Active,0.6666666666666666,10.0,10,320696.62,0.17832703421891
ACC06904,R07,Manufacturing,114,798706.19,0.6581,0.50–0.99,1,Active,1.0,-1.6666666666666667,5,883181.4700000001,0.5770391631239594
ACC06905,R23,Logistics,66,391349.83,0.9586,0.50–0.99,2,Active,1.0,16.666666666666668,20,116894.09,0.2327451322150567
ACC06906,R06,Retail,368,1831911.51,0.8111,0.50–0.99,11,Active,1.0,8.333333333333334,20,1296255.92,0.12988655781673356
ACC06907,R17,Professional services,238,1466063.84,0.7851,0.50–0.99,3,Active,1.0,6.666666666666667,10,651098.11,0.17947131019426107
ACC06908,R23,Professional services,273,2107657.6,0.4787,0.15–0.49,1,Active,0.3333333333333333,1.6666666666666667,-10,573243.55,0.16136035642239047
ACC06909,R14,Retail,156,1084898.77,1.6066,1.50–2.49,12,Active,1.0,0.0,-5,2392910.16,0.1408248093195522
ACC06910,R02,Hospitality,132,743780.54,0.8496,0.50–0.99,2,Active,1.0,6.666666666666667,25,300857.66000000003,0.24072736613495543
ACC06911,R09,Technology,91,568678.54,0.2681,0.15–0.49,10,Active,0.6666666666666666,-1.6666666666666667,-5,94696.38,0.3043484192579031
ACC06912,R36,Healthcare,413,2205148.54,0.157,0.15–0.49,7,Active,0.6666666666666666,1.6666666666666667,-5,865657.4299999999,0.15472601784997428
ACC06913,R35,Logistics,304,2294368.26,0.7787,0.50–0.99,10,Active,0.6666666666666666,0.0,5,954174.25,0.12445884037626843
ACC06914,R36,Logistics,357,2407369.91,3.1728,2.50–5.00,3,Active,1.0,-1.6666666666666667,0,9941531.26,0.11613151085485497
ACC06915,R02,Logistics,521,5626025.33,3.9216,2.50–5.00,2,Active,1.0,0.0,10,13106866.13,0.08103340000201587
ACC06916,R20,Financial services,189,1078779.06,0.4299,0.15–0.49,2,Active,1.0,8.333333333333334,10,452012.51,0.21974158215740233
ACC06917,R43,Manufacturing,185,1481840.67,1.4784,1.00–1.49,1,Active,1.0,15.0,20,1464719.07,0.17377881904065787
ACC06918,R08,Retail,551,2755354.44,0.9861,0.50–0.99,5,Active,0.6666666666666666,8.333333333333334,10,1618454.24,0.10046042944327445
ACC06919,R36,Retail,202,1642209.74,0.7131,0.50–0.99,5,Active,1.0,10.0,10,641724.83,0.20147433654139899
ACC06920,R34,Healthcare,402,2325874.18,2.3632,1.50–2.49,9,Active,1.0,5.0,10,4583087.11,0.14467792404710644
ACC06921,R18,Technology,451,3472326.84,0.7427,0.50–0.99,12,Active,0.6666666666666666,6.666666666666667,25,1739370.21,0.11155070238681374
ACC06922,R47,Professional services,122,652243.12,0.9286,0.50–0.99,4,Active,1.0,5.0,10,570676.29,0.21985341729170457
ACC06923,R06,Logistics,283,1684557.98,0.1947,0.15–0.49,10,Active,0.6666666666666666,3.3333333333333335,-5,746085.9,0.2872869538884136
ACC06924,R01,Healthcare,86,694284.15,2.4878,1.50–2.49,10,Active,1.0,15.0,15,1117532.72,0.2628347883852738
ACC06925,R12,Financial services,311,2324339.21,0.5857,0.50–0.99,10,Active,0.6666666666666666,10.0,0,1167872.02,0.239429476054085
ACC06926,R12,Logistics,163,1433438.73,1.2747,1.00–1.49,4,Active,1.0,13.333333333333334,0,1663958.4,0.1984130725902473
ACC06927,R22,Professional services,251,1555630.97,0.7978,0.50–0.99,3,Active,0.6666666666666666,10.0,10,1042920.98,0.17122595556103984
ACC06928,R33,Logistics,89,667513.31,0.8781,0.50–0.99,8,Active,1.0,-1.6666666666666667,0,460673.10000000003,0.31874841589008274
ACC06929,R33,Professional services,446,3282007.43,1.6255,1.50–2.49,5,Active,1.0,1.6666666666666667,5,4843550.88,0.10885719160524641
ACC06930,R12,Financial services,104,718282.69,0.5973,0.50–0.99,1,Active,0.6666666666666666,0.0,-15,393896.89,0.2759541671934625
ACC06931,R31,Logistics,62,462399.65,0.6012,0.50–0.99,10,Active,0.6666666666666666,6.666666666666667,-5,217932.13999999998,0.3479409141645008
ACC06932,R13,Professional services,101,621584.28,0.5097,0.50–0.99,1,Active,1.0,8.333333333333334,10,390853.98,0.4108567960828583
ACC06933,R47,Logistics,84,485548.46,0.9276,0.50–0.99,8,Active,1.0,3.3333333333333335,5,209433.03,0.2430466341382634
ACC06934,R46,Retail,477,3624418.54,1.1693,1.00–1.49,10,Active,1.0,3.3333333333333335,-10,2672971.74,0.0892109434615774
ACC06935,R30,Manufacturing,366,1842928.05,0.6365,0.50–0.99,7,Active,1.0,-1.6666666666666667,5,1195773.77,0.13995397905048462
ACC06936,R02,Manufacturing,395,2790858.34,0.2926,0.15–0.49,6,Active,1.0,6.666666666666667,5,779404.26,0.1811018556693184
ACC06937,R04,Hospitality,141,959907.71,0.6553,0.50–0.99,12,Active,0.0,13.333333333333334,10,464368.42,0.21733787507868382
ACC06938,R18,Technology,456,2770595.75,0.5823,0.50–0.99,1,Active,0.6666666666666666,8.333333333333334,5,1800326.26,0.1421241069801688
ACC06939,R41,Hospitality,186,1353068.91,0.9182,0.50–0.99,9,Active,1.0,-1.6666666666666667,0,726805.1,0.17811334913045052
ACC06940,R15,Hospitality,545,3262401.38,0.1757,0.15–0.49,9,Active,0.0,18.333333333333332,25,674828.19,0.10971443810529331
ACC06941,R39,Logistics,671,4833676.88,0.9329,0.50–0.99,3,Active,0.6666666666666666,10.0,20,2066415.15,0.08572284918148047
ACC06942,R05,Manufacturing,242,1726614.52,1.4629,1.00–1.49,4,Active,1.0,11.666666666666666,10,1883326.1,0.1620209826487613
ACC06943,R17,Retail,308,2569115.36,1.454,1.00–1.49,12,Active,1.0,5.0,15,2833101.97,0.1453118345072238
ACC06944,R34,Financial services,175,1111138.87,0.7455,0.50–0.99,4,Active,1.0,10.0,5,474854.24,0.21625764225010655
ACC06945,R08,Manufacturing,62,418765.55,1.1754,1.00–1.49,11,Active,1.0,8.333333333333334,0,210826.77,0.2523749329593763
ACC06946,R10,Logistics,1315,6862061.41,0.2097,0.15–0.49,5,Active,0.6666666666666666,11.666666666666666,10,2540061.94,0.09430537916432076
ACC06947,R38,Professional services,234,2019229.13,0.8728,0.50–0.99,9,Active,0.6666666666666666,3.3333333333333335,0,687041.11,0.16160530234106435
ACC06948,R37,Healthcare,303,2155803.8,1.3474,1.00–1.49,8,Active,1.0,11.666666666666666,20,1703383.68,0.15457937115603188
ACC06949,R32,Retail,90,765590.08,4.4963,2.50–5.00,4,Active,1.0,10.0,10,2110270.41,0.18101894633091314
ACC06950,R14,Retail,122,750503.17,0.3391,0.15–0.49,3,Active,0.6666666666666666,3.3333333333333335,10,101971.43000000001,0.25740183600323197
ACC06951,R09,Logistics,243,1864558.36,1.1807,1.00–1.49,3,Active,1.0,5.0,10,1448832.29,0.16505280647942233
ACC06952,R13,Professional services,122,1055590.58,1.738,1.50–2.49,9,Active,1.0,3.3333333333333335,20,1423496.15,0.1822061703711336
ACC06953,R27,Financial services,142,785481.73,0.198,0.15–0.49,5,Active,0.6666666666666666,0.0,0,286212.74,0.3564481347456286
ACC06954,R44,Retail,349,2363135.19,0.7193,0.50–0.99,5,Active,1.0,15.0,15,1058898.09,0.19752749329958522
ACC06955,R37,Manufacturing,67,411056.15,0.3262,0.15–0.49,4,Active,0.6666666666666666,8.333333333333334,15,159955.49,0.23899537711305333
ACC06956,R16,Financial services,174,932165.58,1.8709,1.50–2.49,6,Active,1.0,18.333333333333332,15,2177589.52,0.2276994861891391
ACC06957,R30,Financial services,253,1204631.62,0.4318,0.15–0.49,1,Active,0.6666666666666666,8.333333333333334,0,433205.99,0.2316413746245472
ACC06958,R33,Healthcare,205,1307562.64,0.8461,0.50–0.99,10,Active,0.3333333333333333,-3.3333333333333335,5,779131.02,0.23094174419712923
ACC06959,R09,Professional services,214,1542680.11,0.6498,0.50–0.99,6,Active,1.0,5.0,5,621871.2,0.18486509818650798
ACC06960,R24,Retail,453,2819114.95,0.7993,0.50–0.99,8,Active,0.6666666666666666,6.666666666666667,15,1445202.08,0.133743823550498
ACC06961,R08,Logistics,104,604478.97,1.8683,1.50–2.49,8,Active,1.0,-11.666666666666666,-15,1716000.75,0.1682458875859151
ACC06962,R14,Healthcare,359,2903748.54,0.6918,0.50–0.99,2,Active,1.0,5.0,15,1446435.6300000001,0.12756228189745916
ACC06963,R27,Financial services,664,4684899.68,4.8147,2.50–5.00,6,Active,1.0,3.3333333333333335,10,16538680.93,0.07844510053640154
ACC06964,R33,Healthcare,120,1022661.8,4.3619,2.50–5.00,8,Active,1.0,6.666666666666667,10,3514066.68,0.13606865191806136
ACC06965,R27,Retail,390,2841739.22,0.4487,0.15–0.49,5,Active,0.6666666666666666,1.6666666666666667,5,843558.03,0.15045088780661536
ACC06966,R44,Retail,127,843836.26,4.1901,2.50–5.00,4,Active,1.0,-5.0,-15,4448182.82,0.20155610025233528
ACC06967,R10,Logistics,200,1645312.45,1.1883,1.00–1.49,7,Active,1.0,5.0,5,1177006.96,0.22392825370902117
ACC06968,R04,Retail,175,1267035.71,0.8877,0.50–0.99,7,Active,0.6666666666666666,5.0,5,410919.95,0.17033798927878724
ACC06969,R07,Healthcare,512,4410709.31,0.8585,0.50–0.99,7,Active,0.6666666666666666,11.666666666666666,20,1908694.53,0.13144582302443047
ACC06970,R27,Financial services,127,764013.81,0.7632,0.50–0.99,4,Active,1.0,6.666666666666667,10,418715.47,0.2340757407861679
ACC06971,R27,Hospitality,321,2207257.74,1.1131,1.00–1.49,2,Active,1.0,0.0,0,2225953.99,0.13176206513439534
ACC06972,R35,Manufacturing,319,2280137.88,0.5282,0.50–0.99,1,Active,0.6666666666666666,21.666666666666668,25,1346447.81,0.1411310791953743
ACC06973,R16,Logistics,169,822722.94,0.292,0.15–0.49,9,Active,1.0,6.666666666666667,0,239476.88999999998,0.3058407064564631
ACC06974,R04,Financial services,218,1342026.67,0.6501,0.50–0.99,3,Active,0.6666666666666666,6.666666666666667,20,1293979.9,0.3990247610752094
ACC06975,R19,Healthcare,118,803084.05,1.7658,1.50–2.49,5,Active,1.0,6.666666666666667,10,1465352.94,0.19187559254274664
ACC06976,R38,Retail,261,1230509.03,0.8367,0.50–0.99,1,Active,0.3333333333333333,3.3333333333333335,0,885012.28,0.1755474481326435
ACC06977,R35,Hospitality,208,1396490.17,0.6122,0.50–0.99,2,Active,0.6666666666666666,10.0,0,851557.14,0.17710659955547658
ACC06978,R06,Professional services,72,400065.9,0.2449,0.15–0.49,8,Active,0.6666666666666666,1.6666666666666667,0,84932.81,0.3486873294350189
ACC06979,R38,Professional services,518,3097854.36,0.4519,0.15–0.49,11,Active,0.0,6.666666666666667,5,850719.84,0.13527624435938562
ACC06980,R34,Healthcare,101,758877.49,0.6292,0.50–0.99,10,Active,0.6666666666666666,-6.666666666666667,-10,250971.88,0.21790577357350974
ACC06981,R37,Manufacturing,505,3761491.43,1.3782,1.00–1.49,8,Active,0.3333333333333333,13.333333333333334,15,2941694.39,0.10140533444159158
ACC06982,R27,Logistics,305,1904918.08,0.4411,0.15–0.49,11,Active,0.6666666666666666,-1.6666666666666667,0,441083.59,0.2028935714247907
ACC06983,R16,Healthcare,213,1297748.14,0.7644,0.50–0.99,6,Active,0.3333333333333333,15.0,15,580478.86,0.16406373627888138
ACC06984,R40,Logistics,156,1111232.21,0.7845,0.50–0.99,2,Active,1.0,5.0,5,749119.57,0.24584046943271148
ACC06985,R40,Hospitality,2751,16999475.46,0.3051,0.15–0.49,10,Active,0.3333333333333333,3.3333333333333335,25,5233492.1,0.07425590943750063
ACC06986,R05,Hospitality,276,2033099.48,2.4012,1.50–2.49,4,Active,1.0,6.666666666666667,15,3446032.46,0.12272614826109647
ACC06987,R02,Financial services,155,1548492.54,2.4698,1.50–2.49,10,Active,1.0,6.666666666666667,10,1890186.21,0.13087876267291523
ACC06988,R35,Technology,411,2251171.17,0.2316,0.15–0.49,5,Active,0.6666666666666666,15.0,0,682697.92,0.1501403926027711
ACC06989,R27,Logistics,581,4106582.41,1.2313,1.00–1.49,9,Active,0.6666666666666666,6.666666666666667,-5,3471251.7,0.11297676868720498
ACC06990,R18,Healthcare,755,4360939.51,0.1848,0.15–0.49,12,Active,0.6666666666666666,16.666666666666668,10,1414950.99,0.10194053239716051
ACC06991,R08,Technology,105,831801.39,1.2676,1.00–1.49,8,Active,1.0,10.0,-5,606805.13,0.18121168474039104
ACC06992,R14,Technology,135,962198.75,0.9503,0.50–0.99,1,Active,1.0,3.3333333333333335,0,408231.81,0.2073009666475017
ACC06993,R40,Hospitality,432,3125957.33,0.889,0.50–0.99,10,Active,0.3333333333333333,-3.3333333333333335,20,1310586.56,0.11800849627037362
ACC06994,R47,Manufacturing,349,2655642.2,0.3773,0.15–0.49,6,Active,0.6666666666666666,10.0,5,614408.22,0.19466427914420595
ACC06995,R20,Financial services,772,6152946.7,0.3545,0.15–0.49,10,Active,1.0,-3.3333333333333335,-10,1282215.36,0.11501036346712264
ACC06996,R47,Logistics,802,5838581.15,0.9502,0.50–0.99,5,Active,0.6666666666666666,11.666666666666666,5,2825687.75,0.08944289200190161
ACC06997,R10,Hospitality,217,964501.56,0.2438,0.15–0.49,11,Active,1.0,1.6666666666666667,0,294910.58,0.1604566861235986
ACC06998,R21,Technology,505,2287654.02,0.7574,0.50–0.99,3,Active,0.6666666666666666,8.333333333333334,20,1679209.08,0.1548522944956908
ACC06999,R31,Professional services,62,514858.99,0.5243,0.50–0.99,3,Active,0.3333333333333333,11.666666666666666,5,260388.77,0.2438171500500996
ACC07000,R17,Retail,171,1219755.06,0.3306,0.15–0.49,5,Active,0.6666666666666666,8.333333333333334,15,185367.43,0.24163256153040616
ACC07001,R21,Healthcare,1228,8304430.84,0.7416,0.50–0.99,8,Active,0.6666666666666666,8.333333333333334,25,4518869.17,0.08051099315011469
ACC07002,R45,Logistics,234,1549554.55,0.1696,0.15–0.49,9,Active,1.0,0.0,5,532242.97,0.1830839892922868
ACC07003,R14,Hospitality,128,675866.14,0.1927,0.15–0.49,6,Active,1.0,-8.333333333333334,0,547548.32,0.5052343469650319
ACC07004,R40,Professional services,80,474048.58,0.151,0.15–0.49,9,Active,0.3333333333333333,-8.333333333333334,-10,228536.72,0.34747684207577006
ACC07005,R08,Retail,804,7046124.94,1.8945,1.50–2.49,3,Active,1.0,3.3333333333333335,5,11819343.56,0.09620167688001945
ACC07006,R33,Retail,81,486149.07,0.8962,0.50–0.99,3,Active,1.0,8.333333333333334,10,247310.56,0.2399083442898168
ACC07007,R20,Retail,811,4871236.49,0.1658,0.15–0.49,6,Active,0.6666666666666666,10.0,20,1282416.72,0.14264303990849364
ACC07008,R32,Manufacturing,186,1107968.34,1.1896,1.00–1.49,5,Active,1.0,8.333333333333334,20,1074533.1,0.21533372712815715
ACC07009,R47,Manufacturing,305,2334299.47,0.1834,0.15–0.49,4,Active,0.6666666666666666,6.666666666666667,15,489036.89,0.1496837647335496
ACC07010,R23,Financial services,782,6675201.01,1.353,1.00–1.49,11,Active,1.0,1.6666666666666667,-5,5130894.17,0.08713382874487327
ACC07011,R19,Healthcare,164,963585.22,0.8461,0.50–0.99,12,Active,0.6666666666666666,6.666666666666667,-5,717954.44,0.1850456731650314
ACC07012,R09,Financial services,66,403252.45,0.2456,0.15–0.49,3,Active,0.3333333333333333,6.666666666666667,15,79469.67,0.4375777930054635
ACC07013,R33,Financial services,263,2391253.8,0.7984,0.50–0.99,7,Active,0.6666666666666666,3.3333333333333335,10,854383.88,0.2201076891201015
ACC07014,R28,Healthcare,144,1081014.46,1.2304,1.00–1.49,7,Active,0.3333333333333333,20.0,20,1224842.85,0.30211079098896243
ACC07015,R26,Financial services,163,1062799.84,1.042,1.00–1.49,5,Active,0.6666666666666666,6.666666666666667,10,790214.99,0.17176942743392062
ACC07016,R42,Manufacturing,177,1010252.14,1.0816,1.00–1.49,9,Active,1.0,10.0,5,1253578.02,0.2708693313792664
ACC07017,R45,Manufacturing,350,2502788.62,0.7882,0.50–0.99,11,Active,0.6666666666666666,10.0,15,1224842.26,0.11857044341547687
ACC07018,R42,Professional services,1083,4961027.66,0.7129,0.50–0.99,12,Active,1.0,-3.3333333333333335,0,3773751.26,0.10323068935777596
ACC07019,R18,Healthcare,111,701081.73,1.4858,1.00–1.49,12,Active,1.0,10.0,20,638769.65,0.22096446948534643
ACC07020,R02,Logistics,307,2164641.84,1.5646,1.50–2.49,8,Active,1.0,8.333333333333334,10,4003961.88,0.1229021558194857
ACC07021,R20,Manufacturing,251,2021566.04,0.5518,0.50–0.99,11,Active,0.6666666666666666,6.666666666666667,20,965593.36,0.16591451392196382
ACC07022,R26,Technology,366,2308194.24,0.3768,0.15–0.49,12,Active,0.6666666666666666,3.3333333333333335,5,465531.62,0.16103293262954932
ACC07023,R46,Retail,476,2846085.54,1.3032,1.00–1.49,8,Active,1.0,11.666666666666666,20,2786526.46,0.12849248364025978
ACC07024,R33,Hospitality,405,2784780.83,0.6389,0.50–0.99,11,Active,0.0,3.3333333333333335,10,1424121.14,0.1330466846165476
ACC07025,R35,Technology,190,1966952.17,3.9567,2.50–5.00,7,Active,1.0,-8.333333333333334,5,5548040.21,0.21091213449688684
ACC07026,R10,Financial services,149,896023.02,0.8888,0.50–0.99,3,Active,0.6666666666666666,15.0,20,352090.83,0.18616813690275172
ACC07027,R22,Hospitality,1119,7279468.44,1.1005,1.00–1.49,6,Active,1.0,0.0,5,7295308.97,0.06902577774601412
ACC07028,R11,Retail,370,3469843.83,0.3003,0.15–0.49,9,Active,1.0,13.333333333333334,20,534662.62,0.1281260253059393
ACC07029,R16,Healthcare,62,379122.83,1.3461,1.00–1.49,9,Active,1.0,8.333333333333334,-5,399810.85,0.196862171106561
ACC07030,R40,Professional services,309,1934882.15,0.454,0.15–0.49,1,Active,1.0,3.3333333333333335,-5,507555.69,0.17096864503474937
ACC07031,R19,Retail,455,3334658.28,0.9101,0.50–0.99,4,Active,1.0,-1.6666666666666667,-15,1495600.15,0.13178424212810083
ACC07032,R19,Financial services,188,1545219.67,0.3076,0.15–0.49,5,Active,0.6666666666666666,13.333333333333334,5,335315.27,0.2035382895654771
ACC07033,R14,Logistics,189,1145760.21,0.2425,0.15–0.49,10,Active,1.0,8.333333333333334,0,438434.89,0.2987604290668733
ACC07034,R01,Professional services,105,613389.14,0.8427,0.50–0.99,12,Active,0.6666666666666666,8.333333333333334,10,432205.2,0.25327083764513997
ACC07035,R02,Healthcare,114,1111440.93,1.3896,1.00–1.49,11,Active,1.0,-5.0,-15,902923.68,0.19205047518782842
ACC07036,R42,Healthcare,322,2019168.13,0.5525,0.50–0.99,3,Active,0.6666666666666666,10.0,0,1133606.82,0.1521966585070164
ACC07037,R09,Hospitality,219,1449066.72,0.895,0.50–0.99,8,Active,0.6666666666666666,8.333333333333334,0,808309.38,0.15606631158607817
ACC07038,R29,Professional services,115,575301.15,0.4824,0.15–0.49,1,Active,1.0,5.0,-10,134762.27,0.2978415104018845
ACC07039,R27,Professional services,105,786331.64,1.9533,1.50–2.49,6,Active,1.0,11.666666666666666,10,1768854.25,0.15270992739154332
ACC07040,R08,Healthcare,192,1345378.43,1.2516,1.00–1.49,10,Active,1.0,8.333333333333334,-10,1538921.75,0.16123296155292782
ACC07041,R05,Manufacturing,95,740146.04,2.2046,1.50–2.49,8,Active,1.0,3.3333333333333335,-5,982085.06,0.17932783169071562
ACC07042,R28,Technology,190,1254671.13,0.5199,0.50–0.99,3,Active,1.0,11.666666666666666,10,886432.3,0.22789679115007916
ACC07043,R27,Retail,618,2862168.46,0.3242,0.15–0.49,1,Active,0.3333333333333333,10.0,-15,1099676.05,0.1171292255758009
ACC07044,R28,Retail,239,1454255.99,0.6044,0.50–0.99,12,Active,1.0,10.0,10,989921.11,0.19209685562924841
ACC07045,R06,Healthcare,277,2034234.07,0.5977,0.50–0.99,12,Active,1.0,-5.0,5,844973.66,0.1494520625818197
ACC07046,R41,Professional services,142,856025.33,1.7967,1.50–2.49,3,Active,1.0,-5.0,-15,1849258.32,0.17033540294433616
ACC07047,R02,Technology,278,1535572.74,0.6179,0.50–0.99,6,Active,0.6666666666666666,0.0,-5,984928.44,0.14876043898766003
ACC07048,R35,Professional services,106,654776.16,0.6141,0.50–0.99,9,Active,1.0,3.3333333333333335,0,260462.68,0.17896114661112714
ACC07049,R25,Professional services,240,2007853.05,1.6953,1.50–2.49,12,Active,0.6666666666666666,8.333333333333334,10,3749945.67,0.17253860064018203
ACC07050,R35,Hospitality,76,632225.23,0.5118,0.50–0.99,12,Active,0.6666666666666666,0.0,-15,311382.8,0.36168438723629015
ACC07051,R26,Manufacturing,167,1025461.87,1.9687,1.50–2.49,2,Active,1.0,8.333333333333334,10,2477343.94,0.18912064426883898
ACC07052,R13,Financial services,69,517541.14,0.9034,0.50–0.99,3,Active,0.6666666666666666,5.0,-10,179223.93,0.25362849423401834
ACC07053,R14,Financial services,68,719019.31,3.0926,2.50–5.00,6,Active,1.0,8.333333333333334,0,2041019.75,0.18655296941895147
ACC07054,R19,Professional services,163,898605.14,0.5563,0.50–0.99,9,Active,1.0,6.666666666666667,10,426666.2,0.16815340334628828
ACC07055,R28,Hospitality,431,2862438.42,0.6139,0.50–0.99,12,Active,0.6666666666666666,13.333333333333334,5,1893442.69,0.1807650277587477
ACC07056,R23,Manufacturing,803,5088551.76,0.9135,0.50–0.99,4,Active,1.0,0.0,5,2710028.56,0.11505450567841015
ACC07057,R09,Technology,216,1439743.43,0.5801,0.50–0.99,11,Active,1.0,11.666666666666666,5,755442.0,0.1511647901765224
ACC07058,R16,Retail,797,5307852.62,0.3751,0.15–0.49,12,Active,0.3333333333333333,11.666666666666666,-5,1281649.21,0.12333813826613561
ACC07059,R34,Retail,62,415791.4,0.4498,0.15–0.49,4,Active,1.0,1.6666666666666667,5,71771.49,0.38556450806376436
ACC07060,R30,Hospitality,149,918709.08,0.4761,0.15–0.49,12,Active,0.6666666666666666,6.666666666666667,5,273974.84,0.23173492970834086
ACC07061,R24,Healthcare,112,854341.06,0.3141,0.15–0.49,3,Active,1.0,1.6666666666666667,10,201657.71,0.2873968381900748
ACC07062,R21,Healthcare,88,660062.1,2.2638,1.50–2.49,8,Active,1.0,6.666666666666667,20,907226.76,0.27196407967413516
ACC07063,R29,Healthcare,177,967164.02,0.2392,0.15–0.49,1,Active,1.0,8.333333333333334,25,472987.18,0.27392494757977015
ACC07064,R27,Retail,538,4464594.6,1.3169,1.00–1.49,4,Active,0.6666666666666666,-1.6666666666666667,15,3268323.16,0.11917603084376478
ACC07065,R19,Healthcare,1041,6346158.25,1.332,1.00–1.49,3,Active,0.6666666666666666,10.0,20,6283683.87,0.0740274520006469
ACC07066,R48,Logistics,1076,7594350.46,1.9541,1.50–2.49,7,Active,1.0,0.0,10,13261337.45,0.06371771135989159
ACC07067,R38,Manufacturing,412,2836399.08,0.5688,0.50–0.99,8,Active,0.6666666666666666,10.0,5,1692587.9,0.13409399244571935
ACC07068,R01,Healthcare,136,905650.89,0.7531,0.50–0.99,11,Active,0.6666666666666666,8.333333333333334,5,457883.33,0.2408076261821799
ACC07069,R06,Manufacturing,127,735835.01,0.5039,0.50–0.99,9,Active,1.0,8.333333333333334,5,368760.94,0.21544234936510762
ACC07070,R43,Professional services,110,829632.53,0.8451,0.50–0.99,5,Active,1.0,5.0,0,270734.15,0.22109955439149975
ACC07071,R30,Professional services,758,4865918.74,0.5545,0.50–0.99,3,Active,0.6666666666666666,3.3333333333333335,5,2430059.7,0.08497606312573462
ACC07072,R06,Retail,762,4086124.38,0.4003,0.15–0.49,5,Active,1.0,5.0,10,1270241.3,0.1088500310246804
ACC07073,R05,Professional services,83,639145.15,0.958,0.50–0.99,6,Active,1.0,5.0,0,166624.06,0.31389613836735347
ACC07074,R19,Healthcare,91,449261.03,0.5242,0.50–0.99,11,Active,1.0,-3.3333333333333335,-5,195714.08,0.21093535463180824
ACC07075,R35,Retail,763,4283803.64,0.5751,0.50–0.99,11,Active,0.3333333333333333,-5.0,-15,3126027.78,0.09844345444390457
ACC07076,R03,Logistics,147,902826.86,0.2501,0.15–0.49,2,Active,0.6666666666666666,8.333333333333334,20,249865.28,0.3377697037639334
ACC07077,R29,Professional services,314,1664537.12,0.2775,0.15–0.49,11,Active,0.6666666666666666,0.0,-10,569524.65,0.16972755246859625
ACC07078,R37,Logistics,74,406222.67,0.5442,0.50–0.99,7,Active,1.0,0.0,-15,308114.5,0.32564769526507076
ACC07079,R15,Hospitality,280,2083273.61,1.168,1.00–1.49,7,Active,1.0,6.666666666666667,5,1645952.09,0.1439049293954253
ACC07080,R05,Retail,62,397789.52,0.2646,0.15–0.49,8,Active,0.3333333333333333,6.666666666666667,5,107800.53,0.4791879204791975
ACC07081,R06,Technology,201,1333523.99,0.9636,0.50–0.99,9,Active,1.0,13.333333333333334,10,576202.81,0.1936770456410367
ACC07082,R05,Professional services,653,4815665.78,0.7046,0.50–0.99,6,Active,0.6666666666666666,11.666666666666666,10,2345180.79,0.11059963875422221
ACC07083,R17,Logistics,752,5318084.82,0.8513,0.50–0.99,5,Active,0.6666666666666666,15.0,10,2524090.44,0.11001010536962263
ACC07084,R07,Retail,143,939006.77,0.5696,0.50–0.99,7,Active,1.0,1.6666666666666667,-5,581388.76,0.25352043011866837
ACC07085,R25,Logistics,302,2884644.19,1.5735,1.50–2.49,12,Active,1.0,11.666666666666666,25,3173212.59,0.11611492629468452
ACC07086,R04,Technology,237,1969861.56,0.6674,0.50–0.99,12,Active,1.0,5.0,10,802845.87,0.14754553978276194
ACC07087,R21,Retail,168,1313523.31,0.8144,0.50–0.99,5,Active,0.6666666666666666,-5.0,10,455449.26,0.18424143016361108
ACC07088,R13,Healthcare,131,932500.22,0.5313,0.50–0.99,9,Active,1.0,6.666666666666667,0,476879.89,0.2268262788594718
ACC07089,R36,Financial services,217,1435255.48,2.1457,1.50–2.49,12,Active,1.0,0.0,10,2937646.59,0.12177073272148771
ACC07090,R46,Professional services,78,536681.33,0.5098,0.50–0.99,10,Active,1.0,3.3333333333333335,0,376332.04,0.2537858083526583
ACC07091,R03,Retail,115,1125934.6,4.3897,2.50–5.00,1,Active,1.0,11.666666666666666,20,2326762.0100000002,0.14999234670238876
ACC07092,R20,Hospitality,244,1458087.73,0.3514,0.15–0.49,6,Active,0.3333333333333333,0.0,-10,378438.45,0.18709421762681358
ACC07093,R25,Logistics,324,2758631.61,4.4933,2.50–5.00,5,Active,1.0,1.6666666666666667,5,10569182.12,0.1269953664357476
ACC07094,R12,Professional services,543,3930773.85,0.877,0.50–0.99,10,Active,0.6666666666666666,1.6666666666666667,-5,1708440.78,0.10149312499727223
ACC07095,R39,Retail,76,362248.92,0.6307,0.50–0.99,1,Active,0.6666666666666666,3.3333333333333335,5,371587.36,0.45856635782555594
ACC07096,R34,Manufacturing,198,1446115.36,1.2786,1.00–1.49,2,Active,1.0,5.0,5,845877.9,0.18170830640762073
ACC07097,R26,Technology,175,1014382.26,0.6035,0.50–0.99,10,Active,1.0,5.0,5,837054.63,0.19698876578410265
ACC07098,R09,Professional services,128,782302.9,0.5017,0.50–0.99,12,Active,0.6666666666666666,3.3333333333333335,5,512822.11,0.29404975874293504
ACC07099,R29,Technology,226,1329728.65,0.46,0.15–0.49,9,Active,1.0,3.3333333333333335,5,447280.83,0.1844880438567932
ACC07100,R03,Technology,175,1332883.29,2.4338,1.50–2.49,7,Active,1.0,3.3333333333333335,20,2123264.28,0.1397330508129981
ACC07101,R37,Professional services,154,1025624.37,0.8739,0.50–0.99,4,Active,0.6666666666666666,-5.0,-15,540454.05,0.2050263925526183
ACC07102,R17,Professional services,685,5154189.4,0.8644,0.50–0.99,5,Active,1.0,6.666666666666667,5,2033814.15,0.10840208537209021
ACC07103,R42,Professional services,952,6301922.47,0.8364,0.50–0.99,3,Active,0.6666666666666666,8.333333333333334,5,3538892.78,0.08646515768873758
ACC07104,R18,Financial services,127,1175881.78,2.4304,1.50–2.49,4,Active,1.0,8.333333333333334,20,1628060.4,0.2717894830990481
ACC07105,R43,Financial services,62,415357.57,0.8706,0.50–0.99,3,Active,1.0,10.0,0,226189.88,0.36122299654791096
ACC07106,R14,Financial services,664,4545164.25,1.441,1.00–1.49,8,Active,1.0,-1.6666666666666667,5,4500513.54,0.10301465920179245
ACC07107,R09,Logistics,396,2678353.45,1.3066,1.00–1.49,4,Active,1.0,-6.666666666666667,-10,2329343.46,0.11776996873116473
ACC07108,R27,Manufacturing,377,2512454.14,2.5346,2.50–5.00,3,Active,1.0,10.0,15,10175188.73,0.1038606887325626
ACC07109,R36,Financial services,152,976682.92,0.5646,0.50–0.99,9,Active,1.0,5.0,5,474781.97,0.1956829272361316
ACC07110,R03,Financial services,197,1030808.1,0.7589,0.50–0.99,9,Active,1.0,5.0,-5,697121.67,0.19423317626301323
ACC07111,R45,Logistics,89,711137.61,0.5157,0.50–0.99,3,Active,0.6666666666666666,11.666666666666666,10,274842.78,0.24484836372077162
ACC07112,R09,Technology,115,553796.02,0.2532,0.15–0.49,11,Active,1.0,5.0,10,214691.88999999998,0.2873558215913876
ACC07113,R37,Financial services,299,2578601.56,1.3402,1.00–1.49,11,Active,1.0,8.333333333333334,-10,2009771.67,0.15812510495068133
ACC07114,R17,Healthcare,178,1308540.54,0.7268,0.50–0.99,9,Active,0.6666666666666666,11.666666666666666,15,575363.35,0.17834380465966135
ACC07115,R42,Healthcare,229,1993183.34,1.3671,1.00–1.49,12,Active,1.0,10.0,5,2264107.36,0.2967480129749144
ACC07116,R16,Manufacturing,176,1060308.14,0.3025,0.15–0.49,4,Active,1.0,8.333333333333334,-5,295235.07,0.20422266739954734
ACC07117,R35,Healthcare,107,748787.4,0.8342,0.50–0.99,1,Active,1.0,3.3333333333333335,-10,478470.38,0.3374450614008018
ACC07118,R46,Retail,481,4198414.09,3.9282,2.50–5.00,8,Active,1.0,1.6666666666666667,5,12598812.87,0.08796469136785712
ACC07119,R16,Healthcare,102,701995.25,0.7916,0.50–0.99,9,Active,1.0,16.666666666666668,5,437777.71,0.2382921471970379
ACC07120,R25,Hospitality,570,3860566.99,0.7256,0.50–0.99,10,Active,0.6666666666666666,8.333333333333334,10,2090498.45,0.10910798449084136
ACC07121,R26,Professional services,62,411532.33,0.5948,0.50–0.99,10,Active,1.0,8.333333333333334,20,236508.6,0.27214833130039073
ACC07122,R09,Hospitality,305,1945229.55,0.5929,0.50–0.99,9,Active,1.0,0.0,0,818908.27,0.12734686804492013
ACC07123,R33,Financial services,150,1056486.08,1.4738,1.00–1.49,11,Active,1.0,0.0,0,1019270.75,0.2065352944566372
ACC07124,R17,Manufacturing,110,673918.85,0.9763,0.50–0.99,7,Active,1.0,5.0,10,375795.48,0.24702595891366333
ACC07125,R07,Logistics,310,2862783.3,0.6824,0.50–0.99,3,Active,0.6666666666666666,10.0,25,1033264.48,0.16664575024124453
ACC07126,R44,Technology,141,926034.4,0.5,0.50–0.99,7,Active,0.6666666666666666,11.666666666666666,10,356315.55,0.1980605066497176
ACC07127,R32,Financial services,2234,13518430.58,0.6566,0.50–0.99,12,Active,1.0,0.0,-5,7328592.75,0.050572021047410806
ACC07128,R29,Logistics,98,636892.54,0.2524,0.15–0.49,3,Active,0.6666666666666666,6.666666666666667,20,112802.71,0.24265520905720298
ACC07129,R22,Logistics,62,345317.56,0.5882,0.50–0.99,10,Active,0.6666666666666666,13.333333333333334,25,275660.75,0.4781282029843103
ACC07130,R21,Logistics,187,1182106.95,0.6158,0.50–0.99,3,Active,0.3333333333333333,10.0,15,505952.19,0.1660749643590302
ACC07131,R23,Healthcare,91,575989.89,0.7427,0.50–0.99,10,Active,0.6666666666666666,8.333333333333334,10,362056.18,0.236178327151142
ACC07132,R30,Hospitality,82,592810.01,1.2016,1.00–1.49,5,Active,1.0,8.333333333333334,10,484275.19,0.25402839818026574
ACC07133,R43,Technology,114,664786.32,0.8163,0.50–0.99,6,Active,1.0,-3.3333333333333335,5,371586.89,0.1809242219807112
ACC07134,R07,Financial services,99,788264.32,1.3666,1.00–1.49,10,Active,0.6666666666666666,13.333333333333334,20,757429.03,0.22543893252312758
ACC07135,R16,Hospitality,118,813395.79,0.7313,0.50–0.99,7,Active,0.6666666666666666,-6.666666666666667,-5,613923.77,0.2622187359618479
ACC07136,R47,Manufacturing,310,2130331.89,0.9759,0.50–0.99,7,Active,0.6666666666666666,16.666666666666668,20,1000720.03,0.18968275178008998
ACC07137,R11,Retail,541,2971998.89,0.8309,0.50–0.99,11,Active,1.0,-3.3333333333333335,5,1835874.72,0.10749953485600894
ACC07138,R26,Healthcare,103,743050.23,3.8086,2.50–5.00,6,Active,1.0,6.666666666666667,-10,3042411.7,0.16994462831791354
ACC07139,R01,Retail,480,4574759.87,1.9444,1.50–2.49,11,Active,0.6666666666666666,11.666666666666666,15,6806467.31,0.10889270559313224
ACC07140,R20,Professional services,420,2871602.93,0.6606,0.50–0.99,3,Active,0.6666666666666666,6.666666666666667,0,960423.05,0.12577883214382068
ACC07141,R19,Logistics,300,1668205.03,1.512,1.50–2.49,5,Active,0.6666666666666666,13.333333333333334,15,3365657.16,0.12464160643095604
ACC07142,R36,Professional services,275,1586454.2,0.9749,0.50–0.99,1,Active,1.0,13.333333333333334,5,1106852.27,0.1719134252405472
ACC07143,R09,Financial services,165,995103.69,1.0442,1.00–1.49,10,Active,1.0,-3.3333333333333335,-5,1362878.04,0.21790223783392001
ACC07144,R05,Professional services,86,626058.28,1.5424,1.50–2.49,3,Active,0.6666666666666666,8.333333333333334,0,1061232.68,0.1866429082950208
ACC07145,R05,Retail,329,1864259.48,0.8573,0.50–0.99,2,Active,1.0,6.666666666666667,25,1122901.42,0.1750998704328498
ACC07146,R07,Professional services,673,5756042.51,0.2071,0.15–0.49,8,Active,1.0,10.0,20,1140619.54,0.12904744425209563
ACC07147,R17,Technology,81,663032.0,1.4604,1.00–1.49,6,Active,1.0,8.333333333333334,25,332236.03,0.21733192426968936
ACC07148,R44,Financial services,399,2469068.53,0.5738,0.50–0.99,10,Active,1.0,-5.0,0,1294994.16,0.13684528215210565
ACC07149,R48,Logistics,217,1234541.02,0.8189,0.50–0.99,8,Active,0.6666666666666666,3.3333333333333335,-10,582898.37,0.15969835313615957
ACC07150,R28,Professional services,340,2556094.23,1.1158,1.00–1.49,5,Active,0.3333333333333333,13.333333333333334,10,2364032.17,0.11643195945194734
ACC07151,R12,Professional services,177,1039588.16,0.409,0.15–0.49,11,Active,1.0,15.0,25,240178.58000000002,0.19468733168851743
ACC07152,R27,Healthcare,198,1395236.43,1.4822,1.00–1.49,4,Active,1.0,10.0,25,1517499.6800000002,0.22506162930830978
ACC07153,R19,Retail,62,423832.41,2.4816,1.50–2.49,2,Active,1.0,-3.3333333333333335,-10,813601.87,0.26600681502203793
ACC07154,R29,Technology,76,532407.25,0.96,0.50–0.99,11,Active,1.0,3.3333333333333335,10,435096.11000000004,0.24929951357064403
ACC07155,R45,Manufacturing,225,1635690.49,0.4656,0.15–0.49,5,Active,0.6666666666666666,6.666666666666667,15,317982.45,0.22681462643468062
ACC07156,R35,Manufacturing,140,637649.39,0.399,0.15–0.49,9,Active,1.0,0.0,-10,280525.42,0.2410193661134336
ACC07157,R26,Hospitality,111,927956.34,0.6628,0.50–0.99,2,Active,0.6666666666666666,8.333333333333334,5,468704.61,0.26171806801205233
ACC07158,R12,Professional services,363,2772891.4,0.9874,0.50–0.99,12,Active,1.0,-6.666666666666667,-10,1652408.23,0.13725079594118128
ACC07159,R04,Retail,245,1505181.76,0.7681,0.50–0.99,4,Active,0.6666666666666666,6.666666666666667,10,709817.67,0.15315525750519599
ACC07160,R26,Technology,123,936752.53,0.8447,0.50–0.99,4,Active,1.0,18.333333333333332,15,572747.06,0.2552319548432108
ACC07161,R12,Healthcare,558,3519913.95,0.2275,0.15–0.49,4,Active,0.6666666666666666,15.0,5,779445.64,0.11365052549587544
ACC07162,R05,Manufacturing,275,2247994.82,0.2603,0.15–0.49,2,Active,0.6666666666666666,8.333333333333334,10,421099.27,0.17468764988964308
ACC07163,R14,Logistics,78,575360.6,2.2146,1.50–2.49,11,Active,1.0,0.0,0,1110896.7,0.28664161428315094
ACC07164,R18,Professional services,84,577177.33,0.637,0.50–0.99,12,Active,0.3333333333333333,10.0,10,230674.57,0.22818721527510608
ACC07165,R06,Professional services,293,1468458.26,0.3806,0.15–0.49,2,Active,0.6666666666666666,10.0,10,433456.68,0.16980446371174357
ACC07166,R28,Retail,289,1632722.63,0.4111,0.15–0.49,5,Active,0.6666666666666666,3.3333333333333335,-5,491251.29000000004,0.14995276758564244
ACC07167,R41,Professional services,73,379364.93,0.459,0.15–0.49,5,Active,0.3333333333333333,15.0,20,134313.21,0.31365960913348107
ACC07168,R33,Professional services,276,1714083.31,0.2454,0.15–0.49,12,Active,1.0,0.0,10,400221.38,0.17002657478213667
ACC07169,R44,Manufacturing,267,2013970.3,0.8565,0.50–0.99,9,Active,1.0,-3.3333333333333335,-10,854711.51,0.1485857913361156
ACC07170,R39,Healthcare,84,560308.06,0.5333,0.50–0.99,6,Active,0.6666666666666666,5.0,20,454594.07,0.2579148306957879
ACC07171,R30,Retail,62,432660.24,0.8454,0.50–0.99,1,Active,1.0,5.0,15,244906.26,0.30635750522208666
ACC07172,R17,Manufacturing,289,2221107.52,0.6075,0.50–0.99,3,Active,0.6666666666666666,3.3333333333333335,20,850325.5700000001,0.18685867965231015
ACC07173,R46,Manufacturing,299,1910896.97,0.2584,0.15–0.49,7,Active,1.0,5.0,0,559081.52,0.1803051151664266
ACC07174,R24,Hospitality,846,4734544.95,0.6826,0.50–0.99,1,Active,0.3333333333333333,13.333333333333334,15,2734462.34,0.1135932111499531
ACC07175,R45,Retail,421,2470425.93,0.172,0.15–0.49,2,Active,0.3333333333333333,6.666666666666667,0,730856.88,0.14256569332543892
ACC07176,R33,Financial services,172,1120798.09,0.5572,0.50–0.99,2,Active,1.0,8.333333333333334,10,607809.46,0.16094248713409304
ACC07177,R27,Manufacturing,151,1063959.72,1.1818,1.00–1.49,9,Active,0.3333333333333333,10.0,5,717799.5,0.21905577240494675
ACC07178,R13,Hospitality,92,599694.8,3.4145,2.50–5.00,2,Active,1.0,6.666666666666667,15,2466626.65,0.20657021099995243
ACC07179,R10,Professional services,164,967554.62,0.4012,0.15–0.49,7,Active,0.3333333333333333,10.0,5,289766.75,0.2583837194333288
ACC07180,R22,Hospitality,109,756791.48,0.8148,0.50–0.99,3,Active,1.0,1.6666666666666667,-10,482667.8,0.28167457288626657
ACC07181,R40,Professional services,307,1785053.24,0.9665,0.50–0.99,12,Active,1.0,3.3333333333333335,15,1383409.15,0.1529526983553235
ACC07182,R41,Professional services,90,445740.49,0.4709,0.15–0.49,12,Active,0.6666666666666666,5.0,5,151558.7,0.29789301062598794
ACC07183,R25,Financial services,339,2478759.91,2.4487,1.50–2.49,1,Active,1.0,-1.6666666666666667,0,4088182.81,0.16605759736510772
ACC07184,R07,Technology,238,1738975.48,1.9543,1.50–2.49,6,Active,1.0,11.666666666666666,20,5202149.88,0.3508046031914999
ACC07185,R27,Financial services,160,1085706.02,0.7054,0.50–0.99,8,Active,0.6666666666666666,13.333333333333334,20,471949.92,0.17652698060268557
ACC07186,R04,Hospitality,127,748096.7,0.7621,0.50–0.99,5,Active,0.6666666666666666,3.3333333333333335,0,557470.93,0.185802314727472
ACC07187,R30,Hospitality,569,3211663.9,0.3707,0.15–0.49,5,Active,1.0,1.6666666666666667,10,1197179.09,0.1646915977064394
ACC07188,R01,Technology,94,944768.09,2.1219,1.50–2.49,5,Active,0.6666666666666666,5.0,10,1231566.45,0.20233362699251214
ACC07189,R29,Retail,250,1512144.01,1.2286,1.00–1.49,6,Active,0.6666666666666666,5.0,15,1399401.97,0.1262793051593856
ACC07190,R28,Healthcare,320,2170527.16,0.8693,0.50–0.99,12,Active,1.0,-3.3333333333333335,0,1040674.77,0.14570672816735747
ACC07191,R18,Retail,599,4195923.22,1.0793,1.00–1.49,4,Active,1.0,11.666666666666666,20,4210105.97,0.09885892654857
ACC07192,R32,Professional services,184,1077102.14,0.7384,0.50–0.99,4,Active,1.0,13.333333333333334,15,542495.28,0.193282875201938
ACC07193,R45,Technology,166,1463653.42,1.1495,1.00–1.49,7,Active,0.6666666666666666,0.0,15,1249200.86,0.1845560346943051
ACC07194,R16,Financial services,660,5468624.1,1.0872,1.00–1.49,4,Active,1.0,6.666666666666667,20,4241693.19,0.09527815925046348
ACC07195,R34,Professional services,472,2919866.45,0.408,0.15–0.49,10,Active,0.6666666666666666,8.333333333333334,0,1024969.0599999999,0.1602713288909088
ACC07196,R38,Hospitality,414,2398993.57,1.0628,1.00–1.49,2,Active,1.0,1.6666666666666667,10,2575353.08,0.1376427342635293
ACC07197,R14,Healthcare,62,465088.98,0.8138,0.50–0.99,5,Active,1.0,10.0,10,132789.88,0.2728150414400421
ACC07198,R10,Manufacturing,218,1677228.47,1.0648,1.00–1.49,7,Active,1.0,11.666666666666666,10,1372233.16,0.15594927125327043
ACC07199,R26,Logistics,531,3762579.95,1.6629,1.50–2.49,11,Active,1.0,3.3333333333333335,0,5652592.58,0.09806687165458997
ACC07200,R32,Healthcare,275,1987609.29,1.1158,1.00–1.49,11,Active,1.0,3.3333333333333335,10,1867928.44,0.1460120794347637
ACC07201,R08,Healthcare,246,1347135.53,0.307,0.15–0.49,1,Active,0.6666666666666666,5.0,-10,362632.4,0.2145427403889351
ACC07202,R07,Hospitality,66,491673.53,0.9206,0.50–0.99,2,Active,1.0,1.6666666666666667,0,287176.28,0.43406391223073676
ACC07203,R36,Financial services,191,1344078.41,0.2171,0.15–0.49,10,Active,0.6666666666666666,1.6666666666666667,5,223972.64,0.23970561692059192
ACC07204,R35,Manufacturing,941,7021182.59,0.9594,0.50–0.99,12,Active,0.6666666666666666,10.0,10,3173294.57,0.08802231097759008
ACC07205,R29,Logistics,123,790595.25,0.3004,0.15–0.49,3,Active,0.3333333333333333,11.666666666666666,10,341805.87,0.368979806217299
ACC07206,R22,Healthcare,162,1274557.35,0.8497,0.50–0.99,9,Active,1.0,16.666666666666668,10,484179.93,0.17857309318913944
ACC07207,R07,Professional services,346,2110451.85,0.6928,0.50–0.99,5,Active,0.3333333333333333,8.333333333333334,10,1230565.03,0.12708055394803783
ACC07208,R45,Financial services,234,1987770.1,3.5409,2.50–5.00,3,Active,1.0,8.333333333333334,15,6835127.7,0.12158418359225642
ACC07209,R34,Professional services,284,1932991.25,1.3512,1.00–1.49,11,Active,1.0,5.0,10,2243717.07,0.17327349516776364
ACC07210,R16,Logistics,277,2288260.8,4.813,2.50–5.00,5,Active,1.0,5.0,15,6630470.16,0.09753246327120564
ACC07211,R11,Logistics,493,2513491.81,0.2326,0.15–0.49,1,Active,1.0,10.0,5,817574.71,0.12784092693224466
ACC07212,R25,Technology,118,897154.72,2.7417,2.50–5.00,4,Active,1.0,5.0,20,3230629.34,0.1465727816587328
ACC07213,R19,Hospitality,864,5615078.24,0.2423,0.15–0.49,6,Active,1.0,-10.0,-15,1599407.77,0.11743469811871729
ACC07214,R30,Technology,261,1593489.12,0.7265,0.50–0.99,10,Active,1.0,-10.0,0,947101.72,0.16048519708837564
ACC07215,R32,Hospitality,320,1984461.93,0.2713,0.15–0.49,9,Active,1.0,6.666666666666667,15,523072.93,0.19721764655751955
ACC07216,R32,Financial services,222,1516584.09,1.3126,1.00–1.49,9,Active,1.0,8.333333333333334,10,2016061.76,0.2820412236100602
ACC07217,R17,Technology,240,1745184.4,0.7065,0.50–0.99,2,Active,1.0,6.666666666666667,15,817144.02,0.1577094973129601
ACC07218,R20,Financial services,806,7012459.35,2.4682,1.50–2.49,1,Active,1.0,3.3333333333333335,10,11412253.9,0.11781519526669815
ACC07219,R18,Healthcare,131,792777.97,0.5145,0.50–0.99,9,Active,0.6666666666666666,5.0,0,522111.4,0.2329317661360929
ACC07220,R23,Technology,602,4518412.02,0.2513,0.15–0.49,7,Active,0.6666666666666666,11.666666666666666,25,1341798.84,0.15007654052188732
ACC07221,R35,Hospitality,123,636221.88,0.9676,0.50–0.99,10,Active,1.0,13.333333333333334,20,323082.22,0.18963574894920818
ACC07222,R26,Manufacturing,176,843663.27,0.5712,0.50–0.99,11,Active,1.0,-6.666666666666667,-10,526217.45,0.18611439905690913
ACC07223,R32,Manufacturing,646,4218891.57,0.5311,0.50–0.99,7,Active,0.6666666666666666,23.333333333333332,25,2055453.39,0.2225030760753765
ACC07224,R09,Technology,124,493353.83,0.4545,0.15–0.49,3,Active,0.6666666666666666,6.666666666666667,25,236241.16,0.3834886278443303
ACC07225,R37,Financial services,199,1584549.98,0.9238,0.50–0.99,9,Active,0.6666666666666666,-1.6666666666666667,-10,628287.97,0.16141755153118958
ACC07226,R13,Healthcare,643,5530893.39,2.2034,1.50–2.49,7,Active,1.0,0.0,-5,7096334.9799999995,0.07808754862960846
ACC07227,R03,Hospitality,186,1301560.38,0.9256,0.50–0.99,12,Active,1.0,5.0,10,423178.49,0.21590675071618723
ACC07228,R48,Technology,516,3400912.19,1.369,1.00–1.49,7,Active,1.0,-1.6666666666666667,-15,3287545.38,0.10371336598115787
ACC07229,R31,Manufacturing,148,714694.35,0.9768,0.50–0.99,3,Active,1.0,0.0,5,392255.24,0.18136973972841103
ACC07230,R40,Hospitality,142,1090717.82,0.6669,0.50–0.99,2,Active,0.6666666666666666,1.6666666666666667,5,868100.48,0.3409611558782809
ACC07231,R28,Financial services,156,1225132.4,2.2885,1.50–2.49,7,Active,1.0,8.333333333333334,-5,1993085.37,0.14107336110817162
ACC07232,R35,Technology,190,1376446.34,0.8165,0.50–0.99,3,Active,1.0,15.0,25,944180.26,0.23121216927270732
ACC07233,R18,Hospitality,119,774737.04,0.8,0.50–0.99,7,Active,1.0,3.3333333333333335,0,378120.44,0.258667918742288
ACC07234,R30,Manufacturing,685,4146985.91,1.418,1.00–1.49,2,Active,1.0,6.666666666666667,5,4375513.01,0.09265089005442909
ACC07235,R38,Professional services,423,3097959.93,0.6085,0.50–0.99,1,Active,1.0,10.0,5,1623739.91,0.12120650818058633
ACC07236,R42,Healthcare,112,981885.7,0.8537,0.50–0.99,11,Active,1.0,5.0,15,254129.36,0.209302426964397
ACC07237,R11,Financial services,275,1746515.23,0.2838,0.15–0.49,9,Active,0.6666666666666666,1.6666666666666667,0,555547.7,0.17026886187304258
ACC07238,R11,Logistics,314,1857894.93,0.5502,0.50–0.99,4,Active,0.6666666666666666,1.6666666666666667,-10,1031777.56,0.27437604415786326
ACC07239,R04,Financial services,79,595747.7,4.7263,2.50–5.00,4,Active,1.0,-5.0,-15,1883101.5,0.16338566266692345
ACC07240,R08,Retail,280,1860937.95,1.1576,1.00–1.49,10,Active,0.6666666666666666,13.333333333333334,15,1897709.29,0.11211505603536233
ACC07241,R28,Healthcare,321,1990816.68,0.8001,0.50–0.99,6,Active,0.6666666666666666,5.0,-5,1286906.79,0.14226951329078288
ACC07242,R17,Retail,307,1915690.48,0.3221,0.15–0.49,8,Active,0.6666666666666666,10.0,0,356998.07,0.21640353906040263
ACC07243,R40,Hospitality,67,389759.09,0.5968,0.50–0.99,2,Active,0.3333333333333333,15.0,10,341900.2,0.23475292779176274
ACC07244,R07,Retail,716,6304739.03,0.9268,0.50–0.99,1,Active,1.0,0.0,-5,2483092.39,0.09695927073832408
ACC07245,R09,Financial services,170,1249937.6,3.3368,2.50–5.00,6,Active,1.0,0.0,0,3925040.14,0.13969179046601843
ACC07246,R10,Healthcare,200,1500923.53,0.7568,0.50–0.99,8,Active,1.0,1.6666666666666667,5,804887.3,0.17997314449645252
ACC07247,R48,Healthcare,88,522250.63,0.6627,0.50–0.99,2,Active,1.0,8.333333333333334,0,151971.66999999998,0.2322732890392123
ACC07248,R01,Retail,290,1839832.63,2.0126,1.50–2.49,9,Active,1.0,13.333333333333334,20,3981575.73,0.14800441836645137
ACC07249,R32,Manufacturing,343,2244890.82,0.7317,0.50–0.99,6,Active,1.0,6.666666666666667,10,1645932.18,0.13368673107516482
ACC07250,R16,Healthcare,361,2241503.81,0.62,0.50–0.99,11,Active,1.0,1.6666666666666667,5,1110274.5,0.13306599629936172
ACC07251,R06,Professional services,93,429545.49,0.8049,0.50–0.99,10,Active,1.0,-1.6666666666666667,5,312810.21,0.23414779955066048
ACC07252,R47,Manufacturing,84,561137.15,2.0281,1.50–2.49,4,Active,1.0,16.666666666666668,15,1472886.86,0.23064469696792378
ACC07253,R20,Financial services,312,2252099.08,1.3563,1.00–1.49,9,Active,1.0,6.666666666666667,-5,2490498.79,0.2076418718906872
ACC07254,R08,Technology,1283,11039546.06,2.1442,1.50–2.49,4,Active,1.0,10.0,20,16386336.98,0.0641913307486638
ACC07255,R10,Hospitality,427,3518190.54,1.7736,1.50–2.49,7,Active,1.0,3.3333333333333335,5,5560383.28,0.09502533406190314
ACC07256,R29,Manufacturing,153,1168491.96,2.1687,1.50–2.49,10,Active,1.0,0.0,-15,1641994.61,0.13098931815688244
ACC07257,R22,Financial services,238,1568232.14,0.3347,0.15–0.49,11,Active,0.6666666666666666,13.333333333333334,20,386380.48,0.20519622056264947
ACC07258,R28,Hospitality,176,1470217.58,1.2211,1.00–1.49,6,Active,1.0,6.666666666666667,0,1297582.27,0.15606594894921944
ACC07259,R20,Healthcare,231,1837438.46,0.5127,0.50–0.99,1,Active,1.0,-6.666666666666667,5,690107.84,0.13901101242026126
ACC07260,R31,Financial services,695,4178788.15,0.2076,0.15–0.49,4,Active,0.6666666666666666,8.333333333333334,10,1388817.53,0.12431479826549796
ACC07261,R39,Manufacturing,141,1157806.74,0.3852,0.15–0.49,1,Active,1.0,10.0,10,305665.33,0.2017290266634522
ACC07262,R09,Technology,62,420573.22,0.8284,0.50–0.99,12,Active,1.0,3.3333333333333335,10,253313.58000000002,0.5076735829572001
ACC07263,R24,Healthcare,359,1695947.62,0.6826,0.50–0.99,11,Active,1.0,5.0,5,1335650.61,0.17167107488759467
ACC07264,R41,Hospitality,286,2330968.45,3.4558,2.50–5.00,9,Active,1.0,-8.333333333333334,-15,7201153.57,0.1165234723060557
ACC07265,R09,Healthcare,736,3815275.76,0.4358,0.15–0.49,11,Active,1.0,11.666666666666666,10,1513210.51,0.12745765265236333
ACC07266,R26,Financial services,155,996169.78,0.8486,0.50–0.99,10,Active,0.6666666666666666,1.6666666666666667,-5,660063.44,0.20336680440365715
ACC07267,R10,Logistics,232,1236698.19,0.1646,0.15–0.49,7,Active,1.0,0.0,10,259079.47,0.160492373371346
ACC07268,R08,Hospitality,391,2526580.8,1.1823,1.00–1.49,9,Active,1.0,-1.6666666666666667,10,3175629.73,0.12397259902521279
ACC07269,R09,Technology,514,3602732.8,1.437,1.00–1.49,9,Active,0.6666666666666666,6.666666666666667,10,3091634.4,0.10660239682944211
ACC07270,R42,Hospitality,121,1003715.81,2.0685,1.50–2.49,11,Active,1.0,3.3333333333333335,0,1695796.3800000001,0.15377603932376127
ACC07271,R13,Financial services,324,1927873.28,0.9063,0.50–0.99,6,Active,1.0,0.0,-10,1012568.01,0.13745624536862222
ACC07272,R35,Professional services,155,1231458.87,1.4624,1.00–1.49,10,Active,1.0,3.3333333333333335,10,772942.22,0.14594267123302807
ACC07273,R26,Manufacturing,293,2455497.36,0.9809,0.50–0.99,5,Active,1.0,0.0,5,1139773.77,0.14685407964815297
ACC07274,R18,Hospitality,366,2268432.78,0.371,0.15–0.49,5,Active,0.6666666666666666,3.3333333333333335,10,494614.14,0.139486245812289
ACC07275,R24,Retail,205,1780540.81,3.9316,2.50–5.00,8,Active,1.0,3.3333333333333335,15,4926981.32,0.14996718305834786
ACC07276,R19,Hospitality,834,5766817.61,0.6772,0.50–0.99,10,Active,1.0,6.666666666666667,10,2865023.41,0.09761853235567437
ACC07277,R44,Manufacturing,170,1243787.62,1.5112,1.50–2.49,5,Active,1.0,-6.666666666666667,-10,2303410.13,0.1624747625009209
ACC07278,R35,Financial services,131,929327.6,4.5906,2.50–5.00,8,Active,1.0,-3.3333333333333335,0,5365569.64,0.30972353584647605
ACC07279,R48,Hospitality,376,2833932.29,1.2233,1.00–1.49,11,Active,1.0,10.0,20,2367192.57,0.11388392126652974
ACC07280,R09,Professional services,171,1267517.44,0.5063,0.50–0.99,10,Active,0.3333333333333333,1.6666666666666667,10,582359.75,0.19853377590274965
ACC07281,R34,Manufacturing,695,5211106.41,0.9459,0.50–0.99,9,Active,1.0,3.3333333333333335,-5,2737447.71,0.10752950071701754
ACC07282,R29,Logistics,426,4163590.19,0.8456,0.50–0.99,7,Active,1.0,0.0,-10,1054345.12,0.13081269653627883
ACC07283,R31,Retail,448,3279483.9,0.5603,0.50–0.99,7,Active,0.3333333333333333,5.0,0,1352887.04,0.11985214113413832
ACC07284,R48,Manufacturing,132,649469.99,0.6941,0.50–0.99,4,Active,1.0,13.333333333333334,10,376143.25,0.1863211061706672
ACC07285,R30,Manufacturing,213,1157926.59,0.7069,0.50–0.99,8,Active,1.0,-3.3333333333333335,-15,755309.29,0.17076164697146368
ACC07286,R38,Professional services,68,407399.25,0.7323,0.50–0.99,10,Active,1.0,8.333333333333334,0,147338.12,0.3551611898986897
ACC07287,R32,Healthcare,251,1338155.24,0.8471,0.50–0.99,11,Active,0.3333333333333333,20.0,15,1053997.7,0.1459442856301681
ACC07288,R30,Logistics,218,1700340.9,0.513,0.50–0.99,11,Active,0.6666666666666666,-5.0,-15,809290.77,0.18120501604008576
ACC07289,R41,Logistics,182,1442236.72,0.3175,0.15–0.49,2,Active,0.6666666666666666,18.333333333333332,15,274989.17,0.190480944887227
ACC07290,R42,Professional services,641,4296681.8,1.2274,1.00–1.49,8,Active,0.6666666666666666,5.0,10,4264555.96,0.10320240404096578
ACC07291,R47,Logistics,90,601005.4,0.9366,0.50–0.99,5,Active,1.0,13.333333333333334,5,321653.83,0.3030588909942772
ACC07292,R39,Technology,338,2730147.36,3.5909,2.50–5.00,3,Active,1.0,5.0,15,9401031.31,0.09584043848797408
ACC07293,R04,Retail,404,2834395.14,0.2949,0.15–0.49,5,Active,0.6666666666666666,1.6666666666666667,5,639270.48,0.14026164069724958
ACC07294,R17,Hospitality,656,4362233.66,0.9802,0.50–0.99,6,Active,1.0,6.666666666666667,10,2588556.38,0.10796289176910441
ACC07295,R08,Logistics,192,1054850.15,0.9439,0.50–0.99,11,Active,0.6666666666666666,16.666666666666668,10,687288.38,0.20478292081827956
ACC07296,R41,Manufacturing,539,5747890.63,4.4968,2.50–5.00,11,Active,1.0,10.0,0,12893294.09,0.08420729395295579
ACC07297,R35,Healthcare,93,628821.4,0.3047,0.15–0.49,12,Active,0.6666666666666666,8.333333333333334,10,133534.61,0.31035700363999347
ACC07298,R32,Financial services,137,961017.37,0.8322,0.50–0.99,5,Active,0.6666666666666666,6.666666666666667,-5,471347.33,0.1801453726412124
ACC07299,R05,Professional services,164,696973.85,0.3691,0.15–0.49,12,Active,1.0,1.6666666666666667,0,266115.08,0.18613934605548968
ACC07300,R02,Professional services,172,1059780.21,0.5332,0.50–0.99,3,Active,1.0,-1.6666666666666667,0,604590.26,0.20168172923590635
