account_id,recommended_rate_change_pct,expected_renewal_probability,projected_2026_premium,projected_2026_paid_claims,projected_case_mlr
ACC00001,3,0.8664097933960224,610920.9064226084,273762.4655408346,0.44811441655175194
ACC00002,24,0.5940440079857973,367922.5953582085,413061.2298542664,1.1226851383022862
ACC00003,0,0.8396383487148437,1523343.3706510954,442483.3979621458,0.29046858803279724
ACC00004,5,0.7927118792016161,1526576.3552664549,876937.968212559,0.5744474982776048
ACC00005,25,0.8348289783235768,1832850.8888394067,2415494.4246784206,1.3178892180410562
ACC00006,24,0.7067216561848534,1194807.216943912,1034015.5436268445,0.865424588137037
ACC00007,15,0.8029220969737496,1053534.635836173,708142.057309232,0.6721583071136444
ACC00008,0,0.8670866164511539,562740.1765429431,241061.66365061657,0.42837116257012253
ACC00009,0,0.8956378702843419,387161.5648166667,95054.73681443733,0.24551697650940318
ACC00010,0,0.8312930553768167,1385601.4925674666,240955.07203603876,0.1738992584293181
ACC00011,6,0.8394798040117358,757429.004146783,446259.8917048066,0.5891771892304316
ACC00012,24,0.7344644339354405,1773228.467206622,1441842.9285886372,0.8131174043579288
ACC00013,0,0.8215433259584938,486791.0057724356,172431.46122584862,0.3542207213796728
ACC00014,16,0.7412904429412538,1842042.1644448515,1319243.54123299,0.7161853114424117
ACC00015,6,0.8631653294388533,760106.1641803884,336188.44642881857,0.4422914354224791
ACC00016,24,0.6323026474288063,2342798.285219344,2237166.006770892,0.9549119191716663
ACC00017,0,0.8684490099012157,3104637.2021548804,657315.542527636,0.2117205649894949
ACC00018,9,0.8086072689053849,1877836.6646588878,1002526.0571576265,0.5338728740498508
ACC00019,25,0.9614043722879273,3775408.9279337563,11135629.14813624,2.9495160287790756
ACC00020,0,0.8656969844407807,2046221.3073125223,498465.7525209577,0.24360305053006975
ACC00021,9,0.8176931676023376,3608569.8764794557,1816640.021362502,0.5034238170648445
ACC00022,8,0.8461577748559136,1015907.0342000235,504284.5221572126,0.49638845404226545
ACC00023,12,0.8033034268849379,1503151.488869133,943356.7204279838,0.6275859269099352
ACC00024,0,0.8540319160071542,2537345.5529424897,553857.2905881093,0.21828216891696767
ACC00025,25,0.9421393422876655,2287369.657578443,4639214.187662247,2.028187342737429
ACC00026,25,0.9881769431045958,3362599.197242614,10834046.805048583,3.2219263044887057
ACC00027,5,0.8522019703903416,873205.2118961854,404610.42861049774,0.4633623609871461
ACC00028,25,0.8373248144865284,1055557.858941851,1480107.6079013078,1.4022041476580438
ACC00029,0,0.864303659092521,227617.94683916407,90882.91263943314,0.39927832537586083
ACC00030,11,0.8087393009728676,2293235.6271083443,1221447.409497624,0.5326305744856268
ACC00031,15,0.8372326776042763,973460.0255880465,615921.4884314265,0.6327136936715623
ACC00032,14,0.8141446580810509,337441.2786368905,360463.99654287664,1.0682273312826085
ACC00033,25,0.8873956549287823,1245509.917362158,2391852.22554563,1.9203799120373837
ACC00034,9,0.8627034606483027,859348.5077398762,409222.7481579615,0.47620115060679524
ACC00035,25,0.8563913569039636,4139821.104228573,6176322.726906164,1.4919298615578893
ACC00036,2,0.8602671734346629,1618258.8496454074,557150.7014608405,0.3442902237691599
ACC00037,0,0.8297534184680241,512786.2186274958,117366.1898647859,0.22887937624167007
ACC00038,10,0.8090771994485357,3503949.5960136717,1839758.0305066712,0.5250526527549664
ACC00039,7,0.8131268464260092,1469556.4317522638,816894.7217382465,0.5558784297682267
ACC00040,12,0.8817981010707964,349553.4272272547,284065.71174990135,0.8126532015525686
ACC00041,3,0.8140614734103677,352774.2225813652,323284.1789093218,0.9164053329740052
ACC00042,2,0.8429936623948988,3351688.8495819285,1136898.901202723,0.3392018030983197
ACC00043,2,0.8628392510223,705447.3407844036,310965.3074233371,0.44080583970671344
ACC00044,4,0.83688622734301,1695947.3701351373,689149.3375055979,0.4063506625507398
ACC00045,0,0.8730553294513231,599715.019893888,226471.25090393677,0.3776314472564119
ACC00046,25,0.7448437260178356,1147953.5974449238,1230212.2168495203,1.0716567460459072
ACC00047,9,0.8462391543730841,813001.4765664111,463453.33240836754,0.5700522640693011
ACC00048,4,0.8677761731127461,2155341.882257805,602823.73207688,0.2796882188571395
ACC00049,1,0.9070788294885601,374153.121913753,111536.69871256367,0.29810441816458844
ACC00050,25,0.9836461192783024,2105697.4445096133,5485456.160824056,2.605054289792112
ACC00051,0,0.8463938926915919,4247435.424388518,1076291.0463390474,0.2533978598377386
ACC00052,7,0.8462443654588724,1469081.4439676928,637330.1741453238,0.4338290274935497
ACC00053,0,0.8592774652927806,1429604.459972008,249054.63894596754,0.1742122705400934
ACC00054,0,0.8566467928087987,1434021.7797434665,323971.8239851884,0.22591834277659573
ACC00055,2,0.8859229952791693,1135987.8245172033,224958.54584852012,0.1980290113973078
ACC00056,25,0.863577439698979,1317396.5273869352,2602305.733506325,1.975339754893704
ACC00057,24,0.7783059159926854,613153.3086487029,563047.101386705,0.9182811108490558
ACC00058,18,0.723998336658608,1754002.976505864,1348144.82096067,0.7686103381912721
ACC00059,0,0.7905958061842684,600084.250798978,177247.21565766283,0.29537055075461194
ACC00060,25,0.8436636451348299,3577253.170502692,4662829.836181901,1.3034665465197308
ACC00061,5,0.8252116554547404,3971428.740408946,1630573.2818996944,0.41057598876413204
ACC00062,0,0.8890613487235537,304898.6108011899,81478.93414634578,0.267232880898478
ACC00063,9,0.7960836727044956,1964689.9605669146,1167106.3814401324,0.5940409962207788
ACC00064,10,0.8316161452182345,995149.2280808373,592414.1105459658,0.5953017837218713
ACC00065,4,0.8509622963258879,1429926.1643877528,593313.3358549172,0.41492585465694615
ACC00066,1,0.8642667449756547,1048441.1862040006,334762.01285192545,0.31929498502817216
ACC00067,4,0.8502618518725911,500467.39033750887,304864.96659131395,0.6091605017176381
ACC00068,8,0.7937526175371927,2286221.966014227,1260104.6879766865,0.5511733797980861
ACC00069,4,0.8513094874496931,868070.1210792671,395426.4038790085,0.45552357381841097
ACC00070,22,0.7518941747128313,1739180.5321728007,1301211.7125786676,0.7481751827988967
ACC00071,10,0.8267571360954493,3973952.2155780564,1887298.3883168781,0.474917232501838
ACC00072,8,0.8621050024432846,2456146.962715846,870805.1592227416,0.35454114612908283
ACC00073,4,0.8595289736281356,656111.8194202718,314905.2604706814,0.4799566951086567
ACC00074,4,0.8818391588139691,1036429.6134649467,304852.8818641545,0.2941375640985242
ACC00075,24,0.7627365810461886,3211164.5975153446,2383268.6726957234,0.7421820340632148
ACC00076,10,0.8680940536108195,2049017.2322389842,700988.9171724002,0.342109820329047
ACC00077,9,0.8542034502064,770708.6535929274,425427.67426555447,0.5519954554581357
ACC00078,4,0.8530545013193644,1231935.5181573518,524586.8124768396,0.42582327138475734
ACC00079,20,0.7446589254989782,7445982.494982743,4911554.664045971,0.6596247932835564
ACC00080,25,0.979259044597356,2225914.429264347,5913408.563967634,2.656619897972441
ACC00081,2,0.8733341839695944,649547.0680813639,276063.9136223561,0.4250098679342751
ACC00082,24,0.7444214095791843,1257835.6553877445,1227433.1220406513,0.9758294867720846
ACC00083,6,0.8758616608944959,2915945.8931848453,689774.7085594272,0.2365526432337342
ACC00084,19,0.7480296223685243,4447724.186686476,3041298.6395140397,0.6837875982997468
ACC00085,3,0.8561951949841848,2656040.971030986,704106.5797320877,0.2650962795422456
ACC00086,9,0.8330251809479248,929437.4189163647,553422.3865164616,0.5954380308484882
ACC00087,13,0.8494184173325446,1129939.8772830185,574922.4511566662,0.5088080018373083
ACC00088,25,0.9093609179475827,2198472.6375477742,2590038.7201392297,1.1781082356468249
ACC00089,3,0.880781613560527,3369374.5508861323,536246.5252107236,0.15915313572653797
ACC00090,13,0.8472008052144527,573732.9770087532,404325.6438957038,0.7047279136780997
ACC00091,7,0.8040882238804197,2442885.0973200887,1340072.3587667595,0.5485613548655462
ACC00092,7,0.8504735335293518,1581894.4706866571,643557.6092082695,0.4068271437404537
ACC00093,24,0.6416565888916231,3528897.0480313147,3334733.6822725846,0.9449790223075369
ACC00094,6,0.8530795658071035,910725.2994204396,454671.6939064204,0.499241312606294
ACC00095,2,0.8462723457212397,1455588.529761544,550211.6497235631,0.3779994404144551
ACC00096,12,0.8528953399442855,1204130.9051616692,581780.4149799694,0.4831537937329649
ACC00097,2,0.8385392627706489,1116955.686799188,496071.45084788086,0.4441281392903344
ACC00098,6,0.7961085750992224,4240853.1070226915,2096266.6788602583,0.49430306260523865
ACC00099,10,0.8772780150035866,669362.2437833315,339148.1096911171,0.5066734983051976
ACC00100,5,0.8202922604052647,4771654.557345967,1993553.9590358178,0.41779092243103383
ACC00101,23,0.6907771792524162,1788117.703393899,1453682.8178567528,0.8129681928083486
ACC00102,18,0.8098141040533805,803354.2478802454,603089.4402961549,0.7507141984840248
ACC00103,0,0.8831718145047092,838104.9168951282,184870.27567648777,0.22058130426124264
ACC00104,17,0.7530539644270132,4668674.901514461,3040331.308202887,0.6512193228996607
ACC00105,12,0.8169598300760578,1475946.8644954374,850046.1394918554,0.5759327520116719
ACC00106,4,0.8417666848817602,1825107.3448054038,743501.1737823806,0.40737394208539224
ACC00107,15,0.8218330456809482,764069.1244547477,554965.3727231469,0.726328750843295
ACC00108,25,0.8781042628761371,2576660.8642255813,3890718.6459269025,1.5099847635929622
ACC00109,7,0.827705494072209,4160610.825022863,1862080.723296978,0.4475498434263545
ACC00110,24,0.7511427847600034,729879.7881465831,728277.0669748558,0.9978041299433743
ACC00111,10,0.834779201191995,4337854.611545896,1968773.7792710045,0.4538588670147674
ACC00112,11,0.8480905465597186,991609.3227550532,534946.4781495563,0.5394730221608641
ACC00113,1,0.8580719444252849,1043104.0475521461,412574.4454477656,0.3955256874095682
ACC00114,25,0.7440162409138705,1236402.738775353,1899514.354185712,1.536323314899129
ACC00115,3,0.8791854697325797,363995.5460222183,221088.4975261562,0.6073934144036504
ACC00116,3,0.9021048695756166,503806.3919007701,150888.243579002,0.2994964851671057
ACC00117,6,0.8386440848728678,1098793.368291453,588898.635536767,0.535950300148301
ACC00118,4,0.8419968987964841,898907.5863921068,477443.21868351323,0.5311371557111887
ACC00119,8,0.89284799979639,486210.6063986706,204194.01612815447,0.4199703038989747
ACC00120,12,0.8336465435831445,2064494.2613849023,1040801.2405663776,0.5041434408580958
ACC00121,4,0.8644271259062168,806179.5269309495,337876.728963286,0.41910854552403637
ACC00122,25,0.9873814738226792,3503528.090307355,9942823.37249207,2.83794595510716
ACC00123,15,0.7048740161095658,2110101.1072752643,1573856.8217959811,0.7458679664067254
ACC00124,25,0.749245637550208,7127454.891560302,7066243.244364303,0.9914118506357043
ACC00125,24,0.6760004468278301,767866.0851146667,863377.9078419853,1.1243860414971392
ACC00126,18,0.722340238789757,2076992.3350773691,1554602.1555663971,0.748487189534326
ACC00127,18,0.7949438926057527,1306204.5059631066,904029.869532604,0.6921043874871903
ACC00128,25,0.9468369681327256,1251580.2691805023,2742751.473972513,2.191430738811811
ACC00129,7,0.7839581435792888,3625749.4013253865,2042632.2396116627,0.5633682898396073
ACC00130,2,0.8772340993870645,1276076.053198984,300067.2223767989,0.23514838447486183
ACC00131,14,0.7552646147579672,1401131.516614387,1032286.3177226129,0.7367519076417393
ACC00132,6,0.8752482001066729,1513295.8201506927,473165.6450618662,0.3126722738286218
ACC00133,13,0.8144179199646703,527533.5584472133,452599.50029662845,0.8579539501313395
ACC00134,17,0.7707441063405752,2247413.5131972684,1493733.4859103682,0.6646455924283012
ACC00135,7,0.8439888406578335,3832391.1311121783,1471847.4069813234,0.384054590626867
ACC00136,23,0.6303598102936874,2746164.9801423866,2217001.3668946996,0.8073081489735369
ACC00137,0,0.9028438487742872,435115.824146324,96637.18242025957,0.22209530671484315
ACC00138,2,0.8862143374274025,890893.3344879067,164228.68587035185,0.18434158109932647
ACC00139,11,0.844220792006333,894379.0384321515,502884.3861063425,0.56227210667627
ACC00140,8,0.8676730225087556,2168986.2039493104,695187.2785100734,0.3205125404874729
ACC00141,25,0.8634532034551142,2905107.4177200235,3713775.3119514906,1.2783607550271319
ACC00142,6,0.8590821135637883,3709993.3382134764,1141938.0780584856,0.3078005737359029
ACC00143,24,0.8257203035203204,619551.1773854567,678199.4508818389,1.0946625164104786
ACC00144,6,0.8573708887935781,692727.167819572,362376.40557862044,0.5231156253323171
ACC00145,11,0.8490595808946956,940880.5649006491,488310.02540551056,0.5189925731509535
ACC00146,9,0.8171830921780068,3252469.534529833,1558825.3298643779,0.47927438314644105
ACC00147,13,0.7842059368903654,1566007.161561775,1039878.0106151395,0.6640314528179244
ACC00148,19,0.8459099653727067,930968.6355846191,617114.785281829,0.6628738731829567
ACC00149,0,0.8062109548370573,1837663.2465713029,424259.01781795337,0.23086875063183226
ACC00150,0,0.829475561813091,1325912.538180417,372073.6141423774,0.2806170116265612
ACC00151,24,0.7305973426223952,3405169.9087137813,2782882.954953662,0.8172523044539729
ACC00152,0,0.8384221407137714,1181774.1927122928,248639.81225189,0.21039536468573253
ACC00153,0,0.8348718169233762,466197.38170860574,112244.04087240923,0.2407650606295485
ACC00154,21,0.7837927565933135,1518102.8666854163,1076653.3773511453,0.7092097650153842
ACC00155,1,0.8671340378506208,1198415.4358717122,340441.37571385247,0.28407626063846525
ACC00156,0,0.8648493038945629,810051.9330902211,218181.73486299033,0.2693428975975173
ACC00157,17,0.7567449958212908,1967413.7760664853,1379834.2656068222,0.7013442125863172
ACC00158,9,0.8311956178354736,1849142.3683860716,919275.0817978126,0.4971359142022982
ACC00159,7,0.8302517879973831,1232510.5937143727,667618.2984213382,0.5416734767442127
ACC00160,15,0.8399850357102985,3089190.3135353136,1397689.6478316544,0.4524453031293233
ACC00161,0,0.8573040878614379,504070.41336122586,103408.4391568497,0.20514681365110268
ACC00162,25,0.929604905096067,2299550.9994893703,7260415.14064398,3.1573185992640305
ACC00163,24,0.7367518462436201,872771.3286850108,756932.9749184807,0.867275253025255
ACC00164,25,0.8424399811768307,3648079.727706647,4310325.57104087,1.1815327220796628
ACC00165,0,0.8355708315361794,562653.8038204637,69500.41710172615,0.12352252242820157
ACC00166,5,0.9031399523669611,460166.8321769187,174831.0783123306,0.3799297691344993
ACC00167,9,0.8231680561258861,2296025.534484187,1120279.8236413922,0.48792132614198835
ACC00168,25,0.807669498762169,1417561.6559175006,2255771.8360439935,1.591304213560976
ACC00169,14,0.7885196103569945,3290868.757353626,2012896.1005351006,0.6116610077619091
ACC00170,7,0.8528720124989924,566036.1028691559,336910.03109747695,0.595209438743798
ACC00171,24,0.7363616989600216,796942.8907933999,820236.5953719794,1.0292288253621151
ACC00172,16,0.8453332021321555,739321.5767959784,508078.90719620226,0.6872231558533435
ACC00173,24,0.707513995088505,1679143.8393138526,1432939.3791009707,0.8533750031126052
ACC00174,25,0.7457413588847208,2459062.918760609,2812906.3747086446,1.143893616242392
ACC00175,24,0.7649834020918993,1794867.438086851,1724239.992372378,0.9606503275864458
ACC00176,0,0.8450579401001218,2108028.771955984,426964.51016605843,0.20254206956098106
ACC00177,5,0.8837407316464557,369640.6760233717,207666.96468889352,0.5618076639264752
ACC00178,25,0.8786351128788157,628403.2484249303,824282.8502323456,1.311710040166693
ACC00179,0,0.8607066278590864,305419.70702108875,79819.46243962971,0.2613435236977629
ACC00180,7,0.8625759155905328,1888961.353011054,647171.413644345,0.34260701660875
ACC00181,5,0.8892499458666866,719613.7672545816,247474.69404241594,0.3438993322578632
ACC00182,25,0.7991939162807584,1768738.393418661,2431998.04384645,1.3749902489230326
ACC00183,0,0.8095638381746568,2682038.8588295,650064.0241332353,0.2423768104601353
ACC00184,10,0.828393657182583,2128536.1784495176,1070721.4253392662,0.5030318188527142
ACC00185,0,0.8490865815965002,1101603.06297282,213289.86153690977,0.19361770923305097
ACC00186,20,0.7956674499484817,3093308.764045249,1949453.4649442642,0.6302162550352337
ACC00187,7,0.8230458594851999,3130148.9792537093,1503666.719408459,0.48038183785327804
ACC00188,7,0.8455265647064972,1765825.0082800684,798937.7381463402,0.4524444576331569
ACC00189,9,0.8372755167173618,6818255.722067362,2714475.299045762,0.3981187285569728
ACC00190,8,0.839064239403581,1259147.812596675,611152.4588423504,0.48536990870198354
ACC00191,4,0.8612837044073631,2237888.1888264553,719149.6376092264,0.32135190721317813
ACC00192,6,0.855319161839116,2425908.821424214,885314.1185894783,0.36494121739898033
ACC00193,0,0.8512469190058644,3263960.1858818703,905689.5904316326,0.2774818131511398
ACC00194,11,0.8394875810151468,2354304.392926295,1121338.1824297726,0.4762927792170491
ACC00195,8,0.789040441133782,1552076.3221128078,987997.1461737533,0.6365647952343054
ACC00196,12,0.8308426850994277,3959552.1994117084,1726394.1402952597,0.4360074203723742
ACC00197,25,0.9396278505289094,1827994.033529207,4235420.410298044,2.3169771523383758
ACC00198,24,0.7464841507661423,3627613.66811164,3371869.6629596567,0.9295007604034332
ACC00199,0,0.8477830331200558,1126506.5668948446,408927.71365611197,0.3630051751791376
ACC00200,14,0.7962307649069319,3738014.9435819816,2108156.9224188253,0.5639776603992567
ACC00201,7,0.8573690892230474,781270.7443501202,374600.28780433664,0.4794756369841266
ACC00202,25,0.8355887955005702,1277516.0317060463,1751038.0375598806,1.3706583667850134
ACC00203,11,0.8028814398432589,2098135.5022146744,1200238.455868599,0.5720500199351731
ACC00204,25,0.9235390264406254,1598918.7873874682,4719094.54548776,2.951428542032745
ACC00205,12,0.8108444290192882,5775038.454870166,2947119.470829487,0.5103203197450819
ACC00206,25,0.7369452611324022,2157437.227213604,2191539.468660116,1.0158068290545614
ACC00207,10,0.8362210934296884,3758393.275197459,1533794.9400555945,0.4080985750420203
ACC00208,5,0.8074485798564544,5000998.952981864,2304261.907713643,0.46076032596241956
ACC00209,25,0.9306767260396248,7989787.844806929,19236710.807722885,2.407662278570519
ACC00210,1,0.8554971092665808,1589689.7311296065,463253.6437562338,0.291411358257346
ACC00211,25,0.8832166160344859,3869068.808663213,5603812.727566256,1.4483621265713307
ACC00212,9,0.837643470237747,1268612.7783923077,632010.7851743829,0.4981904612180557
ACC00213,4,0.846047732929067,1844895.6730020412,701212.1108488444,0.3800822567423673
ACC00214,25,0.8189872406548554,2911544.6131648635,4570639.561262478,1.5698332564082438
ACC00215,0,0.8550322723628304,2826393.73043675,585074.2754103815,0.20700381164515697
ACC00216,0,0.8719454849663313,397107.6122957647,147856.63295340637,0.37233391749560096
ACC00217,1,0.8920694269162334,611174.2060325396,151329.8368781971,0.24760507787224928
ACC00218,6,0.8364945929582206,2469012.7519398127,983397.6152174934,0.3982958834233943
ACC00219,0,0.8476496979787603,1877515.18464475,557120.5273345556,0.2967329009591845
ACC00220,1,0.8804704650006059,955193.0650965348,257347.91365099282,0.2694197885795836
ACC00221,3,0.8397821409921438,1014559.0370426719,466915.8639715672,0.4602155684627044
ACC00222,23,0.6892175228601797,1319759.450350237,1118077.1164831272,0.8471825044983861
ACC00223,0,0.8743476859977798,1063975.4077371072,303034.4812300115,0.28481342616227734
ACC00224,25,0.9886251521531537,6202011.741497462,15723485.193707649,2.5352233838098552
ACC00225,25,0.8845483882024316,2668559.9551412608,5158898.986956847,1.9332145702845038
ACC00226,5,0.8723171028242732,822307.8022916355,294151.34606035444,0.35771440480146655
ACC00227,6,0.8707617188434895,2182146.9921528106,577651.8128108479,0.26471718673771005
ACC00228,5,0.8648887338736201,862263.1189259907,357528.39671966416,0.41463955592231627
ACC00229,14,0.8242933478356731,1058927.082124151,677127.3024435499,0.6394465812369902
ACC00230,6,0.8021120858875656,1881413.8485899635,1055459.2363418783,0.5609925945495183
ACC00231,12,0.8331072324507393,831387.5818214627,513726.6356501442,0.6179147330113297
ACC00232,0,0.9105342417095542,455471.7543202589,72612.69286059642,0.15942304253084325
ACC00233,11,0.8496129141322633,924184.945714465,483853.74746605556,0.5235464499932965
ACC00234,5,0.839559574067493,1347443.5311503224,657036.1491300301,0.48761683435380293
ACC00235,1,0.88120396460392,1476438.061879652,314847.54989916686,0.21324805830211033
ACC00236,0,0.8222283635378665,1178481.1830967027,497427.61245360447,0.42209211278750386
ACC00237,13,0.8226531880515886,1724629.7682344778,961826.4789648504,0.5577002651122522
ACC00238,13,0.8119227778941017,2610863.5042184936,1466402.4434279245,0.5616541964214482
ACC00239,12,0.7720427158100598,2087712.9866191137,1305746.3336832952,0.6254434120265968
ACC00240,0,0.8577442969388167,949132.4057328738,209748.83617220935,0.22099006935734275
ACC00241,4,0.8982438249769505,430135.1420747982,165136.396426409,0.38391747214574873
ACC00242,3,0.876909081724545,1871498.0029197566,431935.70397782204,0.23079677525915154
ACC00243,0,0.8559936188447634,3081286.118409784,803790.4200027061,0.2608619872073201
ACC00244,0,0.7986083090243904,1309444.1833149905,386857.8999186317,0.29543672410630123
ACC00245,7,0.8398061419272532,2314515.35594883,968389.2466285602,0.41839828115185324
ACC00246,0,0.8531380865155882,883723.2404820276,290712.6555074602,0.32896346071977317
ACC00247,12,0.812123836907364,3924111.8654975714,2073397.8538328032,0.5283737887451635
ACC00248,25,0.9211826655772068,782500.9873199223,3275430.992211576,4.185849021647853
ACC00249,0,0.8389518350882303,1819207.0273850271,570445.0569722101,0.3135679713112046
ACC00250,13,0.7797292971659217,2160484.458410417,1378228.889627866,0.6379258523534588
ACC00251,0,0.8630950071727714,973822.8207021276,184365.82805357655,0.1893217371109136
ACC00252,13,0.7612448195857094,2500833.036509691,1609124.8719523519,0.6434355466601405
ACC00253,15,0.740077653582782,1021953.9642807913,798765.471076176,0.7816061182739419
ACC00254,13,0.8258363201568033,749289.3150393633,520652.8519419007,0.6948622401142188
ACC00255,1,0.8925204034194607,844802.7047985722,143365.98081106163,0.16970350591531858
ACC00256,7,0.8742577765911282,648140.0697780856,308271.5187917095,0.47562484278630934
ACC00257,3,0.89531723069182,541861.6045854858,145485.66568828875,0.26849229481683357
ACC00258,8,0.8529360733974488,3212783.725090168,1142766.0370065786,0.35569342190144043
ACC00259,16,0.7419070998555861,1533645.1877714864,1134830.5295783437,0.7399563723258223
ACC00260,0,0.8678565790442337,707603.8155471236,168072.1078814698,0.23752289655407727
ACC00261,0,0.8377008012935151,1490950.885153719,403916.9262643064,0.27091229515763826
ACC00262,6,0.894657439476412,598855.0654207341,223832.4838951294,0.3737673718061861
ACC00263,2,0.8553137260152476,3594392.25632749,931347.8061938833,0.25911134338617575
ACC00264,7,0.8280567976187773,3396211.418800945,1454957.7072229497,0.4284061054528319
ACC00265,9,0.7844273803174939,2913039.082191651,1722865.9222029794,0.5914324777636577
ACC00266,12,0.8409382171124982,1958566.7177489363,975292.1577832098,0.4979621827252096
ACC00267,0,0.8152732266857029,1257307.6441905708,271774.4689176018,0.21615590279224356
ACC00268,23,0.767246846362709,5103083.455609725,3351502.136884639,0.6567602050874545
ACC00269,9,0.8200449309254497,11378780.95141348,4867416.033263793,0.42776252166618595
ACC00270,5,0.8502701218022146,863156.1568089047,455767.63204415987,0.5280245393013664
ACC00271,25,0.8710050886706715,3193982.6935214438,4324716.121177287,1.354019898088171
ACC00272,8,0.8535492539888805,858535.9236274383,459006.81484016555,0.5346390316444715
ACC00273,17,0.794924607064913,2997347.771090723,1751898.7129894732,0.5844829652022542
ACC00274,25,0.9912761634287997,2396645.8629517388,8776859.77544194,3.6621429603421896
ACC00275,2,0.8409694242054178,3769090.5205709776,1245578.5005312501,0.33047189865383175
ACC00276,9,0.8626624827506661,833645.2274027208,435715.6544309147,0.5226631666667328
ACC00277,25,0.8717512076609744,1043514.614659556,1928341.3755994546,1.8479294381790439
ACC00278,18,0.8653230188958023,656130.8464475736,454931.47996866395,0.6933548124307153
ACC00279,25,0.8474313603899628,3010717.125628795,3944574.2605811604,1.3101776407364498
ACC00280,0,0.8368259310974312,1442222.6048895032,399459.9544513285,0.27697524161461423
ACC00281,0,0.8753519277116016,535230.3910239516,218255.86414245292,0.40777928122673807
ACC00282,5,0.8574056051981358,695173.6828191632,352743.18226111255,0.5074173418513489
ACC00283,1,0.87535501956493,1873521.0567884885,376234.8090879183,0.200816963185268
ACC00284,0,0.8566188148750153,1242985.3040294005,256335.30802443964,0.20622553395721926
ACC00285,6,0.8811915797273384,758831.8516258601,298775.26612517104,0.39373052868698155
ACC00286,12,0.8016355834300531,2758741.234550866,1512156.2323375437,0.5481326821809472
ACC00287,6,0.880588703123751,904433.461905854,291487.40031709406,0.3222872799319715
ACC00288,2,0.8646814430483847,2723774.923928564,750313.5997107347,0.2754682823162715
ACC00289,25,0.7923464642930117,3870440.0238634082,5124020.960337065,1.3238858963695692
ACC00290,9,0.8054732730380181,2576523.9469109583,1429212.1462949952,0.5547055551369914
ACC00291,24,0.6421597044753597,3429761.345726868,3004853.64763271,0.8761115846665106
ACC00292,7,0.873628482074514,812811.2825053168,301769.3094004072,0.3712661424559313
ACC00293,9,0.8461788999575742,1376524.7235545185,615927.2580137906,0.447450922946969
ACC00294,4,0.845575856059726,3036488.9685523487,997310.7736304284,0.3284420868836214
ACC00295,7,0.8504687006458856,672048.1451268338,387521.642523974,0.576627798668856
ACC00296,0,0.8747853752029878,545461.7920655144,170007.9505368254,0.3116771018792203
ACC00297,2,0.8678317343120405,843747.5407972805,315903.708017376,0.3744054859334699
ACC00298,12,0.8255189504744127,1307307.1382071523,762619.0458647641,0.5833510913974078
ACC00299,7,0.8053226331531953,1167286.4474868784,709543.7762566821,0.6078574610236432
ACC00300,8,0.8238525913706961,4371084.633302149,2048679.7999665018,0.468689117652435
ACC00301,25,0.8891869759508981,1076035.425299876,1895088.0119342282,1.7611762283812302
ACC00302,12,0.7704811048338381,1228859.0337084115,846243.6367745624,0.6886417510565027
ACC00303,25,0.824999437218671,4505842.99629571,4616336.202171702,1.0245222050494946
ACC00304,8,0.816334597879944,793028.0945783717,537710.1872856056,0.6780468320879467
ACC00305,25,0.9834071328429836,1881676.8380301646,4046405.3761782995,2.150425245396698
ACC00306,19,0.764495158110739,2613085.737059969,1760537.628178942,0.6737389451904304
ACC00307,25,0.987369353988849,1158408.2863353398,3654814.1137472475,3.155031051538283
ACC00308,0,0.8372417335893907,2068637.041095998,518603.7471576482,0.2506982795217103
ACC00309,12,0.8491753768254107,1452115.4266973424,737838.2438685547,0.5081126681139094
ACC00310,10,0.8238474429009347,3099762.157635951,1494022.2268307854,0.48197963290519324
ACC00311,25,0.9680221336412528,591852.5682959665,1922107.381578275,3.2476117947959815
ACC00312,12,0.7833321613982547,4534517.097396254,2545029.852074043,0.5612570859056666
ACC00313,0,0.8746863193078013,519139.3633353378,123718.40575852763,0.23831443827273757
ACC00314,24,0.7839899441740114,819013.3740637273,708674.8290813147,0.8652787018178446
ACC00315,25,0.829336165705838,1204649.0130849686,1227319.248909004,1.018818955212506
ACC00316,0,0.8364989440202264,2166348.9880937515,608032.8216363547,0.2806716853923821
ACC00317,25,0.7425072695290875,934305.2875805965,1152642.7503919564,1.2336896362609158
ACC00318,0,0.8595096184814687,1878899.766901879,385008.80726335855,0.20491183938896337
ACC00319,4,0.8272676102005432,1803024.252786127,816582.050932542,0.45289576647164725
ACC00320,6,0.8657191530046334,752674.493794617,377159.7602582565,0.5010927876096894
ACC00321,0,0.8675236249543375,733469.2331749998,221803.01840566905,0.30240262082369945
ACC00322,0,0.8578301402034011,362445.7156644769,126348.71190628089,0.34860037364393726
ACC00323,2,0.8659313329916747,1182669.735158459,336399.4115297115,0.28444070354488216
ACC00324,0,0.845388128492816,1600075.790492424,392103.07768356166,0.24505281563124692
ACC00325,9,0.7995827593133148,2225599.6570354514,1272084.2211756113,0.5715692025537316
ACC00326,9,0.8804542969088428,530664.6514075412,270307.4812851166,0.5093753287846662
ACC00327,9,0.8049660349909984,4321229.831100201,2173131.619599809,0.5028965605947697
ACC00328,7,0.8347925966931027,1753045.9342669884,839982.4521791879,0.4791559854536354
ACC00329,7,0.8173006474972344,350536.0924733419,328254.48595992004,0.9364356281939316
ACC00330,5,0.8768967478622216,933957.1273397404,300166.3517321972,0.3213920028504771
ACC00331,25,0.9798505397809323,7915450.94655437,15809427.812029582,1.997287067884805
ACC00332,0,0.8252758930565783,2910290.5088444054,649881.5012546303,0.22330468359761096
ACC00333,25,0.6817918459684196,2516028.0992954266,3029154.196179501,1.2039429118568934
ACC00334,24,0.6376141489807687,2020284.2929469433,1648345.8217642875,0.8158979543220042
ACC00335,11,0.8301554709477783,2435456.8475146326,1151972.6608505948,0.47300064545433235
ACC00336,16,0.8577144314888363,876857.6775446502,511592.55565729487,0.5834385314271758
ACC00337,11,0.852111566830252,1605666.4214576434,726186.7410330848,0.4522650105454928
ACC00338,25,0.7634761157347244,6360407.432348748,6586261.107086252,1.0355093092918581
ACC00339,0,0.8458116681966453,933919.1422746552,260762.45167129007,0.2792130922985223
ACC00340,24,0.7127909978952861,1395780.969706102,1324005.3012167257,0.9485766964536781
ACC00341,25,0.9868810758354981,2184067.717860859,5650834.084432473,2.587298021128699
ACC00342,25,0.8115268592205169,2827614.6708483915,3628188.3297330197,1.2831268585278721
ACC00343,8,0.8209237871271681,569830.9110915866,408877.5845375695,0.7175419524965928
ACC00344,20,0.7200995494414696,892131.818590332,760578.5846251735,0.8525405873618235
ACC00345,6,0.801895631804117,1348644.7392047006,790025.2669939966,0.5857919762174555
ACC00346,24,0.703590529773145,1420572.324171883,1260286.3996951836,0.8871680647656307
ACC00347,5,0.8466336615719239,725336.7472738604,422429.47404526843,0.5823908351988882
ACC00348,10,0.826884027301772,6946399.87289874,3062493.699610962,0.44087495042708796
ACC00349,8,0.7783918224702734,1952187.4881405418,1188997.9067371394,0.6090592804022423
ACC00350,17,0.7598438161349403,672000.6294351288,583925.1861390397,0.8689354750007844
ACC00351,10,0.8095758673547578,2473979.1714291424,1292632.9563230595,0.5224914466746884
ACC00352,24,0.6973890385505641,2303353.0014068964,1999692.3109518914,0.8681658042560007
ACC00353,25,0.9921298720380433,1147764.144115298,3379269.74603185,2.944219649444274
ACC00354,5,0.855520260531949,1847372.400045823,691386.1662089234,0.3742538137907516
ACC00355,18,0.8222796642741631,645728.7543840605,525754.8948100777,0.8142039381714976
ACC00356,6,0.8373757343072066,974811.675828148,522499.7150827531,0.5360006738110366
ACC00357,24,0.6871782895533193,1096831.5813871166,936598.6242951581,0.8539128888964715
ACC00358,0,0.8654944103138223,1883590.8217269224,508103.75224118325,0.2697527225023008
ACC00359,6,0.8392841054860224,2850706.5898835184,1111851.1110458414,0.39002649904116304
ACC00360,9,0.8843550470527832,298810.9908907687,235857.42030057352,0.7893197622934557
ACC00361,9,0.8656427757344121,1347453.539484558,519137.3384975723,0.3852729042488235
ACC00362,9,0.8860240236867366,853629.4128653124,315818.2749278839,0.3699711726987018
ACC00363,6,0.835974484929462,1237267.399357236,603805.5275996601,0.48801538609466216
ACC00364,9,0.8156437632545743,2109847.3120931988,1109482.1450607665,0.5258589750554219
ACC00365,5,0.8657202595446616,1222980.6750760472,457161.63331997005,0.37380936807651755
ACC00366,0,0.8474355547808144,3187476.0636262177,667159.5807639817,0.20930653829129953
ACC00367,25,0.9944189314018507,1111289.58252467,3405061.14296208,3.0640628657980686
ACC00368,7,0.8557043092226239,388404.1333303339,289594.2038341201,0.7456002111795836
ACC00369,7,0.8063350238388364,2236546.2258248464,1175291.071149562,0.5254937535288859
ACC00370,10,0.8436232319242378,3653688.3726772643,1476870.7380889636,0.4042136568441869
ACC00371,3,0.8626360412537738,886418.0668695853,331299.6589446368,0.3737510226011441
ACC00372,0,0.8330107453468177,2014198.7488047061,308998.1304434548,0.1534099505457566
ACC00373,8,0.868638622177454,1596566.632388067,562754.5934096619,0.35247798744730174
ACC00374,1,0.8474355916833106,1698203.6346806914,615958.4242253196,0.36271175708626757
ACC00375,25,0.9919687438815532,8666141.149827072,22744143.876191374,2.624483433049693
ACC00376,6,0.8426404185712124,1526297.264094948,718504.2078448841,0.47074984981443785
ACC00377,25,0.8753625899515158,745989.2185061245,817101.2921391344,1.0953258731747022
ACC00378,3,0.8742550303388722,2190399.223792149,409131.36872859864,0.1867839270049987
ACC00379,7,0.8621979321742718,1608119.707918225,561710.3821152883,0.34929637349102866
ACC00380,20,0.7943389501501839,1715115.4491369522,1141837.3144846337,0.6657495360205677
ACC00381,25,0.8688554742867846,2264392.185176185,2523080.272474822,1.1142417329436727
ACC00382,12,0.7622059365835864,1783594.4042620233,1236414.5932924587,0.6932151112035112
ACC00383,25,0.9825100991035125,998609.4236177889,2153262.9433816336,2.156261389543807
ACC00384,19,0.7951070979267636,444668.3534578193,437358.8683897537,0.9835619400138872
ACC00385,6,0.8238817765829077,2083511.6930996017,956071.04536331,0.45887481626800036
ACC00386,14,0.8800797101338906,572422.7697612649,350583.1496395164,0.612454933939352
ACC00387,0,0.8605522870769603,2429018.9207288064,581302.5019559772,0.23931575707181496
ACC00388,0,0.8337561665000829,425438.62466421106,63966.69856323118,0.15035470419198216
ACC00389,3,0.84099719724496,1827774.0657515055,758010.2766018865,0.414717710906038
ACC00390,23,0.7475630736203217,4462936.583151074,3053413.943425252,0.6841714836264551
ACC00391,0,0.8561165952798103,690651.2596087216,152976.5379306275,0.22149606737457356
ACC00392,11,0.8310554228715392,7583945.959012027,3128935.8836260615,0.41257359961906603
ACC00393,0,0.8384219086697264,686466.3722477398,159306.0902901423,0.23206685240606387
ACC00394,5,0.8534834160468094,606725.4366008419,327639.54944780277,0.5400128784502457
ACC00395,0,0.8681251772068731,1692281.8976886433,450609.228106035,0.2662731479439018
ACC00396,5,0.8661082267729254,935881.1944468981,357375.4300026498,0.38185982592999657
ACC00397,0,0.858234835960456,1348006.0785261567,274529.3958108589,0.2036559034741266
ACC00398,3,0.8612200374647094,889501.0473442111,369864.0528581897,0.41581069967539114
ACC00399,8,0.8502536426226497,2550655.971197898,1008349.1417340639,0.39532934002875336
ACC00400,24,0.6972801682123468,2034272.696384159,1711289.944483962,0.841229372800271
ACC00401,6,0.8724668147543947,1109422.2618049383,372621.00562064414,0.3358694146036159
ACC00402,11,0.8768018750218272,371493.87725273374,286179.33768431796,0.7703473871512158
ACC00403,0,0.8811064543814975,540597.2260044597,86937.76939246437,0.16081800869571455
ACC00404,23,0.7555840012307228,2361705.7321608546,1700018.3730512918,0.7198265007791006
ACC00405,20,0.8025782784554109,372529.9729588652,402309.36068371235,1.0799382328576697
ACC00406,25,0.9885297163611882,848895.8780231976,2201229.4335401827,2.593049972943831
ACC00407,0,0.8617796234273646,3943823.6820803345,672708.0437735468,0.17057254532705143
ACC00408,25,0.6784861320526964,4194608.511938805,4080946.1336110136,0.9729027445578575
ACC00409,11,0.7912108783700423,1779001.7436301853,1117799.3170313048,0.6283295230224745
ACC00410,25,0.9882611838578828,1839685.0064805474,4599364.318060515,2.5000825151363477
ACC00411,0,0.8789743634805213,612561.6199916491,228528.87810491267,0.37307083997203117
ACC00412,11,0.800428197179825,2539908.4589829063,1477849.2704515152,0.5818513912282148
ACC00413,1,0.8647530412022181,340045.9792598018,237472.19342034362,0.6983531872285724
ACC00414,10,0.8113410554588272,3396287.745465397,1738357.1146811636,0.5118403518671693
ACC00415,16,0.8111887980166431,1948985.6397367837,1134076.3989274069,0.5818803257475859
ACC00416,2,0.8708930445598748,2528996.381711159,490965.5271330376,0.19413453126447044
ACC00417,12,0.7273864450816058,332400.9296533779,377474.0024486054,1.1355985160517719
ACC00418,6,0.8941698818771633,490893.1343641846,222062.02916266207,0.4523632815730487
ACC00419,0,0.8402713370147247,9145218.456480525,2638624.9344701064,0.28852508521546716
ACC00420,0,0.8693465863252317,1390615.4234039767,376058.10380065715,0.2704256672776823
ACC00421,7,0.8891781375066556,744067.6670165345,253447.01490914886,0.3406236101151763
ACC00422,11,0.8258172338074783,2218947.1926601,1086185.0781756756,0.48950469924142004
ACC00423,25,0.7602718762606235,3958208.6582312398,4183569.3715227437,1.0569350261065338
ACC00424,10,0.8217647938703275,3185467.6597084124,1536931.869338792,0.48248233337251273
ACC00425,16,0.7864341206738334,1665846.6188527367,1089373.5299497193,0.6539458781024914
ACC00426,0,0.8816187603167197,795624.7054709782,142666.73925436393,0.17931411414620527
ACC00427,11,0.8165485924991165,3732875.6116729435,1866030.9807506634,0.49989101563295174
ACC00428,25,0.7893041791543925,8753083.904549247,9940804.542504663,1.135691677459886
ACC00429,0,0.8618036587699119,854390.802890783,312508.6388650727,0.3657677936229151
ACC00430,0,0.8814757137206286,560225.9975319714,198073.54283409286,0.35356006987660193
ACC00431,10,0.8054261434318483,1810133.4449337015,1004720.8769595006,0.5550534850187798
ACC00432,7,0.8674808207299625,886193.6279090625,404901.13192712853,0.4568991687318674
ACC00433,0,0.8632863075417028,612573.7886704224,154296.36171489602,0.25188208272801355
ACC00434,9,0.8718198663457506,726649.961919651,326402.2787825343,0.4491877738770543
ACC00435,0,0.8535225852888445,614902.5591606706,104735.80765214922,0.17032911327464867
ACC00436,25,0.9643929288039071,3119598.295216164,5680717.961758334,1.8209773900920483
ACC00437,1,0.8538159708833695,3117346.6007207655,970718.8313663758,0.3113926539775637
ACC00438,0,0.8354615982394262,742216.7902961536,118899.7783896737,0.16019548458642552
ACC00439,8,0.8449183184757355,649320.6365427461,396259.5856020616,0.6102679682443375
ACC00440,8,0.8347612479489008,2561857.579720889,1091560.603654042,0.4260816886522497
ACC00441,1,0.8503294125983747,1424763.687913062,523246.7772148771,0.3672516233069558
ACC00442,0,0.8347269110414142,684308.345375724,208349.58157518104,0.30446739833457
ACC00443,25,0.9830810333837057,1815627.4517406828,6250907.007297446,3.442835699198402
ACC00444,24,0.7327937564093241,1063397.7867078267,928271.4079776168,0.8729296031840091
ACC00445,21,0.7186634149948347,2244943.355790883,1693452.2834018255,0.7543407627785024
ACC00446,0,0.8755698363368061,1009136.5614240576,220754.822393185,0.21875614345164904
ACC00447,1,0.8544456081149102,4348563.119478384,1051647.0660949158,0.24183782946240465
ACC00448,4,0.9050575369646379,390830.663126266,126615.85696375872,0.32396602649074346
ACC00449,0,0.8229093311915257,312712.44183297514,56770.34227826901,0.18154168073872476
ACC00450,25,0.7610061870079468,3993588.0254157283,6840159.437034718,1.7127854434415941
ACC00451,4,0.8887246139462652,806225.1711629785,222281.8370980803,0.27570689312197866
ACC00452,5,0.8901557207912575,560676.2333238366,210943.40571649914,0.37623033255034016
ACC00453,16,0.6963902128276186,1229224.4884873615,1008881.1492931814,0.8207460547216021
ACC00454,21,0.6990183227353823,6309024.254881845,4557613.116062536,0.7223958780212189
ACC00455,2,0.8860040659826361,572567.9984228162,174293.13391282607,0.304405999624377
ACC00456,1,0.8775668094292834,933199.1232760813,222730.73875918216,0.2386743977826141
ACC00457,23,0.739995011346972,676919.9235876866,624126.326072059,0.9220090949076803
ACC00458,8,0.8487551760630281,1185296.6448247558,581724.4822359948,0.49078387657294165
ACC00459,25,0.9653462478316125,2301843.390956879,8799280.108099276,3.8227101559856353
ACC00460,0,0.8466544482896227,1611527.7155930933,294744.41610322666,0.18289751597275591
ACC00461,23,0.8258306752753507,494109.603406274,462855.44095641124,0.9367464986828752
ACC00462,10,0.8395616471825746,2377556.0458363937,1043626.617763762,0.438949323441344
ACC00463,0,0.8403962530475346,2773024.0433412734,643821.6782819824,0.2321731323707632
ACC00464,0,0.8614153548484488,2153975.736310932,548455.8947005661,0.25462491775320306
ACC00465,24,0.6729634681925956,1449817.1541913508,1242555.084033974,0.8570426142647075
ACC00466,11,0.7881205977334991,2632223.6458935323,1571400.3617255695,0.5969858846063756
ACC00467,13,0.7719928469624953,918560.9738669565,690659.1854540519,0.7518925853626418
ACC00468,25,0.900758922089835,420212.39169391035,630469.7056133273,1.5003596230750185
ACC00469,0,0.886020851844088,681773.7834007066,130092.00511892486,0.19081403287469095
ACC00470,10,0.838925912452359,1107647.0625758602,600488.5959902992,0.5421299042619663
ACC00471,0,0.8480759595251679,2704166.0573405777,478729.19412449945,0.17703394834979458
ACC00472,25,0.9646848334698971,3958344.887895099,7236804.837440136,1.828240095897354
ACC00473,9,0.7958242229262902,2934525.310544914,1671694.1333418593,0.5696642408688039
ACC00474,25,0.9174846784447163,1844181.350334798,4758842.15591222,2.580463225619479
ACC00475,3,0.8769532818956034,1562090.48255447,325204.3301158603,0.20818533481111615
ACC00476,1,0.8768830675280451,1295637.5649414447,334941.05231678544,0.2585144652948704
ACC00477,11,0.8295592913083799,3663484.9830060243,1654170.7425884944,0.451529281616213
ACC00478,2,0.8790367587630448,914076.6987655206,220876.80581622012,0.2416392476851437
ACC00479,25,0.8577622628796059,848403.8514289954,1894522.3376216826,2.233043066024128
ACC00480,12,0.8003922914103647,871936.3078844363,637394.9385082078,0.731010892360599
ACC00481,7,0.8372103203876027,1694811.309533397,814192.6458860901,0.4804031229354067
ACC00482,25,0.9902971324622148,2009418.9425887205,4853420.627210498,2.415335361056102
ACC00483,13,0.8142446260978091,1168409.9259189193,718932.5781366754,0.6153085164620256
ACC00484,2,0.8408363993938875,1004182.3065418125,462145.7906958207,0.46022100537436395
ACC00485,19,0.7520873136945383,1700717.6937479645,1237107.6326044665,0.7274032822450297
ACC00486,25,0.9303802441933053,6771798.564969786,17363903.67604006,2.56414946626776
ACC00487,25,0.983823915219794,604029.4656210641,1579788.3268840176,2.6154159967339945
ACC00488,25,0.9474595909266705,2617007.8389567323,8295428.234720671,3.1698140568152193
ACC00489,25,0.8663846553662744,1402994.1353968754,1754689.6135956587,1.2506749453370285
ACC00490,9,0.8181134430029969,1609709.5372098337,894858.456184812,0.5559129988978644
ACC00491,25,0.8335380077014548,1211949.6137674297,1343374.622538058,1.1084409840786076
ACC00492,0,0.825225663226375,1680444.2109485092,334931.88076121244,0.19931151452636658
ACC00493,20,0.7740268124584898,895568.6234694715,718125.3189184971,0.8018652061931878
ACC00494,3,0.8837134141408481,833815.19334068,220976.40103353886,0.265018439095835
ACC00495,8,0.8188832394480559,798747.796120739,541744.8260475813,0.6782426551643229
ACC00496,12,0.805860108216227,1961392.9087634406,1155658.2500796358,0.5892028287224819
ACC00497,8,0.8023304802115169,1786488.304133285,1002658.3523136241,0.5612454052981131
ACC00498,12,0.887331333940939,342797.25821849686,273100.584138754,0.7966825217857529
ACC00499,0,0.8655361642184629,1073617.2553355172,167732.84182848758,0.15623150708030417
ACC00500,0,0.8615340720690782,322620.4042665333,62802.99079139797,0.19466527832974007
ACC00501,2,0.8376928071349723,1058564.2987984791,471002.1210864377,0.4449442718038456
ACC00502,25,0.8216270234403158,4899891.20209209,6966305.093215672,1.4217264845066953
ACC00503,0,0.860585814616922,1611647.32527712,407576.0665893088,0.25289407936641894
ACC00504,21,0.695205918565516,2124884.1140877726,1649357.6118877856,0.7762106182415818
ACC00505,5,0.8777608031941848,1271880.8231235726,392305.6321724941,0.30844527650715176
ACC00506,25,0.7836373963465422,4212651.105085319,4714740.657955413,1.1191861230245237
ACC00507,7,0.8339639253410053,718024.845536903,439736.93524188804,0.6124257927496572
ACC00508,25,0.7956307008581798,2676673.5239729183,3375254.777234589,1.2609885916250199
ACC00509,8,0.8594411807636178,804793.9419350708,415162.1208779108,0.5158613891646382
ACC00510,0,0.8324444834973237,3140667.916188594,864962.5620361937,0.2754072016266789
ACC00511,25,0.7928386356943001,1383212.1700137316,2433101.142547386,1.7590223649660575
ACC00512,0,0.8168391506187309,2642322.8181902776,628543.9871666,0.23787554754459891
ACC00513,22,0.7290978957912698,1622049.1013450706,1245489.0558125738,0.7678491697814589
ACC00514,7,0.839821264673268,2022617.4270444307,861269.7454909886,0.42581940310359495
ACC00515,4,0.8408774934769655,2611429.934166908,1057093.441741764,0.4047948703931034
ACC00516,10,0.8456577563007524,1247289.515819566,648932.6630629903,0.520274286629108
ACC00517,25,0.9681901456852853,2574987.812963475,10480772.980120266,4.07022236274519
ACC00518,19,0.809559027669775,1179591.068837288,831872.4740831524,0.7052210686056832
ACC00519,6,0.8713541706999708,868854.6410713177,344970.379643666,0.3970403832087604
ACC00520,12,0.7768930979924403,1966767.6853349914,1232446.763828323,0.6266356586077452
ACC00521,0,0.8565898540327008,466302.1272121288,73094.25131556514,0.15675298706564408
ACC00522,8,0.8068639886162162,483310.501236392,391442.92333085806,0.8099201700138507
ACC00523,24,0.723603712855668,6138785.604108925,4460310.015760179,0.7265785618534588
ACC00524,25,0.7246326348086748,630240.6019385827,948355.0115858493,1.5047507391125954
ACC00525,25,0.9553399968314595,1764564.8968765337,5358255.421207475,3.036587337021241
ACC00526,3,0.8420380922173382,1208208.7013928257,568381.8338636337,0.4704334881948804
ACC00527,8,0.8517441459647014,4241727.378630166,1481392.4796483426,0.3492427370772582
ACC00528,0,0.8430385103863264,2409655.718109856,451706.6432869151,0.18745692170549394
ACC00529,0,0.8414216015713052,382427.7502720653,78412.97937154362,0.2050399828876418
ACC00530,6,0.8607625645158044,490428.0477710724,292473.22671467904,0.5963631730361454
ACC00531,5,0.8580481277268123,1353724.4413149392,513388.0679614523,0.3792411899298894
ACC00532,25,0.8123021367957283,600645.3209783657,1440657.2768759655,2.3985157738835623
ACC00533,1,0.873765986027731,802965.7985432368,288731.12941930117,0.3595808562993907
ACC00534,12,0.8227579896635134,1588255.7565931003,851546.0037565434,0.5361516872969869
ACC00535,0,0.8642843429907507,610329.0297796888,142530.29778646774,0.2335302612722142
ACC00536,0,0.8651776316061002,644253.8225816009,78865.95049938302,0.1224144083202454
ACC00537,16,0.8052618820203442,1613901.6785160156,1035252.2852501395,0.6414593274368827
ACC00538,11,0.7807524061158821,1479307.6366056832,950908.9843254248,0.6428067839271855
ACC00539,13,0.8040782369593225,1711514.1017351097,1053953.0189812533,0.6158015396500502
ACC00540,9,0.8172493658894681,2710852.619595591,1324995.1433928262,0.4887743191256524
ACC00541,10,0.8582003919022041,1197607.437944207,573982.3327463731,0.4792741883197231
ACC00542,2,0.8663642375635967,2589103.7813316723,648604.0976068868,0.2505129776116142
ACC00543,1,0.8870543717603309,871072.8990437376,142311.79165318506,0.16337529477660795
ACC00544,19,0.8078072752556171,2564300.1796264164,1500555.579487731,0.5851715767950153
ACC00545,25,0.7359843663584796,1223133.6328253618,1501596.7916833018,1.2276637248660291
ACC00546,0,0.8422529882148737,5320966.227251953,1290188.0243458753,0.2424725076693826
ACC00547,2,0.8619406566904279,918365.5713932557,327179.36491594714,0.35626266391888156
ACC00548,25,0.7800207739574966,1747984.9305801997,2809786.198626297,1.6074430331007825
ACC00549,16,0.7107448739869896,4340830.928891067,3002244.685660301,0.6916290302113357
ACC00550,24,0.6744973064539229,1675976.69056208,1375146.4113329232,0.8205044969162035
ACC00551,9,0.8663700673240683,794128.2783628982,396521.7772241981,0.4993170348267045
ACC00552,0,0.8374548063432316,868213.7844199889,168492.91732259953,0.1940684660232173
ACC00553,18,0.8048642307875082,1317753.1538180113,866615.8613607875,0.657646584908475
ACC00554,0,0.8376101387320835,1428601.828074431,462074.7024611248,0.3234454089170117
ACC00555,24,0.6659317036083785,1339896.8290398808,1163821.7949098796,0.8685906031614613
ACC00556,9,0.8278915601303706,1393046.6835148514,718840.375761333,0.5160203059007314
ACC00557,0,0.8693234824605924,2027679.975405841,472504.14873323555,0.23302698377669961
ACC00558,1,0.8630059713379239,594784.2492152904,303717.68286289583,0.5106350466805334
ACC00559,25,0.9929039282655312,569039.8068662016,1084010.1813858452,1.9049812830418185
ACC00560,0,0.8549347326373209,1689205.1285298744,435948.3188664227,0.25807896951261994
ACC00561,0,0.867386041882804,1515715.976744094,303136.58933672385,0.19999564165569517
ACC00562,8,0.8815598855110522,786791.9037302363,326418.40531735827,0.41487260325098085
ACC00563,5,0.8689213168913797,1038339.9909732385,374492.1232741367,0.36066425884562564
ACC00564,13,0.8020525977352384,2315719.306592928,1355862.9305932943,0.5855040059186399
ACC00565,2,0.8793472878046864,892514.3479526663,220847.86908227077,0.24744461485562946
ACC00566,14,0.8145862979605578,2126984.9512935895,1219584.5292553185,0.5733865340766006
ACC00567,25,0.863828806460209,1695400.269278799,3684004.4347874573,2.172940810228009
ACC00568,0,0.87057009337113,643540.7785820874,166604.0109409562,0.2588864862736976
ACC00569,14,0.8227645245257293,4539649.748291713,2349555.8422444784,0.5175632422145839
ACC00570,0,0.8658314084952676,1291723.1160496823,255388.20376904734,0.19771125916680166
ACC00571,1,0.8861087884836631,390811.1497571899,196549.3322028533,0.5029266240867717
ACC00572,12,0.8298997697728534,2224957.0442969156,1166190.8000954739,0.5241408157001022
ACC00573,2,0.8806124712209762,994691.1184478747,239866.350075752,0.24114656864539183
ACC00574,18,0.8060789438129101,1469266.4983564222,947680.2282375356,0.6450022710635864
ACC00575,24,0.7728732245492658,3234191.04727555,2951942.043154436,0.9127296439835
ACC00576,25,0.7664698238452649,1922973.0032375776,2337518.4968066476,1.2155753059825218
ACC00577,0,0.8865788180831711,589717.2276571875,144006.1019766432,0.24419517562467477
ACC00578,3,0.8446378710362935,4559794.462689929,1604725.8187988694,0.35192941961076996
ACC00579,25,0.8983147462933134,2532069.6917939354,4469273.840440517,1.7650674682947216
ACC00580,22,0.692963886343556,2406857.4721699813,1863083.3087641057,0.7740729687181609
ACC00581,6,0.8292564380099284,2555756.38755164,1175032.0091059199,0.4597590031777541
ACC00582,0,0.844941115755126,1576535.9494526938,498576.8038063959,0.3162482935955127
ACC00583,10,0.8347522890038338,1971418.292589214,957717.0442698468,0.4858010336365521
ACC00584,6,0.8674487906420421,1029719.9730468424,358756.573554775,0.34840207332606044
ACC00585,25,0.81860500987497,1496701.074458082,1709297.048175638,1.1420430420914423
ACC00586,10,0.8326045998474522,4752047.50315079,2125548.756204978,0.4472911423540395
ACC00587,25,0.8304550189473526,6222142.561382464,8559600.54804776,1.3756677002504987
ACC00588,25,0.7930605766774067,2052050.4478518025,2698614.07133622,1.3150817389315528
ACC00589,8,0.8231050649910375,663759.7412729538,472563.52453469747,0.7119496636364514
ACC00590,0,0.855992207792602,954069.5865015822,265516.54216869373,0.27829892696013886
ACC00591,0,0.856966559134967,1384862.2529645679,220492.19104242595,0.1592159729752323
ACC00592,7,0.8608648823440023,529095.3463105982,331115.63047221355,0.6258146717431846
ACC00593,25,0.9130626940742269,1174860.9830843047,1348214.0207244526,1.147551957326094
ACC00594,9,0.8587124391403448,616542.8332643163,366443.7175199796,0.5943524078932607
ACC00595,25,0.7385454167099289,1524562.9264696906,2542941.587849276,1.6679807331651204
ACC00596,3,0.87514448586749,891533.0734516779,290789.01035374915,0.32616738404098056
ACC00597,25,0.9916509590962326,765604.3336960752,1421408.8338931652,1.8565841013870583
ACC00598,6,0.8413823703941892,1729530.3737489854,797204.7897233905,0.46093714329823754
ACC00599,25,0.9933080126354318,2067546.4909159443,5284288.995815142,2.555825960399153
ACC00600,0,0.8389690844070207,1082984.249369704,339474.2419432322,0.31346184595095083
ACC00601,10,0.8396050421586132,2352316.6071323236,1031692.0330925687,0.438585533071711
ACC00602,2,0.8614122089057346,1624116.2151169705,490957.4521929475,0.30229206975658957
ACC00603,5,0.8990301809527189,352937.6772623605,191793.21015676783,0.5434194831349671
ACC00604,25,0.8162946761397267,3713686.4370227004,4759857.209996605,1.2817068136244238
ACC00605,3,0.8572033453048531,3118483.3750101766,818668.574687818,0.2625213849938021
ACC00606,0,0.8531882781512431,840111.0348178799,179118.9870062806,0.21320870644808299
ACC00607,3,0.8460795429478276,274980.6875641035,246030.23501766607,0.8947182334770746
ACC00608,25,0.9946511343841516,4786804.226277659,16082637.727528239,3.35978597980693
ACC00609,15,0.8115355456103379,1609281.607452281,981155.2392267912,0.6096852376136317
ACC00610,1,0.875031241725883,840071.6362811946,265831.82239103597,0.31643946886221846
ACC00611,24,0.7290192765051832,1382023.273596351,1112465.780970611,0.8049544477465362
ACC00612,3,0.8897279416028296,612903.6748581809,210315.47455181292,0.3431460491740037
ACC00613,2,0.8559007614617855,779283.8681017405,327643.2022584778,0.42044140225382143
ACC00614,5,0.838575801168973,2085657.4327977616,899586.8447997123,0.43132051824684375
ACC00615,0,0.8489445008256598,1885533.4034350722,464251.2004407927,0.24621743618809303
ACC00616,3,0.8719582839678814,3040240.027226766,701324.8894523665,0.23068076308833357
ACC00617,6,0.815020748197143,613323.3371062,425513.0739980288,0.693782623706603
ACC00618,25,0.683780928619863,850834.6267538674,1889897.1922275624,2.2212274075374214
ACC00619,2,0.8959514252444448,775015.6884493202,160231.61242917491,0.20674628245238777
ACC00620,0,0.8763792121356381,346103.5783441002,164772.1045455814,0.47607743708954964
ACC00621,24,0.8753060915571108,1076197.1122624003,901807.3927218097,0.8379574544908549
ACC00622,9,0.8452141473304084,3326340.130596775,1400379.1815880882,0.420996989666492
ACC00623,9,0.8397829352912085,3040804.6169401053,1326320.1309382604,0.43617407167478817
ACC00624,19,0.771011165103934,1415213.312008467,1050441.0778215716,0.7422492912611092
ACC00625,12,0.8031005822731223,1748867.8120038807,1035702.997436172,0.5922134253528555
ACC00626,9,0.8153818092971128,4921656.538025524,2484044.692386374,0.5047171969832186
ACC00627,8,0.8918840531647155,854805.8466109042,277356.96124157513,0.3244677868561938
ACC00628,5,0.859587468392465,671376.2406722896,324212.5309295152,0.48290736443824944
ACC00629,0,0.8504573547904051,5091768.661909639,1071897.9440257864,0.2105158374622183
ACC00630,8,0.8447145771037535,1697069.2583200363,750720.1113483582,0.44236268358989156
ACC00631,7,0.8382578274962624,1038515.2121585625,523760.51563614124,0.5043359110238748
ACC00632,12,0.8575165829882166,1030032.5251404056,507959.68932145287,0.49314917434496736
ACC00633,8,0.8686246839091338,483317.2631342196,301055.1177891167,0.622893367881859
ACC00634,24,0.7510129363450024,1948749.0549307624,1434068.2291262771,0.7358916867709416
ACC00635,24,0.7666392264767027,604462.7496589544,611609.909748512,1.0118239876544752
ACC00636,7,0.8485411762508283,1788374.899849138,741075.6340003073,0.4143849447131148
ACC00637,4,0.884026453408741,669222.6109596769,259687.52675113702,0.3880435635292426
ACC00638,4,0.8561827687656153,1842325.6569914063,613727.4254248952,0.3331264606210486
ACC00639,13,0.8443211962192128,2025368.153300406,926083.6144347488,0.45724211320577157
ACC00640,25,0.8265114275329114,2488662.2334788362,2680952.431326365,1.077266490912562
ACC00641,1,0.8575408913584845,1606808.7660758889,470005.5395516646,0.2925086976588392
ACC00642,10,0.8431585336104384,804725.6560366513,456345.989895844,0.5670826901970424
ACC00643,25,0.9549870719854987,1536562.1063008686,4316256.673631139,2.8090349592325485
ACC00644,0,0.8280639957411948,7928196.403356116,1805468.1986666399,0.22772748136037094
ACC00645,25,0.8457821736140504,1734746.74989602,2553356.703750648,1.4718901787270648
ACC00646,25,0.7732782154613103,4722782.6949282745,5584422.880441576,1.1824433265664762
ACC00647,22,0.806794839304791,1591728.7004547564,1059049.9439130032,0.6653457612534301
ACC00648,25,0.9142654031349357,2301165.129170478,2535220.432298378,1.1017116503987145
ACC00649,25,0.8476216351211673,2434328.0780849033,3668282.7325024707,1.506897433228608
ACC00650,1,0.852674472797169,2310193.5032332144,737350.4976269491,0.31917261328758634
ACC00651,0,0.840456325734995,453221.8728012436,196007.64394396788,0.43247613521495964
ACC00652,8,0.8153411747028806,2454952.428698074,1287836.0655015428,0.5245869738439356
ACC00653,10,0.8447215662488675,649917.7198901844,402915.013911268,0.6199477281206426
ACC00654,0,0.8821518507684036,583485.7565522587,202941.600331157,0.34780900485097094
ACC00655,0,0.8710747421502384,514532.3607122969,109743.78866312232,0.21328840913173597
ACC00656,14,0.7553560628356016,630648.1795576527,544805.5079023893,0.8638818370720187
ACC00657,25,0.983235287256794,3284369.8900123574,8297538.084948211,2.5263713780170454
ACC00658,11,0.8179487171925403,2144652.5097603877,1114691.0399438487,0.5197536826459538
ACC00659,25,0.9639082513730268,968718.2740359097,3889714.0637612236,4.015320210235897
ACC00660,9,0.8362221652242392,1843838.145792699,916650.2472177128,0.49714246844786286
ACC00661,25,0.9948940820668294,1141130.416837298,3676876.888758824,3.222135554803174
ACC00662,15,0.8515600214698726,1642649.9640714093,832383.63915919,0.5067322055004804
ACC00663,7,0.8820079904902199,725243.9580813404,285461.9214024793,0.3936081345064622
ACC00664,19,0.7957990813706998,1347536.3608767204,926579.2142588783,0.6876098049451049
ACC00665,0,0.8568805223952368,2980179.4467931357,850303.3731382929,0.28531952129703936
ACC00666,5,0.8383859784505985,1679585.241117749,723894.5052902029,0.43099599089621526
ACC00667,17,0.7912170426514128,1923626.8994018557,1262013.2342479823,0.6560592569382349
ACC00668,25,0.871326676801776,659839.452991046,938456.9950239568,1.4222505046794944
ACC00669,25,0.8661316658860461,2603797.26656454,2727036.5104285306,1.0473305834699616
ACC00670,7,0.8294720510786044,1515019.814972084,773569.0771449185,0.510599973346997
ACC00671,5,0.8606953134132342,2863422.8822385105,810226.7653553882,0.2829574249689536
ACC00672,7,0.8455090827992292,969765.3657183342,485817.64802891464,0.5009641148290082
ACC00673,10,0.8328993184638338,767732.9951001531,500178.96212677634,0.6515011928874131
ACC00674,6,0.8339147692239374,1640834.1289272436,811078.5970090783,0.49430870720573755
ACC00675,8,0.8603820893858521,1133983.7607246786,507307.47853652027,0.44736749864241676
ACC00676,9,0.8451143961986569,1060429.5819874336,566712.4594637549,0.5344178143367474
ACC00677,25,0.8934030073402751,2158603.5939693586,3194246.2388819586,1.4797743540342225
ACC00678,0,0.8638485687386157,424517.6899333714,164764.80915459263,0.38812236347666146
ACC00679,15,0.8142426645401016,1045756.6037888839,720837.2651108494,0.6892973589640092
ACC00680,3,0.8869782514617031,733405.4218298236,234248.48154171422,0.3193983499021204
ACC00681,5,0.8380651858991959,2339806.652027084,1004042.6718235378,0.4291135213901921
ACC00682,4,0.8808012162525204,660047.0545196371,250995.5455946751,0.3802691700174956
ACC00683,0,0.8772323367229954,1128135.6716585262,268555.1443722449,0.2380521697159253
ACC00684,3,0.851651403899698,2778647.6203463995,829521.6424455241,0.29853430725487673
ACC00685,0,0.8710065313763908,718709.1144407946,191672.74789756938,0.26669029798892147
ACC00686,6,0.8510240913908229,3385027.4449188234,1215320.5104310552,0.3590282590634062
ACC00687,6,0.8261507502205964,2228199.714507891,1081283.7319457263,0.4852723590733128
ACC00688,24,0.7450051866645573,3659324.8157450343,2630179.5795429274,0.7187608949678401
ACC00689,0,0.8539858472238168,581200.3761116154,173722.03681207102,0.2989021410727871
ACC00690,8,0.82230582175133,1864961.104914691,988840.5206847825,0.5302204523616674
ACC00691,24,0.5945463711415929,5199348.397936214,4454914.781222216,0.8568217477002528
ACC00692,24,0.781555299188485,1536166.3762721475,1327206.8300274056,0.8639733628646208
ACC00693,3,0.8031085288967242,3842649.8264370044,1797292.6229263865,0.46772219798983833
ACC00694,0,0.8748734205568163,919218.3658404031,172159.52516742973,0.1872890398681617
ACC00695,25,0.9926715572504032,3791928.2429333306,13077062.78149067,3.4486577655738064
ACC00696,0,0.8384332752784338,575336.8709011206,119819.15787680053,0.2082591329304759
ACC00697,6,0.8603189882287544,1224878.012857542,512551.74463203177,0.4184512573919829
ACC00698,2,0.8814887232268682,980974.2007653064,214585.88608504954,0.21874773660473487
ACC00699,0,0.8322320505865902,5267196.772997337,1313433.5740164577,0.24936102268855215
ACC00700,19,0.8208153744934283,799280.4372933499,586055.9473996154,0.7332294399500269
ACC00701,17,0.8467319869689903,1049713.3492229118,637406.57996734,0.6072196570989625
ACC00702,9,0.8192963564414787,6186553.193254531,2726042.7267398043,0.4406399883075648
ACC00703,11,0.8469573194735684,2859911.3774921508,1208512.9646426588,0.4225700747770726
ACC00704,0,0.8513887740517313,1443055.1448714926,337409.474850592,0.23381606451404124
ACC00705,0,0.8824064613555892,944847.863290104,159225.41918827244,0.16851963726078115
ACC00706,3,0.858708298507412,329801.5974524639,246678.12743317947,0.7479591649604868
ACC00707,12,0.7898495753117483,1028106.1427530544,738524.952445597,0.7183353174682731
ACC00708,1,0.8640365337065108,1669037.374222737,495090.6009151897,0.29663242331272005
ACC00709,7,0.8537728030181286,1390829.170289361,613659.8231029494,0.44121868897477756
ACC00710,10,0.8473436184852795,2800567.805345021,1154351.1586039262,0.41218468497737865
ACC00711,0,0.8865890609446021,819306.003293219,180719.20225534376,0.22057595273187167
ACC00712,25,0.9903116968723965,1800218.868975878,4520105.891585295,2.5108646340079344
ACC00713,25,0.7865876688997122,1132884.433811111,1314162.1968751848,1.1600143471424014
ACC00714,5,0.878461746265914,380241.50714642945,227243.91930949452,0.5976304928277697
ACC00715,7,0.8378100754306809,3650604.793986741,1401786.8456519865,0.3839875650086811
ACC00716,0,0.8550164997191864,6131359.119027128,1285142.185938875,0.20960151917227615
ACC00717,0,0.8682309264958772,963874.785196272,185512.98327402654,0.19246585357687399
ACC00718,0,0.8510693591013212,549745.8865386801,198778.89144694607,0.36158322656764436
ACC00719,8,0.8439616957630572,2509199.479952892,959218.4894120792,0.38228068237527607
ACC00720,4,0.8623121397887449,548526.1188990079,292714.9256825071,0.5336389929253312
ACC00721,2,0.8549901698257478,6390535.32716934,1643652.9638946627,0.25720113883209084
ACC00722,7,0.8063949159152028,1840024.727786089,1000210.6921072513,0.5435854621968592
ACC00723,6,0.8666127456353698,1639042.7429099882,561487.4973309853,0.3425703812544324
ACC00724,11,0.8345012830438918,1657114.5594775497,834374.8811345492,0.5035106814809523
ACC00725,16,0.6698838538103448,595814.7183880078,569267.3994506091,0.9554436671030496
ACC00726,0,0.8321106576453975,800584.8639300888,192176.05623648348,0.24004457852611272
ACC00727,0,0.8372943443781081,1250925.152182898,337732.72133704246,0.2699863542976091
ACC00728,0,0.8485239666666843,1158900.2112179403,287491.66347837134,0.24807283724302148
ACC00729,25,0.8558263792936286,1321890.5544852754,2644942.063128854,2.000878252858653
ACC00730,9,0.837848259117744,2293280.088892957,1092688.5207503005,0.4764740800927538
ACC00731,7,0.8342896989773064,863138.6188303209,521743.3031235558,0.6044722038165715
ACC00732,25,0.9387241392994603,2096461.7024535323,4513421.521013927,2.152875731396274
ACC00733,3,0.8517832122796863,601513.9265881566,328674.6068811196,0.5464122979585739
ACC00734,3,0.8124998847162498,970324.6235728586,566048.162184721,0.583359577231442
ACC00735,4,0.8421986659309725,4303005.483092414,1498357.8531182979,0.34821193210320583
ACC00736,1,0.8506033504920044,4750879.446782728,1282807.884578087,0.27001482545443206
ACC00737,24,0.7256151128046568,674496.3228012403,633074.2102498804,0.9385880824682181
ACC00738,8,0.8849317774573702,701656.4457994687,273833.3600109508,0.3902670055271061
ACC00739,1,0.8886675076746138,493471.0262943296,168630.05379302957,0.34172229940091875
ACC00740,4,0.8485452024632977,4222417.649649391,1217540.2429092936,0.28835144789866823
ACC00741,6,0.8534306860387246,7043705.733226377,1883601.191842007,0.2674162242407054
ACC00742,25,0.75824652056,548752.6177039201,943896.174921266,1.720075940358513
ACC00743,11,0.8319529062242017,695210.643510548,473074.4293269297,0.6804763904909232
ACC00744,0,0.8626322881425775,288150.678944461,106597.61980017579,0.36993707663871833
ACC00745,10,0.7912293553106937,1281302.2411717246,824656.7304639532,0.6436082791128356
ACC00746,10,0.8373695577081772,1181539.284837793,668286.7075509701,0.565606845347267
ACC00747,0,0.8678322842581074,1815716.204157815,364169.11231744284,0.20056499550069037
ACC00748,1,0.8937669895780077,503039.9437788863,127954.03283517018,0.2543615758899119
ACC00749,19,0.8441161414893996,730156.1668501098,511322.5001499009,0.7002919695326874
ACC00750,3,0.8464226620442796,2180067.2676956477,835909.4662289198,0.3834328777902731
ACC00751,9,0.8008210375431162,3289489.812713111,1824747.4607055972,0.5547205082239118
ACC00752,25,0.6831703580702846,6644459.46331703,10428637.674385691,1.5695238614909892
ACC00753,25,0.9869979133859343,8439843.955685697,21206677.900414072,2.512686017865022
ACC00754,12,0.7677498496459697,3871195.339595695,2352299.551332091,0.607641657157441
ACC00755,0,0.8595667654833827,1357004.7744807224,385869.8272310086,0.28435406749299563
ACC00756,18,0.8131132210164722,2186585.2912214394,1318376.5319758325,0.6029385349241876
ACC00757,24,0.6508331277329162,923961.696157998,860330.4345269985,0.9311321433609315
ACC00758,25,0.8636154601631757,2112415.6681034686,2217209.956939755,1.049608744348299
ACC00759,9,0.8439838673502877,1101806.963043746,601193.7369343134,0.5456434358279179
ACC00760,9,0.848584610045194,1768898.1217839913,794514.2667444897,0.4491577309965122
ACC00761,11,0.8576931613137039,1026358.4233659463,473963.3508671296,0.46179126129521597
ACC00762,1,0.8962185275843424,683244.9121136954,130042.29419286843,0.19033042454801147
ACC00763,6,0.8801827180776656,656658.6330323027,277173.3931229621,0.42209662552220983
ACC00764,12,0.8376056608019607,2186713.86816524,1086142.5420442142,0.49670080656484833
ACC00765,7,0.7986795396233674,1447431.7370174902,867773.027058346,0.5995260466282425
ACC00766,25,0.9178837688045283,2030861.5756416027,4194428.3266484635,2.0653442740543912
ACC00767,25,0.9644433027395596,2220790.621312971,4583749.130661387,2.064016790538944
ACC00768,5,0.8761755175772237,1260083.6822678414,397850.4933632748,0.31573339053739796
ACC00769,25,0.8235949258779364,4769234.324540292,6323969.660390242,1.3259926499836663
ACC00770,25,0.702058121465625,1398250.485896319,1811269.8377802519,1.2953829489422102
ACC00771,10,0.8237520670408068,4788500.8993825745,2194777.106941015,0.4583432587898245
ACC00772,3,0.8680996644974681,535339.0245922301,278373.21557952056,0.5199942518510743
ACC00773,5,0.8609288636119904,1223403.171464031,445386.86014325,0.3640556690810775
ACC00774,0,0.8487265902170215,753721.3239253544,246974.6424479185,0.3276736833736946
ACC00775,7,0.8682253878594155,1451120.359960714,494941.95376375894,0.3410757421783803
ACC00776,3,0.8556276071123697,3412992.501302,1013046.1967320814,0.2968205164077041
ACC00777,7,0.854423586766457,2823811.8485890264,1052928.272822023,0.3728747980670665
ACC00778,9,0.8292453398673532,2001694.910963555,989482.9543806618,0.49432256082639225
ACC00779,0,0.8377779310428932,1534508.4492822327,488475.18585171754,0.31832681408838265
ACC00780,10,0.8334026486547091,3210220.870447726,1498794.9653102036,0.46688219465135067
ACC00781,25,0.9887423927310086,3769616.387228626,11454439.012103247,3.038621927395749
ACC00782,1,0.8499917736361762,5060616.7851067595,1321288.4633472804,0.26109237657271184
ACC00783,21,0.722053388752122,3010001.2008352294,2210181.414695069,0.7342792468261401
ACC00784,1,0.8565666167858915,2047022.4389342037,652870.0643994983,0.31893644738912563
ACC00785,5,0.8479362606695771,1461014.7340764168,637403.5995202082,0.436274586870025
ACC00786,7,0.8260448326340704,419758.70148497197,358046.01851621876,0.85298057491022
ACC00787,10,0.860286508538883,1372128.8093172233,584404.4197784952,0.425910756927622
ACC00788,8,0.785680276601239,679177.4401328169,508289.23166243976,0.7483894511617479
ACC00789,2,0.8657597207679464,2835078.4141954794,631499.6158306713,0.22274502626407047
ACC00790,1,0.846891159124716,1577223.4536752328,579872.4573312156,0.3676539655684181
ACC00791,13,0.7990625092134527,7685507.968607645,4186560.1430505356,0.5447343441905246
ACC00792,9,0.8588722169101377,915842.9863466595,434984.71499286214,0.474955556222619
ACC00793,24,0.7109225029615667,1328538.2155217072,1190519.6317892512,0.8961124474102861
ACC00794,14,0.8362169836350714,947864.6243204707,573443.113426357,0.6049841915320571
ACC00795,25,0.7025536127636965,1012649.8439469936,1269445.703648352,1.2535880109361872
ACC00796,0,0.8255173544623899,619161.0312706348,140948.70927330529,0.22764467102209587
ACC00797,25,0.8038719878579449,4180092.0130011523,8595331.510353569,2.056254140727021
ACC00798,3,0.8384598942062401,1586641.4624374786,694071.0802818851,0.43744670532914104
ACC00799,0,0.8604002425980053,1354051.448791643,264972.48959950544,0.1956886422860573
ACC00800,6,0.8599841758734774,1510698.749425278,580209.0670713636,0.384066689200673
ACC00801,1,0.8826674132263396,1200019.784693756,252365.80566421017,0.21030137076332767
ACC00802,0,0.8753458643256543,940809.5589162406,268377.1467131493,0.2852619259335595
ACC00803,25,0.9536113256043247,3552721.429242901,8350127.124165931,2.350346710393608
ACC00804,11,0.8194381802335168,2549295.4068289036,1378670.6905865031,0.5408046030653807
ACC00805,25,0.8299379940581807,2555683.6709489576,3429874.8053870746,1.342057643665078
ACC00806,25,0.9446876970335063,3621405.7308634426,8228362.087992548,2.2721458735944178
ACC00807,25,0.8101405151951979,6208824.998014549,5469727.2519652005,0.8809601259037426
ACC00808,24,0.7247993128831243,2928676.458499199,2630101.5035019126,0.8980512326205226
ACC00809,19,0.7967602321421164,3398862.9081793404,2079024.0011353584,0.6116822176417299
ACC00810,14,0.7551451546867837,3142160.6845566956,2011195.0132802275,0.6400675252430549
ACC00811,17,0.7665317967217264,723029.1700370453,624217.7026406379,0.8633368175293057
ACC00812,0,0.8576194431398836,693313.0567643169,117351.18156340887,0.16926146193046662
ACC00813,0,0.8235443498203742,1054337.663178774,383635.9386720005,0.3638643975928525
ACC00814,10,0.8484550955836316,1688969.5686525588,749533.4699375583,0.4437815126151312
ACC00815,8,0.831985512065643,1420609.0452563392,693050.6623134732,0.4878546033672599
ACC00816,5,0.8564609995650097,917136.6814589954,433499.6448378586,0.4726663469050661
ACC00817,16,0.7576626212417445,807900.3041693715,675775.1118810435,0.8364585437009209
ACC00818,25,0.7887212380293314,2274889.984013675,2998320.0241681975,1.3180066048196968
ACC00819,4,0.8800678157258653,383845.36704882357,221728.8002418692,0.5776513650447843
ACC00820,25,0.8191279465770307,1195610.956505364,1897547.9367388103,1.5870948040532589
ACC00821,18,0.7902632338371616,920360.8791622897,704097.8857700337,0.7650237007149868
ACC00822,18,0.7324107178977989,3502622.2867237865,2448192.129548932,0.6989597875935614
ACC00823,20,0.7298732853178113,1386474.8863913745,1107595.76060412,0.7988574271885278
ACC00824,16,0.837700144765486,1140915.0334204044,672945.3096307066,0.5898294701343808
ACC00825,0,0.8814432885355264,548573.8198467991,194865.78016762232,0.35522252998154874
ACC00826,0,0.8495708430513524,661833.9185272953,210697.1032914425,0.3183534379142778
ACC00827,25,0.927478624069068,3177839.6837881613,8000165.333783724,2.517485502681836
ACC00828,2,0.8770045583679621,2046239.040022524,372471.4132582578,0.18202732230842286
ACC00829,0,0.8594584211776654,613735.7519726125,138234.81976008404,0.22523507766295595
ACC00830,14,0.8077050873493992,2699192.76615832,1492660.6075327762,0.553002596275195
ACC00831,25,0.8751943740712723,2319820.39117929,3468874.6046434124,1.4953203350712836
ACC00832,11,0.8291711460276239,5343528.429544182,2403891.926008136,0.44986977382156357
ACC00833,6,0.8350721652527137,1537225.7386387303,734005.2767059929,0.47748698077094487
ACC00834,4,0.8539616807686251,1298929.8828969053,545505.8882518845,0.41996561587703557
ACC00835,10,0.8085210183744014,1947567.8910067594,1115112.9081256806,0.5725668990924078
ACC00836,2,0.8697775877472486,1428375.0504103864,431767.1534134235,0.30227856002481457
ACC00837,0,0.8679113314729361,1035666.553916487,329848.4690921987,0.3184890617977769
ACC00838,25,0.9020443644031899,5989870.438913151,6679641.323763595,1.1151562278157725
ACC00839,25,0.9161283814681782,449659.2396079379,754989.9283231571,1.679026831476742
ACC00840,5,0.8696113373408948,1276612.9388103515,387793.92322254274,0.3037678151561895
ACC00841,5,0.8329463547786546,1649075.1873934206,766638.2691860873,0.464889821305152
ACC00842,1,0.8690188401657948,1600614.681354594,419071.82179865614,0.2618193039713951
ACC00843,5,0.884338391267157,842636.8771913814,243304.15703056307,0.28874140643064133
ACC00844,9,0.8298893475263017,1166586.8195755472,629409.3346301373,0.5395306410706258
ACC00845,8,0.8586824361429211,2168370.781832176,796981.4748077213,0.3675485214453535
ACC00846,19,0.754503701346315,3546884.8919997276,2399755.4816439264,0.676581156342784
ACC00847,25,0.8769649127533592,1203971.5796111845,1500495.1214946862,1.2462878251488811
ACC00848,25,0.7833492628541905,1701356.2639930162,2016487.2382270761,1.1852233896588242
ACC00849,8,0.8677539358538057,1227053.68936806,507030.8808796118,0.4132100211040772
ACC00850,15,0.933232763248782,14620992.022386767,20972072.14289661,1.434380930567875
ACC00851,10,0.8230005924813799,3262124.7810735255,1497869.0614218584,0.4591697626382422
ACC00852,8,0.861128125339057,1512118.113432314,535154.1013888344,0.3539102512131828
ACC00853,3,0.8663508049441958,2680254.271812293,607231.2743329571,0.22655733850295062
ACC00854,7,0.8460397448565778,1721944.0837271847,696029.0553050718,0.40421118309399573
ACC00855,2,0.8588057814009135,1028576.9711514658,415442.08380159875,0.403899849455624
ACC00856,15,0.8217922507039352,712822.6081221005,547310.8120034785,0.7678078750130338
ACC00857,10,0.8553192595314973,1515204.3856480985,628450.5130903099,0.41476286568528026
ACC00858,0,0.8682376703988305,1154314.1773385883,198696.06931749848,0.1721334392475508
ACC00859,14,0.7925328514395422,873225.4275978395,638857.4742353956,0.7316065863918233
ACC00860,25,0.989342159845719,1031273.2012709202,3984215.438125871,3.8633947175353773
ACC00861,9,0.8509335330049548,2106231.9626550446,904503.9004072458,0.42944173122653534
ACC00862,8,0.9080911825701544,334610.3935788607,150380.69895385823,0.4494202865172407
ACC00863,8,0.8048922892444352,21022091.252689514,9780795.11900363,0.46526270871135617
ACC00864,25,0.8494218725089023,1247530.3491157845,1721995.0779217838,1.3803231954575588
ACC00865,25,0.7950948177482854,1572256.6992457227,2532678.4944831794,1.6108555910101774
ACC00866,13,0.7532310417975404,1151628.9416160954,841923.9517753383,0.7310722415449682
ACC00867,7,0.8294159122641667,2188703.618066074,994084.3072894206,0.4541886343514102
ACC00868,7,0.8399538564212223,2003752.2265849244,889071.6448937792,0.4437033846290765
ACC00869,4,0.8372749974477257,1751874.2217643033,726951.7504552752,0.41495658844912164
ACC00870,2,0.853004348176751,2657770.6735005714,867180.4103790134,0.3262811268952874
ACC00871,25,0.9935966003604362,3198525.566487694,9780806.981896574,3.0579111464276627
ACC00872,25,0.8825487622531666,3191012.9378998913,4658436.199344499,1.4598612697604312
ACC00873,25,0.8989246998615132,2694288.1120905136,4909259.510752854,1.8220989391308011
ACC00874,3,0.8679724448214713,3304762.6165435384,677028.6969572498,0.20486454717445218
ACC00875,0,0.842057468951369,2223825.7950659846,544985.126222897,0.24506646493266634
ACC00876,1,0.855425162354,1502080.3350779987,444881.776839349,0.29617708617179095
ACC00877,0,0.8587233935244273,2431794.991483825,719958.4676329478,0.29606051092063723
ACC00878,25,0.8661054328239597,1793304.4163684961,2552494.211053438,1.4233468605527262
ACC00879,4,0.8394325943758394,1204782.224332072,566326.6246806451,0.4700655547890532
ACC00880,25,0.8910247661642804,2461565.924674017,2264606.1007692753,0.9199859642471997
ACC00881,0,0.822401289001003,331189.1655255037,66214.92429479433,0.19993082862396763
ACC00882,18,0.7684414714023013,3813399.167087778,2397315.372665263,0.6286557655321585
ACC00883,0,0.7744298007800766,4139456.8550194777,1225248.4271007325,0.29599255893077
ACC00884,8,0.8319164653286438,1501865.6734759028,742108.4706787156,0.49412439726462837
ACC00885,2,0.8513805532869916,3355212.186763047,1028833.2741526561,0.3066373203493955
ACC00886,0,0.8471005793375097,343132.73602967506,65295.71553815791,0.19029287701803818
ACC00887,0,0.8235925001482293,2909001.6231675837,893650.2760875381,0.30720171105111005
ACC00888,0,0.8529604852515806,768909.1790217599,215653.65830196303,0.28046700987017364
ACC00889,8,0.7680778142725043,1309690.2138186938,880500.9031008822,0.6722970774390881
ACC00890,5,0.8807203182758211,652100.3443364461,231036.53398107446,0.35429598525387823
ACC00891,4,0.8746884622638385,671747.6501804787,287736.45817327296,0.42834010375170894
ACC00892,25,0.8181031938635146,1787997.6429154824,1811099.9812871912,1.0129207879346185
ACC00893,25,0.9497160250819052,2074192.5012307165,7182132.790982848,3.4626163129609955
ACC00894,0,0.8809589791407615,341616.7576817604,190204.5848284692,0.5567776771819195
ACC00895,19,0.8100067599334525,2679561.0419085766,1570678.7297420718,0.5861701618946218
ACC00896,20,0.663200442754867,4062215.6442977544,3128891.569474634,0.7702426073482205
ACC00897,2,0.8691583888286126,566150.7661628263,247888.49211754225,0.4378489033895415
ACC00898,0,0.9057580616837544,494717.31811781984,61186.429786246,0.12367957931821197
ACC00899,12,0.8582843572795412,2442923.0041959262,881588.219497401,0.3608743370066101
ACC00900,0,0.8561402655289612,860176.4446353683,188412.73167336124,0.2190396317504719
ACC00901,0,0.8793910200606226,403108.89513010933,197755.03426592765,0.490574722252406
ACC00902,5,0.853002826178564,1056903.3541860883,478215.03356743144,0.4524680820373595
ACC00903,9,0.833050671703643,2919328.2077773367,1246315.2889467888,0.4269185237982149
ACC00904,24,0.7727609140703351,1605832.4692653713,1206139.731675727,0.7510993548582973
ACC00905,24,0.6920426848435515,3923914.0441547814,3350476.0426714444,0.8538607127907011
ACC00906,0,0.8685522453519866,1312859.2171108928,252443.64179229314,0.19228538635530643
ACC00907,7,0.7956013327950636,3969668.47789839,2013482.8234198173,0.5072168707865976
ACC00908,10,0.8513501111523174,1251893.4706497306,618155.950856475,0.4937767991837621
ACC00909,0,0.8538954008437675,2546739.1904872325,755449.0401135827,0.2966338457174537
ACC00910,11,0.8404612554903109,2329876.01904404,1035504.426385155,0.44444614988999626
ACC00911,0,0.8107916489251743,978889.7329273208,165078.55806696866,0.1686385631743317
ACC00912,6,0.8394420787620333,2368316.6167047117,1015651.3214150153,0.42884946812060876
ACC00913,14,0.8210887741546941,1196527.3162592354,770535.7259700178,0.64397671118699
ACC00914,20,0.7207799353368509,3826172.5216876273,2758665.0196553785,0.7209985969055577
ACC00915,5,0.8493046232687428,3349440.443210461,1177632.184764374,0.351590722310502
ACC00916,25,0.8311082560069958,1055095.3385447308,2024252.4212018263,1.9185492981078203
ACC00917,13,0.8494356034011536,984013.3158600905,579496.6653685259,0.5889114060026808
ACC00918,8,0.8384158459177918,2516049.4047050057,1026969.5666072465,0.4081674885583789
ACC00919,25,0.8129692828064323,2391872.8297007564,3525942.5636201794,1.4741346278268919
ACC00920,24,0.6235666672932981,1510737.7497280699,1284462.305073442,0.8502218901358909
ACC00921,16,0.7244758452736697,6073016.516099887,4120009.3973764963,0.6784123485345601
ACC00922,18,0.7559696944972988,1705126.1502032655,1234831.2814139097,0.7241876392938478
ACC00923,0,0.8659623052823969,467345.08284398145,122498.94110901734,0.2621166791005104
ACC00924,2,0.8675136626395844,842874.9388230825,320134.3768328953,0.37981242778424895
ACC00925,5,0.8791394148252326,1347988.79011745,381181.6631769985,0.28277806608746814
ACC00926,25,0.9606950092060051,1538188.6896438007,4013143.685412806,2.6090061072690194
ACC00927,7,0.8804456040577323,419946.6907502756,248675.09904386735,0.5921587299559025
ACC00928,0,0.8671368057020797,575981.9224260764,184268.36618487976,0.3199203985582194
ACC00929,0,0.8537026410681788,641650.4432211638,202302.8539268315,0.31528514639722904
ACC00930,25,0.8445921614434071,1483150.9954094375,1879626.4262769357,1.2673196674476475
ACC00931,9,0.8317380142246797,2123127.425787018,960215.9115741744,0.45226485227010516
ACC00932,25,0.8714124956953578,4659823.182105261,9640150.050161034,2.0687802247907854
ACC00933,0,0.868782314447437,834726.9251912351,283394.2454405726,0.33950533628185925
ACC00934,25,0.8724629326894469,1343782.6661238214,1331254.3187072915,0.9906768053105877
ACC00935,1,0.8671993183697486,1602145.405938064,400688.81199723994,0.25009516022213646
ACC00936,6,0.8364008661412794,427642.5950681424,334239.0681558096,0.7815850712966291
ACC00937,19,0.773203722293038,1775337.7944371216,1229618.1397933583,0.6926108054739035
ACC00938,5,0.8881171807035089,723278.8108407677,230166.97080391456,0.31822717236297776
ACC00939,4,0.882691092052663,559793.8940334519,240795.4730117794,0.43015023132315555
ACC00940,11,0.76319397947977,2927553.6557682017,1899551.2278375449,0.6488527457369847
ACC00941,8,0.803068545149208,5713700.578220795,2852288.634754143,0.499201628735387
ACC00942,7,0.8145758813649068,4631402.251222501,2171431.976027629,0.4688497906772101
ACC00943,0,0.8523502917568107,1073390.5827172035,362857.230493883,0.3380477119291829
ACC00944,0,0.8357704686167032,2580113.9589192187,780479.1121293263,0.30249792240039675
ACC00945,0,0.8573491950465442,1313733.3442741965,353602.61569233105,0.26915859084606497
ACC00946,0,0.8502451762784733,810327.5681567398,223145.4095999374,0.27537679621036276
ACC00947,0,0.887615276125776,284199.71250650083,117919.87583251731,0.41491905390235045
ACC00948,24,0.7059128747248511,7632568.635654757,5695292.133897105,0.7461828914701317
ACC00949,2,0.874282264880328,653612.2294029497,238476.49585437943,0.3648592929055485
ACC00950,8,0.8340750136648213,1890777.6727249366,841066.5056741143,0.4448257020414211
ACC00951,25,0.8759069853325069,4054907.8235446624,5313594.34900802,1.3104106382282834
ACC00952,24,0.7253644674146066,1012848.3371006146,893770.529656732,0.8824327363909631
ACC00953,5,0.8651546729921759,714347.5829015953,321910.60931677034,0.4506358207431844
ACC00954,25,0.910407969145325,5038555.935405987,15611968.92433338,3.0985006665556503
ACC00955,5,0.8901625803855486,782646.499826717,246575.8003066161,0.3150538593876157
ACC00956,0,0.8706148419697851,492478.33829082665,191654.92253723304,0.38916416750913774
ACC00957,7,0.8407243667848426,906307.1324720416,476934.2401870887,0.5262390894863684
ACC00958,18,0.6541284634028456,1984868.4493052568,1574170.3123352693,0.7930854626090005
ACC00959,12,0.825819908115138,1880792.3701909585,1043554.3050679176,0.5548482233378927
ACC00960,12,0.8239990489627814,2210897.587365532,1130762.0622652818,0.5114493175654864
ACC00961,2,0.8657222138211588,867970.286637121,346019.05722885975,0.39865311354088157
ACC00962,25,0.9405843946555414,7534940.754114127,19088596.371566243,2.533343923260942
ACC00963,7,0.833457810589128,3097617.416560931,1232999.707330456,0.3980477707603316
ACC00964,8,0.8506711733584844,1298718.9994891912,623972.5287794528,0.48045229878431905
ACC00965,25,0.8598802192084639,3275614.4863943523,4576772.520771558,1.3972256319483622
ACC00966,25,0.9915167834602956,1484475.999371137,4478589.833551713,3.0169499779376436
ACC00967,0,0.8120035095850465,2105115.3065428436,553067.2832289132,0.262725410579621
ACC00968,12,0.7875899220510295,1179209.019110117,802069.4398560696,0.6801758016245046
ACC00969,13,0.8431110889736556,2946408.587794542,1359065.2208618724,0.46126162762754014
ACC00970,25,0.80081965371861,8142037.976373146,7986936.016650334,0.9809504745405399
ACC00971,9,0.8011393129438267,4394455.13645982,2377424.068535594,0.541005424952603
ACC00972,0,0.8807081048632206,779373.8215105773,148147.82066302793,0.1900857028734796
ACC00973,12,0.8430085663576425,2354997.7770509673,1099977.3880847613,0.46708213434587686
ACC00974,0,0.8477803024732329,1465156.486645893,537553.3365374595,0.36689141496964095
ACC00975,2,0.8854777001771066,397466.51813453226,188878.6891942251,0.4752065408696752
ACC00976,8,0.7456857158374582,1444685.619718725,1020771.5327767585,0.706570010003629
ACC00977,10,0.8470697032271925,1960296.86787789,896514.508645392,0.45733609196443264
ACC00978,6,0.8394696225459776,3120614.785898737,1273221.0916854015,0.4080032875056425
ACC00979,16,0.8197611997796043,532038.7798242716,461569.37171204545,0.867548361539545
ACC00980,2,0.8572166913257024,3000299.672850342,797423.4869041673,0.2657812798234917
ACC00981,3,0.8665454080166595,2804653.08722212,702327.9128633405,0.2504152531602274
ACC00982,2,0.8976844359082019,385606.3185072563,152974.82663480157,0.39671244814398166
ACC00983,25,0.84006676461189,1615978.8065038405,3220394.740844207,1.9928446634838668
ACC00984,4,0.8812489980369,1243564.0388316927,318469.1116567675,0.25609385742286644
ACC00985,25,0.9791126330975053,7575032.280751323,21903369.380687945,2.8915215894651576
ACC00986,25,0.9880736417552541,3825672.9915846833,10188606.23248513,2.6632193224295344
ACC00987,13,0.7498603701332655,1682090.236589722,1201344.265300233,0.714197276203115
ACC00988,24,0.7245854539462124,1960141.1456228986,1712137.040579021,0.8734764046978534
ACC00989,25,0.9856890778148382,2929711.15804565,8775721.528132519,2.995422092731702
ACC00990,0,0.8380429612829807,1008406.8209051053,389440.04744424263,0.3861933887899498
ACC00991,7,0.8366612768306717,1266594.6474059855,598072.4881045802,0.47218933802495233
ACC00992,25,0.8801085119817571,1792642.4108148457,2084048.3919851095,1.162556670204966
ACC00993,7,0.8445319713048486,2105906.39909034,901704.9531278092,0.42817902710078026
ACC00994,5,0.8584895709581892,922443.3451922578,409603.29098149796,0.4440416781326852
ACC00995,5,0.8827223628895483,811130.3286341046,282796.1303625533,0.34864450308345046
ACC00996,14,0.842340431506485,464921.38281973195,384977.9051071752,0.8280494710144275
ACC00997,25,0.9054537931757907,3291258.6437942004,5043723.121993016,1.5324602736716417
ACC00998,13,0.8578093688704171,885072.4058832219,486100.5051777275,0.5492211732582978
ACC00999,20,0.7484138934860821,1083617.552529309,863910.7196504474,0.7972468862597913
ACC01000,10,0.8467371205455518,2516255.375107201,999312.4435098657,0.3971426960060807
ACC01001,7,0.9096110869838236,388175.8834543695,131241.04352274135,0.33809685020828684
ACC01002,18,0.7671520599317331,1842178.3547759373,1259698.9714026626,0.683809452074405
ACC01003,11,0.8262294055211524,2199537.593614175,1094704.8429773687,0.49769771890036313
ACC01004,12,0.7713720199650286,1454618.901455956,1009581.7121390485,0.6940523810934525
ACC01005,0,0.8677565557374702,388638.51875086897,58393.0828262514,0.15025037408523945
ACC01006,22,0.6943078650017596,1319168.5875541056,1078533.7480204084,0.817585984229762
ACC01007,7,0.8799285910782827,617150.5716938147,269608.36044920364,0.43685993793904115
ACC01008,2,0.8587299721490439,12928383.350865647,2819242.494844073,0.21806612770770795
ACC01009,9,0.828324269471678,1739545.8241778181,873677.1023191687,0.5022443733162965
ACC01010,15,0.7349754591653752,2431784.0192157207,1683271.8419439376,0.6921962759204302
ACC01011,25,0.8404140627943765,928854.0702163704,1111144.7800504568,1.196253335889052
ACC01012,0,0.839007648314315,450364.43839959614,102919.80970724454,0.22852561377398672
ACC01013,9,0.8388237878437541,1477783.8341004876,683576.772496282,0.4625688525767156
ACC01014,14,0.8428160610961616,2387254.0554371364,1044409.6140169799,0.4374941207611585
ACC01015,25,0.7538874847446201,1531566.8292315472,2204143.34959317,1.4391427834063781
ACC01016,0,0.8375251683611856,300603.20176317904,80171.21733994772,0.2667011424685627
ACC01017,10,0.8481155487769452,1582085.5276296008,734299.7736724906,0.4641340565024153
ACC01018,4,0.8181421047094877,1317044.7897065883,671133.9951821319,0.5095756806658394
ACC01019,6,0.8673706333194153,835807.0272487402,347328.760150897,0.41556094747637284
ACC01020,10,0.8162337943958705,1969214.0232999444,1106852.7676242494,0.5620784508579834
ACC01021,24,0.734913803207151,3879086.871653531,2872389.6033477923,0.7404808653133834
ACC01022,18,0.7543059197090775,1354194.435864683,1026263.0742786204,0.7578402680582046
ACC01023,25,0.7795309192951762,904324.1532909345,1290789.8975336922,1.4273531154026644
ACC01024,16,0.8021006669746271,1936704.777133922,1227088.8446410913,0.633596229600377
ACC01025,25,0.5937549722672008,1646240.3602876342,1740255.543377847,1.057109025728045
ACC01026,0,0.8319547165428757,5384539.969961574,1070445.0769061495,0.19879972715919658
ACC01027,7,0.8357398449451297,1888851.8671606067,864223.3966221743,0.4575390011506342
ACC01028,25,0.8175573767219333,1612317.1659939755,1770226.893528965,1.0979396181257177
ACC01029,10,0.8642438868256069,2461530.675887925,827965.477976134,0.3363620393142043
ACC01030,25,0.8585337039643451,1379854.911384932,1305587.665810588,0.9461774966617299
ACC01031,25,0.9814978140468903,2640105.8436606904,7651445.411273422,2.89815858316656
ACC01032,16,0.8378156459633954,1138269.965520545,677412.8160292214,0.5951249146062043
ACC01033,25,0.9688571657314784,9067938.942051176,17895462.493990526,1.9734873170575797
ACC01034,9,0.8244146939692576,1528045.603097121,801732.5230291997,0.5246784005688098
ACC01035,25,0.8038883523571269,3083195.9254333046,4100238.3774269633,1.3298663064530114
ACC01036,25,0.8602485815463634,1892610.6453281066,2780869.475549955,1.4693299345084567
ACC01037,11,0.8501968605701262,2206734.1583668953,939240.8174351499,0.4256248147852299
ACC01038,0,0.8829336721420882,700573.134234085,90940.92329415736,0.12980932161148354
ACC01039,25,0.8573355875509525,3323606.5520562395,3789108.4147606143,1.1400592565375642
ACC01040,9,0.887303831018515,451816.96450979164,242060.4336038989,0.5357488819981063
ACC01041,0,0.8613841383368083,2465105.2422498143,484596.52379528666,0.19658248884863536
ACC01042,3,0.8506664928847498,1409842.859538297,556860.543412778,0.39498057506575
ACC01043,25,0.8737541567479056,2327159.922909628,2769797.6274888534,1.1902051080468072
ACC01044,0,0.8586751972572036,1343405.0140784066,271578.5370095108,0.2021568582545579
ACC01045,8,0.8503309437186859,876238.6551450562,442577.0438390438,0.505087331220029
ACC01046,25,0.9238419128660165,1333182.730172925,2741449.751018446,2.056319579434439
ACC01047,25,0.8451440930335168,3146803.6105566467,5352599.21536527,1.7009638597746604
ACC01048,24,0.7090865661920623,3337892.040734433,2919091.8807085413,0.87453154418567
ACC01049,0,0.8326570467585667,974258.7957226038,134639.0624124714,0.13819640428558835
ACC01050,21,0.7571917782328209,1658592.758919699,1222476.3354671968,0.7370563562953449
ACC01051,0,0.8800064345122371,387873.7128907991,91564.75751164173,0.23606847916868404
ACC01052,20,0.7049249298032526,5008853.647499059,3673419.3008952234,0.7333852333116933
ACC01053,9,0.8801493785466735,828368.5255401784,353190.822583546,0.42636919643129917
ACC01054,0,0.8692788637529142,312051.6054695936,79141.87729169748,0.25361791416711393
ACC01055,25,0.9465429734909497,1902544.289476295,4761560.5941941505,2.502733114036911
ACC01056,10,0.8364538234108272,2367103.3611708987,1076630.3554156271,0.4548303099375715
ACC01057,15,0.8150753844735286,5019647.209357161,2603227.0251128254,0.5186075667349951
ACC01058,7,0.8541731065100631,1716980.8734212632,625503.073337815,0.3643040426486726
ACC01059,25,0.8492824351512683,2665452.539943812,4159304.452699184,1.5604496386144104
ACC01060,25,0.7501052802551686,1394926.580360582,2123563.6505922116,1.5223479719221353
ACC01061,25,0.9744237321526568,1323071.3498478055,4842846.494381789,3.660306373453607
ACC01062,14,0.8445072550301044,1793819.6857274259,908678.1015418376,0.506560446834071
ACC01063,6,0.8690920413543113,915009.2240644878,391857.54931665515,0.428255299521481
ACC01064,9,0.7990230094746185,1198851.8925434751,791301.6666030207,0.6600495620223787
ACC01065,1,0.872973962929297,1580445.1756036913,356271.75231103564,0.225424935841225
ACC01066,24,0.6394852451254702,1240073.1528013216,1121781.1545082193,0.904608854706772
ACC01067,23,0.7570926739733265,866005.1209351207,733661.178107797,0.8471787987992295
ACC01068,1,0.8668108706923296,1678773.1585944542,403144.27038429456,0.24014219450698476
ACC01069,16,0.7659792182079304,779800.1669891903,630577.5696918063,0.8086399521129463
ACC01070,3,0.8644742971688829,2011397.1639458314,480947.37059626955,0.23911109114461387
ACC01071,12,0.8609758232532768,3536045.0578635596,1271809.0171768437,0.35966991267505427
ACC01072,8,0.8256762114531659,815758.533273306,495097.58450978517,0.6069168317776104
ACC01073,7,0.8831060595446888,379746.35044395336,255961.765205248,0.6740335092253252
ACC01074,25,0.8126953952526325,1677370.178464077,2369242.588160014,1.4124744904726196
ACC01075,5,0.8876104770839158,397553.77204452467,204135.32035119022,0.513478514620477
ACC01076,0,0.8701271721096322,1213625.0918241497,303560.187576194,0.2501268222132135
ACC01077,5,0.8256255348096911,3724989.2002677596,1512821.7634687466,0.40612782538000436
ACC01078,10,0.8082640450218668,6541366.449288005,3151459.7343469476,0.48177391662409746
ACC01079,10,0.8347579878104687,3747431.1596374214,1606942.8841481793,0.42881184888894863
ACC01080,0,0.8594207919840527,353321.81020147423,186024.1313394529,0.5265005611552159
ACC01081,6,0.8828188933835629,415160.7954065897,232257.89170155552,0.5594408100940568
ACC01082,24,0.7080577390610927,3630579.6964935916,2830879.1678118426,0.7797319999739714
ACC01083,0,0.8378342470636716,1612985.8914199048,328426.49216568266,0.20361398938001263
ACC01084,7,0.8455579121103824,1468537.486408461,665373.8418405908,0.4530860451290672
ACC01085,9,0.8011641822282431,7238023.386421139,3535525.9353158786,0.4884656689488854
ACC01086,25,0.9099927916965207,1310818.9205173824,1981819.5841613587,1.5118942465211984
ACC01087,8,0.8228496048067798,2021542.7440445654,1070556.9584393937,0.5295742380878358
ACC01088,12,0.8567665178125922,587296.1837724914,378966.5768799193,0.6452733515917489
ACC01089,0,0.8551105039137468,2536391.8017307664,757684.7627649849,0.29872544227905207
ACC01090,15,0.7852533782895933,1064667.5876396229,765242.138247937,0.7187615619486315
ACC01091,12,0.8838739501485384,377199.0927050993,262461.7026421517,0.6958174282973387
ACC01092,20,0.741830534203236,1504348.9475467624,1126356.4480114835,0.7487334968713907
ACC01093,10,0.7767699138052467,958988.7574582604,713313.6531571099,0.7438185772351524
ACC01094,6,0.8497226786055152,998288.9369396927,507841.6957573488,0.5087121342986773
ACC01095,24,0.6039923305118817,267655.08783697267,336982.57803884754,1.2590180174124017
ACC01096,8,0.8670865500471184,702974.9179836903,376626.4132486413,0.5357608125321185
ACC01097,23,0.7032178939093867,4916550.20478999,3589542.2733208933,0.7300936884207451
ACC01098,10,0.7956873954489375,2198442.224729315,1298525.5778549293,0.5906571313307137
ACC01099,12,0.8541981356208949,974326.9824757542,534830.4170872157,0.5489229249591522
ACC01100,7,0.8447515054044492,2659497.134495184,1008781.7625299871,0.37931297215759946
ACC01101,25,0.8416086201120865,3081573.6327828453,2747072.284870308,0.8914511260240559
ACC01102,9,0.8057025752770907,2892055.591869151,1538580.4502776924,0.5320023773413358
ACC01103,4,0.884500214268517,725187.1045364152,217755.82419593976,0.30027536732764004
ACC01104,1,0.8766940189512217,1141241.0027127992,321127.1628257859,0.28138417920706243
ACC01105,0,0.867991438824999,1758038.4359515684,398546.17653850594,0.22669935331805532
ACC01106,25,0.8751057711982517,2129177.4202113855,2524791.060812398,1.185805859504999
ACC01107,1,0.8781666149996762,480652.2984588904,205110.838363957,0.42673433378265613
ACC01108,1,0.8522041507305415,1316179.2072499078,505606.2799650507,0.3841469893917336
ACC01109,25,0.7573254172689043,2569010.6403408363,2978721.9416615996,1.1594821348293076
ACC01110,23,0.7891236447019246,2535074.561174524,1720978.8607363158,0.6788671572401287
ACC01111,0,0.8607309894734759,481637.87121739966,85671.79173081547,0.1778759454987818
ACC01112,0,0.8555085098801196,444941.83154763613,129934.98323908162,0.29202689885806027
ACC01113,3,0.889297002821725,556312.3924103783,183378.4666935569,0.3296321800401006
ACC01114,25,0.9099475198422439,6076263.511116648,16098613.417020919,2.649426475262006
ACC01115,15,0.8714837316898901,660942.3211870036,390863.34698890493,0.5913728542710704
ACC01116,8,0.8678186827583114,1886896.6897537832,619246.8868162287,0.32818271937136784
ACC01117,25,0.893295380585443,1348597.874834889,2087368.1396090598,1.5478061908295824
ACC01118,0,0.8552920254366277,2527274.4977839016,608470.4928218053,0.2407615371244226
ACC01119,7,0.8919042480749425,636024.6321334173,206312.17791886991,0.32437765378179934
ACC01120,7,0.813346932534146,2766073.9301791564,1448571.260982903,0.5236921707617122
ACC01121,24,0.7332515823115523,1831032.1648057355,1802860.1104855854,0.9846141128148128
ACC01122,25,0.9906131415704719,2883294.571109259,4604429.437681625,1.5969334121522698
ACC01123,7,0.8187082036549693,1132842.511633732,641731.1050524742,0.5664786574146127
ACC01124,14,0.8494824796477097,546076.487908837,402668.0322279449,0.737383940059267
ACC01125,23,0.7153288054314088,1039968.7034466532,889004.4446426998,0.8548376904962339
ACC01126,0,0.8421603727500047,2003693.1057555412,549429.4695518923,0.2742083944760176
ACC01127,5,0.8884601142725473,444807.533999048,207363.56990682404,0.466187179975391
ACC01128,2,0.8604642025486626,1366401.2983896944,481077.10309577227,0.35207599968085673
ACC01129,23,0.7548442974949757,2173936.0950799575,1601843.5572416652,0.7368402230713913
ACC01130,0,0.8902084752461483,496800.99393099267,167067.0269247001,0.33628561328503753
ACC01131,21,0.7653465723228765,7282985.798293014,4787842.00736453,0.6574009808568766
ACC01132,5,0.882284818925829,617955.4470787296,247616.922382077,0.4007035192466387
ACC01133,16,0.8516264047715214,398586.24396240263,370292.1342928614,0.929013833020765
ACC01134,2,0.883521261457533,782698.8942870271,194687.16132040953,0.248738260321363
ACC01135,3,0.8525899227240488,3136347.5549153555,994515.4771980825,0.3170935171516483
ACC01136,7,0.8600430704856222,1861937.7512581456,640595.6330782253,0.3440478247166765
ACC01137,6,0.8483429622059265,454531.06418133853,306813.9298865267,0.6750120158214776
ACC01138,10,0.8764246934157922,520408.73754448106,285973.72277060145,0.549517527549503
ACC01139,24,0.7561463883619874,8291675.124436248,5688088.287656019,0.6859998977640545
ACC01140,25,0.8442448653984803,2986070.566141863,5202492.692106998,1.7422537669057339
ACC01141,6,0.834232070246135,1493353.0502220558,754666.3940259431,0.5053502880070638
ACC01142,12,0.827175304680688,690215.2149516247,493436.29069918883,0.7149020769322978
ACC01143,9,0.8483225035117025,1457968.620641239,642717.7595449593,0.44083099625441957
ACC01144,25,0.8822032560598491,1952446.9231193778,3329326.515615147,1.7052071819171206
ACC01145,7,0.8076185804980688,1214432.9253168101,718781.416947534,0.5918658840380376
ACC01146,24,0.7006152885134517,1744858.1706252715,1440849.2365955715,0.8257686847288235
ACC01147,0,0.8225367941443229,922503.3510254164,206652.13717104198,0.22401234308941648
ACC01148,5,0.8649989042946508,2413982.0839975346,585686.9780526962,0.24262275264396474
ACC01149,17,0.848185666047789,576422.5517954491,439855.1846493168,0.7630776819526747
ACC01150,5,0.8991033002436548,442280.5154188401,179345.8795600043,0.4055025562004773
ACC01151,8,0.8357869805688887,1378465.9948064121,686755.7731012873,0.4982029122870988
ACC01152,24,0.6903898743313382,1491731.094422626,1374809.5193776113,0.9216202065625847
ACC01153,10,0.8514064565986936,3382612.1796077243,1282409.0770777187,0.37911797421200005
ACC01154,1,0.848605256214333,1367724.8146954768,548906.808672615,0.4013283979166736
ACC01155,16,0.8042281099149096,3407095.0613641148,1986550.9165767166,0.5830629556257089
ACC01156,2,0.8685401763095051,1656726.9654538685,467590.55502904806,0.2822375471512588
ACC01157,12,0.8368480012558863,1945027.8137441345,910103.1396363828,0.4679126607883591
ACC01158,11,0.7869358910692408,3519500.116115635,1976950.0248556067,0.5617133000800996
ACC01159,2,0.8603580464969155,2164954.586537687,559419.1784152514,0.2583976504144158
ACC01160,2,0.8494118555252785,12461266.244210703,3391055.0687374338,0.2721276475665434
ACC01161,25,0.9048013550619838,1090479.8032204867,1020577.103483772,0.9358972999497351
ACC01162,25,0.9454569674650775,1234310.061066621,3371626.303396094,2.7315877993269577
ACC01163,0,0.8524047216637787,645922.9412581974,197988.0617489403,0.3065196312168106
ACC01164,18,0.7810502317033611,4862857.04919374,2940280.553847833,0.6046405485712006
ACC01165,23,0.6937939309132699,1062808.138641785,909062.2651049432,0.8553399546475798
ACC01166,9,0.8490457136791428,2397029.6225937004,974024.1135019134,0.40634629806867917
ACC01167,5,0.866576749120929,1676087.5002780338,571105.5777355228,0.3407373288332418
ACC01168,25,0.9339364576743142,1451935.4998980532,4985296.774878029,3.4335525064495416
ACC01169,8,0.8156932383429931,1295207.572159909,739923.3955501239,0.5712778487823506
ACC01170,8,0.8008775410355595,4069596.1072928356,2183229.1293526785,0.5364731712418016
ACC01171,7,0.7711183091195369,4446246.209010919,2630798.5798715996,0.591689811180481
ACC01172,5,0.8212303706811478,1695380.2717078733,837572.9618176508,0.49403250456247544
ACC01173,0,0.8343957823702235,828801.4089681659,275624.206559213,0.3325575989335699
ACC01174,6,0.850704492641459,692254.7759341147,408458.32698453084,0.5900404608019719
ACC01175,9,0.8434903197210124,4654337.15269306,1842144.8759015943,0.39579102576093034
ACC01176,24,0.712688370532638,537154.9917674575,621125.5397025973,1.1563246162133627
ACC01177,1,0.8676350091177051,1747048.747229017,409171.30831555335,0.23420715018086208
ACC01178,8,0.8730527550110232,1206284.6190443079,401756.80708242615,0.33305307946371926
ACC01179,19,0.854928517176792,1013492.0102568492,616859.2061784036,0.6086473301571198
ACC01180,25,0.9789386683532091,2743645.292604561,9721111.232628545,3.5431370297142997
ACC01181,0,0.8318573519941095,701321.5559661505,158513.1469145921,0.2260206399847815
ACC01182,25,0.9930019688359217,892281.5681239758,1739936.5801513882,1.949986015972076
ACC01183,6,0.8623430986930494,1345778.6719103483,467748.4527646214,0.34756714646149584
ACC01184,25,0.9524163001230491,5906296.454820208,16085141.856151706,2.723388840907978
ACC01185,0,0.8689756176771154,852921.2410019935,292880.0983262903,0.3433846928026098
ACC01186,11,0.8523049926600873,856539.3984717483,493600.5809366416,0.5762730608975277
ACC01187,0,0.8352206718602012,932034.2069564165,131214.08629197665,0.14078247913288494
ACC01188,1,0.8510588208931336,929521.7693133773,422249.48932496214,0.4542653042293684
ACC01189,0,0.8267259092866456,1242857.0729646238,342068.9230945341,0.2752278846340609
ACC01190,7,0.8652910268451015,741771.0528341142,364841.8883039566,0.491852421188439
ACC01191,6,0.8080700807925644,1877509.9647388011,987185.5373433086,0.5257950987656386
ACC01192,8,0.8154731577716938,2084314.6941863436,1105627.2084054558,0.5304511892994455
ACC01193,0,0.8473099540862841,2179321.5338637372,407801.9603179794,0.1871233565039776
ACC01194,24,0.6630478031798924,441285.174939259,471704.4735665343,1.0689334252651075
ACC01195,5,0.8808807867613997,929653.5782668893,262652.49726169044,0.2825272804858574
ACC01196,25,0.770435751513827,1776379.8925741382,2342542.55354494,1.318717107380888
ACC01197,8,0.8522600852001834,10513140.333687665,3186386.5838951045,0.30308608871935644
ACC01198,7,0.857798108123225,2023186.9544259843,779140.5092228388,0.38510554228237176
ACC01199,25,0.7010508442262263,2382549.9583192235,2807254.7287464337,1.1782563966578141
ACC01200,25,0.7865718482344919,4522827.013494075,7988948.853229692,1.7663617974762849
ACC01201,25,0.8463912939059736,1154444.5146093534,1760840.285425369,1.5252706068954822
ACC01202,9,0.8095644429859773,5245111.023864152,2456330.596120942,0.46830859917838813
ACC01203,5,0.883602459465316,558768.4441659225,222328.18950791497,0.397889665798479
ACC01204,20,0.662576959684742,3268991.878870289,2543857.5088129006,0.7781779836332958
ACC01205,10,0.7897107307259894,3591891.272872133,1999477.7123869653,0.5566643198495681
ACC01206,10,0.8522962209447034,2109388.520608012,819673.6029473908,0.38858351362940347
ACC01207,25,0.8847630462025867,1092003.8925777522,2029921.4300387546,1.8588957821816747
ACC01208,25,0.8530394425471749,1378428.141290865,1533084.414014923,1.1121975590103856
ACC01209,10,0.8417342693880511,814135.0173173677,483741.4607750612,0.5941784230937805
ACC01210,0,0.8898951831556755,600897.5399185091,86705.98498292726,0.14429412540894396
ACC01211,3,0.8627080519951223,1010984.880189607,406605.8651931979,0.40218787952292645
ACC01212,8,0.8721145959841047,1106919.4217017796,404106.19369232416,0.3650728190052449
ACC01213,17,0.8084451082594112,480937.138723094,440116.6357312554,0.9151229969467141
ACC01214,10,0.8465676970846989,1153199.558279413,593824.7079438148,0.5149366418677856
ACC01215,9,0.8523006156066857,1021934.7104493524,527358.3978667529,0.5160392268453916
ACC01216,4,0.848368463404418,798015.621242015,417831.9286098296,0.523588658527166
ACC01217,19,0.8044460672205735,1717732.741629294,1089455.9834038576,0.6342406807536853
ACC01218,7,0.841293436249951,4097960.349327096,1518139.3875360081,0.3704621953663592
ACC01219,0,0.8932710418463687,728830.0173996189,129177.1491427307,0.1772390626879225
ACC01220,23,0.7295338129093981,1051243.0457219314,890986.7221842331,0.8475554019692527
ACC01221,25,0.9070383772914337,1335549.2026695786,1667175.2952115168,1.2483069076594582
ACC01222,25,0.7399515432634237,2022350.6208598174,3458810.987642451,1.7102924448243855
ACC01223,7,0.7870037758222255,1505291.8876606692,908211.7147737426,0.6033459173058909
ACC01224,9,0.86771193460125,1367001.1270543088,490951.38656602916,0.35914482940036707
ACC01225,8,0.839966102509643,3122373.3763033627,1248562.0105015552,0.399875946924628
ACC01226,10,0.8492227397806388,1096929.0211003427,542311.1534012883,0.4943903780185244
ACC01227,1,0.8425753218096046,2908703.5651418045,961602.9716565147,0.3305950400654302
ACC01228,0,0.8394287618325046,650228.821945686,193397.31873603442,0.29742963124478206
ACC01229,25,0.9747807152258933,3915435.21911969,10945822.642773887,2.79555707864191
ACC01230,6,0.8481904349046393,2638938.173303335,1018295.9426704345,0.38587336110105436
ACC01231,4,0.8684829185625498,1460361.440238334,472559.40331385983,0.323590715485296
ACC01232,4,0.8544548299667389,1895699.1545593308,617669.2644757658,0.3258266286558257
ACC01233,9,0.8177554511675456,24488716.619465206,10280816.952647857,0.4198185275448858
ACC01234,7,0.8396492866508176,2403028.349769607,1059857.656554206,0.4410508334850985
ACC01235,0,0.862947997555786,4029402.4958222797,965108.4500551067,0.2395165166685978
ACC01236,9,0.8097920748918949,1772741.5929801466,987826.6521973634,0.5572310460300834
ACC01237,4,0.8622696434725708,1308365.0277039013,494810.65839848283,0.37819006769605
ACC01238,25,0.8673635071273148,2057922.6490249299,3161963.916066806,1.536483364700313
ACC01239,0,0.866931673672466,1388683.031966197,317888.59540755337,0.2289137175943339
ACC01240,18,0.8084201768902161,438369.9349201795,425015.2344126768,0.9695355464787191
ACC01241,25,0.7424133268472909,741219.8788640507,850284.4835632821,1.1471420395070586
ACC01242,9,0.8232077506588693,1451855.9369721226,812020.7030746706,0.5592984003413987
ACC01243,25,0.8750177855921238,1467739.400426035,1714994.337686912,1.1684596987647176
ACC01244,15,0.8243852183322465,4622454.706750138,2370181.1780121713,0.5127537917355929
ACC01245,25,0.9221694281558133,3315707.417063184,8524468.175762976,2.5709349781270325
ACC01246,25,0.9036187095395153,2720370.725344473,5328208.892586116,1.9586333741006643
ACC01247,25,0.994572857555897,1918253.1585689243,3392892.380609861,1.7687406719252128
ACC01248,0,0.8716966896776178,456226.5126544495,108982.64953461172,0.23887837841891546
ACC01249,25,0.8815438769251958,3960798.9420849914,4342075.67823356,1.0962625828080692
ACC01250,25,0.7908303286586543,1531196.3703217667,2587031.945267356,1.6895494238428188
ACC01251,0,0.8412187513740291,4212845.731880549,1123966.0939886754,0.2667949802868652
ACC01252,24,0.9012639612408535,829265.1980056186,443800.634122851,0.535173350081724
ACC01253,0,0.8853279403812047,330127.2000254116,51818.96146614361,0.15696665243625743
ACC01254,19,0.6419072939364201,1699248.62785856,1399201.6862223435,0.8234237552309553
ACC01255,25,0.9898261491780678,5587593.432000883,17639353.669991527,3.1568785174971086
ACC01256,9,0.7995695762398154,1415192.7423082818,868444.7314122902,0.6136582710251849
ACC01257,13,0.8585052855853348,886487.2516459475,502052.12248941546,0.5663387956874185
ACC01258,1,0.8620948612897827,720672.1111368365,284180.1224644971,0.3943265155858638
ACC01259,24,0.7300815373351099,1822783.7632171644,1607539.3926266204,0.8819144788679467
ACC01260,8,0.8860441427633392,660982.2982838338,282759.27122098056,0.42778645049214364
ACC01261,25,0.8670949264648791,2253784.6626067776,3162475.5092073726,1.4031844131681963
ACC01262,15,0.7938276503294698,2101719.1355678937,1271578.4216466842,0.6050182444111868
ACC01263,7,0.8057796434499431,3323282.9659109856,1712547.9235785464,0.5153181180011552
ACC01264,25,0.9818490690670295,1213169.481910407,3163758.116097021,2.607845122443218
ACC01265,0,0.8871213669484833,770095.3767893553,195549.83070462404,0.2539293658921847
ACC01266,0,0.8554541442240814,865749.0301318731,181463.63807060538,0.20960305094764514
ACC01267,3,0.8542677386860311,2243239.555854406,644147.6718279929,0.2871506389707227
ACC01268,1,0.8665397140183665,1161953.8654703996,314151.80709977396,0.2703651293182749
ACC01269,0,0.8758709414056084,446259.7218537948,65941.02114497915,0.14776377503005522
ACC01270,25,0.938126049690285,1455105.961580395,8634772.66957212,5.934119505767036
ACC01271,1,0.8782220053040178,736730.8611308399,250104.87532706725,0.33947929769518614
ACC01272,24,0.6144788933601392,3143560.29559272,2603906.934586017,0.8283305200910894
ACC01273,4,0.8680644062365682,502876.8689391636,278190.5881341233,0.5531982187229572
ACC01274,25,0.8546577355172345,652590.1738176025,913353.3041235175,1.3995817601427718
ACC01275,5,0.8744153159126493,655144.4846803395,267150.3180192535,0.40777313137208576
ACC01276,7,0.8450740482356989,586834.264172645,387048.3253784818,0.6595530442043399
ACC01277,9,0.8507294124368215,3107334.485456153,1194092.923115624,0.38428206834654066
ACC01278,0,0.8965604777070916,545977.4209959478,118732.71441939505,0.21746817698579568
ACC01279,7,0.8037598689158328,1384408.3772478758,797608.1882703026,0.5761364936666317
ACC01280,7,0.8712027195826303,771405.2786390295,345908.9140756476,0.44841398374396113
ACC01281,14,0.8262681133045212,1247057.3399383242,777688.3653853158,0.6236187707485672
ACC01282,10,0.7865068987924764,1423042.3475204438,912611.7262275068,0.6413103080296041
ACC01283,0,0.819677932206565,1345604.4739880655,472029.25050126546,0.35079346095088265
ACC01284,11,0.8187417900743064,878279.2349512561,562899.7671528143,0.6409120752855496
ACC01285,5,0.8641225415749181,1343027.8046082866,511358.84112869704,0.38075074795479924
ACC01286,8,0.7771012325090352,2396601.3291970147,1441397.6807768387,0.6014340654896413
ACC01287,25,0.9327850464655942,6374229.534794588,23748485.765221193,3.725702947405156
ACC01288,4,0.8189990557692061,2265025.237280846,1060560.8371006278,0.4682335629839723
ACC01289,24,0.7963359750784691,4220096.954014026,3580765.6276827357,0.848503166325793
ACC01290,8,0.8575309129623325,1123191.7783973448,487433.06515319174,0.43397136137222997
ACC01291,3,0.8794819499326059,813676.4655725802,275151.7765913828,0.3381587009497194
ACC01292,15,0.8233582311076555,3047227.954372006,1638559.2463801696,0.537721257127892
ACC01293,2,0.8607967234909369,3704402.326061218,833970.0366431781,0.22512944416863973
ACC01294,8,0.8759756489296042,1111109.5897910045,359525.66945842473,0.32357354554562895
ACC01295,6,0.844017063762574,1291020.9293889073,619528.2157198269,0.4798746492925368
ACC01296,9,0.8398420061249634,2683214.623957292,1220607.2317027021,0.4549048073920047
ACC01297,25,0.9843984261332127,6030004.334229239,13058147.854476817,2.1655287675918267
ACC01298,24,0.5577927006055047,5373496.823103873,4580144.5952029275,0.8523582959070806
ACC01299,9,0.8355509971717198,557443.4304971005,402779.96510573867,0.7225485907091226
ACC01300,25,0.7837577696050069,1881830.8454316861,2038852.7428795518,1.0834410265030199
ACC01301,8,0.8408728049957045,604474.1735933595,382001.855596933,0.6319572816917607
ACC01302,0,0.8861042230790541,363685.26265551546,105456.41552412824,0.2899661502754295
ACC01303,25,0.8730349913109403,1056798.1623032496,1005587.1606922876,0.9515413600839826
ACC01304,8,0.8486377012934738,1005849.9217490148,537710.4596882738,0.5345831898592585
ACC01305,13,0.8453548485069543,1206162.4452357173,626921.1069508909,0.5197650693131747
ACC01306,25,0.8122900574620812,661187.3939062018,1004263.5217114454,1.518878809498164
ACC01307,12,0.8291778550899309,8171866.723415143,3446554.743845143,0.4217585602527763
ACC01308,0,0.8623348814457624,1156559.5590079043,312574.4653480537,0.27026231629279845
ACC01309,0,0.8386403253463944,806918.0170366807,174530.86379639123,0.21629317986644664
ACC01310,0,0.8261166953423049,1623513.724650711,303944.4993201618,0.1872140005379712
ACC01311,14,0.8082025569064889,1254542.8421848335,811277.0079251146,0.6466714253554269
ACC01312,5,0.8641092662786954,571360.6553073566,308955.49354129995,0.5407363819531834
ACC01313,11,0.7998168936219623,5474047.073717077,2934988.301361542,0.5361642422575257
ACC01314,9,0.8059028456739611,2829744.080294883,1454776.0940593712,0.5141016476330155
ACC01315,25,0.8734242262087863,1385180.2282540519,2019083.106044947,1.4576320574470636
ACC01316,0,0.8541632111430874,1870677.8559089177,553323.3919427978,0.29578764200100677
ACC01317,25,0.7731191620409485,1673984.1662942779,1650433.5340792523,0.9859313889048544
ACC01318,13,0.8051465235329245,1962146.9379556964,1160051.0612192242,0.5912151831135783
ACC01319,9,0.8366415721490656,2359335.796411514,1070557.7291533581,0.453753861905392
ACC01320,0,0.8571353575529354,821237.1745047536,184730.9436784806,0.22494225713769286
ACC01321,1,0.8621797664751671,1502072.7260376376,449356.30828944943,0.2991574911787526
ACC01322,25,0.7419403621189121,4862406.835179175,5667195.253345795,1.1655123574489965
ACC01323,6,0.8646984836138039,1664030.034860431,567341.2910498927,0.34094414112992727
ACC01324,25,0.810699339893376,2842241.4662947645,4488713.449185493,1.579286454868707
ACC01325,5,0.8595367251983793,1753347.1386565743,615277.5926680106,0.35091601606025385
ACC01326,0,0.8267775989680972,2137596.1944623017,310358.65228668874,0.1451904962643131
ACC01327,11,0.8891658989536269,447194.2951023232,272437.5772168556,0.6092152341847715
ACC01328,17,0.7586141829477511,1209169.4075401686,930029.8547678746,0.7691476884614938
ACC01329,1,0.8449189330085397,1486252.0349294932,591429.1260614179,0.39793326580001953
ACC01330,25,0.9906950299304597,3605324.226213782,13234762.836799214,3.6708939353002425
ACC01331,6,0.8506415600744212,2341945.379361673,817651.4516938477,0.3491334421798979
ACC01332,21,0.7850883123732646,1109680.5426646217,821185.69946668,0.740019913744551
ACC01333,24,0.7427505932022406,1068619.081516874,927779.9713620692,0.8682045711228668
ACC01334,23,0.7449553987386148,2583260.7223075056,1833588.7744161377,0.7097962503677441
ACC01335,0,0.8367910904604957,1935158.5487591429,691835.4099705613,0.3575083862839963
ACC01336,25,0.84223932971755,1103707.4446084104,1155068.4770327692,1.0465350058797342
ACC01337,4,0.8474414390937669,1240079.8384841057,521090.17313209496,0.4202069551982107
ACC01338,25,0.7151681828004488,1052476.4337748704,1494182.8978451802,1.4196829970682203
ACC01339,3,0.8666621327666809,3921595.0338233137,753523.8373107319,0.19214728466648748
ACC01340,3,0.9104324232938471,416445.4159462527,124040.62732357453,0.29785566745098585
ACC01341,6,0.8835619273680007,434053.94938387664,236717.8768524708,0.5453651030902564
ACC01342,24,0.6702771437868899,1921101.2711321802,1576445.720416501,0.8205948036708339
ACC01343,15,0.8293216256456741,1036895.3529487528,645327.7990140844,0.6223654076362506
ACC01344,0,0.8860758818584501,433720.4277150602,194590.04340235837,0.44865316680494816
ACC01345,8,0.8560464411576222,537331.4906915548,358946.89857684553,0.6680176107208508
ACC01346,1,0.8723952148767519,3405902.4528437527,605157.9567999853,0.17767918053399023
ACC01347,7,0.8535369909079422,728426.9771611932,386483.83696225187,0.5305732064845357
ACC01348,17,0.7485761144544124,3472361.407187626,2392668.5496832705,0.6890609211156874
ACC01349,12,0.8618077841351542,599604.8244984683,395033.96116440545,0.6588238536853442
ACC01350,0,0.8507260436924831,1681243.0051444466,505629.1261557526,0.3007471999042224
ACC01351,14,0.7998547370260916,884897.2619090682,657976.4637796666,0.7435625491259346
ACC01352,0,0.821973872478327,932413.5668672458,207697.4020046417,0.2227524452507382
ACC01353,7,0.8225441592383179,701049.100838779,461519.56673885183,0.6583270218685979
ACC01354,25,0.7684630659344867,1533337.3036873876,2469210.1849378967,1.610350298658952
ACC01355,7,0.8277962105442989,1320590.7265529186,669798.3487512243,0.5071960110605731
ACC01356,5,0.8715313024269208,354039.5856098894,260418.7562070394,0.7355639504504186
ACC01357,7,0.8228981536731995,4032583.0795810255,1907300.9395085662,0.47297250964677695
ACC01358,12,0.7537354982807983,3545422.5237826104,2226171.6704428615,0.6279002447549634
ACC01359,0,0.8568078402588587,1713976.6365246617,477578.2641014859,0.2786375577848282
ACC01360,25,0.7513657238507132,1292095.3839548547,1911879.2223009109,1.4796734405543788
ACC01361,7,0.8275152362856082,1257903.0634460796,678712.7870714129,0.5395588951123547
ACC01362,18,0.7727948077134617,1436207.2428288886,1040954.4823428637,0.7247940626538703
ACC01363,0,0.8677722025241273,628521.8525461293,279605.21980645804,0.4448615727102932
ACC01364,1,0.8323168299840195,5761188.102680314,2094910.731932414,0.363624775757241
ACC01365,25,0.8759057497357797,1657220.0288167808,1449715.1362878606,0.8747873614120665
ACC01366,3,0.8638241740085643,716270.6433320594,338018.9689194317,0.4719151511598777
ACC01367,0,0.8565318518923614,1546288.832299324,382286.31112496904,0.2472282688328746
ACC01368,24,0.5716150625597607,1036881.2325881658,958975.1885358493,0.9248650263850812
ACC01369,6,0.8382356904970352,2960717.52275054,1207328.023707464,0.4077822400922067
ACC01370,7,0.8438085999034232,976618.8702668715,521222.6141771563,0.5337011500041225
ACC01371,5,0.808624542900026,1032966.361152516,623957.8967397958,0.6040447396986138
ACC01372,11,0.8105784427352168,1351722.8493555016,817613.7772710929,0.6048679118363126
ACC01373,24,0.7092200840239344,1174296.8281669896,1140839.3420506692,0.9715084931562442
ACC01374,0,0.8434678387569828,651794.5464274259,124988.62378128927,0.1917607695037782
ACC01375,25,0.768008840287309,582712.4706041189,820070.3086690806,1.4073326898579748
ACC01376,3,0.8799128293479765,1061529.2971217136,318950.1336483042,0.3004628647679555
ACC01377,0,0.8603276896962944,498128.52787538886,88803.81563192602,0.17827490429165113
ACC01378,7,0.804605695243937,1070345.365996086,686893.917682158,0.641749793575198
ACC01379,0,0.849258326770568,1026570.3868220304,311478.0688589253,0.3034161834953886
ACC01380,15,0.7834582388016383,816018.6119987944,633120.6097188045,0.7758654035696675
ACC01381,2,0.8984336294485519,513462.94071048417,159753.4035615427,0.31112937447927635
ACC01382,6,0.8531893524996178,814536.6124059391,389487.3127405387,0.478170418380691
ACC01383,25,0.8225389968730855,433307.3231015776,1020988.3908810522,2.356268487624217
ACC01384,25,0.7824321181586891,901740.6733112253,1610906.01614844,1.786440452145885
ACC01385,22,0.7796955734662062,1775516.8555745452,1229171.1717487732,0.6922892158920236
ACC01386,25,0.75695378818718,1062853.3380444301,1807140.149889402,1.7002723566869569
ACC01387,13,0.818040874906006,1572052.1212035043,945693.715673281,0.6015663876012541
ACC01388,3,0.8674440893056581,825932.9800618718,347468.83461227344,0.4206985832993908
ACC01389,24,0.8027014770342731,7096189.876148186,4263041.298961524,0.6007507371371951
ACC01390,10,0.8535705850815456,2079937.7638442402,868618.018747537,0.4176173123286707
ACC01391,16,0.8839321730909414,500227.6163909665,333801.52519408666,0.6672992738833415
ACC01392,8,0.8152239025821516,5241960.56590843,2425366.4368704995,0.4626830756118411
ACC01393,7,0.8282432804146584,1832775.9078854364,863677.3003914176,0.4712399899384778
ACC01394,25,0.9903296316150545,2472370.34158474,5701701.419804247,2.3061680217978875
ACC01395,8,0.8113471948493483,4388910.713249865,2039236.7698051569,0.46463391557472794
ACC01396,1,0.859935151681742,1000374.0889521111,332044.9112582949,0.3319207433752217
ACC01397,24,0.7083082387776004,1653714.3225647388,1433389.4433080908,0.8667696855192334
ACC01398,25,0.7506141003162714,3780993.0458674827,5338131.728572695,1.4118332575107801
ACC01399,24,0.7307841683795258,5149288.945572348,4620311.426580043,0.8972717350718586
ACC01400,3,0.8670408501754026,1229864.3172966684,407363.2245849037,0.331226151418327
ACC01401,13,0.7462568565844643,1571255.122926893,1124009.1371355052,0.7153575003413388
ACC01402,25,0.9588609081248782,3539077.4287676294,10969164.887176493,3.099441904834548
ACC01403,9,0.822875388138381,1939198.1776146186,1000665.3014018035,0.5160201329359273
ACC01404,0,0.843236979023522,6482532.061956269,1445565.4620809867,0.2229939548721261
ACC01405,0,0.8893750299125721,711177.9011879737,149562.6857490291,0.2103027744523486
ACC01406,25,0.8018563880371112,3725509.7856207555,5486737.688992082,1.4727481619211116
ACC01407,4,0.8867023930145042,583771.0090663653,224824.90800991957,0.3851251681194066
ACC01408,3,0.8719287825392253,2630511.7721214117,576592.1170682778,0.21919389343894757
ACC01409,22,0.8192745415744037,3310577.104556958,1856076.0676416934,0.5606503062825008
ACC01410,6,0.8431218047659552,1634960.4063824818,739447.3826302178,0.45227234845785735
ACC01411,8,0.8579597100138899,1023646.9334068174,434969.01435463893,0.42492093724836444
ACC01412,24,0.7459796495998288,1852859.4101793857,1579014.9005140627,0.8522043776441676
ACC01413,24,0.7438205353712695,1390503.8502249997,1172769.5353282255,0.8434133678511266
ACC01414,25,0.8775935588609173,597924.3252663732,1687051.499766398,2.8215134064245047
ACC01415,0,0.8695986969716665,1693682.52857594,289053.37204323226,0.17066561599727328
ACC01416,1,0.8669395481301764,2060219.3903023244,462544.18698040216,0.22451210252541437
ACC01417,0,0.8621724805946892,644087.2621304331,110542.84107871166,0.1716271188364626
ACC01418,8,0.8276852266116269,628173.5249686892,431749.7983817149,0.6873097658855253
ACC01419,4,0.8600401493729761,1203767.8624292382,441951.7900964051,0.3671403797111959
ACC01420,24,0.841466035474874,935234.5752690141,813778.6305807969,0.8701331752482726
ACC01421,4,0.8540256351973906,934083.4398360663,444257.6021335733,0.47560804868946344
ACC01422,6,0.8537998343265053,812352.4683533778,396700.5218192202,0.4883354667750617
ACC01423,0,0.872246200921622,444617.12991246785,115952.81629617263,0.2607925077448104
ACC01424,0,0.8622463067708502,1500898.2036732386,430876.6199213932,0.28707917623385976
ACC01425,0,0.8542505124855636,816035.14597174,315880.50888186466,0.38709179431936364
ACC01426,12,0.8440072901054781,858743.7438170664,523281.5151994436,0.6093570043066485
ACC01427,5,0.900835037141254,386887.896816253,158468.61190533015,0.4095982666022571
ACC01428,3,0.8557144236692517,1427008.2731608911,558189.8349177752,0.39116089613226857
ACC01429,7,0.8553179414555726,1363685.3219544175,569057.1391964265,0.41729358674980865
ACC01430,22,0.7359260254885827,1554597.475305188,1225420.9070970146,0.7882560769349303
ACC01431,9,0.8482120082277136,1716305.2715421326,777662.9922977834,0.4531029562118856
ACC01432,25,0.9785617467607983,1191656.3128847138,3106554.999139418,2.606921950188133
ACC01433,0,0.8848016435864136,603067.8910125196,141641.53339793155,0.23486830505952289
ACC01434,25,0.9930323280265718,1588336.2665868446,4224019.191385576,2.659398567069501
ACC01435,16,0.7613274733891744,3507947.5517805,2269979.5751875425,0.6470962127228462
ACC01436,5,0.8624690508912919,773318.5924254287,349473.50300870306,0.45191400598893905
ACC01437,0,0.840425590387886,3468073.4737395965,535732.6711036313,0.15447558281571092
ACC01438,12,0.819438908742254,665237.1558044852,507575.98024788365,0.7630000456514812
ACC01439,16,0.7801031536641264,2917231.879689367,1837072.3509467056,0.6297313435167591
ACC01440,0,0.8685969682823895,662034.9243686409,177350.91940713944,0.2678875583131399
ACC01441,23,0.7209140384369298,3773296.156339682,2769333.648787233,0.7339295761702544
ACC01442,10,0.8206682232579638,3813448.090097163,1809751.19722765,0.4745708226440128
ACC01443,11,0.7714149736113306,6807181.09671861,3871414.7164294133,0.5687250950757902
ACC01444,10,0.863008980117955,2117632.5510509354,822048.916944315,0.3881924257994381
ACC01445,0,0.8342278313757038,841648.7801302111,177473.71226965036,0.21086433730967147
ACC01446,15,0.9958299945621093,11927857.615482245,40195378.93914574,3.369874141268464
ACC01447,0,0.8441178530756669,1029115.8866383672,283927.4050899245,0.27589449232717655
ACC01448,0,0.8380368088777762,3289628.139200726,1233590.0653429334,0.37499377228778696
ACC01449,25,0.8444602412128313,1860121.0105181262,1986871.5497802314,1.068141018001189
ACC01450,5,0.8549722846197688,757679.3292913334,391495.10932041076,0.5167029034388213
ACC01451,0,0.8871758734660316,634789.7122228327,155911.58713398033,0.24561139560379341
ACC01452,1,0.8479892568251858,2081707.877853548,769297.5836898925,0.36955117087951667
ACC01453,11,0.7869003676402085,3558729.6482075956,2049770.5481457296,0.5759837781378322
ACC01454,18,0.7959826655560738,1030993.155401777,747147.8474921171,0.7246874953315809
ACC01455,24,0.8596029248136393,731269.4768172097,715199.613434905,0.9780247037627668
ACC01456,0,0.8595954903846551,940429.5895642885,258862.8581640222,0.2752602226009884
ACC01457,1,0.8772395338349976,959672.2763486742,238517.19218278743,0.24854025489856688
ACC01458,6,0.8629585697331523,731518.882778545,331280.9582248031,0.4528672683970795
ACC01459,24,0.678483439094553,1478496.8244721014,1329779.1308319445,0.8994129096670487
ACC01460,24,0.7665239314404434,4165506.885855128,3531862.8397783567,0.8478830875953067
ACC01461,13,0.8686513289071536,509413.6508581371,349385.5237133127,0.6858581883794287
ACC01462,25,0.8499349111441179,1103133.9527861543,1772847.8090618507,1.6071011182134487
ACC01463,0,0.8542112262209254,386452.57329579024,86314.31150656592,0.22335033448076197
ACC01464,10,0.810793906788986,5170803.346137042,2458136.32936206,0.47538770376917594
ACC01465,25,0.873735312971567,1336754.1841036405,1872365.6106120073,1.400680568557577
ACC01466,9,0.8159655479832737,1399181.4259022125,790031.4130644685,0.5646382938188625
ACC01467,5,0.8183813578390455,1401525.860177659,758851.684083815,0.5414467942729376
ACC01468,12,0.8153185450876274,1579286.2344676123,937313.933355584,0.5935047826663028
ACC01469,24,0.44909157540535427,1322737.3634712177,1239636.5831685485,0.9371751470869544
ACC01470,16,0.7600925376468806,1170602.2463850628,867445.0128995277,0.7410245585793851
ACC01471,9,0.8381630533782888,3382554.842136418,1440573.9479966466,0.4258833973810109
ACC01472,8,0.828217038018378,1820135.4571396091,866113.6822052811,0.4758512223955032
ACC01473,0,0.8514646290598807,1289992.873240381,284013.6306020607,0.2201668214558708
ACC01474,11,0.8380546534526325,1224004.2673886237,653930.5514011842,0.5342551237965252
ACC01475,7,0.819466713267682,1078383.531791925,611662.5827650493,0.5672031932355863
ACC01476,25,0.9883746088999534,5687387.036659094,17727627.30477279,3.117007369202434
ACC01477,25,0.9928104884271509,2139133.206535813,7622462.4865253465,3.5633416671930536
ACC01478,9,0.8585548772605229,729382.7227159992,395999.7743177046,0.542924533286341
ACC01479,0,0.8408357835242178,2046529.3257169533,507940.1269097578,0.24819587021154116
ACC01480,5,0.8289220178609621,554062.9842481801,368306.2496718544,0.664737151086924
ACC01481,10,0.8365806774872238,2565732.7375077633,1118832.3065703548,0.4360673620500075
ACC01482,10,0.8352782554170749,1366912.327168299,678513.5080822225,0.4963840727721242
ACC01483,6,0.844681528815633,1263890.0561591552,607614.9256417409,0.48074982683875717
ACC01484,10,0.8419400990894245,2253104.1078021214,958763.9353474291,0.42553024160197056
ACC01485,3,0.8672148000847277,1428710.2980121744,413756.0207422163,0.28960106280320985
ACC01486,6,0.8454808757929739,1270000.3978835768,567653.7885792571,0.4469713470367707
ACC01487,3,0.8645871204590387,1037917.4686793577,414236.770615058,0.39910376606545733
ACC01488,6,0.8571424656325077,1701654.256119946,666536.1641228485,0.39169893750488516
ACC01489,0,0.859099987344024,1289737.3438700174,252733.4534948146,0.1959573045597458
ACC01490,9,0.8222861168818418,1561355.714789243,806843.29580666,0.5167581532921666
ACC01491,0,0.8197879199417895,2672648.5814018054,601587.2237076632,0.2250902823116874
ACC01492,25,0.8694178350819824,1847896.2258727003,2733500.525746927,1.4792500181962247
ACC01493,24,0.7065780688032967,2226716.5019045705,1900641.502989498,0.8535624096573713
ACC01494,17,0.8170481129683752,1007503.1714784327,710186.1614997698,0.7048971969563398
ACC01495,0,0.8676566734818956,1820615.1820615828,476624.6084740686,0.26179316374499323
ACC01496,12,0.7772320332770167,604458.8973637542,510485.7041081719,0.84453336088619
ACC01497,11,0.8275577723012829,1220093.1445923115,675890.6387032976,0.5539664260052402
ACC01498,25,0.9890332550595481,2190210.5951725664,4608266.823666872,2.1040290983085983
ACC01499,0,0.8464464354225373,808089.5035897562,186701.51131419142,0.23104063409413422
ACC01500,6,0.8670272789089036,389412.3574312545,286037.76158390444,0.7345369404061619
ACC01501,0,0.882805671475337,434701.1312474008,80750.50843960722,0.18576098067168317
ACC01502,9,0.856056468519652,1207774.8564386712,568135.8376140685,0.47039879542559226
ACC01503,13,0.8163111138662593,1629486.7219696825,973613.4900127293,0.5974970381077116
ACC01504,5,0.8701831341470245,629307.5480382226,286357.6207126167,0.4550360497109818
ACC01505,16,0.8248709509796853,1496079.9807669239,871093.8485216775,0.582250855382167
ACC01506,18,0.847487607413215,720215.7879908163,486151.2741136994,0.6750077993567928
ACC01507,9,0.8515999414519715,873354.3938248593,476055.71058287215,0.5450888138296117
ACC01508,25,0.9949678226281371,3102953.8006858034,7023797.553043108,2.2635843148843318
ACC01509,11,0.7427026073121121,6290578.684732134,3878392.9114054847,0.6165399251453183
ACC01510,3,0.8715206536931482,955059.9040103775,320695.8080452327,0.33578606608716777
ACC01511,25,0.8802056835343223,4595101.128936799,6001483.649923093,1.3060612773307338
ACC01512,10,0.8759754809001198,521227.3604531962,285567.65638324665,0.5478754149339966
ACC01513,9,0.8279898752743572,1848259.1722359476,980206.9791915787,0.5303406545553699
ACC01514,0,0.8479468057976425,1540022.5712850564,292307.3518182767,0.1898071867702327
ACC01515,12,0.8018708207740328,889776.7383150667,640421.9813265167,0.7197558148567216
ACC01516,7,0.8461941400827822,2439161.803638915,1011947.7313706968,0.414875196004218
ACC01517,0,0.8608686103884726,2339795.07621711,567970.4105596677,0.24274365577259882
ACC01518,1,0.8568304862629615,3079703.7906279117,807850.5255265672,0.26231435892795946
ACC01519,0,0.8371914083306357,1186829.9333523896,404301.5734067073,0.3406567040862319
ACC01520,16,0.7667932178326762,2798431.123821544,1789665.2201121412,0.639524483871581
ACC01521,15,0.8003899772297799,2318228.639869929,1443509.0707339444,0.6226776107877509
ACC01522,11,0.8338005195325042,3076673.2964617396,1431254.6119599873,0.4651955128306831
ACC01523,0,0.8584088936046802,365719.07450575195,83327.35652683735,0.22784525701715017
ACC01524,3,0.8548764045054364,1031806.7099867356,416706.6053451637,0.40386111207836656
ACC01525,7,0.820464461784447,1163190.261540965,689038.9527079178,0.5923699462503207
ACC01526,0,0.8626725004758768,2886397.9757542266,601762.6979307759,0.20848223390730902
ACC01527,25,0.7026856169120189,792942.5979904959,1424965.0179419988,1.7970594864662301
ACC01528,0,0.8236379905290656,1042251.2311089728,222050.81727907894,0.21304922522644865
ACC01529,7,0.8317670415903465,2614276.3608422144,1191540.1150437528,0.45578200258058665
ACC01530,25,0.9303328909689953,2063032.3738396233,5969767.2118164655,2.8936856675233855
ACC01531,25,0.8341883089098177,1365282.5438141574,2160931.8637926807,1.5827726455475926
ACC01532,21,0.764798873843498,3532298.604201351,2409826.9431128306,0.6822262818456397
ACC01533,5,0.8654468803264829,1151917.1423294984,429960.05096542137,0.3732560573722533
ACC01534,8,0.8162667223247498,3331446.545463786,1702469.2510288195,0.5110300368910199
ACC01535,0,0.8278088777962324,1660934.3415539335,346326.6171170382,0.20851312929867094
ACC01536,8,0.804209697768456,789451.7331027222,530596.0540203089,0.6721070228510964
ACC01537,25,0.9827128749608184,1631112.6770015722,4148698.5922384467,2.543477621585825
ACC01538,6,0.8448678554244974,1542667.2153674825,671795.4586310773,0.4354765901154173
ACC01539,1,0.8646608301255337,1191980.5102808746,336318.632124577,0.2821511167538536
ACC01540,24,0.7792045246428226,1332955.7453880357,1224432.9200830648,0.9185848249797829
ACC01541,5,0.870123486409892,878626.7085773739,365040.8962682884,0.41546756171269067
ACC01542,12,0.7102809258671481,804615.8971886951,691416.3048502906,0.859312259757829
ACC01543,20,0.6791909833140503,2746968.8711979203,2146124.4586768434,0.7812700322814158
ACC01544,11,0.859891983592572,1107739.7118180804,517900.1121294109,0.46752870426519794
ACC01545,25,0.7345987504135217,1078534.9836920686,1622325.6828649177,1.5041938438671048
ACC01546,0,0.8590856746891719,5041411.295450963,1151839.3412162894,0.2284755743407869
ACC01547,23,0.7548980314084512,4865259.985426507,3330298.100119745,0.6845056811137296
ACC01548,7,0.8843510210292678,1356135.5797861835,372973.49550480687,0.2750267016544261
ACC01549,5,0.8375722715839886,632073.390849401,380547.1255131814,0.6020616134493332
ACC01550,8,0.8509589920576534,2848685.091056467,1097101.2206475576,0.38512548266283986
ACC01551,1,0.8259624429899892,5258768.042508354,1901503.5786064279,0.3615872697247622
ACC01552,20,0.7532623849948704,748711.4689435863,664606.9049510644,0.887667589610733
ACC01553,8,0.8401230389759665,1148956.2637287052,592460.8075705019,0.51565131439189
ACC01554,3,0.8443635600836761,703235.5808011312,399807.65711039316,0.5685259222164631
ACC01555,2,0.8776120544088106,258629.13163625615,195923.5913254424,0.7575464917115187
ACC01556,11,0.8207236356974449,1922779.9364869902,1007910.4579551758,0.5241943910631166
ACC01557,7,0.842135635465156,1370952.7811175939,660389.2995829643,0.48170098101016884
ACC01558,0,0.8210720029936038,1428543.068641225,381849.0265845301,0.26729962502826754
ACC01559,14,0.8481969042017314,754647.315936246,459229.8942300901,0.6085357815926913
ACC01560,4,0.8735208726577203,656724.5791437457,287082.4600947852,0.4371428589883002
ACC01561,7,0.8351440121793621,1069515.7331312413,584528.6270285808,0.5465357908454935
ACC01562,0,0.8347116753506791,668174.225525789,161009.1877875097,0.24096886955017
ACC01563,25,0.9779992405009251,5432484.789491384,15386075.045032231,2.832235273772897
ACC01564,25,0.8716089600393359,1193875.5432725518,1877807.2956178912,1.5728668756130162
ACC01565,4,0.8866095392119073,763553.8584111922,244120.37384262917,0.3197159848692225
ACC01566,13,0.7979430694343843,1798894.56147791,1085220.5919852706,0.603270817103194
ACC01567,8,0.8515522219624715,1231313.34614641,526717.7744356787,0.4277690776958808
ACC01568,9,0.8423046584179552,790840.0670835832,475054.6050588446,0.6006961771812157
ACC01569,10,0.8003575455821498,1130308.0723460368,760471.4791872242,0.6728001841204321
ACC01570,7,0.8842151563640948,692160.0149471236,294548.7537248806,0.42555008576648584
ACC01571,3,0.8700324088142556,2259657.574351617,561319.9141358525,0.24840928134738152
ACC01572,25,0.7844186601220741,1417897.9520470712,2113866.0739259096,1.4908450011328698
ACC01573,25,0.9492619596233989,1885499.0603014815,6440733.055307079,3.415930132724245
ACC01574,12,0.8356364413978195,3831072.9735491048,1677741.0347502702,0.43792980356519057
ACC01575,1,0.8712242348156543,1583472.0007569448,366638.37505552295,0.2315408007721383
ACC01576,7,0.8581292605410279,1212211.3388109785,474396.0464497578,0.3913476398555046
ACC01577,15,0.7691065104240464,1641192.9177690432,1105487.7484298625,0.6735879350080356
ACC01578,8,0.8637933347838505,2972933.669460248,827352.9690935917,0.27829513237804665
ACC01579,25,0.7586297936323279,1013843.9796195922,1338114.9119122173,1.3198430318778398
ACC01580,3,0.8853431758216889,722522.3401434022,215748.54368115144,0.2986046682491933
ACC01581,10,0.8310993459358297,1457403.116328363,733277.7478251309,0.5031399614901869
ACC01582,7,0.8056773653898373,1277668.4034758362,785914.4138309971,0.6151161065679908
ACC01583,0,0.8661834892437624,630384.0037155625,199390.90042243048,0.31630069806212635
ACC01584,0,0.851195487420331,369439.49154294847,77526.68070732677,0.20984946786154302
ACC01585,25,0.8689904279323577,2642093.5740694646,2303319.1243338585,0.871778027447449
ACC01586,18,0.7851044539271234,3336913.208707235,2077512.5356748255,0.6225851275525629
ACC01587,5,0.8191221093496264,1093477.4421540368,589278.4686977313,0.5389031780453687
ACC01588,1,0.8748500145674454,1358371.300594754,316179.7362318236,0.2327638518963014
ACC01589,24,0.8045599367325091,6077308.301641223,4740551.585793304,0.780041319363884
ACC01590,4,0.8574359686482426,598224.1806281145,305122.3535873795,0.5100468410805656
ACC01591,25,0.9821037287293074,802678.1529698439,2816132.482514608,3.508420494684136
ACC01592,25,0.7996147910641267,503005.11074126087,810862.42059582,1.6120361469108746
ACC01593,25,0.9935574562576911,1502920.744580583,3542470.7288506683,2.3570575771374145
ACC01594,9,0.8495479990371919,1317273.2284670034,611725.5831596003,0.4643877746392107
ACC01595,0,0.8742390339514323,728499.8987779832,256066.30906810038,0.35149807089559926
ACC01596,11,0.8438393022136061,2931094.0537158805,1157408.5777045477,0.3948725480976117
ACC01597,9,0.83165251553458,2964783.7077786843,1403000.8957707193,0.4732220067486457
ACC01598,18,0.825086363042675,671014.243549939,512137.97025912884,0.7632296559752743
ACC01599,0,0.8441093999994431,952209.3586722198,247637.64928303062,0.26006638879116
ACC01600,11,0.8437412486215469,3813069.8678197674,1591202.4577454152,0.4173022034488004
ACC01601,9,0.7911434496958858,1209897.1669474621,801880.0653631431,0.6627671237434706
ACC01602,0,0.8690489305933011,1355160.7574347106,292066.6361363925,0.21552176340264467
ACC01603,25,0.822531004728683,2713100.721582946,3922800.1855736007,1.445873407635549
ACC01604,11,0.8445762273615413,1679163.6452632984,793481.9331178992,0.47254592210604857
ACC01605,7,0.8723105523090788,570909.6316260449,312740.33433546923,0.5477930604266269
ACC01606,0,0.8523168554343572,1373180.6750991696,427711.2126570832,0.31147482659278924
ACC01607,0,0.8428792436251901,1926148.1448310378,499189.7701795201,0.2591647851797553
ACC01608,25,0.8633178950958438,4876388.3780293735,6459981.533381895,1.3247471350902686
ACC01609,1,0.8410839688367054,1932719.2109102255,755025.9645457905,0.39065476261821114
ACC01610,24,0.6937556133891305,3102222.245250242,2922423.84847635,0.9420420645074097
ACC01611,5,0.8503412807196666,1026791.6857608894,490732.5483422162,0.4779280502048142
ACC01612,25,0.832316957114504,2713763.612453141,3217908.547156412,1.1857733416388259
ACC01613,0,0.8782059416086415,955560.2617806615,269687.4810053097,0.2822296947580827
ACC01614,6,0.8684918414100529,987707.0960668268,388975.29711609625,0.39381644483981587
ACC01615,9,0.8413183726840805,817013.5785456129,468994.3402676067,0.5740349396670686
ACC01616,9,0.7859499330080492,872720.6677633142,641393.4471005987,0.7349355535997774
ACC01617,25,0.7651938688447559,1325974.306682645,1950663.866529406,1.4711173939784885
ACC01618,7,0.8414566396614556,1628327.491658403,704667.9084524388,0.4327556416398494
ACC01619,25,0.7627426571862183,1865020.4179731123,2627604.1615404193,1.408887611212362
ACC01620,15,0.974135880169165,19621921.265099876,50725340.9930001,2.5851363027952656
ACC01621,25,0.7360045607848151,1625423.0530266862,2471019.3037961456,1.5202314863166744
ACC01622,25,0.7037032209718191,512727.6052195187,835011.7508957583,1.6285679616143491
ACC01623,1,0.8704198929609356,1950677.1155863856,500156.6923701031,0.2564015789049501
ACC01624,5,0.8426996926948289,8713124.435511643,2874891.8696854343,0.3299495939675075
ACC01625,9,0.7587655264112259,3361243.3797742617,2066333.3425259502,0.6147526700862475
ACC01626,24,0.7268389007194617,3972290.9256145377,3119040.4768641097,0.785199406405908
ACC01627,3,0.832941709350534,515153.6879936715,341642.8532035601,0.6631862707498603
ACC01628,0,0.8217274191066322,580252.8576658288,240923.54390264727,0.41520440738854003
ACC01629,0,0.8871301240693044,327880.6502082452,65264.64623526657,0.19905000857420335
ACC01630,0,0.8236410939128168,2329007.071459087,655867.9316609344,0.2816083899865719
ACC01631,24,0.7726352017849758,1115110.5066826572,866582.4965715851,0.777127012415641
ACC01632,2,0.8572335470661494,4358408.107965429,1088401.8660790164,0.24972463319574234
ACC01633,5,0.8438387949758366,1938409.3983432057,783574.2922479437,0.4042357063052207
ACC01634,25,0.9935653956099197,3986784.9526295094,11069003.510820854,2.7764235197888523
ACC01635,14,0.8236254129434744,840965.8313064905,589602.8601509049,0.7011020402992136
ACC01636,18,0.7907275479334496,1316923.0588994047,950476.2497162991,0.7217401527699294
ACC01637,0,0.8636219113949724,3489661.4115115665,838011.4195180323,0.24014118296796105
ACC01638,2,0.861716286672907,1808192.0277392059,528445.0913793946,0.2922505371512521
ACC01639,11,0.7877461365748615,11924548.993384838,6495772.886396831,0.5447395025170655
ACC01640,1,0.8750505064230574,1438277.2088828853,329713.3867444416,0.22924189072044818
ACC01641,0,0.8742785710150424,474621.3651468638,109686.59609419026,0.2311033681769668
ACC01642,0,0.8501734033017385,628679.2228447264,127318.98476982277,0.20251820028935247
ACC01643,25,0.858046865405509,3374844.715160691,4374137.30713936,1.2961003175907868
ACC01644,1,0.8847596468476652,994867.5991426511,221464.80653419188,0.22260731651633245
ACC01645,6,0.844967032789877,2348558.360582678,897317.9370184614,0.3820718071471882
ACC01646,12,0.7654647937326031,2305063.5565768504,1507621.3222797113,0.6540476152937901
ACC01647,1,0.8633670383097678,541539.8296405295,254806.127006959,0.4705214890215879
ACC01648,18,0.7684102772568157,1288458.5571917442,975519.5304489121,0.7571213874159077
ACC01649,8,0.843950841979268,1322109.7496440571,655901.7913250232,0.4961023784157157
ACC01650,0,0.8683335122166953,998632.4175426023,251726.69840763015,0.25207142686902745
ACC01651,24,0.7282648857459045,3437895.5202184813,2735547.8464467037,0.7957041830849058
ACC01652,9,0.8121473094739151,800849.6102787019,528657.163625096,0.6601203981870194
ACC01653,0,0.86527372099452,1622651.9190311981,382686.5381446442,0.23584019077432614
ACC01654,7,0.8361424399043823,1983146.531266409,914416.1836011804,0.4610936051292424
ACC01655,11,0.8451917024945852,5013904.454627448,1914498.8740790726,0.381837925194633
ACC01656,10,0.759861045992778,1556654.6267395513,1086158.3879631844,0.6977516844813342
ACC01657,4,0.8691260682591979,640477.8347050535,303334.2800888691,0.47360621032038924
ACC01658,9,0.8238781695708576,6520488.34482554,2774629.5549642863,0.42552480860826125
ACC01659,0,0.8635624777537956,1735107.9515781915,354830.4645567241,0.20450051204824643
ACC01660,8,0.8191526264775898,7766250.1873070635,3378617.4444972584,0.43503845009000275
ACC01661,25,0.9922322111638385,2571752.1071078544,4986920.773301457,1.939114100273707
ACC01662,11,0.8775571191433648,607084.0956442393,311648.29013948736,0.5133527502623262
ACC01663,21,0.732012559445995,1660793.9191974888,1256960.4407166033,0.7568431135176472
ACC01664,10,0.8077432951098799,1390387.8752858376,853531.0638462104,0.6138798237655376
ACC01665,11,0.8497044986030399,6564547.576514157,2530024.501880978,0.38540729157521736
ACC01666,4,0.8497229075881602,1476473.4510395397,568980.3135118653,0.3853644053750264
ACC01667,24,0.7840802977693067,559791.3294257335,625012.1478985714,1.1165091616187506
ACC01668,6,0.8542537662133234,3476043.841719986,1243316.0668042751,0.3576813536934759
ACC01669,25,0.6991332333897196,1424660.231998022,1590865.654478025,1.116663200633394
ACC01670,0,0.8210319515564013,4117666.020249936,1052119.8181097733,0.2555136363502136
ACC01671,3,0.8822452186516264,318418.4022393274,205942.9954471716,0.6467685096051144
ACC01672,24,0.6688936974020472,1726038.6424962245,1528638.4321632916,0.8856339565796455
ACC01673,12,0.8269089289286544,1255895.6868740488,701595.7181667511,0.558641713240562
ACC01674,7,0.8051484014239324,1859949.774839793,1012160.7510327608,0.5441871413543645
ACC01675,12,0.8322737757504559,1921857.217706298,936467.1950470884,0.4872719921226746
ACC01676,7,0.8751182034561932,800159.0759955948,305925.4317817104,0.3823307651682434
ACC01677,0,0.8764989937815629,396101.8156762037,56295.45306797452,0.1421236935555823
ACC01678,7,0.8889108061748741,607588.7248245514,230738.33805152218,0.379760730612884
ACC01679,2,0.8486698152984068,4399636.150293233,1404216.1458123054,0.31916642600518574
ACC01680,25,0.7715789464307691,1277089.2419875064,2378177.0710362648,1.8621855018801654
ACC01681,9,0.8701829116100743,819716.833257001,376709.1613029523,0.45956011395565044
ACC01682,25,0.9063651461617116,4952844.871698818,6913306.388140661,1.395825342248082
ACC01683,24,0.7153354699967743,7783942.67433558,5501859.128117815,0.7068216401770251
ACC01684,1,0.8348554573073897,3885588.6777708107,1486550.1558512144,0.3825804219462721
ACC01685,3,0.8513476287273742,5357362.9596888395,1539267.0761189638,0.28731804951448836
ACC01686,8,0.8212175088417567,1836312.1939908084,959061.6598403755,0.5222759305192394
ACC01687,8,0.8573346441454698,1206196.772652154,530467.0062382141,0.43978479984806873
ACC01688,8,0.8363995737102945,2047090.536781351,971442.1480468332,0.47454772057821915
ACC01689,5,0.8712076153145106,350745.4952009021,246435.71899172277,0.7026055141508456
ACC01690,0,0.8405192449273863,4242435.382748195,1096752.4949354392,0.2585195520939147
ACC01691,7,0.8273521968598004,2039982.3460512604,983101.7277829321,0.48191678211622563
ACC01692,25,0.8693892502057411,893264.3743254287,1126578.3682125926,1.2611925434319002
ACC01693,9,0.8850084831445184,518800.071000941,288897.44329239655,0.5568569848786172
ACC01694,1,0.8626077022989203,1845986.9203021894,498401.77402062755,0.26999203978056296
ACC01695,6,0.8234288317059147,2395175.6515102684,1155978.5444157275,0.48262787895611325
ACC01696,8,0.8500264965762757,1042363.6212873782,512581.430917202,0.49174915590793045
ACC01697,0,0.8835843623989377,795956.2351420976,165774.61675090084,0.20827101972673917
ACC01698,15,0.7746922282781193,2328358.1957396884,1540400.6064333327,0.66158231549247
ACC01699,25,0.9942210852977073,3793171.299106069,10148915.481359085,2.6755753118112184
ACC01700,0,0.8329458950505497,1754812.4710069788,611253.9799814299,0.3483300865936227
ACC01701,0,0.8553791607611986,2499426.6411654535,546238.5285349804,0.2185455334189267
ACC01702,25,0.7828493139250073,707181.0661499173,945395.041290869,1.3368500466759556
ACC01703,24,0.8042726197615443,437954.02350709203,547370.8542165371,1.2498363408863014
ACC01704,25,0.8682888325443745,1514783.1596007587,2462931.4291832726,1.6259300306932452
ACC01705,0,0.8606364210643568,361244.83954491315,81607.09459088022,0.22590521900239938
ACC01706,1,0.8474371298660445,6215915.752241952,1586389.5531804308,0.255214133590574
ACC01707,5,0.8804112531179494,593008.5239723696,231721.2572264962,0.390755356557561
ACC01708,4,0.8619726498671371,824148.2645883028,352222.71207930904,0.42737784839631887
ACC01709,16,0.748431805084557,3000317.709934706,2025279.6360074966,0.6750217249664442
ACC01710,1,0.8725598988489123,1149006.248775218,316623.00085243053,0.2755624707784962
ACC01711,1,0.8708834072507534,1761819.0813073455,404303.4241581393,0.22948067054542784
ACC01712,21,0.7554486173318795,2856838.8738085213,2015767.2171069342,0.7055935970304359
ACC01713,7,0.8245554421468904,2054228.6597338766,1037074.8611149251,0.5048487938286662
ACC01714,11,0.824114719515516,1702941.854861658,906225.6038642714,0.5321529923509283
ACC01715,25,0.8880997256215534,801904.6183852853,1338520.2830041037,1.6691764236242304
ACC01716,0,0.8622166090000566,931565.2857913913,270309.2524932271,0.29016672971405505
ACC01717,5,0.9197834827994993,326570.03615361016,75174.69506299829,0.23019471090617155
ACC01718,2,0.8792063594607463,787948.3973747,230570.75996856779,0.2926216497638518
ACC01719,9,0.8427450232514494,2240248.1427297364,1022225.8298100492,0.45630026884632063
ACC01720,8,0.8407375540495402,746634.2653933802,438583.4402070088,0.5874140265661819
ACC01721,1,0.8911539364244645,605583.7815458729,182164.3140256524,0.3008077818078975
ACC01722,24,0.8631091930652323,809336.4977616962,606041.9075690021,0.7488132677138294
ACC01723,25,0.9070858670304225,558400.6084065407,933145.8997386863,1.6711047332156812
ACC01724,5,0.7814133418886741,627020.0825239989,468098.8329058021,0.7465451999902823
ACC01725,11,0.8535902160585936,5163684.378540934,1969281.9403539572,0.38137147741597704
ACC01726,5,0.8409021853235287,1068085.2019886211,516479.6920183957,0.48355664047847935
ACC01727,25,0.8572561098463971,3506607.8961331155,3305022.2230804516,0.9425126278661036
ACC01728,12,0.8452078386296548,1021115.4840125085,565637.3768842472,0.5539406519050671
ACC01729,0,0.8771445422040121,420972.6377774906,187609.6041836994,0.4456574782963979
ACC01730,0,0.8377191584604022,816102.6197867236,417417.881312874,0.5114771980783004
ACC01731,24,0.7269138860261082,4661946.913961575,4138703.364270543,0.887762868314947
ACC01732,5,0.8595497714753013,719948.4411900151,329930.89939423004,0.4582701767488817
ACC01733,8,0.8750335570801769,953612.993660554,362563.6791278489,0.38020001985932067
ACC01734,12,0.7794307686509311,2965456.308038452,1824013.8457286088,0.6150870747224503
ACC01735,21,0.689434021238624,2501132.3642600537,1924518.1786731426,0.7694587484347316
ACC01736,11,0.83047898196683,3483089.895556934,1643277.6145237142,0.47178731063470297
ACC01737,2,0.8447710994302101,977729.6155044995,480256.9064468784,0.49119603091808794
ACC01738,2,0.8668448737964716,1026754.4284701633,341998.59652938874,0.3330870430614627
ACC01739,0,0.8695015644186072,855110.4266358835,229924.66372346747,0.26888300804379295
ACC01740,6,0.8685226236433796,812683.3312333549,351867.35847426427,0.4329698234861774
ACC01741,11,0.8582535484601881,808839.0845113848,428591.64456009364,0.5298849335637674
ACC01742,13,0.819864748107198,2514103.8323882814,1327265.2341883846,0.5279277717529848
ACC01743,0,0.8509631778584068,698930.0709733284,180373.24417520352,0.25807051615910037
ACC01744,25,0.8674851956376889,1295599.2242002876,2266634.023989648,1.7494870185560156
ACC01745,7,0.829960861632691,2854994.8779303613,1288523.5415460116,0.4513225405434304
ACC01746,0,0.819658116637843,7321172.707877641,2549315.034777223,0.3482112957168924
ACC01747,14,0.8193532613818129,856092.2996236404,595122.5176265727,0.6951616290535536
ACC01748,8,0.8614758947308606,1144335.2304645022,452295.3220157196,0.39524722299437237
ACC01749,15,0.7974445948394244,1163402.066096261,800130.94644606,0.6877510103887475
ACC01750,25,0.6106335900540358,1187612.6822612341,1301737.1035579902,1.0960956572806726
ACC01751,8,0.8617249407056163,391312.10341896716,303262.07580910664,0.7749877224840456
ACC01752,12,0.791701588811786,4054497.946334062,2330785.620257294,0.5748641758136073
ACC01753,25,0.7065286168342771,2018848.3644388448,2359846.4952986864,1.1689072527022726
ACC01754,19,0.8409746684426723,1071565.6467621464,658789.5492818195,0.6147915914180571
ACC01755,25,0.8525885977815313,2354739.5419683983,2934142.5303911828,1.2460582064793646
ACC01756,8,0.7974582267126248,1609993.5540068645,952485.0230625197,0.591607973020778
ACC01757,10,0.7533285598604922,1903473.8049553428,1310094.496108391,0.6882650513486458
ACC01758,24,0.7033772767556252,3219746.998835255,2874933.4409013786,0.8929066296020735
ACC01759,7,0.8343426891029895,439644.6444707189,349660.88131693646,0.7953261474113658
ACC01760,25,0.8412925920129439,747082.7336186877,909195.5717784552,1.2169944918610716
ACC01761,5,0.7978681034009076,4059376.0706173806,2020284.3139699209,0.4976834564782417
ACC01762,3,0.8390551600370072,478182.40054690826,337940.0965337823,0.7067179723621623
ACC01763,0,0.8708008583859745,514214.6381675533,136124.2694075651,0.26472266501913533
ACC01764,0,0.8761357462867224,931108.6383694739,244541.09558726253,0.2626343323540577
ACC01765,14,0.8151165101548414,1246434.715393776,764355.4636827179,0.6132334523763976
ACC01766,20,0.7350515835606173,4018008.5460419455,2809890.847219903,0.6993242585279881
ACC01767,7,0.8833454978207804,1150218.900643589,323670.1042377736,0.2813987007661485
ACC01768,12,0.8355337095372513,3632384.3857001937,1572555.412920898,0.4329264873815841
ACC01769,16,0.8034551326326318,2096761.1839003596,1303608.1541635084,0.6217246695394079
ACC01770,7,0.8267611851311506,3131004.996382152,1330900.7021334402,0.4250714079572801
ACC01771,7,0.8001823885530984,2565935.5518103456,1423574.5446498378,0.5547974670078766
ACC01772,4,0.8279325411532248,967141.8346187897,542528.8029517682,0.5609609506403084
ACC01773,7,0.8036748865487275,3975244.7980276854,2051626.9403997886,0.5161007798608281
ACC01774,0,0.8980513269835384,493287.50614119647,138753.19576275986,0.28128260707061925
ACC01775,7,0.8303706869928945,1027095.8995637719,589855.4118171217,0.5742943887397906
ACC01776,21,0.7333035365687559,1552704.9424775608,1195389.8103386855,0.7698757037710409
ACC01777,5,0.8774767827746062,1605974.5561687306,423777.263069943,0.26387545272256424
ACC01778,8,0.8636862293103869,1525510.9440801318,575860.098691665,0.3774867043244341
ACC01779,25,0.8425330958830292,2106710.7527127047,3053217.763755864,1.4492819006237045
ACC01780,0,0.8671867590743045,1544833.7916541419,330012.75139597466,0.21362346757226947
ACC01781,10,0.8329815430361839,2271620.4308403083,1022338.2643147877,0.45004801437562725
ACC01782,2,0.8306657004446827,2298051.985896255,931068.7371368808,0.4051556461085706
ACC01783,12,0.7770869720779167,4730985.05598628,2732272.4208214306,0.5775271721402272
ACC01784,25,0.7260607258373598,810402.5535692406,915081.1098923933,1.1291685914143768
ACC01785,8,0.8341644691043757,1272437.4744875957,681071.3568451043,0.535249370205297
ACC01786,8,0.8362819065945797,3934572.1650106655,1557803.5399749244,0.3959270473745909
ACC01787,2,0.875234911832554,2262657.835139741,488364.10999762465,0.2158364832778454
ACC01788,25,0.8622171357833027,6201164.407526417,8999712.116757076,1.4512939063241144
ACC01789,16,0.7447177830396025,1803703.6936182475,1311444.9179067626,0.727084455471725
ACC01790,7,0.856399140191683,434381.3028209404,299005.39675231447,0.688347759930104
ACC01791,9,0.875598503500125,1664538.1544275675,547524.0288856323,0.32893450199940005
ACC01792,2,0.8614730647606774,2497768.096979336,611103.3374733559,0.24465975773026766
ACC01793,4,0.8610936066662399,1057417.1273044867,441281.90233057877,0.4173205549029378
ACC01794,13,0.8879112854817379,461009.8037250285,288695.03140588955,0.6262231932448947
ACC01795,4,0.8889519465826355,414601.2447090071,194343.3946129725,0.4687477355485866
ACC01796,0,0.8534789970127268,508161.18998641823,162510.5090816948,0.31980110304377685
ACC01797,20,0.8260512271807355,2892326.1780479825,1571929.3503639016,0.543482737975559
ACC01798,2,0.8677290408594268,888060.8217090301,317266.936189553,0.3572581161490585
ACC01799,2,0.8691351898077401,637674.8829059942,298526.49613382615,0.46814843133445927
ACC01800,2,0.8763034947170829,694471.8475136041,247030.47217980758,0.35570984347924695
ACC01801,24,0.6570355963043372,2070356.7942232667,1687045.0047601887,0.8148571345129503
ACC01802,0,0.8630877128591775,913511.1699447475,300401.55372446746,0.3288427811371336
ACC01803,25,0.9719957301938721,3277015.030049875,10226431.433207026,3.1206544185582765
ACC01804,24,0.7129887443654426,2218120.540023071,1866597.8306545317,0.8415222694052131
ACC01805,9,0.8529212691467895,3465436.5799358073,1298022.8051090443,0.3745625623692956
ACC01806,25,0.981764078677437,4313497.260506478,8486531.35476032,1.967436361316677
ACC01807,0,0.8403157553938525,1139026.4691435564,250820.30374352547,0.2202058604767274
ACC01808,11,0.8393376173713826,650118.0792476595,439367.13090064237,0.6758266612260562
ACC01809,1,0.8472162417626526,720326.6105650306,354730.9145822833,0.4924584339651554
ACC01810,9,0.7732381207749924,1668625.248345287,1066256.9618112557,0.6390032530483538
ACC01811,0,0.8305777552438756,1169759.69679018,288536.08416123554,0.24666269914494268
ACC01812,25,0.979037279057322,1070955.148562966,2808464.2925159205,2.622392073360297
ACC01813,0,0.8688281327214161,1443892.024310227,303782.37686460686,0.21039133934528734
ACC01814,12,0.825137151640387,2920517.621794968,1462081.9478034298,0.5006242512944761
ACC01815,11,0.8502172645253342,1947391.1295619775,856046.7791995521,0.4395864632453681
ACC01816,9,0.8376847097450562,1888955.536654412,825462.8982067229,0.43699435068160786
ACC01817,0,0.8429178649479846,1797415.6167415173,611704.5252372078,0.34032447450643
ACC01818,8,0.8562425943011011,6411638.986944821,2043966.1259141245,0.3187899583984664
ACC01819,10,0.8260635195111853,2137646.372383499,1100535.8700288825,0.5148353274174966
ACC01820,2,0.8462099854912568,4502711.689634075,1444840.9306873947,0.3208823993802751
ACC01821,0,0.8524420743409834,470140.09740596765,86531.65069897553,0.18405503205623225
ACC01822,6,0.81089148235308,3227139.083241519,1602235.047008519,0.49648775763303776
ACC01823,6,0.8227921787598007,917920.9700664066,567995.3930932197,0.6187846357319066
ACC01824,9,0.832001280234509,4303155.794549591,1828801.9628526205,0.4249908788264173
ACC01825,24,0.694020772625518,727415.766044962,739406.7746267355,1.0164843946770221
ACC01826,24,0.6767301467308148,1380606.2892540721,1209213.0768475824,0.8758565611785735
ACC01827,7,0.8370684432895972,1654804.9284954732,779346.7397577297,0.4709598855656669
ACC01828,21,0.7598592478063446,870432.9506791125,715262.9185877783,0.8217323551799477
ACC01829,11,0.7771931614994259,774596.7480825139,608684.891486912,0.7858087359567277
ACC01830,0,0.8319171103501811,5395714.031889425,1495662.7508658792,0.2771945922312234
ACC01831,8,0.7829800839579213,2661624.3239955446,1535058.2224740677,0.5767373737288694
ACC01832,9,0.8344255513365294,2619321.5670364676,1199335.7490870021,0.45788030159425797
ACC01833,12,0.8095860020685623,2570169.965726854,1401479.258559641,0.5452866064300527
ACC01834,11,0.8157049581538677,531410.95806306,432102.7757041297,0.8131235706525535
ACC01835,25,0.9712125807851186,1037069.7653385648,2923647.3020160724,2.819142356408019
ACC01836,0,0.8319408838796498,522020.7500487425,130180.77008466457,0.24937853537911897
ACC01837,13,0.8259521698782444,2500004.682944021,1316558.8963191388,0.5266225720700454
ACC01838,9,0.8589985187277874,2159429.9201687174,811548.8664908055,0.3758162554436584
ACC01839,5,0.859214871516852,746360.7653707177,388819.7754748803,0.5209542000533125
ACC01840,10,0.8649152964213156,652423.4634019778,376733.5774250624,0.5774371992396379
ACC01841,12,0.8443345903008417,2960729.255816,1232657.096462927,0.41633563556732484
ACC01842,15,0.8926017000087655,12465891.57348442,15618312.607864726,1.2528837200129084
ACC01843,25,0.9812966455006805,1483922.846832915,6291626.982759774,4.239861254368969
ACC01844,8,0.877101624168154,642829.9769661477,312901.59260081936,0.4867563800891277
ACC01845,25,0.8964051758251425,972087.488288266,1414330.2927741695,1.4549413605401322
ACC01846,8,0.8355580894043572,1619709.9930871825,815487.867118732,0.5034777031685804
ACC01847,6,0.8887484034466088,521650.78581714793,223480.84302506538,0.4284108240630566
ACC01848,12,0.8037691628193798,1383451.2421123371,888353.5454248535,0.6421285538538108
ACC01849,17,0.7625252227322056,2469499.9314652495,1646163.394126279,0.6665978699378002
ACC01850,5,0.8672091857827586,901594.4423570129,349220.21336654166,0.3873362533752816
ACC01851,10,0.8333418102842194,2035025.5590968179,970398.462790385,0.4768482923728319
ACC01852,13,0.7965396933031489,1998535.622176942,1200313.270792586,0.6005963854099947
ACC01853,6,0.8447685289491025,2069218.92978848,827538.4695266362,0.39992794267121307
ACC01854,7,0.8326548300792239,4059448.463144487,1729615.2596235343,0.42607149107240005
ACC01855,24,0.7497452810624121,1591363.8222451268,1237116.653702978,0.7773939789316247
ACC01856,4,0.8694112456421902,892967.1330515844,355419.5512512936,0.3980208656019616
ACC01857,0,0.8611287010908831,1028829.106649383,219868.14200424132,0.21370715562304818
ACC01858,12,0.872149597085217,1033255.7917655413,471307.3659544029,0.45613813124538327
ACC01859,25,0.9373884753484343,2262017.976823922,8791522.189360749,3.88658369625552
ACC01860,2,0.8390252160863516,3655834.9072841736,1252905.1374146098,0.3427138175518328
ACC01861,0,0.8872845917004741,270196.6314379936,100285.44745109709,0.3711572824478799
ACC01862,21,0.705903080004997,2313600.918491901,1760037.3331755297,0.7607350598403089
ACC01863,25,0.836352690289322,2035304.1449335746,2555938.959478863,1.2558019723201028
ACC01864,25,0.9924587604363767,4283486.67166561,11435282.60496895,2.66962021397452
ACC01865,2,0.8705766259422886,1616465.2813208676,405073.03589924006,0.25059185655273797
ACC01866,5,0.8885861157096181,414368.9989444857,195693.4002354796,0.47226843884066066
ACC01867,0,0.8412853005521919,2289660.7084522527,741372.4494952173,0.32379140138905765
ACC01868,12,0.824074858311902,1015049.4020396315,649612.1456163152,0.6399808170035766
ACC01869,25,0.9446112780292909,1777758.3425976385,4375362.472904741,2.4611682972115974
ACC01870,0,0.8355136416126685,1297838.4728655878,398591.70027824945,0.3071196521075316
ACC01871,16,0.840570058415982,2000210.9940724692,1068516.7630785918,0.534202024808928
ACC01872,1,0.862541859199526,1717839.0740661006,435489.6735856194,0.25351016876966337
ACC01873,0,0.8588430156096776,1096540.6169405885,258593.36355028636,0.23582652530626433
ACC01874,9,0.8410993345929648,2689102.9630622095,1055590.8851792945,0.3925438704575458
ACC01875,10,0.8485541317389688,3551008.4815262198,1297814.871429756,0.36547782923682476
ACC01876,25,0.8942609849865825,1575313.026054501,2953038.9265092397,1.8745727850072849
ACC01877,8,0.8427894155224103,2191470.287483657,899056.7928240752,0.41025278688875677
ACC01878,17,0.8343503444532574,1521151.684458843,853720.6804546083,0.5612331032972058
ACC01879,7,0.8386597729997515,633581.3394490739,405235.2781022669,0.6395947179483479
ACC01880,0,0.8690047822204962,390795.88248894643,105775.56624355257,0.2706670438027054
ACC01881,11,0.8226052872037537,2732144.0210492103,1338018.1392183858,0.4897319207589042
ACC01882,25,0.9832872012918261,3411502.407970174,7938451.126836684,2.3269662973974037
ACC01883,10,0.8401306786943221,3143921.8606110113,1429001.517807052,0.4545283188206624
ACC01884,25,0.9934871033581186,2633965.756241689,7051117.615968593,2.6769966918740735
ACC01885,18,0.796424269298464,1910869.5976014365,1215125.4138057355,0.6359017984958191
ACC01886,0,0.8578375622233851,944562.203262346,216553.8867477709,0.22926376473654483
ACC01887,25,0.9618771524501721,3752838.2557636616,15002180.706810454,3.997555898863985
ACC01888,13,0.8316645192063584,1753200.066212811,960808.0720251187,0.5480310493602798
ACC01889,2,0.8554943264083738,2890856.832144053,863530.061610817,0.2987107669978818
ACC01890,3,0.8613136283091338,3149028.8838023352,848438.7810982591,0.26942870719997997
ACC01891,25,0.8145639146596577,830737.7430184059,945251.1643689984,1.1378454540111766
ACC01892,25,0.842254485695317,3076611.9160451903,4835164.521563225,1.57158739987543
ACC01893,25,0.7938732097769037,1985238.7753827635,3006283.6229477115,1.5143184085592354
ACC01894,25,0.7613600183088023,1424185.4606870946,1932178.6778768597,1.3566903547412181
ACC01895,2,0.8719655688402635,1409994.822278805,417027.5434625863,0.295765301314082
ACC01896,8,0.8632594582699188,1102182.8980106367,496802.2529727756,0.4507439317643823
ACC01897,0,0.8706987299333003,1216841.9974006782,314262.5899359337,0.25826080181916516
ACC01898,12,0.855300548384189,1742472.1405756052,794684.7998098177,0.456067435056553
ACC01899,7,0.8760674123166357,581467.8073210951,268223.4483065207,0.4612868415575133
ACC01900,6,0.897336412386532,780028.3862901257,181490.57867322728,0.23267176151935992
ACC01901,3,0.8647943634187292,694917.8732199832,294816.51890851726,0.4242465624642096
ACC01902,3,0.897995015261235,475383.1863270426,150818.41547227703,0.3172565202348588
ACC01903,8,0.8401870380679164,1907817.035648363,903966.5855390049,0.4738224728304703
ACC01904,13,0.8602769938363536,6376956.097840933,2213879.2103887284,0.34716864541976206
ACC01905,25,0.8887127861527385,3059616.3999926434,4315368.062283842,1.410427811242683
ACC01906,0,0.8629220792081295,1229310.3978080705,327172.5399460415,0.26614314865424427
ACC01907,1,0.8853671073292246,929128.2334894058,213016.5902390498,0.22926500622960425
ACC01908,6,0.8547433901096995,1929146.2157854016,730901.4238252583,0.3788730049825128
ACC01909,0,0.8265151577777243,2318982.729366576,758977.2816447722,0.327288889232946
ACC01910,24,0.6713555955073174,1233817.7428223868,1211051.6921745865,0.9815482871921403
ACC01911,1,0.8694748977974996,659494.8754743165,280838.0965748622,0.42583817861037976
ACC01912,25,0.9600642522302071,5666691.41491052,14482374.35184947,2.5557019593024997
ACC01913,25,0.8451855750511246,6095563.160511527,7705468.819404183,1.264111061849379
ACC01914,0,0.8500594941407329,1506901.1793132524,281542.41614919703,0.18683535457680495
ACC01915,22,0.7158505234635075,1934670.32161004,1502431.8032586644,0.7765828557334435
ACC01916,0,0.8802744070934174,833274.3558126822,167145.98505699792,0.20058937838544486
ACC01917,15,0.8759007024831552,1015817.2164624231,469988.0836462338,0.4626699331627438
ACC01918,11,0.7751970478975023,4837812.5106262565,2767599.8026927854,0.5720766971877789
ACC01919,5,0.8812823897459933,1178357.8054313404,350681.4131462599,0.2976018078124345
ACC01920,8,0.8153184882841528,1186220.38528064,679535.7059854447,0.5728578891557979
ACC01921,8,0.8119683920398267,3570338.225406699,1856251.431673873,0.5199091275063797
ACC01922,8,0.8351660923246513,1621833.383117496,806244.7582404604,0.49711935062693846
ACC01923,17,0.7719042649425315,955810.2904916246,745895.8229871123,0.7803806157009023
ACC01924,0,0.8479931702637425,1278266.8382799937,195849.6872667887,0.15321502631666445
ACC01925,11,0.8237128329432313,1819809.9813336325,950763.3793602064,0.5224520082384906
ACC01926,2,0.8707790051447537,1001110.7806340742,343945.6380351664,0.34356401378209245
ACC01927,9,0.865931061752877,826138.613529075,399253.24998855597,0.4832763454585877
ACC01928,7,0.8011033238808896,344751.65956570674,330883.7514343095,0.9597742092123152
ACC01929,4,0.8627654871554933,1499162.7367445994,488482.13375088375,0.32583662985888545
ACC01930,25,0.9699593823670001,7635262.903519899,30735924.4949604,4.025522746674639
ACC01931,7,0.8220760398199399,577132.3569050718,402786.1932582258,0.6979095669114895
ACC01932,18,0.7428028981368143,7314673.4925075285,4841814.7975876015,0.6619317735162213
ACC01933,6,0.8576329966054467,831151.3706309735,419196.53189575963,0.5043564225581727
ACC01934,11,0.8425115957245002,1817546.3717891248,860292.1457932211,0.473326105537754
ACC01935,13,0.8385766644912278,2020135.6791110008,1024305.3704759763,0.5070478092475161
ACC01936,8,0.81355368591853,820799.5533343637,548681.5629264058,0.6684720534964681
ACC01937,0,0.8548977476664092,1262374.1070656674,365997.5584822766,0.2899279670216159
ACC01938,6,0.8452105408147753,1917392.4102067985,771643.9731812142,0.40244447045557535
ACC01939,2,0.8800282553018193,351386.8910965965,218492.55279864548,0.6218005233968211
ACC01940,4,0.8919981002771059,594536.9343804693,200841.15050082482,0.337811057457867
ACC01941,5,0.8408266139142827,1213827.2825606323,594812.3416819695,0.4900304600397362
ACC01942,0,0.8438916166684713,1480413.2231601968,336830.8998770536,0.22752491980450576
ACC01943,0,0.845290197686039,1351198.2490924702,398005.6418887474,0.2945575470927876
ACC01944,0,0.81070406794728,1428311.0820000186,310969.98798882787,0.21771866920852176
ACC01945,8,0.8218046107233834,2396260.8991728975,1227412.604241412,0.5122199359281245
ACC01946,3,0.8630833449239567,3024769.3297084654,786871.4974938167,0.26014264617317356
ACC01947,13,0.8195816785280509,3207507.742708619,1581138.678946207,0.4929492945232909
ACC01948,25,0.6309734903359606,1733250.4918556684,1891478.8290868972,1.0912899422066944
ACC01949,3,0.8469236793449015,2633749.77965988,847275.5253182485,0.3216993246137699
ACC01950,25,0.8845910190994257,1069903.5493950548,2027055.774071438,1.894615430725112
ACC01951,18,0.7749665068955603,3402347.800130047,2245590.634069745,0.660012075774238
ACC01952,3,0.8724138930932472,2751436.316877751,649818.395580954,0.23617424528231454
ACC01953,25,0.7107846618358374,1020728.3375293635,1430464.1255769683,1.401415119951853
ACC01954,8,0.8202418715345156,3036893.1743021742,1444187.0346279508,0.47554752562536223
ACC01955,25,0.9374553908189314,3089617.760581641,8122714.621200923,2.629035450544461
ACC01956,0,0.851564377791395,1939333.1365170775,554180.9295287835,0.28575850074116627
ACC01957,5,0.8807076312012341,606641.1631627646,248281.9176210576,0.40927311349368894
ACC01958,5,0.86600160093511,553850.0980527835,306537.755321464,0.5534670056016674
ACC01959,0,0.8675537681912276,996578.8110982534,193642.2173715954,0.1943069782491132
ACC01960,0,0.8859194698715447,457708.4513966362,170563.78100294154,0.3726472178577628
ACC01961,0,0.8508621762122214,304828.8111634484,108658.33317857028,0.3564569003955075
ACC01962,10,0.7632740591033266,3549253.3097867756,2155227.9562758175,0.6072341893245411
ACC01963,0,0.8247054576729608,1774703.7559443386,303107.0482687367,0.17079303926274175
ACC01964,25,0.7702533677455136,1383734.4294359982,1809719.6846091708,1.3078518869742959
ACC01965,17,0.8264286043368606,2161035.7913667606,1162547.6050996508,0.5379585149602684
ACC01966,5,0.8734731057108196,1270033.073835427,431815.9993395469,0.34000374339503414
ACC01967,2,0.8551974323938563,1310110.0460745322,454530.02930757,0.3469403434234194
ACC01968,7,0.8827143329370685,879927.6680495896,326972.7658035699,0.37159050416987555
ACC01969,24,0.7540363771227472,1302050.9370855314,1169189.4954949135,0.8979598740675917
ACC01970,8,0.8833239389503161,812954.0451193599,292801.5516449551,0.3601698686448695
ACC01971,6,0.8621289591022369,856345.2821466099,415767.3891994734,0.4855137266095106
ACC01972,8,0.852400827111201,1139888.569188755,510579.84419960296,0.4479208389316303
ACC01973,9,0.858360671734129,673835.6791070558,402472.8384119661,0.5972863279446845
ACC01974,11,0.8262043815523061,2955184.7958951327,1504114.9249722015,0.5089749131971293
ACC01975,11,0.8420174565005625,1678633.4153919942,786220.9255604903,0.4683696382732213
ACC01976,0,0.8805012308806153,1069392.8442231966,202953.56139522465,0.18978391569718184
ACC01977,24,0.780885754341749,741044.5742741274,677532.5261533218,0.9142938895639076
ACC01978,24,0.7422457899280445,2151521.695224395,1702109.8362245548,0.791119067031779
ACC01979,0,0.8084094404950496,766090.5401607106,150421.585338732,0.19634961855445512
ACC01980,25,0.925045662618472,837963.0896250721,3309555.718630027,3.949524459497153
ACC01981,9,0.8358691003348189,1601070.0346728112,802939.9535402186,0.5015020805784455
ACC01982,5,0.8649169606795647,439525.06208335585,269707.1769370832,0.6136332150404958
ACC01983,12,0.8359333653595333,1478317.197678962,801591.1077991494,0.5422321468340425
ACC01984,24,0.7416396228883476,2283251.181045965,2122385.7594362567,0.9295454556445185
ACC01985,3,0.8516667268588065,1002234.2093721018,425007.40000436106,0.4240599612645706
ACC01986,25,0.7828032003577499,1013518.2298519093,1373271.5761072806,1.3549549832053212
ACC01987,6,0.8442702615857638,1361497.416427496,599256.2352979693,0.44014496690738425
ACC01988,0,0.854772766156816,695522.1462874166,294908.5027610064,0.4240102264682436
ACC01989,1,0.8739936546627849,1574919.1530393572,369866.35358963715,0.23484783512591786
ACC01990,9,0.8573189020377064,851929.8232823618,433097.2765833612,0.5083720099323443
ACC01991,5,0.8668496450889953,485481.7993259796,294336.15309855086,0.6062763908084577
ACC01992,3,0.8867792776579396,452353.8473032581,183477.1243971979,0.40560531427114144
ACC01993,8,0.8916541002527106,1372173.9027411614,242167.09229880347,0.17648425743634363
ACC01994,1,0.859293211367599,793323.2242648323,338650.59961312433,0.4268759431906834
ACC01995,25,0.7871301333801395,7888992.300009901,8544585.577272013,1.0831022838317752
ACC01996,10,0.7797685620256545,3148708.634915326,1808320.0224367643,0.5743052889634525
ACC01997,25,0.8826649997598968,2621534.1479508257,2795401.837222893,1.0663228779254978
ACC01998,14,0.8129286073135406,1787400.4557914713,1085848.9908403042,0.6075017981124348
ACC01999,3,0.8735636756529266,1184573.367892925,374395.58907876903,0.316059434752218
ACC02000,25,0.7587599067552396,4104308.6335034254,6249074.19875345,1.5225643967761895
ACC02001,20,0.7945096021100694,1588436.7301626015,1114315.400578918,0.7015170194816953
ACC02002,18,0.8195665904359967,765173.0637188765,576429.4253183429,0.7533320926337812
ACC02003,0,0.8691589757117244,1541113.4110502654,306081.1735780226,0.19861041464133972
ACC02004,9,0.8496871003974585,1162309.6399258103,561466.8632893877,0.4830613495774033
ACC02005,25,0.703372195392163,975788.5983536454,1111842.5010758834,1.139429690971783
ACC02006,0,0.861850970571894,1382500.26990765,357684.6141408739,0.25872299769226587
ACC02007,8,0.8535884088664907,1309406.2690168733,608659.7764339921,0.46483646125429445
ACC02008,3,0.8940440722188807,431184.7690987594,170506.354631082,0.3954368680217202
ACC02009,14,0.8302043390502662,3489223.6662898664,1632785.181200749,0.4679508502064327
ACC02010,25,0.8353397250734526,5510635.674940639,6585402.401649411,1.195034981462524
ACC02011,16,0.7970455966715629,4775278.711698807,2639141.6082925005,0.5526675546344446
ACC02012,2,0.8617356322535947,1851358.000851598,551754.1674022054,0.29802672802797
ACC02013,0,0.8653505587458689,1908732.0416960453,482409.7883733754,0.25273835081886076
ACC02014,12,0.8171851475182061,1459937.3307099538,847379.3705649653,0.5804217432763998
ACC02015,7,0.8259446880590082,2192945.344809185,1100581.720260592,0.501873757531498
ACC02016,10,0.8052567483993249,747423.3681701217,532722.5783902785,0.7127454145493416
ACC02017,4,0.8304039599140525,2214033.7587701306,938344.5002777774,0.42381670855778486
ACC02018,11,0.8169147413932707,1194059.6704703951,708792.219532292,0.5935986593141246
ACC02019,5,0.8519361974571384,612490.2835242267,346218.3342458825,0.5652633903900747
ACC02020,0,0.8046980189747065,928291.1290311608,127769.870983002,0.13763987071206088
ACC02021,0,0.8656097787419128,866943.0601719135,175247.31340642093,0.20214397168329565
ACC02022,6,0.8466218287733417,2079300.7955472765,834886.1855707794,0.40152256343028786
ACC02023,7,0.8485239967562248,1541333.7881530072,646863.3000284623,0.4196776227189594
ACC02024,7,0.8065144969462013,418928.6638431907,368421.37102476374,0.8794370087855043
ACC02025,0,0.8684850339951806,331281.2191987678,139382.919930077,0.42073897297041657
ACC02026,8,0.8329175283109179,3117407.1802057987,1337771.4142851825,0.42912950954224344
ACC02027,25,0.9128861586272453,2067172.349963707,1974256.5738608297,0.9550517516817073
ACC02028,7,0.8565144024419427,605779.9029223593,365487.1749368205,0.6033332785945257
ACC02029,25,0.9112841651170146,2182708.413231929,2727928.884005375,1.2497907954485503
ACC02030,1,0.8669756082551227,641526.8740963296,295105.0329188475,0.4600041632465354
ACC02031,4,0.8628173373232542,768159.1395743866,338405.99339570204,0.4405415179766036
ACC02032,10,0.8100756108536163,2429040.348836808,1279545.9797883297,0.5267701627109919
ACC02033,8,0.7955893647383925,1550619.9719100317,922055.0885967349,0.5946364069211365
ACC02034,8,0.7674455961112528,2496627.1486825473,1512164.7336913915,0.6056830450190972
ACC02035,10,0.82896153107199,3531024.033390778,1640563.3725306513,0.46461404879061335
ACC02036,14,0.8258811694404936,4215820.793561434,2129760.5069374014,0.5051828840044754
ACC02037,11,0.8362829166564,1578675.8326006609,802216.9905862056,0.508158150026696
ACC02038,25,0.7954932630896705,561490.8952135526,897223.4871520194,1.5979306072465826
ACC02039,25,0.7278749458043358,1489788.6268070487,2003776.502581544,1.3450072490324259
ACC02040,10,0.8583073598540688,2535575.485765495,999433.4488646535,0.3941643443373655
ACC02041,17,0.6448063533561278,1270433.2868965184,1074190.3064329098,0.8455306685619035
ACC02042,7,0.8547111164791659,1048420.4081622645,486572.8247657221,0.46410087115589127
ACC02043,15,0.7710836025543203,2939023.0896056625,1932760.1283193815,0.6576199197464303
ACC02044,5,0.842750817950964,1961964.0806495883,757561.553778587,0.3861240688605091
ACC02045,9,0.8415072565075731,2403247.004976221,1048526.3388699853,0.43629570189784134
ACC02046,16,0.8187661436539451,1431025.886150613,916142.1075583074,0.6401995354693989
ACC02047,25,0.7699083384139475,762102.5746056665,1210654.6698742595,1.5885718146283478
ACC02048,0,0.8119797348678184,3683034.0328070507,1264488.619614877,0.3433279758892529
ACC02049,9,0.8636850643379381,4702739.875652589,1439888.6511545028,0.3061807986891243
ACC02050,7,0.8528045131027268,1228379.2517499353,574508.1255702582,0.4676960513227657
ACC02051,3,0.8619565964427747,6001094.119408231,1417870.1419485123,0.23626860598019228
ACC02052,0,0.8284056153520271,1550056.2972851498,376829.4623045861,0.24310695228591697
ACC02053,0,0.8657940311933565,334267.12751770037,67222.73341072172,0.20110482867377405
ACC02054,25,0.9601329865802041,2213581.6078691306,6946631.469908078,3.138186297362284
ACC02055,6,0.8376525107202666,732089.7264613688,448260.8871249124,0.6123032067279889
ACC02056,24,0.6785315110748598,437863.1943816774,471213.3120908573,1.0761656109421913
ACC02057,10,0.7939491305120264,780697.0262558281,565086.6800456777,0.7238232772011397
ACC02058,25,0.8784783988774326,1388631.4054240114,1421329.8297043717,1.023547230858124
ACC02059,9,0.8279515961049102,2961567.5749496194,1305332.4075990051,0.4407572593109616
ACC02060,25,0.984102744248316,8408116.510571474,17896054.897690136,2.1284261314872994
ACC02061,8,0.8193740985118154,1155833.048421672,643839.0527944651,0.5570346458544757
ACC02062,25,0.7727975799562035,897487.1847061603,1691939.613517415,1.885196404304492
ACC02063,4,0.8120990600291875,2090425.5553972318,1017918.3228699696,0.4869431108138842
ACC02064,5,0.8875603156758397,1037860.3733102375,273506.805871722,0.2635294813303034
ACC02065,3,0.8412003106423941,1006733.1806282284,476362.348121321,0.4731763661788302
ACC02066,6,0.8676601591699639,573308.8721581219,326943.6579687503,0.5702748969120738
ACC02067,0,0.875098827801149,476676.93770107883,107846.09441566713,0.2262456726683445
ACC02068,8,0.8514514679930504,1180430.6835901497,586477.4126330467,0.4968334191799728
ACC02069,10,0.8476883778318999,5055732.716998235,1831740.155040612,0.3623095320846352
ACC02070,19,0.8122866315337963,2695758.959540538,1536220.0744833618,0.5698655174812786
ACC02071,0,0.8587306594161526,1025193.4595046318,295671.8805036625,0.2884059372038226
ACC02072,11,0.848195514174407,3916044.4147521886,1447154.7223592189,0.36954502275500783
ACC02073,25,0.816130452561307,2872045.5835536243,3613208.0617054054,1.2580608338516446
ACC02074,13,0.8046769460184039,1330611.2320626548,879040.3532609792,0.6606289892039537
ACC02075,1,0.8906179452031829,557861.3755362695,184050.5534979898,0.32992166435803677
ACC02076,12,0.7950678066373129,4535757.838180438,2549209.9673116934,0.5620251473421547
ACC02077,1,0.844499790643026,2151599.2710756892,753943.2335925837,0.35041061954610664
ACC02078,11,0.8403858568623342,1595366.7008896596,754871.6376500363,0.473164970303743
ACC02079,10,0.8453235140910242,3672673.517085897,1539348.9545874274,0.41913580050775445
ACC02080,7,0.8166279183744789,1232232.946471771,727860.0553332139,0.5906838130057158
ACC02081,1,0.8501588352169002,1488082.0069943857,571370.0315910388,0.3839640751688724
ACC02082,11,0.8076911794339758,2008390.1744433837,1136266.873141125,0.5657600239236563
ACC02083,9,0.8303258805862327,1352959.331168476,683985.0874590533,0.505547411294568
ACC02084,0,0.8611784435675576,640549.4953251687,202081.69643256778,0.3154817822937835
ACC02085,14,0.7733592426194976,612597.0479165408,530747.9103237226,0.8663899248760841
ACC02086,8,0.8428358496303356,1706676.2646571982,811747.3267584939,0.47563052441087356
ACC02087,0,0.8216594196017413,769931.111347236,223782.5500133863,0.2906526917996709
ACC02088,0,0.8308131843590457,1367776.8178902701,465036.2645718228,0.33999425819273554
ACC02089,0,0.8123955886495573,906117.1995363191,166781.26418103173,0.1840614704878988
ACC02090,17,0.8060860146740212,3897202.6891124565,2143803.9010217497,0.5500878635362885
ACC02091,15,0.7406910406808302,3999127.6683495133,2614933.9093956575,0.6538760765481816
ACC02092,24,0.7962417417002658,608958.1866401234,622436.6212747097,1.0221335962473095
ACC02093,0,0.8540818633777565,1220163.8038336511,269821.072533276,0.2211351227478811
ACC02094,25,0.8180601446347627,2488703.1855529835,3447317.7367542624,1.3851863720696274
ACC02095,10,0.8303492126775248,1557436.459656824,837876.0625786986,0.537984106756639
ACC02096,6,0.8614709551684325,913844.8398100437,427167.8851469963,0.46744027709976405
ACC02097,5,0.8700570532570442,1249242.322601095,377745.37973450456,0.30237958873182147
ACC02098,1,0.8559189750965638,1753338.6164776625,491660.8549879254,0.2804140913611077
ACC02099,6,0.8488529990139567,459226.65750023525,338907.81096330844,0.7379968157948994
ACC02100,7,0.8335396647376764,1158992.2913578649,631385.1491374954,0.5447707925630553
ACC02101,25,0.9887883868749825,3488962.577581129,9628553.992448188,2.7597183341311706
ACC02102,7,0.8262270493893926,3106793.1690769284,1449808.2904319924,0.4666574862023244
ACC02103,21,0.7751131883958681,1348188.8766935922,1015261.1902800874,0.7530556050647713
ACC02104,19,0.8330162602872362,1090471.8936440262,728067.757096412,0.6676630194139441
ACC02105,25,0.8112688716879577,6079234.021246852,7094554.476726794,1.16701453701756
ACC02106,4,0.8707280979234666,1385161.2539544809,357698.89900146704,0.25823628691625367
ACC02107,9,0.8592088208977394,3522126.0351633015,1193149.866357558,0.3387584244418551
ACC02108,0,0.8706734198286272,2330581.232187356,460195.5243921957,0.19745955130698506
ACC02109,10,0.84640964645813,603466.1329957484,386367.2979549496,0.6402468619687589
ACC02110,6,0.8245666665342135,2894422.1059571183,1258758.7773594677,0.43489122570228067
ACC02111,25,0.726769776730591,1381365.9456201086,1625749.2945571907,1.1769142707708609
ACC02112,4,0.8147208230805628,1342274.386632626,740570.5308958245,0.5517281252409946
ACC02113,12,0.8341015838213479,1003599.1117682401,617032.268476517,0.6148194645064687
ACC02114,18,0.7433432686976114,1427794.6198320086,1059049.5472589906,0.7417380150820263
ACC02115,8,0.8427240890808179,6805159.48709347,2535699.9254498906,0.37261432744655704
ACC02116,0,0.873063124071876,296153.6106715066,102346.86768703599,0.3455871007446844
ACC02117,10,0.8157106687646474,2426145.3336882694,1296488.3018872982,0.5343819613297253
ACC02118,8,0.877183232335854,828314.6414878924,322784.12269665056,0.3896878149067087
ACC02119,9,0.8302380623960848,3556164.8938752855,1635172.029497894,0.45981333214163367
ACC02120,2,0.8624957015491712,2651191.1468733884,706457.9989498782,0.2664681495270609
ACC02121,7,0.8333610355521324,2152861.7113930807,949628.5837998586,0.44110059590653866
ACC02122,5,0.8332624324445415,2971646.3401470226,1272579.843336939,0.4282406779515957
ACC02123,4,0.8426249920802045,3580432.8221110683,1314138.1443872228,0.36703331962318186
ACC02124,8,0.8204571707169083,1392267.352660605,747061.9520292429,0.5365793793854443
ACC02125,19,0.7366435174217397,2439204.6098284093,1782890.6146575147,0.7309311434857184
ACC02126,8,0.8460678125201586,2574009.198292027,1011194.2244781804,0.3928479452012658
ACC02127,24,0.5955924173101521,1425858.2606166978,1244576.8002530113,0.8728615140993884
ACC02128,12,0.8130176783191535,1815385.6493480878,1060906.1261546975,0.5843971095263826
ACC02129,0,0.8585293121522801,1622220.1793583634,400714.92486808635,0.2470163606438314
ACC02130,24,0.7338398242471903,4945278.001499135,3645664.423091653,0.737201108205947
ACC02131,11,0.8387377258445017,1089440.407296875,632360.6133713035,0.5804453452762229
ACC02132,13,0.8742749597352844,509437.0485137194,319431.08807235764,0.6270275964504282
ACC02133,11,0.8084282232751631,968730.8090875022,664275.7375893933,0.6857175712364397
ACC02134,25,0.9785607497714761,1880249.7669079697,4372369.346376683,2.325419432742146
ACC02135,25,0.9589092149722902,2577676.2359393835,8733445.585907046,3.388108042484363
ACC02136,11,0.7806936990858473,5114051.564252214,2852519.669608122,0.5577807798316995
ACC02137,13,0.8153572614943806,2008972.24717111,1095427.7598991562,0.5452677414741088
ACC02138,9,0.8606092029066957,838774.0246670293,402536.57218650175,0.47991063188478916
ACC02139,17,0.7886902592162822,3454158.329678904,2123871.294428424,0.6148737526533294
ACC02140,1,0.8531564468191507,2452275.5330637363,770492.2332110958,0.3141948051198332
ACC02141,11,0.8125226277067868,1193731.067126203,747015.241535606,0.6257818549817723
ACC02142,12,0.8369485533463162,507353.6573601713,384198.7393069375,0.7572602143167247
ACC02143,22,0.782258977633991,2523710.5244981204,1683042.3310388646,0.666891988879574
ACC02144,7,0.768356531403148,930463.9736442745,682201.9505909286,0.7331847013044495
ACC02145,8,0.8137653414050761,776948.9389061447,536036.8735028192,0.6899254850099904
ACC02146,2,0.852547834215592,565566.4006300136,319323.411146335,0.5646081711901983
ACC02147,0,0.8311193734588903,1386373.2803427503,335623.3069080553,0.2420872586530807
ACC02148,5,0.8087252352048301,2662396.642092505,1392842.3131512115,0.5231535719097474
ACC02149,0,0.8615516865457433,972675.4673970661,229407.15960404312,0.23585169698784475
ACC02150,6,0.8800643386629358,381660.653434365,237321.5906154114,0.6218130909746087
ACC02151,7,0.7880332892505654,3396087.1991456114,1808705.5186542536,0.5325851229936877
ACC02152,8,0.8593045487828469,938943.6686520327,448928.54634458525,0.4781208514767201
ACC02153,11,0.7861552965950559,1707148.8218646327,1103833.718059402,0.6465948978330665
ACC02154,5,0.8408942765830201,1052630.6553157205,547176.9356487234,0.5198185449811036
ACC02155,11,0.8694974077422624,1677679.7979653578,558365.4981288117,0.3328200642375151
ACC02156,0,0.8601888480994259,2278021.6710090456,587249.78254631,0.25778937488605574
ACC02157,25,0.9848071292242652,2713882.3571505705,10168719.756595781,3.746927249739884
ACC02158,8,0.8683355063947784,550153.8130047618,323574.60671477095,0.5881529838855635
ACC02159,24,0.6287520948096833,842544.9116169629,790847.4531618423,0.9386413023895593
ACC02160,9,0.8414568171716222,1076100.6912028487,550329.032205085,0.5114103510052909
ACC02161,25,0.7378429401711433,955614.4709364468,1267152.7980235352,1.3260083815827932
ACC02162,24,0.8135660454114991,1261279.1420684857,900335.1258682418,0.7138270156372369
ACC02163,9,0.8532930473296887,1564917.3337507537,687944.702353476,0.43960450019722624
ACC02164,25,0.7486192062599566,492140.291712139,822641.9771590793,1.6715599007289903
ACC02165,6,0.8505462336470496,1590772.3903432202,684302.1156617397,0.4301697212095168
ACC02166,25,0.8394919603338846,2104510.1912466423,3497661.3854751587,1.6619835817489006
ACC02167,0,0.8090972681386459,2853706.4944310244,636213.7491899733,0.2229429517126366
ACC02168,25,0.9635730518507174,533250.7939994214,2319053.6958697685,4.348898720762683
ACC02169,9,0.8472497959282279,2393470.552590082,953951.3083852003,0.398564046402362
ACC02170,5,0.849336424533443,795980.9311342667,403385.24287301395,0.5067775207858222
ACC02171,9,0.8321343054292774,456027.64595513936,355681.16329196905,0.7799552646572624
ACC02172,0,0.8585366688647762,1974387.7409015873,538750.9565925628,0.27286988539877527
ACC02173,6,0.8680204333663374,708256.5792187799,330933.22423113283,0.46725047665093106
ACC02174,11,0.8472575172009055,2081308.2985194384,936002.5738568453,0.4497183692212639
ACC02175,2,0.8580802984279464,1570667.3288290335,491804.5785161361,0.3131182329251014
ACC02176,25,0.9113325383406131,2171884.8232841967,3588315.2941921838,1.6521664757370256
ACC02177,3,0.8821626595823617,470695.3883333888,230848.24156172096,0.4904408398371931
ACC02178,3,0.8610516880511451,1391965.1942712856,470093.06340523635,0.3377189784198139
ACC02179,17,0.7739219459462504,1226757.7344245887,924322.4465334684,0.7534677961227793
ACC02180,25,0.8674264708844345,1645258.4349864372,2556251.7603530274,1.553708345141595
ACC02181,5,0.9058057218027236,331051.29728137515,136008.4139273215,0.4108378823591256
ACC02182,6,0.8496011611158598,3487277.5900566126,1240254.571806221,0.35565123216534267
ACC02183,0,0.8453863325768101,409421.5815150949,68633.9236742939,0.16763631125723508
ACC02184,25,0.991712386293881,2035914.4976616695,6184169.089043267,3.037538706142147
ACC02185,6,0.8754116801293295,1946781.0281084632,552765.0927660391,0.28393799034661754
ACC02186,25,0.9748891524720626,1757180.4347792997,5698319.4864441855,3.242876698180338
ACC02187,0,0.8353924517645849,1314351.6567997886,364261.78458018776,0.27714180044258485
ACC02188,0,0.8572997316741201,706706.3836512683,151262.11039753613,0.21403812657814905
ACC02189,12,0.8791872695662977,1633243.9127712504,519194.6611142108,0.3178916860208916
ACC02190,8,0.8125013583758339,6551625.751273726,2987811.2695304947,0.4560411999952261
ACC02191,25,0.7295345374608422,1034356.7466169155,1213341.5616447313,1.1730397327742328
ACC02192,0,0.8945260770074758,818931.4404559457,89671.49823179131,0.10949817506318488
ACC02193,25,0.9706300265448174,4670889.824699252,11581103.852789856,2.4794213281482267
ACC02194,10,0.8813887330365483,793768.568460339,315444.2680546222,0.3974008049556368
ACC02195,11,0.8036251201123853,1559043.6890803776,903979.1008228628,0.5798292293887459
ACC02196,5,0.8459397520339351,955568.2377404385,450161.06973574974,0.47109254154388003
ACC02197,25,0.771874962899384,1147519.1636719534,1508626.658705738,1.3146853721189933
ACC02198,9,0.8599437694559664,670347.7320689,365872.58769313106,0.5457952196898397
ACC02199,5,0.8465481825150165,871037.6362677205,440634.06859574356,0.5058725940750407
ACC02200,1,0.854468925024806,2286873.670305634,652387.7676444041,0.28527494811605153
ACC02201,24,0.7500564785840499,7480246.64420255,5505926.031320802,0.7360620970416912
ACC02202,25,0.8856621212273984,2096651.5646187041,3229445.0845176913,1.5402869694779238
ACC02203,25,0.853812486776388,1148505.3863177346,2009160.7127132989,1.7493698650860865
ACC02204,7,0.8798842121196475,946985.7192936104,310082.9164086692,0.327442019548057
ACC02205,9,0.8777549812369245,861975.7979735658,337016.64075576124,0.39098155835472376
ACC02206,8,0.8397857124830956,2155108.90274564,893736.3515372894,0.41470588813338227
ACC02207,2,0.8766764462016666,640787.9709347573,258209.0128164999,0.40295546191329773
ACC02208,6,0.8660385627365723,3404944.529497038,1006079.4752013655,0.29547602508225845
ACC02209,7,0.8635562548153142,4094166.4953578664,1279164.1531825538,0.3124357923970416
ACC02210,17,0.8099262720996289,1970496.9192338,1182421.4887166494,0.6000625919153517
ACC02211,18,0.7476467130846517,580411.3979476034,552631.2696609629,0.9521371765184591
ACC02212,23,0.7189056226921203,922826.0267175883,806326.7462626876,0.873758133080318
ACC02213,0,0.8723689227643735,505342.03115568607,80638.17161299844,0.1595714716794562
ACC02214,9,0.8342958691688869,2008786.3331357762,905165.2152050249,0.4506030334206997
ACC02215,25,0.9293663716904715,5171276.508311273,18509752.367747363,3.579339131836888
ACC02216,13,0.7665361529777449,1470672.6803897757,1043529.1353138395,0.7095590672407612
ACC02217,25,0.788577850197572,769944.8596063936,918620.6620895102,1.1930992857840776
ACC02218,25,0.6579649050507195,3624105.6843031887,4816766.489914946,1.3290910667361158
ACC02219,3,0.8572586441473831,886615.8644413988,378777.0401243786,0.42721662821025913
ACC02220,25,0.854528374521397,1011719.9051302619,1712656.2789147904,1.6928166286243829
ACC02221,0,0.8554244064833348,4249011.956657958,1142698.3171914003,0.26893271396915175
ACC02222,0,0.8191463899836438,627184.2009229665,227176.235667231,0.3622161325698537
ACC02223,0,0.8530496517612456,1587446.230389498,420106.625319212,0.26464305831393986
ACC02224,4,0.8626626488389479,619919.9764036463,326557.5382005208,0.5267736976230147
ACC02225,8,0.8597559033545827,564412.6651390698,341310.19729321904,0.6047174671552084
ACC02226,12,0.8509144362813006,1426740.4231305106,710436.180645195,0.4979435425866588
ACC02227,24,0.7195587103625289,2342998.4117955626,1907983.6680984707,0.8143341704770012
ACC02228,1,0.835604417447143,727521.2537971835,402066.63276498986,0.5526527653542297
ACC02229,21,0.7027402583428985,2929683.7764097387,2187907.423349074,0.7468066830169313
ACC02230,0,0.8671950649972946,524714.290326656,264820.3954015515,0.5046944599825746
ACC02231,25,0.8424172331955949,4778750.827856998,6763688.525382342,1.4153674818018243
ACC02232,10,0.8441810030378339,2830098.1545958095,1218025.5978667953,0.43038281053568334
ACC02233,0,0.8660330721775767,2815580.0830188333,563993.2821248904,0.2003115754108415
ACC02234,2,0.8721448355706292,1475430.9463604917,325945.041044072,0.22091514472303467
ACC02235,17,0.8668318127900504,571848.4561841071,398020.7883596404,0.696024941670031
ACC02236,0,0.8481626090336529,530680.7136673508,95625.27063776844,0.18019360450643718
ACC02237,4,0.867955345621891,1327763.0112265772,466199.9508461835,0.3511168385505118
ACC02238,2,0.8985245581217033,608762.2601527355,122162.54532389656,0.20067365098034587
ACC02239,24,0.7744157887704132,2990307.89692364,2116721.9664283707,0.7078608756663505
ACC02240,10,0.8517003735521224,1159724.9747439884,591245.5872127728,0.5098153442313265
ACC02241,0,0.8707420955324972,496718.4593910514,176257.96598134603,0.3548448072524389
ACC02242,20,0.7834978922383445,1537135.4826187065,1097091.419290789,0.7137246076850386
ACC02243,10,0.8147998870435211,4057430.2000382147,1954001.5285709205,0.48158598724693197
ACC02244,4,0.8364238769478061,1652537.3386125031,737992.4110290707,0.4465813835399937
ACC02245,7,0.8692269075311729,543822.3594204236,316611.9026244551,0.5821972876618808
ACC02246,12,0.8537205252324721,2447403.655832447,1038431.8907832113,0.42429939511960263
ACC02247,0,0.8302637743273366,1164220.780577659,384028.7283078479,0.32985902220135765
ACC02248,21,0.7653841163703332,2277588.931243187,1604114.273151366,0.7043036832268873
ACC02249,24,0.7483148617524378,1799510.2509030248,1376736.7817039185,0.7650619278290015
ACC02250,0,0.8078904289811616,775707.2008265123,143028.11365639587,0.18438415100955632
ACC02251,24,0.7491938082452536,3061177.444910559,2327092.134926984,0.7601951134181889
ACC02252,1,0.8910859920429227,676580.2654367544,151162.92769330947,0.22342201718775956
ACC02253,14,0.7675522010321967,2326496.0557247694,1573270.8124523673,0.6762404812941962
ACC02254,25,0.8496506587683265,1245334.2237914577,1334655.6482637003,1.0717248612989219
ACC02255,22,0.8397722486549887,1328575.6859957366,854949.3097436479,0.643508171010132
ACC02256,25,0.7450700672996692,4953211.241288385,6111688.360342421,1.2338840527125796
ACC02257,1,0.8595187771363088,1226521.204638586,435374.8310236924,0.3549672271275428
ACC02258,9,0.8345465021758025,1330623.4901788582,678727.8740994472,0.5100825884324459
ACC02259,10,0.8615746848850073,1092765.9267480318,512324.9871604231,0.46883323740250016
ACC02260,6,0.8244719286471528,876794.9614348011,534054.84950868,0.6090989033909869
ACC02261,11,0.8550082310050509,890860.6473345878,446932.0314814554,0.5016856820633558
ACC02262,25,0.8834512045657956,2037065.4538103105,2822045.6145720584,1.3853485214691803
ACC02263,8,0.8310733376795042,1816661.0958588603,890073.3947120502,0.4899501600716844
ACC02264,5,0.865993370850254,483796.6086744454,277363.2838735128,0.5733055563028038
ACC02265,25,0.6897418090261299,743843.6735812502,967925.3853992443,1.3012483936835118
ACC02266,25,0.9599295343371385,448324.5297872828,1210329.7931752005,2.699673367748732
ACC02267,5,0.8189699993222005,2756858.0173749374,1226754.0965711086,0.444982690018696
ACC02268,6,0.8639922683855907,952588.5124788844,377914.0197578383,0.3967232596311782
ACC02269,25,0.7804275147309023,5595590.388845188,7404822.228571954,1.32333171551182
ACC02270,12,0.8316530215702551,1404000.497868794,755025.177485189,0.5377670297348764
ACC02271,19,0.7563503291402912,2728231.586732411,1894356.3352873398,0.6943532009891435
ACC02272,1,0.8840025199872669,679509.7295342253,203734.8762180886,0.2998262826313614
ACC02273,0,0.8683441948922366,458021.8914845153,57796.19073536797,0.12618652472710887
ACC02274,25,0.829407112059261,4038014.723036654,5105022.919894643,1.2642407891112348
ACC02275,6,0.8145493041217665,967735.9408936048,581176.3833057635,0.6005526494852581
ACC02276,9,0.852034562886021,2024452.525108134,878041.5205814337,0.433718010025715
ACC02277,24,0.7835506970185294,2943220.4467675933,1929669.623907721,0.655632039396502
ACC02278,6,0.8448392347016566,2462714.7334016883,1017390.906572377,0.4131176432144374
ACC02279,9,0.8212670612496169,1822847.7963206249,995255.3461847213,0.5459892746907453
ACC02280,1,0.8774247106412292,1514635.2419461496,257767.45367121446,0.17018450814600744
ACC02281,2,0.86214589017675,1498625.659339869,443538.41938483797,0.29596344932477175
ACC02282,20,0.7676535240047943,778252.7403655575,665025.4254058027,0.854510868915707
ACC02283,17,0.8713470972060906,960799.3002209539,504987.6766148987,0.5255912202462755
ACC02284,7,0.8100215830192367,3772773.3514057347,1835680.4858933052,0.48655996926222217
ACC02285,3,0.8645124627803342,428923.291189122,250133.8344502928,0.5831668263032215
ACC02286,2,0.8677486555740884,1916437.776964734,491805.3234855225,0.2566247281268097
ACC02287,1,0.8706569864766429,1591758.6433260676,332649.7730069442,0.20898254543908373
ACC02288,4,0.9029344806157188,546142.3541894298,127991.55856403535,0.23435567225691017
ACC02289,0,0.8674807412115905,367747.9269675093,94420.6029596865,0.25675359678649823
ACC02290,11,0.8095365354900611,1947561.1817723843,1063803.809254577,0.5462235637118515
ACC02291,5,0.8807522410291935,1048218.7619059718,284535.13200014323,0.2714463262256193
ACC02292,9,0.8672606388451364,2309530.625937563,744869.5652639151,0.3225198907944909
ACC02293,2,0.852242324245013,1871775.240709386,586680.1559064304,0.3134351513721722
ACC02294,4,0.8620835252405172,3001030.0181703456,848585.3834773819,0.2827647102293044
ACC02295,20,0.7339307121631872,1530774.3877170929,1194202.9108314516,0.7801299266656897
ACC02296,9,0.83763190804439,2622726.133163784,1211538.9895618213,0.46193881024868827
ACC02297,11,0.8270039228065478,2547905.704605528,1241713.0287557854,0.4873465397527456
ACC02298,0,0.8297607364660714,2359113.5021627066,557136.5237233317,0.2361635093913792
ACC02299,24,0.7807116724630621,1554625.8223641112,1438465.5426202735,0.9252808759041495
ACC02300,8,0.8275332196802233,1055817.953046188,618120.6670535335,0.5854424669235502
ACC02301,25,0.8961674575162819,2942100.0637186677,6535109.547488371,2.2212397287495107
ACC02302,0,0.8580119481166949,774874.51145879,282469.07358071813,0.36453524977733204
ACC02303,2,0.8698220649232666,1189387.6423640964,376324.828343496,0.31640216775372815
ACC02304,0,0.8840063814560187,409836.1875211831,195052.93172606305,0.4759290117981136
ACC02305,15,0.9726689424146284,10532636.38516778,26630243.18403434,2.5283549350982497
ACC02306,15,0.8286301068538634,806101.6276311063,566172.5495746244,0.7023587723528579
ACC02307,15,0.7674979314776815,2034069.4094146192,1342349.2157670415,0.6599328467131087
ACC02308,6,0.872291178698944,798951.9121280639,327126.66400441335,0.40944474759824884
ACC02309,24,0.6663983734098985,4585188.067601113,3669911.2400650927,0.800384016087943
ACC02310,13,0.7510079749792978,3023688.1031422834,1992784.0481517669,0.6590574094202446
ACC02311,25,0.7957297859309166,669172.4348497954,1265587.2490859656,1.891272238926045
ACC02312,13,0.754707592913126,780646.072967221,628516.890969909,0.8051240027134552
ACC02313,9,0.8253319227638273,4401580.705764726,1972157.9974507242,0.4480567617146722
ACC02314,25,0.7789097225538755,1007002.9292588949,1530763.844534703,1.5201185617814148
ACC02315,24,0.684585751383944,3123366.4524164763,2583668.494987559,0.8272063282835848
ACC02316,14,0.8272633489435437,1016056.4912204342,662137.150362862,0.6516735595749577
ACC02317,25,0.9007561354731226,7087980.975820767,21891873.4575227,3.08859088818134
ACC02318,1,0.9093114854838534,427855.911313576,79939.1730771,0.18683666852159606
ACC02319,1,0.8351291412505754,2029628.2324957042,753878.3163765491,0.3714366524403107
ACC02320,18,0.7781514992284844,1925114.8647271844,1289409.3134522564,0.6697830540283027
ACC02321,7,0.847133588004037,1112717.4609093154,516706.79391435947,0.46436477548586813
ACC02322,0,0.8671598150618982,1621875.7453189648,341280.1452300053,0.2104231142336294
ACC02323,0,0.8490233582245325,340069.22528202884,52181.28124488873,0.1534431150058149
ACC02324,10,0.8165235793193897,1146315.6321589092,718016.8274463926,0.6263692191775474
ACC02325,9,0.780948460247303,2288158.1294693197,1364720.8978336167,0.596427703250618
ACC02326,24,0.8179726065806397,1776931.8481709638,1152755.911385542,0.6487338907072321
ACC02327,25,0.9028609050405643,3688809.0939695043,3697303.398964916,1.0023027228514747
ACC02328,25,0.9888177162203033,2230515.427982358,6501202.710187404,2.914663861378512
ACC02329,22,0.6882893143590646,1350172.8617917967,1115020.897826646,0.8258356610330001
ACC02330,7,0.8649387976371282,2354961.146477718,800611.1542086368,0.3399678824451519
ACC02331,13,0.7473156587831074,4104172.0525891697,2593453.1365437075,0.6319065339640413
ACC02332,10,0.8269485610362328,4937968.589478381,2160659.420144166,0.4375603815601439
ACC02333,7,0.8447142078535271,708504.0466520169,395906.9987404921,0.5587928546228086
ACC02334,8,0.8198515301607042,1338504.5838763562,742192.8238529601,0.554494047157869
ACC02335,0,0.893995278517251,497315.18905511545,141271.27056001168,0.2840678782170781
ACC02336,5,0.8580694781734947,1986927.3278362672,637961.0823628486,0.3210792228911453
ACC02337,10,0.8968502814070816,443655.1590748011,237653.80901526334,0.5356723665985691
ACC02338,9,0.8525216680075067,1299746.2309716854,614581.5320075928,0.4728473277034502
ACC02339,17,0.821371124135014,3654827.478373395,1890164.2416102244,0.5171692105290437
ACC02340,7,0.8729228652392607,1061455.6187302172,399853.5005647471,0.37670298551255305
ACC02341,24,0.7159166045211355,979784.1234582716,977916.3803697688,0.9980937197860379
ACC02342,25,0.8244334778668269,2122205.7499575275,2177223.0072537404,1.025924563298028
ACC02343,1,0.8888956687490116,623526.2717233553,196361.30214795328,0.31492065539633657
ACC02344,10,0.8374889505425058,3866389.0010421164,1603918.6302344915,0.41483633173024853
ACC02345,0,0.8636902443030484,1551305.8488675007,434526.3189614264,0.2801035780782001
ACC02346,0,0.86165641713896,2014953.9938974786,475006.27228168916,0.2357405051034915
ACC02347,0,0.8568319910663079,656058.7590502143,258889.96104854395,0.39461398461220554
ACC02348,6,0.817421514508317,4761777.3304834,2134472.6304378854,0.4482512478636208
ACC02349,3,0.8605133905315957,1629390.05129643,503859.58945751016,0.3092320276882828
ACC02350,5,0.8449463284286985,1620858.08345343,668627.4068277384,0.4125144660432878
ACC02351,10,0.8504038358450823,1918846.0166821952,785018.8106063463,0.4091098523703809
ACC02352,6,0.8617379468815161,1293831.2986236094,495162.7677017171,0.3827104570962816
ACC02353,6,0.8547777810910772,798406.0242813018,411309.050265432,0.5151627589930556
ACC02354,10,0.8381524054180461,2934769.8035591184,1221558.7192138652,0.4162366389801442
ACC02355,9,0.8330798640534492,2852836.6376677626,1237844.5037797308,0.43389953964966166
ACC02356,2,0.8713948080472816,873569.413352088,305738.6715949793,0.34998783945718664
ACC02357,9,0.8456504457542011,299071.60694100027,287898.4215897927,0.9626404342910032
ACC02358,13,0.7734242535055984,1340966.1491923186,945821.9968523204,0.705328764206316
ACC02359,17,0.8042036076673038,1227449.4133295086,835982.9034456166,0.6810732029908895
ACC02360,4,0.8699597456340761,1224462.312114973,355330.9170958492,0.2901934290505829
ACC02361,0,0.8543676774152124,712908.8591255344,154004.42161425718,0.21602259481409938
ACC02362,25,0.9444211273175761,5648562.3866006015,12212980.967434565,2.1621396970680427
ACC02363,9,0.8180308293122068,995039.5999298341,592458.4191139512,0.5954119003462061
ACC02364,25,0.9671444252912346,4208397.954853096,13058079.979417825,3.1028624477776243
ACC02365,25,0.988662614495233,1250216.6582545533,5061358.597716805,4.0483851853190345
ACC02366,14,0.8481525942930818,1086597.8466667782,622986.5447902463,0.5733368114995857
ACC02367,25,0.7910358578684229,696525.9192824601,823675.4133182596,1.182548115606071
ACC02368,9,0.8341227354307984,1377124.4356498215,683726.1605479021,0.4964882931768423
ACC02369,10,0.8250987213647134,2980424.2498805136,1456534.7676387327,0.48870048205289085
ACC02370,17,0.7833007633504783,798541.6119710999,652462.613823712,0.8170677695971158
ACC02371,25,0.8672814202110478,2055520.0064184149,2104138.321952421,1.023652562554582
ACC02372,25,0.7152612040393961,1747483.6782527675,1875939.0561646768,1.0735087712180216
ACC02373,0,0.872133022468061,2350549.9152867855,514418.7239393055,0.2188503722442935
ACC02374,0,0.8774677147790848,381523.1027807804,71193.07102360946,0.18660225424020085
ACC02375,3,0.8757866281962734,841458.7655790035,252199.43456651777,0.2997169259898084
ACC02376,20,0.6830094070279101,1851216.43815561,1466186.3167839402,0.7920123690370423
ACC02377,0,0.8707408612799917,665873.8657159397,152754.96615743608,0.22940525829647293
ACC02378,0,0.8343632339201602,1064442.4834355502,386616.00480479526,0.36320985945334455
ACC02379,25,0.9914430479574072,7110490.725530773,17488854.093115497,2.4595846852482905
ACC02380,4,0.8717246534622524,1216036.2422087733,388255.09846623475,0.31927921635050893
ACC02381,18,0.7452685629696153,1730926.972982261,1274509.2204557646,0.7363159973524925
ACC02382,25,0.9457686323958113,2446272.8908380657,7976026.628466268,3.2604811418785626
ACC02383,4,0.8507858203595119,1015654.9680445751,459650.3712630314,0.4525654732413599
ACC02384,22,0.8405510029015809,390799.629783279,398172.9354476624,1.0188672278642443
ACC02385,14,0.7878410553030504,3605180.493038529,2108550.162948864,0.5848667402423808
ACC02386,9,0.8663313551728096,533692.367696372,332304.5743035955,0.6226519141316448
ACC02387,0,0.8870744281265621,474503.3678737202,116036.39631140222,0.24454282976192288
ACC02388,1,0.880407921439722,1247829.146438204,236730.8434495491,0.18971414806688255
ACC02389,11,0.8269362827521137,3084829.3696151613,1510747.9469788892,0.48973468738964904
ACC02390,0,0.8460306573632583,534446.5934034844,138918.21701843388,0.25992909063891545
ACC02391,25,0.8549050035891574,5688938.3420722475,7270995.335783303,1.2780935384746632
ACC02392,0,0.8377002672281036,1138162.737279248,251670.56772442738,0.22112002043401996
ACC02393,1,0.8730389429956849,1145418.3540032152,319032.8399394694,0.27852953361927174
ACC02394,6,0.8341084458436776,1041898.2755035807,527972.2457867325,0.5067406849594293
ACC02395,7,0.8470507791827088,1621205.0009711806,679554.9242250888,0.4191665605632861
ACC02396,0,0.8809203311973357,327545.95580060483,80927.04117833011,0.24707079951735028
ACC02397,24,0.8026702190737578,3379604.183943523,2798897.6493175346,0.8281732111159877
ACC02398,5,0.803714556338857,3024662.9671212574,1499594.762802312,0.4957890446318259
ACC02399,6,0.8741539292982888,1062195.2485785172,346611.39515535434,0.3263160851257874
ACC02400,3,0.8704481937347575,1080634.0552721568,351019.19306630007,0.32482706921345006
ACC02401,2,0.8930222866031176,841246.9680310166,145469.81197983862,0.17292164787270314
ACC02402,25,0.9641421712637154,5462533.249439205,10957009.864349283,2.005847720098391
ACC02403,7,0.8590075307459809,924635.7902777118,408582.6541418227,0.4418849653430634
ACC02404,2,0.8506095745456907,354024.01233621675,257326.28090012618,0.7268610939750135
ACC02405,2,0.9065510299946157,366868.2231103449,120684.47895088902,0.32895865967271337
ACC02406,6,0.862630919153086,498920.2420383717,306801.1129971427,0.614930177504297
ACC02407,12,0.7641219134435299,1926139.7798287198,1263854.0840274817,0.6561590686527791
ACC02408,1,0.8642048038033688,1267333.3731769095,386556.4494621325,0.3050156001913889
ACC02409,11,0.8542801454953909,1212364.7794588893,577986.3577984453,0.47674294700017267
ACC02410,1,0.8772606320637725,978293.6466936182,227631.40458317497,0.2326820841089082
ACC02411,6,0.8209177176303257,1610116.0251221715,848128.5458697833,0.5267499562992235
ACC02412,7,0.8397459801388493,893659.954997185,498925.2574689895,0.5582942982720548
ACC02413,3,0.8573127997009216,1779880.2447783335,593067.3991236731,0.33320634962018686
ACC02414,10,0.8272021002249529,1121075.5421485926,634748.9075478774,0.5661963745381083
ACC02415,0,0.8292817189257076,2285605.9683364346,549973.2505222936,0.24062470003199565
ACC02416,19,0.7676621206076151,852709.2740772968,691755.0529623741,0.8112437310018835
ACC02417,22,0.7746359778960782,3669599.5347931175,2367842.4124550223,0.6452590780014132
ACC02418,18,0.7824716998152362,1301967.9332945552,943405.0486796374,0.7245992966143221
ACC02419,2,0.8813176642594773,933726.1931969498,207596.86994530974,0.2223316336821683
ACC02420,15,0.7886457160431133,864280.3757103928,665434.0895123801,0.7699284956752932
ACC02421,0,0.8423965155390696,1136478.0236301,225282.0327588921,0.19822823501619835
ACC02422,15,0.7970558814780347,963794.1597517518,695743.5749661836,0.7218798411741663
ACC02423,0,0.8422394745101619,1868716.5684452353,435987.3864236611,0.2333084608900326
ACC02424,2,0.8585837997457788,1462995.770871504,457719.8241284221,0.3128647623196882
ACC02425,0,0.8383267193537814,1144924.7815480407,258596.43831978907,0.22586325537485838
ACC02426,6,0.8622759216621334,968668.5036579791,432123.3525088238,0.44610034379872787
ACC02427,2,0.8748051965452489,1625013.0232189759,408335.17481740454,0.2512811706631966
ACC02428,24,0.6554543577944896,3083387.4492287436,2881092.240773479,0.9343918946981946
ACC02429,0,0.8105025935560942,1669120.4385328938,433022.3576436531,0.2594314632108074
ACC02430,10,0.8021490946262697,1927116.8059424271,1085869.7507924926,0.5634685699611574
ACC02431,25,0.8808151317795966,678962.2623003826,1344665.1079533864,1.9804710550444218
ACC02432,25,0.7975587829913489,3609757.7413431373,3991198.6455478077,1.1056693915594296
ACC02433,25,0.8923110344240693,4605317.890193417,5808508.6635439545,1.2612611771953066
ACC02434,13,0.8422535028486193,2935759.028515058,1348088.443223369,0.4591958774985862
ACC02435,5,0.8749903266334673,1528239.3057683418,356244.36657665035,0.23310771109734285
ACC02436,14,0.8732213071748325,660819.4428018945,391369.0314660489,0.5922480576640305
ACC02437,0,0.8497688744317192,1457417.1653668284,469253.1475305232,0.32197586160062364
ACC02438,24,0.706989764970077,6208930.261215084,5195804.196440247,0.8368275979674848
ACC02439,16,0.7822164560955719,884168.7846156303,696552.6701459239,0.7878050913646903
ACC02440,25,0.8481785610790302,980275.6713564567,1476049.789281625,1.5057496910426642
ACC02441,6,0.9086951275220312,587849.308072627,104883.3635740915,0.17841879225472096
ACC02442,11,0.8139168115339857,1353957.6279615082,841551.0290675411,0.6215490143030279
ACC02443,25,0.7743611475345961,572729.0330181712,1083299.6746969149,1.8914698090092188
ACC02444,25,0.9300220507255765,1111712.6698411575,1302055.4607988282,1.1712158151304213
ACC02445,20,0.7024034468803073,1453188.3195587236,1172261.222309229,0.8066822493214085
ACC02446,2,0.861167920810377,2732799.0964925373,750819.4565983887,0.2747437444494336
ACC02447,0,0.8775280157273238,587386.8649326859,192975.91352297296,0.328532905728302
ACC02448,7,0.8481469986773877,909710.5219168194,472208.810028131,0.5190759023355652
ACC02449,24,0.6671969617999199,1828867.3949605064,1628771.731498113,0.8905903927131281
ACC02450,0,0.8421329354680283,1616377.4927698884,519396.5704193372,0.32133370623051594
ACC02451,6,0.830760504157823,2762066.1483480018,1234792.6757488041,0.44705398402110547
ACC02452,13,0.793920976514391,3071135.309267449,1783751.6001235724,0.5808117912424532
ACC02453,0,0.8046148714023962,409081.3837036016,135701.13030636145,0.3317215979808145
ACC02454,9,0.841805938433087,1773925.5767544264,824356.8418342364,0.46470768144765096
ACC02455,6,0.8320932349464589,1323516.2116618496,675392.6131690391,0.5103017305099682
ACC02456,9,0.8171890046884057,1570208.5270019902,864355.0293476082,0.5504714911960943
ACC02457,3,0.8618441386347412,829713.9307837005,346534.46258788777,0.4176553505140875
ACC02458,6,0.8632708121689845,1541842.4455767318,571148.8610203654,0.3704327006036762
ACC02459,5,0.8819528727080698,489630.087573449,225256.258256038,0.4600539549609428
ACC02460,12,0.7904303403720783,2939421.565991821,1714332.47927307,0.5832210320245845
ACC02461,0,0.8313091981941316,4306635.001116836,1273224.879801426,0.29564262573244343
ACC02462,6,0.8400286750054335,1140546.1229206868,596970.5948365598,0.5234076753580557
ACC02463,25,0.9943938238434858,3550426.4924450526,9841120.880343037,2.771813724712776
ACC02464,20,0.756547356739668,897752.1001553697,758987.1538758914,0.8454306637038632
ACC02465,13,0.7869614214544037,2202842.907906347,1406384.6899702826,0.6384407553178434
ACC02466,7,0.8211797575125028,2405756.4795775167,1155166.449203233,0.48016765579120285
ACC02467,0,0.8687616022943432,1171409.240835184,252337.51515011906,0.2154136286053276
ACC02468,9,0.8516447622348806,2332341.6894444963,917728.299373001,0.3934793531867023
ACC02469,10,0.8347758603921712,1692639.5616907426,856278.39265329,0.5058834804723406
ACC02470,25,0.925104860360099,5012348.92013065,16010650.562217603,3.1942410269794776
ACC02471,25,0.9907486650178234,2941996.097666755,8802816.125741677,2.9921236580575465
ACC02472,25,0.9191160404157248,1404193.754065849,1927129.6460240076,1.3724100683712597
ACC02473,25,0.7134274090551961,1328600.9532506424,1744307.7918761624,1.312890667140065
ACC02474,25,0.9586127480940146,548062.106513852,1883151.7019183023,3.436018800673472
ACC02475,17,0.8482982101285494,1813285.0775562178,900453.7557306706,0.49658697734623236
ACC02476,19,0.7793235235575122,932665.5086141475,748787.9757386589,0.8028472896475896
ACC02477,0,0.8259969274274118,770679.037640855,134889.15565454745,0.1750263716364468
ACC02478,25,0.8369819334386638,1244602.0532592044,2467649.160129815,1.9826812543558412
ACC02479,8,0.8251704738840228,2561129.4240339627,1214797.7188811759,0.47432109735703337
ACC02480,0,0.8415996943604529,2095686.604231989,655421.3886938959,0.3127478065519676
ACC02481,25,0.8626596938028157,2103671.2431105897,2358003.703335575,1.1208993377924001
ACC02482,5,0.8480892606825191,1141512.1944399006,520275.0204290086,0.4557770148783115
ACC02483,2,0.8488174343892131,4389975.273458438,1252818.1188905432,0.2853815889271669
ACC02484,23,0.681484918197095,3422106.554401155,2581330.5835274654,0.7543104057375503
ACC02485,24,0.6781112946939464,1112402.2259770317,1101835.5656785325,0.9905010435508446
ACC02486,11,0.8490670837366584,458775.6598177765,367225.4533873733,0.8004466791748138
ACC02487,0,0.8166854523148865,1442301.7079310846,308891.7208883774,0.2141658150925082
ACC02488,25,0.8656915480370657,1599468.7690979233,2203479.203683848,1.3776319027014061
ACC02489,22,0.6897542711203817,4882632.675806584,3668683.3233134416,0.7513740162129636
ACC02490,8,0.856184354269628,2348638.159610225,790009.779909693,0.33636930264336734
ACC02491,1,0.8839604681204415,1023773.6381376305,238333.69544237855,0.23279921123573438
ACC02492,7,0.8515515491419414,878730.3092620516,435067.66664077376,0.49510943466390617
ACC02493,9,0.8603119940428018,962754.074287227,460982.92867618095,0.4788169076484758
ACC02494,1,0.860496632823015,5383669.506329545,1300160.2882667137,0.24150076202451207
ACC02495,5,0.8394943879150415,1011952.0801675209,524317.3600628668,0.5181246922048622
ACC02496,3,0.8513147635422238,623730.966501676,356415.7125047004,0.5714253927518327
ACC02497,9,0.8770041163738381,862775.6216731833,326359.23487475567,0.3782666392935932
ACC02498,25,0.9912989715353516,1982318.8428452674,6734209.701840015,3.3971375120332565
ACC02499,0,0.8722097257591098,1109913.4697030056,199421.325207685,0.17967285797607882
ACC02500,7,0.8591412774637772,808526.5304194425,426536.2032883632,0.527547566147381
ACC02501,25,0.8457086812805307,1467248.5443929443,1768515.7771226636,1.2053280160890292
ACC02502,0,0.8370900537789898,1347757.1340683815,358332.0594750028,0.2658728716154746
ACC02503,24,0.7170450157688728,3526342.6153345546,2691025.4587078015,0.7631208173039351
ACC02504,9,0.8529655967417344,656041.0638409154,399500.2296876906,0.6089561335516738
ACC02505,6,0.8394955609138517,1100080.7893086087,529771.6657124261,0.481575235983698
ACC02506,0,0.8829505050677374,407904.72382326407,169577.48736467326,0.4157281773430684
ACC02507,3,0.8812047260470774,852932.9597426665,242752.46264971324,0.28460907727490414
ACC02508,11,0.8773959360558334,1077119.7516420716,434929.48229088204,0.40378934805329764
ACC02509,24,0.7210057524686357,2982306.655805085,2206668.4020919786,0.7399200205641764
ACC02510,24,0.6895906690333967,1841250.5451506404,1491189.9367957227,0.8098788840677422
ACC02511,17,0.7678334139757009,519360.2141041051,486401.9282097827,0.9365406032281942
ACC02512,3,0.8542432182141618,2554475.5460333857,793538.4570106318,0.310646331393873
ACC02513,13,0.8480545447733137,2056956.454559319,975027.0012480456,0.4740144105077493
ACC02514,16,0.7652383194073038,2435366.776985664,1604253.1886648338,0.6587316554636063
ACC02515,2,0.8969597276041282,695185.3421671081,94876.0497312858,0.1364759064619052
ACC02516,25,0.7825854384251898,5270755.334142098,6374834.839348583,1.209472729279359
ACC02517,16,0.7456757924221983,2400682.2945145867,1673330.8687629595,0.6970230390695258
ACC02518,12,0.7553474575070872,1622511.9359398636,1148464.6578100412,0.7078312537311329
ACC02519,2,0.8441993487697425,1357804.5966864014,581058.9843088577,0.4279400627504718
ACC02520,0,0.8281331425768886,758151.8341767429,208090.81994862427,0.2744711686605423
ACC02521,2,0.8776384761218904,346911.9057917791,214642.6642127232,0.6187238334263294
ACC02522,25,0.9878899259681,7166688.539459253,15573253.847701559,2.1730055327445004
ACC02523,0,0.8932510121318593,892283.9071260444,139161.29915447577,0.15596078562337873
ACC02524,8,0.8629916577348457,1199186.32160104,484377.67935543775,0.40392195160193506
ACC02525,25,0.8416293346864477,960785.290664252,1616231.6458102006,1.6821985739319518
ACC02526,0,0.835337115206854,2719166.4307107963,728114.5963450288,0.2677712508221492
ACC02527,6,0.8635200370392115,1294831.8731162334,486047.9171009921,0.37537531102878635
ACC02528,2,0.8681133505758526,2953116.3055110727,665441.2291198334,0.22533525952838176
ACC02529,25,0.8706221328425463,2238391.2473259545,2585667.5676563703,1.155145496009816
ACC02530,24,0.6950423042270918,1926708.9690123573,1841703.8381186977,0.9558806585422012
ACC02531,9,0.8389795655389237,573577.8770615712,409310.49403955205,0.7136092768020309
ACC02532,7,0.8378538570001316,1895049.3946227867,875793.2453468845,0.46214797768963317
ACC02533,5,0.878957595499307,672034.1749258958,246378.3798316941,0.36661584934852737
ACC02534,25,0.9717951767771341,559357.9424044543,2592776.1685471893,4.635271928743676
ACC02535,25,0.980877522454598,2455333.153690987,4135750.484842275,1.6843948360430012
ACC02536,25,0.8627604211824238,611616.675424558,1676648.4410283163,2.741338665863646
ACC02537,6,0.8430051312582305,2595202.883683992,1074406.650907987,0.41399717057297075
ACC02538,15,0.6746364243175348,3303942.743324608,2474266.3058760883,0.7488829250673836
ACC02539,0,0.8538661010792511,2761594.7919099056,553453.8147396035,0.20041094238769097
ACC02540,0,0.8654825881640728,748953.0431531633,277371.66871343134,0.3703458731480285
ACC02541,8,0.8499307356946554,1844417.7888282784,754271.2948707499,0.40894817835709735
ACC02542,11,0.842190021517508,1502983.4857351603,759762.1048845184,0.5055026299992199
ACC02543,0,0.8380370511097791,1328575.5274290012,465667.79096195137,0.35050155700450875
ACC02544,0,0.8345224773646591,2424288.9817662523,603601.145106451,0.24898069068757978
ACC02545,2,0.8769430031862632,919792.9807550987,253427.29371100647,0.2755264489004437
ACC02546,4,0.8907870853382266,1061263.1548650325,207055.52998181127,0.19510291018078715
ACC02547,8,0.8145789987478175,712176.999139507,482984.3342904495,0.6781801923875931
ACC02548,0,0.8519819594509213,2416526.0850992445,769614.5672841204,0.3184797267572276
ACC02549,25,0.9822148026352442,3861029.5557551277,12020424.294404836,3.1132691736294986
ACC02550,24,0.7301847992606043,1525274.3403129566,1317442.5468420747,0.8637413690259558
ACC02551,25,0.8754991334963251,1494730.00729659,1948790.4446477205,1.303774216838235
ACC02552,10,0.8743574753824314,2087514.1942179822,624873.8742703518,0.2993387427022694
ACC02553,3,0.8840716198399811,1061000.6206277017,224776.2525488266,0.21185308300370836
ACC02554,7,0.8213314184959521,578503.0199049382,428901.9935588956,0.7413997486640164
ACC02555,20,0.7540816554443482,2657194.23496791,1899310.82708825,0.714780576479456
ACC02556,7,0.8395082293853103,2864596.423138765,1191212.1763876132,0.4158394413836455
ACC02557,25,0.9935404593936963,2785144.267457042,8119627.665821387,2.915334677881861
ACC02558,11,0.8115303890052694,1446169.506162731,848244.8272189529,0.586545922593602
ACC02559,0,0.8760767759272784,1379103.3626413725,323567.11263072974,0.2346213644284119
ACC02560,0,0.8310739107073243,1020666.9016858556,284577.5252508334,0.278815277325826
ACC02561,25,0.6548793193770223,898972.8646440284,1098877.3734803658,1.2223699031399515
ACC02562,10,0.7570146013276178,2114122.2949655713,1379802.4440641988,0.6526597100602778
ACC02563,8,0.8315792322630658,6277894.488171328,2634519.928888377,0.4196502400370509
ACC02564,0,0.868420159248543,798352.2084358714,265034.3207682778,0.33197668643960043
ACC02565,25,0.9227473020137579,2079873.0531277803,4804111.467966087,2.3098099476511362
ACC02566,11,0.8165563486249144,1002817.0606043008,644859.167683006,0.6430476634436312
ACC02567,0,0.816887900711839,1193980.1345579047,288018.70363253553,0.2412257082813026
ACC02568,0,0.8533447001134835,1000131.5940209243,385401.73312106135,0.3853510232304471
ACC02569,25,0.7393908827699951,3247685.633237411,6293863.139383311,1.93795331511485
ACC02570,25,0.9037788917694427,3125409.865886548,4485724.463039882,1.4352435858096548
ACC02571,7,0.8471930975769204,3735739.601527071,1353562.6316445614,0.36232788577963543
ACC02572,11,0.8485500529452721,1305297.8760084182,635322.3989704348,0.48672598848719606
ACC02573,23,0.6486061782427915,1267013.8817800097,1083984.664473402,0.8555428476841371
ACC02574,16,0.7782284111728823,1499416.8542239899,1025768.020168891,0.6841113045242968
ACC02575,0,0.8145596816535732,564541.4373049685,157316.19641364316,0.27866191216121494
ACC02576,3,0.876356063794701,2184162.3938782834,360243.60827204195,0.16493444319054476
ACC02577,0,0.8716539261057292,913508.2634236369,272015.09693155973,0.29776971684098874
ACC02578,24,0.6852693553337046,3176990.078555795,2441787.39407884,0.7685851493715821
ACC02579,24,0.7568188178205536,1764199.902123403,1584471.0030759242,0.8981244138880431
ACC02580,14,0.819671761010551,1555995.0808060763,916834.340085924,0.5892270171001839
ACC02581,12,0.8215847418814903,2489568.997860153,1241342.9520885244,0.49861761339231403
ACC02582,10,0.811962458934536,1232226.8915982354,740266.9451749524,0.6007553886563893
ACC02583,0,0.8794795556954891,703610.3807348844,212429.8700588974,0.3019140647655389
ACC02584,24,0.7145581780046998,1331285.508739632,1292276.17833533,0.9706979981767897
ACC02585,24,0.6424976981466148,3852349.2827228373,3287297.800166453,0.8533228840150738
ACC02586,10,0.7964450503333729,4599836.590131761,2489339.3321796875,0.5411799492008436
ACC02587,25,0.7804998552629103,4945430.597974269,7566598.641653349,1.5300181635857462
ACC02588,0,0.8617580050667659,1574489.2511049588,389868.0338656361,0.24761555761148013
ACC02589,6,0.8722690255600496,945902.1711625243,367964.68221374816,0.3890092373522258
ACC02590,13,0.8294889275740268,1375563.3620531308,778179.9526364473,0.5657172719946216
ACC02591,12,0.8312897154922954,2978356.727325984,1481116.9412899658,0.49729333215895066
ACC02592,25,0.8776135625106956,3109037.8764832863,3313040.1956430706,1.0656159002445273
ACC02593,3,0.8624331457770215,2364148.9230938633,590837.398502219,0.2499154739072083
ACC02594,9,0.8178344476735245,1730005.1598486775,975189.2466672799,0.5636915249157863
ACC02595,11,0.8641596116355482,1335335.8993484443,524079.8886173528,0.39247045546597614
ACC02596,5,0.8642554217036809,448146.9508516604,274312.6398485073,0.6121042201161971
ACC02597,14,0.8315271003946227,857826.5522155585,558596.9642124077,0.6511770506166857
ACC02598,8,0.8346571508454803,2421750.390882022,1137080.5546076288,0.4695283869422621
ACC02599,0,0.8649134797489147,980727.5310235894,174561.03331330276,0.1779913664003219
ACC02600,9,0.8322986050532248,1925622.6478530273,878343.4113393376,0.4561347532543027
ACC02601,16,0.7851994692139724,1187656.6780478167,828315.9577197102,0.6974372081006065
ACC02602,10,0.8355971165867463,669055.6064403795,450489.3652504903,0.673321261960958
ACC02603,0,0.7847725431922845,1837941.6045575927,514189.6094753002,0.27976384461848547
ACC02604,0,0.8277945920480869,1897587.6898787515,611067.9929250636,0.3220235861480048
ACC02605,25,0.9859098364801785,3781720.7238428886,11418978.70259727,3.019519297287927
ACC02606,10,0.8313917903334747,1471243.045505905,782926.1883562083,0.5321528558777244
ACC02607,5,0.8343032259836967,3982811.0013631643,1659441.2138783494,0.4166507557879061
ACC02608,19,0.7529435205680617,1942948.8879154532,1405637.3247989246,0.723455636708489
ACC02609,17,0.7981820299320173,1080632.0562566302,786123.7423512486,0.7274666134506736
ACC02610,7,0.863639463553803,972841.5271198903,454355.72993955645,0.4670398181754045
ACC02611,12,0.781828896173026,1645317.881615662,1069093.1367234292,0.6497790783587704
ACC02612,9,0.8296906251277123,6113498.868384923,2571789.5333395884,0.420673919911759
ACC02613,25,0.7199220815107187,4356412.558466657,4085709.9321091515,0.9378611133072333
ACC02614,1,0.8698113893688783,1340129.885718706,353646.4968970338,0.26388971745628576
ACC02615,20,0.7990026064737084,784211.7514715845,632129.0744056795,0.8060693724870613
ACC02616,0,0.8416355200111002,2835993.7072888818,623477.4156195062,0.21984442843335164
ACC02617,2,0.8917927726604457,404057.5823852622,169115.0511000418,0.4185419565738861
ACC02618,9,0.8017844285771137,6276781.589125673,3175299.343738159,0.5058801710161884
ACC02619,1,0.8472389135969254,2870898.8160413723,834008.6171147567,0.2905043578877347
ACC02620,14,0.7459286485893167,2167220.6863949443,1512526.5324738543,0.6979107120788244
ACC02621,12,0.832504380822926,807097.8363040468,547165.0860541917,0.6779414606782141
ACC02622,25,0.8750985681605719,3117035.4783340767,3489470.8022593088,1.1194838257421065
ACC02623,18,0.8483884225711695,951742.2984634647,596342.4028863459,0.6265796989890097
ACC02624,12,0.7481537909403412,1684645.2926418516,1210699.2961107881,0.7186671885166853
ACC02625,24,0.6644546584369071,735116.9297564138,689037.2482314203,0.9373165279430276
ACC02626,7,0.8668981721881733,1101763.9844087798,435111.4326911113,0.3949225413504486
ACC02627,18,0.8261930433473784,1189181.8971497326,748167.9093591302,0.6291450543876945
ACC02628,11,0.8234788707098005,1125606.201359906,687260.6428747268,0.6105693465835653
ACC02629,12,0.8405567652764725,3136239.3844702346,1328232.040050533,0.4235110516842433
ACC02630,25,0.876152623235681,1484375.3758180847,2418007.218696452,1.6289728717466863
ACC02631,0,0.855833574306505,3728886.653009008,914557.0314826687,0.24526275979578813
ACC02632,7,0.8173973418187847,5115973.201075262,2380158.459661956,0.46524060352030383
ACC02633,12,0.7835200323778191,4703444.833014113,2697367.7277927753,0.5734876932880317
ACC02634,5,0.8667218015806021,954803.4542663326,381017.40438834456,0.39905323204042753
ACC02635,9,0.8382062093364239,2119811.2548721205,982733.7473400149,0.46359492859627227
ACC02636,11,0.8459340820349848,1682540.6521829637,833275.3129478927,0.49524824964364683
ACC02637,24,0.7650566735871569,1196440.6953382145,1011709.7210609785,0.8455995562529612
ACC02638,9,0.7746373737056418,1120707.4411369348,773215.8908857707,0.689935537593432
ACC02639,9,0.8582713124466751,1670974.2754750035,630025.9182110198,0.3770410636823981
ACC02640,0,0.8581808230599942,2966192.8800516017,835617.7474053066,0.28171389427337906
ACC02641,0,0.878608750278537,1231014.1600358444,261193.76696634133,0.21217771122854992
ACC02642,3,0.8728837231439336,3421163.3116268665,714400.5452108451,0.2088180189419622
ACC02643,7,0.8495829857269147,1056998.2363492856,533865.9861023542,0.5050774615729235
ACC02644,25,0.8806121065810364,4032692.7701728884,6232188.1467894865,1.5454160537308428
ACC02645,24,0.7259835463273568,5294919.352141573,3912766.3589026844,0.7389661860137935
ACC02646,9,0.8421119893330056,2615676.3419635766,1048140.8517830874,0.400715040682844
ACC02647,0,0.853514670142468,995228.9343360033,222302.55602870474,0.22336826066760262
ACC02648,3,0.8844625862904707,758756.4650034533,227613.8816403524,0.29998279044556997
ACC02649,15,0.7745970946467582,791162.2280334743,619369.6649286912,0.7828605094914686
ACC02650,6,0.8652035892605364,1603356.65647047,499578.0523744438,0.3115826103682907
ACC02651,13,0.8359650710672838,573299.1355113322,422216.6484606934,0.7364683152436876
ACC02652,0,0.8309441675675802,1323811.9616030913,336257.4367492635,0.25400694849596855
ACC02653,25,0.9625902711939456,1061211.097770363,4850980.9392384365,4.5711743397995885
ACC02654,20,0.7177203840175848,3914687.094963584,2757737.668838909,0.7044592842137649
ACC02655,2,0.8535595412563535,1168115.145210923,462864.2221602698,0.3962487979527839
ACC02656,3,0.8781711029759908,1722057.5918515522,410390.0461318666,0.23831377537763776
ACC02657,25,0.9923377496235352,3478882.086907767,11380729.121312084,3.271375354784714
ACC02658,3,0.8776943558884689,1921261.4924450556,410057.65329148644,0.21343146412081296
ACC02659,11,0.830924497640154,1637087.1270896415,840040.2046969852,0.5131310305947983
ACC02660,7,0.8439741238387645,716063.6095837883,436393.91964658216,0.6094345723004077
ACC02661,15,0.8114979603178242,1250236.6915882265,796326.1457618445,0.6369403098786351
ACC02662,7,0.8700226304067556,851047.1466850371,374796.9097493054,0.440395001862351
ACC02663,25,0.9866734644029802,2606493.095564895,7582819.573415721,2.9092037827832136
ACC02664,0,0.8893314998140931,463641.48726509983,139730.63579978552,0.30137647220489283
ACC02665,13,0.7960260720636785,1939075.4694146186,1157944.420294291,0.5971631525222993
ACC02666,10,0.8329177431586601,1514679.9564336322,819661.2659046924,0.54114485533605
ACC02667,3,0.8563825621238993,855799.1174194264,405470.9721145678,0.47379222981349123
ACC02668,25,0.8047939409694345,2062259.2635639748,2533256.841409139,1.2283891197226051
ACC02669,22,0.7283234268987986,871790.3103957268,748876.262445358,0.8590096190739088
ACC02670,4,0.8618460757176879,662068.9487818219,322807.54168747185,0.48757390341508045
ACC02671,8,0.830345083925775,839982.4436215195,490000.0440977052,0.5833455780160212
ACC02672,25,0.7696698935724547,1026328.2109840456,1596877.930108415,1.5559135109199864
ACC02673,25,0.6958839577541053,1390587.574536167,1695853.0048682182,1.2195226218915936
ACC02674,7,0.8439874920386732,892367.3992826247,501186.7634925595,0.5616372403288872
ACC02675,9,0.8240780297150434,4385632.486988526,2068016.1104403236,0.47154341285454227
ACC02676,22,0.7690045805462222,3600278.1133357813,2361420.65422135,0.6558995110612198
ACC02677,8,0.8273393998351427,4606269.1132596135,1917179.667115877,0.4162109551083502
ACC02678,3,0.8937804643267087,671085.614022689,152372.3728315702,0.22705355270276822
ACC02679,15,0.8247584832630319,3222034.309504926,1625628.3566561944,0.5045347753934925
ACC02680,25,0.9314887059388193,703567.2638464823,1976351.2309992171,2.8090437582247363
ACC02681,25,0.9652367795007288,901405.1765884961,2591437.87978707,2.8748868401164036
ACC02682,24,0.6834389994111613,1085679.1075502995,1000669.4923866711,0.9216991332222999
ACC02683,10,0.8506897058249683,2154518.8680360136,866802.4238843666,0.4023183257961042
ACC02684,5,0.8269610418730582,1630231.203756251,785359.2615925379,0.4817471655449697
ACC02685,11,0.8350091485299646,698831.8229090042,464845.8187452799,0.6651755164930548
ACC02686,3,0.8782641362071009,454869.2665117393,241621.26651944878,0.5311883750079937
ACC02687,0,0.8511902987382833,3956012.6227093725,1073176.481209637,0.27127731470043837
ACC02688,13,0.8059230136695588,1446547.9390630405,902126.0035151433,0.6236405853921919
ACC02689,25,0.8614399421971527,3400287.627711803,5381755.113890813,1.5827352574618585
ACC02690,25,0.9591116218242742,895870.0913601788,3269360.3370563113,3.6493687740959375
ACC02691,14,0.8135459103024218,1738390.813660473,1008150.3875691675,0.579933108048551
ACC02692,8,0.8182454385036461,2490387.4898655126,1240816.946154622,0.4982425229824895
ACC02693,14,0.8219531627482565,491938.368207804,432630.89634907286,0.8794412558735843
ACC02694,12,0.854585321590306,3104231.762400478,1281376.2126138874,0.41278368069496496
ACC02695,0,0.8560890621431487,823429.9492936374,293795.16980901913,0.35679436977127843
ACC02696,7,0.8738512330634972,571145.3963982378,302709.9492713177,0.5300050585722478
ACC02697,25,0.761914876383664,1763553.8684568347,2537012.2161762114,1.4385793717751174
ACC02698,9,0.8269082080265056,587964.9968010786,418035.66336156236,0.7109873302593777
ACC02699,0,0.8488476745794381,3701797.9022313664,870483.4776020956,0.2351515400333947
ACC02700,8,0.8284063954798533,3961080.0821237345,1668909.6781903408,0.42132692184692067
ACC02701,5,0.8313114071953976,2802800.668949341,1214486.3026927814,0.4333116928889718
ACC02702,3,0.8671882578328927,1535297.2973575343,423349.0974633479,0.2757440517820178
ACC02703,0,0.8584707607759829,966141.7174245837,275083.6575785793,0.28472392053606993
ACC02704,4,0.8735643137804393,895306.7264416323,322859.70875193994,0.36061351849229983
ACC02705,3,0.8392105470519492,7054529.697217084,2276456.242633456,0.3226942603319804
ACC02706,7,0.820702954478757,1319594.1858359235,707948.1923477409,0.5364893237228662
ACC02707,9,0.8306140523451038,1779545.2388437232,844386.7297435347,0.47449579325793545
ACC02708,17,0.8379632281861644,639275.2328324253,493609.20303748635,0.7721387873114697
ACC02709,3,0.8738106724385414,656041.0334705613,275615.26515495084,0.4201189424034993
ACC02710,0,0.8750771266139127,390462.95795749064,124466.54259930228,0.31876658223967264
ACC02711,0,0.8788824652309644,807122.9335914828,204377.08622973892,0.25321679972630085
ACC02712,25,0.7489330728829318,1862447.9452148646,2578737.021357469,1.3845954878808535
ACC02713,0,0.8362484312401891,2730800.770418211,899912.5176970792,0.32954162289886174
ACC02714,11,0.8173588604158026,1353896.9303436168,774858.243071332,0.5723170100361142
ACC02715,11,0.7848017598877258,2356294.8627134548,1448075.036644508,0.6145559537387177
ACC02716,0,0.8561187193328483,637668.6160325434,129399.53635776062,0.20292599181509147
ACC02717,16,0.8331897466790972,716079.9189798689,524342.2465050098,0.7322398416813454
ACC02718,9,0.8380485899801944,8546384.285451692,3169726.0571853616,0.3708850376153939
ACC02719,25,0.9945921656026396,5303796.458425144,17279650.90408692,3.2579777598059954
ACC02720,25,0.8689551599194937,1384864.7871987121,2379781.6711241645,1.7184216777855679
ACC02721,24,0.7967046734829605,1862629.0884443943,1245662.5995986755,0.6687657823700217
ACC02722,14,0.7662041815639318,1545946.1385580346,1059324.402569302,0.6852272379666318
ACC02723,25,0.9251895923277467,3319203.2425130815,9589641.685293075,2.8891396472704187
ACC02724,24,0.7174658963981914,3204808.2448623916,3054358.1184881832,0.9530548741518643
ACC02725,6,0.8170114092642049,1595482.7944033307,864801.1108998329,0.5420309851873059
ACC02726,6,0.8504315191613772,1420365.9806786275,608102.5035099253,0.4281308562595845
ACC02727,0,0.8968352644510165,330681.25117037375,150046.75481103768,0.45375041457591
ACC02728,5,0.8646638783915217,538621.4230465236,286180.1730102687,0.531319700192374
ACC02729,1,0.8527989475350264,2823214.4108521086,772076.6150288983,0.27347431072224815
ACC02730,0,0.8120644711802386,1469596.760267577,481077.0136027477,0.32735307167876143
ACC02731,5,0.8410357495898085,1301335.5358539387,636266.9421792437,0.48893381041940437
ACC02732,12,0.8314143216151412,1442037.7318585773,765384.1112087832,0.5307656618820329
ACC02733,17,0.7908661526134506,1089103.5581337395,792890.4378003569,0.7280211618801742
ACC02734,25,0.9270534500816754,4377681.486149684,11567624.918224236,2.6424089908830592
ACC02735,25,0.8418056415508772,1094187.1594476944,1505389.8411884576,1.3758065319906725
ACC02736,10,0.8845050089761466,856554.7320669612,333386.66387282935,0.38921816831054157
ACC02737,10,0.8327798987189816,1234701.7363818951,685570.270441321,0.5552517261782427
ACC02738,15,0.9581413963120693,11028110.626452142,12821427.780910479,1.1626132721371933
ACC02739,0,0.8788477117625645,930962.0891639483,182742.3376745913,0.19629407019001527
ACC02740,9,0.8161896489392304,1467181.6482618467,859194.6815418385,0.5856089343536409
ACC02741,2,0.8692949472149694,1621741.085321037,369685.9662688551,0.22795621916162573
ACC02742,0,0.8183849112315218,1487424.0939798085,524122.438830749,0.3523692005206041
ACC02743,0,0.846577793469759,402357.2861886736,216948.96090309636,0.53919481105498
ACC02744,25,0.9203616915406865,2094526.326713991,3563747.406470478,1.7014574421995845
ACC02745,7,0.8319896695614108,968699.7971305271,552701.7613527669,0.5705604181914506
ACC02746,25,0.8082593886426935,3032218.5281220274,3153024.9832944837,1.0398409461758933
ACC02747,25,0.9250206031711362,903708.5909843749,2624546.360552347,2.9041954306238584
ACC02748,15,0.7677040691835403,1797042.0640067891,1217695.2449420819,0.6776108747432645
ACC02749,4,0.8795334943487462,769282.3834500803,288145.36654184875,0.374563843837907
ACC02750,9,0.8509337840437976,1005428.3201555389,511187.02570491604,0.5084271205189803
ACC02751,11,0.8449355416499572,1056390.0947376753,600123.6136355036,0.5680890199794305
ACC02752,7,0.8159283723936633,5425992.934049967,2397329.6650553574,0.44182321912203226
ACC02753,12,0.8455462878486709,4673213.495581389,1853453.7059084761,0.396612247153046
ACC02754,25,0.993304616257945,1774825.9233909175,3578932.5348916403,2.0164977802746216
ACC02755,13,0.8139819816427816,1728271.03483941,974232.0062779846,0.5637032540839346
ACC02756,25,0.8647186312373103,4278407.651616664,7602656.480579653,1.7769827233987086
ACC02757,24,0.6683427892657781,3564090.971585132,2946480.2348163645,0.8267129706585226
ACC02758,9,0.8420831651005508,558385.967393468,376803.8887048225,0.6748090222677583
ACC02759,7,0.8703752051060006,550314.5038362927,313015.06298649893,0.5687930461662237
ACC02760,7,0.8170559873418227,1952327.279447076,992292.8936663384,0.5082615523086725
ACC02761,9,0.8082208204693015,5817035.185741453,2813571.75746467,0.483677967835095
ACC02762,2,0.868965808028253,1005815.3441650452,360103.1673998825,0.35802115118736233
ACC02763,0,0.8440303294540162,1512642.2906102205,308288.11264993506,0.20380767783873568
ACC02764,10,0.8452311562652731,1019537.2669203848,543813.0454171018,0.5333920230888117
ACC02765,1,0.8604008106647565,2195146.068227797,538424.5102445151,0.24527958209140974
ACC02766,2,0.8663146424032456,3016860.0602075006,586237.1110379539,0.19432028643636598
ACC02767,9,0.8058631897805707,2233949.458804679,1236754.0468676551,0.5536177383034466
ACC02768,11,0.7982244497220176,5579969.384584528,2936587.457129905,0.5262730410748583
ACC02769,2,0.8638903468265254,704354.3002162364,289292.31674964307,0.4107198843832294
ACC02770,25,0.8759834728871762,1606230.3418756516,2060008.688934471,1.2825113778693327
ACC02771,25,0.6888067645324605,1645189.109611943,1835880.5337143159,1.1159085134883686
ACC02772,15,0.9949276493338575,15452432.190252386,38010164.0197245,2.4598175582806867
ACC02773,2,0.8705903075043636,1228996.0175403599,381805.3713750616,0.31066444962058076
ACC02774,11,0.8321263927955246,2334369.0860784394,1158368.9094095863,0.49622354764625376
ACC02775,19,0.7815840587308809,4228083.275366069,2565682.190361274,0.6068192188431143
ACC02776,25,0.9889076574577139,1689326.376879725,5812205.351709986,3.440546143869154
ACC02777,5,0.8731746796514656,5298690.260431592,1132417.0724158986,0.21371641231274016
ACC02778,25,0.8793331515044884,1274770.5117941333,1303359.8902374108,1.0224270785829839
ACC02779,25,0.8863286296071855,3002079.014879869,3818229.0454341387,1.271861608741477
ACC02780,0,0.8841298888295442,284335.59756315366,81785.15337783819,0.2876359980205184
ACC02781,0,0.8338074558136611,1089242.4438069533,278346.649434824,0.2555415013594122
ACC02782,9,0.8147560466683732,2431698.10188618,1217089.6138578986,0.5005101632122204
ACC02783,2,0.874776415569212,1848010.0311758926,351532.67288283893,0.19022227528665417
ACC02784,25,0.8687978621912815,1785144.1300025098,2513046.668892073,1.4077556129255175
ACC02785,10,0.8639285402515495,844230.7544156078,389863.1317165282,0.4617968839412853
ACC02786,5,0.8337501966157235,2347846.583768174,992525.2902457094,0.4227385626929494
ACC02787,25,0.6075655270370665,1632127.2969016966,1803131.610193825,1.1047738822926065
ACC02788,1,0.8433429596853054,1044608.9302246763,437908.58111464337,0.4192081538307903
ACC02789,5,0.839625503291557,1066029.562661239,554914.9686380205,0.5205436960422836
ACC02790,25,0.9719254309320435,3477960.4864190863,9655767.187685031,2.7762728258096527
ACC02791,0,0.8090579639858166,1142641.4298124542,229761.7822068473,0.20107951297071291
ACC02792,9,0.8566920661305393,1520178.6488211672,590232.9396702684,0.38826551085161504
ACC02793,25,0.6652786106601379,641966.5246521176,976353.4021318305,1.5208789939022405
ACC02794,2,0.861790389685881,823094.709882265,349220.2344028145,0.4242770974105358
ACC02795,25,0.994650386426137,1316323.292914379,3166548.86834194,2.405601181250167
ACC02796,13,0.7598629112139373,1621597.9192057222,1099068.3515041408,0.6777687233605219
ACC02797,25,0.6944167546535746,2719407.3972657765,2765366.9188016327,1.0169005650209182
ACC02798,10,0.8232539372223849,1027182.5429457754,600161.1266331918,0.5842789392740626
ACC02799,6,0.8692727749323907,814478.7043397934,331209.3651974148,0.4066519645420185
ACC02800,8,0.825121351137347,2582638.8489564583,1285451.3629235742,0.4977278814817542
ACC02801,10,0.8595365869492524,800690.882253313,439994.0713190734,0.5495180238356622
ACC02802,24,0.6837194645422581,761616.7124394084,815527.6344965417,1.0707848464675362
ACC02803,13,0.8005097521231758,1508541.2925236737,922044.9358323611,0.6112162394241464
ACC02804,0,0.8505394727099345,1234611.5010443297,333640.0642909798,0.27023890836004794
ACC02805,8,0.8146933719456706,2423199.677550521,1212405.819979225,0.5003326103133108
ACC02806,25,0.7638701794792269,5751269.644172871,6501590.231389205,1.1304617299549764
ACC02807,12,0.8417867597180246,3135479.5485286154,1358245.0084538725,0.43318573361170715
ACC02808,11,0.8193006929390232,3061210.267162986,1615024.2879072707,0.5275770518710609
ACC02809,25,0.8955036769395982,4971092.788115318,9726638.638189549,1.9566399286377416
ACC02810,13,0.7582044176243298,2023883.1318458198,1358245.3314162085,0.6711085783779733
ACC02811,5,0.8667725003063901,1095986.233026211,403308.1002528629,0.3679864656139505
ACC02812,8,0.8790540081711599,404115.57885255496,256663.15656948707,0.6351231429836384
ACC02813,25,0.948407049546807,1727998.4385651862,4026409.5776163535,2.3301002406921234
ACC02814,1,0.8670326990722258,735830.7822610465,267206.7584843646,0.3631361515799827
ACC02815,24,0.7209118860846242,2214885.6656939304,1762516.8469035167,0.795759742456645
ACC02816,6,0.8058733834191776,1178025.8282502703,691763.0661943062,0.5872223253557917
ACC02817,25,0.7995974942183234,1682578.6942884715,3063713.9388375753,1.820844367777495
ACC02818,12,0.8291790689961869,2789930.1316149463,1339653.784808419,0.4801746716262613
ACC02819,23,0.6829924987412926,4675550.990476923,3505650.0259616575,0.749783294653807
ACC02820,11,0.8615715867823738,758531.5047462144,413679.33261420217,0.5453686894028336
ACC02821,0,0.8726942614347116,788973.550508996,234722.22228387112,0.297503284023201
ACC02822,25,0.7804334853588176,4341134.269065248,8906194.59151461,2.051582383659451
ACC02823,9,0.8268837820886954,1298747.0017373008,745429.4121608638,0.573960448927868
ACC02824,5,0.8704703421225926,1141090.4402546177,380820.18105457065,0.33373356538645277
ACC02825,5,0.8734729965071345,384158.6948366352,257739.04868512673,0.6709181704054132
ACC02826,0,0.8510522414699544,1335242.3719195332,371890.3234049956,0.2785189649654161
ACC02827,1,0.8690534018739191,1835677.1884879298,493349.3278287214,0.2687560377841266
ACC02828,25,0.898988906030536,2834771.8172707614,5425121.384058454,1.913777098744268
ACC02829,0,0.8531503429144609,2573168.9610796557,796877.6212652551,0.30968725074738174
ACC02830,0,0.8413634969171017,408914.94340876635,82253.39501287963,0.20115037696398422
ACC02831,5,0.8124067748789444,5565065.028180205,2426408.701539796,0.4360072504549402
ACC02832,0,0.8855283263100007,1353639.5157765346,212382.06756474805,0.1568970653482379
ACC02833,0,0.8370117106048792,3382038.49900573,750686.1897671949,0.22196263880138734
ACC02834,0,0.87999610057377,968081.4398512648,223949.6884373194,0.23133352135304527
ACC02835,9,0.8327192310063172,3679968.6493270327,1641753.678740891,0.4461325177433573
ACC02836,12,0.7591414032961129,3150078.165197286,1971430.3508775271,0.6258353753434747
ACC02837,8,0.8131630943413243,2978113.4455508757,1426651.1122697825,0.4790452541024299
ACC02838,23,0.6720828720860917,745644.3678248578,690214.572479893,0.925661886903725
ACC02839,0,0.8717595342928679,823605.8913692724,201084.7616814781,0.24415167956990683
ACC02840,7,0.8764780374875663,892955.1092986062,362085.7423937553,0.40549153997020587
ACC02841,7,0.8070501374975946,1288697.893923519,756526.2001888024,0.5870469749007756
ACC02842,0,0.8519140378757659,1977990.761769938,451200.8845933753,0.22811071381831607
ACC02843,0,0.860610696978789,1196406.2314664593,366853.2963507757,0.30662937612847113
ACC02844,25,0.8384926062776633,1241801.816704024,1810995.5744438116,1.4583611894291917
ACC02845,7,0.8742340311247819,499863.19979158515,271465.3853921244,0.5430793575228386
ACC02846,7,0.8430282715318762,1086438.0427158687,520808.42507810175,0.47937241204863307
ACC02847,24,0.6518536554278047,2994809.507118255,2493382.804573589,0.8325680810906863
ACC02848,0,0.8310914506111308,610516.5799168518,156182.6447723196,0.25582048040954203
ACC02849,0,0.8593649943187978,294182.9294832771,108866.00746109438,0.37006228625268656
ACC02850,3,0.8727152858299271,903210.6487598656,323304.0800890917,0.3579498099728978
ACC02851,11,0.7945831093535002,3565239.073723088,1987776.8766952504,0.5575437819432024
ACC02852,25,0.8483363206038711,6166424.374003525,7549786.3234081855,1.224337779157181
ACC02853,0,0.8391589686929509,4983181.631053324,1145117.713290699,0.22979650313260788
ACC02854,1,0.8682983780237785,3125696.558440723,728396.2157341881,0.23303484587050063
ACC02855,5,0.8913048013842076,565689.004949023,201571.90539994772,0.35632989794120595
ACC02856,4,0.8594739851707713,974433.6981459785,381256.815398655,0.39125988368840203
ACC02857,4,0.8507459667987401,1398012.095438068,601999.3737146386,0.43061099090562716
ACC02858,0,0.8702460265334165,628425.9767874301,117652.21536036403,0.18721730117175087
ACC02859,12,0.7586054364497692,1177389.0572773814,848078.4188045639,0.7203043153515268
ACC02860,3,0.861345390920005,1535174.5244013385,461665.8664927956,0.3007253306739364
ACC02861,3,0.8591283389743647,1030399.9573949053,431836.6584478868,0.4190961532448739
ACC02862,12,0.8418281712463497,967385.772182309,585677.436108301,0.6054228343539532
ACC02863,9,0.8152904094235198,1876071.3039930551,991933.0150152162,0.5287288457021717
ACC02864,0,0.847225253750458,1958109.5905050822,534147.2166939359,0.2727871919345209
ACC02865,9,0.8172577387992046,1436344.6744852015,841739.7567999952,0.5860290860212102
ACC02866,9,0.8453587742348878,988666.2710397239,499283.3054302255,0.5050069169500014
ACC02867,1,0.8777683717432936,2636202.6760244975,474415.3191253412,0.17996162565193172
ACC02868,8,0.8739633176660588,699258.2738496377,342544.0143671843,0.4898676600297789
ACC02869,0,0.8557114664214363,1694323.2078237997,332405.9710154215,0.1961880528345982
ACC02870,4,0.8791242654670375,2032917.380418353,438426.8140746093,0.21566386233777277
ACC02871,25,0.8314901293477299,925899.1816141299,1518330.4358842375,1.6398442357809584
ACC02872,0,0.8588486914638505,375518.5444309453,75506.43849689291,0.20107246264312761
ACC02873,0,0.8732990027032091,413590.9843481493,108214.10361581585,0.2616452188540074
ACC02874,0,0.818709021527595,1216214.4630549962,288169.6844356056,0.23693985985971192
ACC02875,0,0.864719759595354,614306.0486572009,163620.01599206033,0.2663493487484195
ACC02876,0,0.85401670302525,1147567.5312896052,258338.77164008358,0.22511857872954066
ACC02877,24,0.6691220844801815,1487542.7377087874,1287324.453408101,0.8654033398670106
ACC02878,10,0.8432913878173739,2568613.139022849,1108257.9101189815,0.43146159041317705
ACC02879,8,0.839584882646898,1984776.9770266565,942732.3268840987,0.4749814905130459
ACC02880,4,0.8725573941101257,1428564.551006701,367464.17895020166,0.2572261636278541
ACC02881,22,0.7300471047639813,1568652.8479792723,1228793.2539171115,0.7833430165890652
ACC02882,6,0.8420570302240437,2846597.387468126,1084220.0096815955,0.3808828092285797
ACC02883,4,0.8615541296683903,1020755.0510206122,403545.74253139907,0.3953404317009353
ACC02884,0,0.8347619399926678,1094372.5276875144,233815.96793476745,0.21365299477028804
ACC02885,25,0.7218870905930693,5878026.815084995,5701115.237971243,0.9699028972341983
ACC02886,25,0.8199423509586112,5537448.176983324,5170841.657493513,0.9337950428116638
ACC02887,8,0.85420229526636,2607750.644085829,946940.808995438,0.36312552012709665
ACC02888,25,0.8109597173786913,858523.9746674394,1240736.2454749923,1.4451969683847303
ACC02889,25,0.8923617282529528,1978927.5928540374,2194328.207038367,1.1088471427464792
ACC02890,7,0.8730540161403033,880310.6136045849,375439.5931716179,0.42648536478995197
ACC02891,0,0.8645475638374195,2012924.6577337077,446700.86751739285,0.2219163374054547
ACC02892,8,0.8425200235262312,990610.0083481476,551428.3106730892,0.5566552992863474
ACC02893,12,0.8211318937587126,1655661.1153614088,896421.0254749074,0.5414278424236778
ACC02894,1,0.8820988742568099,1478772.691986292,279662.29426125134,0.18911783790489672
ACC02895,25,0.9330258078494126,891289.5224703536,2793128.1524291313,3.13380566248274
ACC02896,9,0.8182697923103326,3639033.7963741436,1805258.379433497,0.49608178446493634
ACC02897,8,0.8565568365084285,1880145.773843617,684158.952556337,0.36388612099885115
ACC02898,25,0.9657308092344292,783697.4204541199,2574694.3111766917,3.285316812303355
ACC02899,0,0.8893052922639848,390616.62460513064,112154.66578944906,0.2871221006090685
ACC02900,9,0.8327479394421746,2150434.913662719,1010140.4301333484,0.469737737103994
ACC02901,12,0.8106898942937031,901371.4296623924,630090.1555412014,0.6990349758225651
ACC02902,0,0.8327221824347262,1093251.5415710683,185745.7359489509,0.16990210293417293
ACC02903,25,0.7937087036191656,7010988.425225287,8523528.736401603,1.2157385263587441
ACC02904,12,0.8652316902317793,530823.0751965435,344211.82679216895,0.6484492533877139
ACC02905,0,0.837602008081968,1417882.9295937815,368774.93932360574,0.2600884259388456
ACC02906,0,0.8786944104898997,1059535.5634865507,140689.85335623482,0.1327844559490529
ACC02907,25,0.924743064391059,599326.5579962606,1511507.519584829,2.5220099116553083
ACC02908,25,0.7920137437707929,1535806.859371686,2894645.3283006577,1.8847717150351095
ACC02909,1,0.8810055097769615,1350325.836130704,305032.8194543477,0.2258957144213467
ACC02910,21,0.7276655422632488,3176873.372500261,2282529.3028731886,0.7184829343943269
ACC02911,11,0.7921275837166719,1927518.1365295989,1170930.511540754,0.6074809307106995
ACC02912,1,0.8784991888130552,976953.1643670567,250656.7532040341,0.2565698769873255
ACC02913,25,0.8720045678737192,4447590.540879728,4539823.213947659,1.0207376718293153
ACC02914,8,0.8525220926190974,1371948.9776107052,642002.2819694342,0.467949094643084
ACC02915,5,0.8618442331366623,712902.8047885845,370275.7581496625,0.5193916416971736
ACC02916,9,0.8460953295688008,1588430.2923666944,681199.9207815301,0.428851000925304
ACC02917,7,0.8523406423189026,907613.1765549218,470217.77691155527,0.5180816994045715
ACC02918,8,0.851116117529132,811782.1453285249,452296.373755253,0.5571647225281242
ACC02919,6,0.8650972429477248,1765184.588069325,630126.5890117662,0.3569748984161304
ACC02920,10,0.8378795517056399,1584730.5953370607,792090.0123418173,0.4998262888799377
ACC02921,8,0.8418510098391345,683040.2264485713,442839.9811119928,0.6483366044405817
ACC02922,25,0.8344992673225092,4452709.319827368,4366900.826953401,0.9807289255348711
ACC02923,25,0.8953836517508527,2860334.044600154,8180992.036985716,2.8601526637876793
ACC02924,5,0.8664893047881307,849635.5029297209,366552.47829591326,0.43142321269763756
ACC02925,10,0.7870847946229003,3337115.7601171425,1851306.4980114377,0.554762444904354
ACC02926,0,0.8693269821576591,913353.6907449712,271350.42891348834,0.29709238782641045
ACC02927,0,0.8801265308778918,1136893.2896013504,266724.30786470894,0.23460804132130586
ACC02928,15,0.7864413048152721,5187191.424143745,2936043.272843673,0.5660179146614642
ACC02929,25,0.955087211302747,2348408.5010597087,7201489.871903221,3.0665405395413883
ACC02930,8,0.8402326727368166,1651103.223823982,817968.447846765,0.4954072138217602
ACC02931,25,0.6504470607423258,1753122.7903928284,2125273.77686619,1.2122789051130713
ACC02932,4,0.8112405841663938,7829496.540387946,3280672.4414012716,0.4190144825376877
ACC02933,10,0.8105989061812556,7495348.339576372,3702100.9686845704,0.4939198021174035
ACC02934,25,0.8762376439504888,5292672.479118959,6334466.226933288,1.1968369952844222
ACC02935,0,0.8450680253119772,1073275.0962617705,247004.77255551302,0.23014115711417651
ACC02936,0,0.8551379380228219,1500621.3828281723,339677.0451548667,0.22635759362210903
ACC02937,25,0.8465745130483916,1250113.048647097,1497395.5506501328,1.1978081120508668
ACC02938,0,0.8642042253250043,985390.1319792311,359443.1399414011,0.36477241680859146
ACC02939,5,0.8254652198827518,1340769.1276773294,675026.0491105173,0.5034618079847148
ACC02940,7,0.8546675194367176,2047683.1055240605,796689.4645607146,0.38906872963471517
ACC02941,13,0.8125513913691715,410065.068344468,396416.41649058793,0.9667158875322324
ACC02942,11,0.8682194739953413,1281679.1761017323,485416.1336322513,0.3787345091371928
ACC02943,1,0.8898027420741954,702157.283776426,170933.59820013074,0.24344061102776757
ACC02944,10,0.8385232986984392,2186924.92561903,978013.8631384331,0.4472096191695273
ACC02945,25,0.9541306571291145,1453200.2184681827,5827743.409139657,4.010282502766672
ACC02946,8,0.7646189331663903,3577824.5636962987,2153019.810760003,0.6017678543007401
ACC02947,11,0.8219209448585548,987627.1661357192,592560.4449085973,0.5999839466011285
ACC02948,25,0.6021169215323228,1057885.8480609925,1258609.414596049,1.18974028899523
ACC02949,6,0.8343318129913553,2510472.653268084,1026940.1737785281,0.409062481697093
ACC02950,0,0.891257666850217,380599.0109827059,179388.3503492642,0.4713316250772271
ACC02951,4,0.8813437147334712,307148.23522936663,224803.74200334048,0.7319063442948502
ACC02952,4,0.8547423670004661,1333368.5088617145,499576.83561357163,0.37467274222642033
ACC02953,25,0.7917757780893204,3245986.3376235114,4143725.0187617717,1.2765688415668204
ACC02954,12,0.7703018320752973,1659356.7050324762,1105130.2466395996,0.6659992051666616
ACC02955,6,0.8475458014453261,1167665.8440789508,535385.6140329371,0.45850927022297777
ACC02956,2,0.8947943195286903,419552.07824166643,181176.57583491714,0.43183334139166746
ACC02957,25,0.974852546309991,1675720.5788756728,4759837.824917169,2.840472263049243
ACC02958,10,0.8016684459460245,2231481.081016128,1233448.37765212,0.5527487497632991
ACC02959,3,0.8730093170326764,3749462.2456768174,620689.5801163139,0.1655409601288765
ACC02960,3,0.8841166887059693,666901.9334803063,197079.58274880916,0.29551508678393856
ACC02961,9,0.8349330030556251,3037889.3938143905,1312450.6414421084,0.43202713176933283
ACC02962,0,0.8471613710475383,1047370.4841555393,378935.1880818131,0.36179670309053646
ACC02963,5,0.8633139005604362,1008365.9350718785,429117.4520097465,0.4255572675401397
ACC02964,23,0.7388494042715383,7526046.822826874,5112478.959295438,0.6793046973597128
ACC02965,0,0.8530662474505604,257598.04321847777,59808.926733869936,0.23217927429341503
ACC02966,1,0.8514570309883203,5992430.686539722,1811414.3799784512,0.30228374339769576
ACC02967,2,0.8666018569994386,1611311.8785056456,482540.48340479325,0.2994705679525608
ACC02968,7,0.8225120266351049,911953.7204052897,533487.0909601966,0.5849936011260579
ACC02969,25,0.8279017410544516,509253.7135252173,1491475.3683974273,2.928747162338704
ACC02970,10,0.8568951765699241,1158640.3854416192,559892.2235481527,0.4832320973644883
ACC02971,25,0.9468933059995073,2496701.5014452613,5241040.036991156,2.099185679168008
ACC02972,1,0.8707589010687057,3408841.5073178248,726671.2300237,0.21317248938202057
ACC02973,9,0.8438603864910467,816586.5736582138,459604.72837619385,0.562836499156749
ACC02974,0,0.7914340263799369,3244042.5666748444,1218681.3121491466,0.3756674849671592
ACC02975,7,0.8348977895177934,3909971.878844579,1552509.5383150661,0.39706411872553987
ACC02976,25,0.9801987406572982,2488900.4869404067,5659245.974482845,2.273793590453963
ACC02977,18,0.8162032936469186,3478100.6497424706,1919348.3727096762,0.5518380765811912
ACC02978,2,0.8437790534728152,994868.5178385997,457107.15155688435,0.4594648874305239
ACC02979,24,0.6184309563653009,2469481.7774751782,2162431.507703649,0.8756620629590308
ACC02980,7,0.8025072171615112,2546078.2166286903,1319489.3803700346,0.5182438511717032
ACC02981,25,0.7332819521410026,1100397.0774877826,2012092.0043676686,1.8285144931148805
ACC02982,0,0.8973955925267532,540114.8481232063,69668.72351867934,0.12898872112248824
ACC02983,4,0.8438534909988757,1105225.349893527,508852.6843046757,0.46040627312221577
ACC02984,9,0.8218288410850662,678002.2152374897,483594.70321878337,0.7132641934648997
ACC02985,7,0.8583748148432787,1680814.171928494,606826.4358575596,0.36103124663764163
ACC02986,6,0.8817775866813081,726109.5561214433,287404.5320611286,0.3958142812447156
ACC02987,12,0.83840946009877,1828940.4906831975,874025.7730754286,0.47788639243748043
ACC02988,9,0.8530731734541886,845825.6894956835,457233.1367333514,0.5405760813507247
ACC02989,25,0.9931831077736504,3857753.571829495,11410557.838665543,2.9578244504752593
ACC02990,10,0.8770512487109045,770877.9872857112,363014.134224677,0.4709099756536863
ACC02991,25,0.8154767366252651,1585473.8667498156,1820684.2479379321,1.1483533636983196
ACC02992,1,0.8571833201297516,830784.7140800996,353287.6510843174,0.42524572864283033
ACC02993,0,0.8335813498855642,426894.7228800825,150704.64768480044,0.3530253235928015
ACC02994,25,0.9937512138041408,3504958.8665539217,10644769.984787054,3.0370598885952123
ACC02995,25,0.9215196467427452,2893255.9896602416,3454366.8766614287,1.1939375184935084
ACC02996,2,0.8389341919166958,1112574.9137231044,488632.0103005477,0.43919021027123173
ACC02997,7,0.8695220538572886,965697.1519354921,398302.1063339368,0.41245032724352815
ACC02998,16,0.8029009842712604,691765.5076150195,564800.753588687,0.8164627281518194
ACC02999,9,0.8335557959452173,4481780.098982371,1812980.4219309683,0.40452239554158886
ACC03000,24,0.6591592722093318,1948534.8127103248,1859503.9883016108,0.9543088356297437
ACC03001,8,0.8447836248376444,949373.3797110372,529779.09327146,0.5580302803863219
ACC03002,0,0.8034817379774428,3618331.2744768965,1088647.9484660397,0.3008701707732457
ACC03003,0,0.8647543492107684,1257057.0085846793,273420.47738826904,0.21750841490960957
ACC03004,12,0.8289746140848089,1397634.4010054083,797902.8549637438,0.5708952601551315
ACC03005,25,0.6769862488873609,1129102.5705259715,1218942.140694834,1.079567235532032
ACC03006,4,0.8461131163866527,6189481.852238893,2064247.0330848643,0.33350885944324626
ACC03007,12,0.814633174440718,1224836.9311179938,781517.4479495428,0.638058363602898
ACC03008,13,0.8056638287550287,6516243.502070539,3436425.845040491,0.527363018884817
ACC03009,25,0.9850165522443752,3631602.2916666204,10483018.976630049,2.8866098583221147
ACC03010,0,0.8329896041910682,777617.5365410314,278112.92137779744,0.35764744017333855
ACC03011,21,0.7739006593939439,372952.2297916277,414755.35762595455,1.1120870838007397
ACC03012,1,0.8605631646680896,2383503.7721736706,626316.6492457418,0.2627714109613358
ACC03013,24,0.6631471400467686,2151203.8060140954,1746820.0400475052,0.8120197794202207
ACC03014,6,0.8331339523586427,1629821.0073189973,777150.1084335243,0.47683156919906866
ACC03015,6,0.8401728180086359,789858.3711226807,459405.82474886766,0.5816306334715199
ACC03016,8,0.8280539265681848,2127947.1690333425,973170.8823121544,0.4573284978471691
ACC03017,25,0.8737212121845426,1382600.528101731,1244672.2479867032,0.9002399628008249
ACC03018,1,0.867942809484797,2580629.3750923527,617962.0442253308,0.23946175696121252
ACC03019,0,0.8375472931531774,812419.0317545373,340552.19857990625,0.41918294041491644
ACC03020,7,0.8679905564116945,648553.5005044071,305063.82207796513,0.4703757235767046
ACC03021,0,0.843959966322897,1099308.2152267639,253865.073659051,0.23093166242434024
ACC03022,17,0.6948822205775808,1958627.7107747018,1520181.4720028692,0.7761462087154825
ACC03023,25,0.7741871786433838,1106699.5073633466,1179426.979954657,1.0657156455816807
ACC03024,0,0.8357536332831034,2903924.233324199,521799.17048460984,0.17968759807734122
ACC03025,1,0.8477502388817443,3973644.4974309676,1185502.1657070508,0.2983412749866021
ACC03026,4,0.8587511534781282,2222784.328487174,765468.0900049286,0.34437353196830656
ACC03027,9,0.8583120741006052,940980.7121407447,445831.57293643063,0.4737945923696537
ACC03028,19,0.7696852196903619,2744232.0517558036,1874242.0675975452,0.6829750663390055
ACC03029,9,0.8403175003676072,1467175.2559813447,743115.1852459849,0.5064938099361143
ACC03030,12,0.7816825459061727,1021252.4024592282,724450.6968381208,0.7093747785499513
ACC03031,0,0.8560373373339231,2866662.6093274103,637228.8008761471,0.22228943120224973
ACC03032,9,0.8212204256547849,2147131.267444446,1110363.3915303017,0.517138103462056
ACC03033,8,0.8532126868478018,1436091.1885994426,646692.325628866,0.4503142493754571
ACC03034,15,0.7883767406840021,3943266.630143609,2380787.4471921297,0.603760199473355
ACC03035,24,0.7087410036992172,1093895.3589149634,1052800.3090949974,0.962432375743208
ACC03036,0,0.8584974189058944,941077.272902484,272743.18771073886,0.28982018327734177
ACC03037,18,0.750551911456845,1068772.6273885395,860736.5947520377,0.8053505232962214
ACC03038,0,0.8743654366381906,569061.4122161623,96588.49171449353,0.1697329842456506
ACC03039,17,0.7917924172192184,800827.0174808671,625967.6479979644,0.7816515106683694
ACC03040,21,0.7304053853427094,1814902.7030943274,1398195.3447364136,0.7703968605879277
ACC03041,23,0.6719753042392506,4673834.013935587,3610288.440869156,0.7724468669842907
ACC03042,24,0.6899944767295797,612391.8930910374,615464.1299303842,1.005016782348048
ACC03043,25,0.7743653473582308,1050176.009065035,2056169.8211275453,1.957928769443267
ACC03044,7,0.904240706889952,304961.8777371855,189866.016396512,0.6225893472499453
ACC03045,24,0.7079322609526846,2211839.1089542136,1754284.7147868043,0.7931339615458075
ACC03046,25,0.9833697947318382,4549473.843369158,9932815.348728059,2.183288813321809
ACC03047,11,0.8603131356599324,377626.3716112391,318093.85638951795,0.8423507474657809
ACC03048,11,0.8369718997090293,1102153.967885177,646736.7407579819,0.5867934604445024
ACC03049,7,0.874501012947265,475776.8574298662,276773.3878756478,0.5817294043488584
ACC03050,5,0.8491174666431678,2272820.699884998,903371.7082978877,0.39746721258900763
ACC03051,1,0.884336121478839,1559098.3688788933,276779.271686333,0.17752521406674146
ACC03052,7,0.8783610351647357,487041.91859415075,258406.62276858726,0.5305634133392038
ACC03053,10,0.8113335805689991,1612206.414978321,887672.5169849067,0.5505948300031067
ACC03054,7,0.7875894259181384,4029661.621632682,2139474.515125887,0.5309315560493748
ACC03055,11,0.825914063966239,5677279.000678622,2731237.8151387456,0.4810821900442576
ACC03056,10,0.837853889397831,1772023.877581898,861968.1789456678,0.48643146960407146
ACC03057,13,0.7942681299179967,4781265.373981342,2683435.2899473794,0.5612395631813452
ACC03058,12,0.8436878120823816,9624822.890352769,3766230.5431600166,0.3913038801924361
ACC03059,14,0.7752767820009006,3128804.059740812,1938478.8616809663,0.6195590470569603
ACC03060,25,0.7544562249861397,1481578.5763866543,2701813.6975076036,1.823604728476108
ACC03061,4,0.9119291678471235,422545.6176352822,118806.23229933172,0.2811678250604379
ACC03062,5,0.8400115031007234,1202194.8284719374,540692.5814333963,0.4497545394706525
ACC03063,25,0.7029285989999033,2124326.2654789044,2348073.004061824,1.105325976625572
ACC03064,5,0.8510574838805578,3523943.502027445,1226616.7856518072,0.348080718361714
ACC03065,25,0.8235076528572484,6787030.646524744,8842780.698732803,1.302893880884521
ACC03066,11,0.8195048240185165,591942.251383397,452037.4022100269,0.763651185826986
ACC03067,25,0.9924445603753842,1294497.5062203621,3956676.881615565,3.056534958625112
ACC03068,6,0.8705205059662253,692730.9702035463,325232.23257993633,0.469492842920496
ACC03069,25,0.9647139739741756,561697.2348131654,1332516.4438901278,2.37230372752922
ACC03070,6,0.8381903842665049,1058304.6295916818,546489.644780054,0.5163821734304443
ACC03071,25,0.9786488883699036,2433826.105347767,8084827.721529085,3.3218592338066206
ACC03072,10,0.7616207186728648,4423476.403529673,2663082.007188398,0.6020337318999636
ACC03073,1,0.8524815835427584,1784628.0512704635,560425.0416421869,0.3140290444517133
ACC03074,0,0.8544710900881872,3734462.93421574,964526.3512723609,0.2582771253224173
ACC03075,24,0.6608962734727876,2420526.4124326627,1921276.95741406,0.7937434384296389
ACC03076,12,0.8162696792152475,6090578.903935308,2853811.2627800484,0.46856157810156834
ACC03077,25,0.8878708304559593,2841183.3279434554,3248040.9376580953,1.143200055312565
ACC03078,18,0.7740704518777093,1701900.077759944,1201203.9902169832,0.7058017129877675
ACC03079,1,0.8641639544788132,1130063.0615933593,367144.6620542012,0.3248886496091084
ACC03080,8,0.8856938708122537,425583.26326996664,259165.71775876018,0.6089659536126064
ACC03081,25,0.8739128337529333,1830810.8134603025,2952579.108470956,1.6127166645309836
ACC03082,16,0.7618758573835138,1091431.7317825363,841357.9162293286,0.7708754397814834
ACC03083,25,0.8885336093949262,2623976.9492391776,5863231.786745179,2.2344829623770988
ACC03084,4,0.8831550710115637,841602.866551697,257390.56445171972,0.3058337544717821
ACC03085,25,0.6689557944951514,534828.7612536525,831331.8291768783,1.5543887864747865
ACC03086,19,0.8113106572025629,2992518.6717492645,1794307.2328974812,0.5995976733032801
ACC03087,12,0.8303635803447876,1080115.228315565,667279.467356028,0.6177854453516478
ACC03088,25,0.8124202270127555,835573.8785145283,1302849.209043622,1.5592268290624516
ACC03089,25,0.8407024823950408,1942701.9063417278,2451221.3390782573,1.2617588581534438
ACC03090,10,0.839149866774005,1417353.2057199278,756523.8898154574,0.5337581957428812
ACC03091,25,0.9674350870310751,1594023.20234059,4270238.341831004,2.6789060131375653
ACC03092,5,0.8350178916642144,1355153.5633217108,612078.1348045691,0.4516669928567077
ACC03093,10,0.8115451608251968,1492497.4571515927,847471.7781678318,0.5678212543056642
ACC03094,3,0.8680664959051535,947514.9410405565,319771.0526836398,0.3374839159079315
ACC03095,4,0.9037387243628864,398322.50729512767,143624.09207662006,0.3605723740089966
ACC03096,5,0.805806787618891,5786208.84750175,2845782.085933367,0.49182152959481573
ACC03097,20,0.7261928155191514,1044631.1624190246,872769.446981001,0.8354809605334308
ACC03098,4,0.8494720277677688,2441639.2693217704,778643.5682704292,0.3189019680563697
ACC03099,18,0.7881196349180848,334864.8945619129,380911.8146196127,1.1375089500436906
ACC03100,4,0.8567288289857847,1173214.6521154325,494051.8870949987,0.42110954393909916
ACC03101,21,0.7424354358423401,1665187.459384482,1269249.2384146731,0.7622260372317703
ACC03102,9,0.8488151316131265,1254346.4096281515,601534.963139972,0.47956047749066055
ACC03103,7,0.8479744554948967,5402388.368489274,1991126.6142139826,0.36856413837770463
ACC03104,20,0.7080311541316721,4595924.40660493,3347015.088700794,0.7282572106474828
ACC03105,25,0.9010462797667007,2490183.1737673986,3601241.0584732187,1.4461751635020892
ACC03106,4,0.8559676461462365,868952.5240031951,398410.78287450044,0.4584954550095023
ACC03107,10,0.8179438298251089,2701008.167578888,1432975.7696589327,0.530533667709496
ACC03108,10,0.8377109821452542,1576167.2236224723,774396.4007676641,0.4913161428315233
ACC03109,25,0.7446697001493,1197731.5953815563,1868963.084845008,1.560418955341677
ACC03110,9,0.8179574644482638,4795082.942217205,2164895.889906028,0.4514824698537955
ACC03111,2,0.8705863525987845,2454522.649227188,533666.6917960441,0.21742178340219037
ACC03112,25,0.757009844255375,1222415.9574825575,1380770.6189023594,1.1295423709503247
ACC03113,25,0.7456212124365735,3150031.8359086355,4160470.8960560397,1.3207710628917948
ACC03114,7,0.8539181332148219,2686489.7057760973,936802.5867217453,0.34870879449400805
ACC03115,15,0.7738018450373998,815050.6949333195,663457.7483631773,0.8140079537229961
ACC03116,14,0.8441195320448545,2278074.6586330193,1080941.546446066,0.4744978582460925
ACC03117,14,0.8177501540112921,774068.9301514721,544438.4510695267,0.7033462135768572
ACC03118,6,0.8647135060632101,1614957.007788793,515525.64169837977,0.31921942145335497
ACC03119,15,0.8224181712541633,1075990.1375339318,701180.3109467448,0.6516605371065799
ACC03120,10,0.7846505971291452,2675717.4265916515,1628148.3098906984,0.6084903785840516
ACC03121,10,0.8847832734542332,1221606.8072198874,399147.119866924,0.3267394365420216
ACC03122,21,0.6937335599534282,1984169.349020958,1551780.2237145805,0.7820805338416654
ACC03123,12,0.8127268322826915,7894274.026054527,3796410.432322082,0.48090684713911397
ACC03124,3,0.8805537990593089,668119.0926709496,259344.44725259364,0.388170986426699
ACC03125,22,0.7315525146249622,1348067.843271448,1064003.4019049383,0.7892803075272894
ACC03126,25,0.988530927762372,1220620.5543867385,2723045.866091031,2.230870073672598
ACC03127,25,0.9380218030166146,6759871.171985503,18833492.08745838,2.786072634861564
ACC03128,20,0.6880845755654599,914389.9391660668,803382.6899345159,0.8785996603016097
ACC03129,10,0.7914950597435563,2877935.749989363,1650078.150970295,0.5733547564348488
ACC03130,25,0.8561866355397096,881864.6894611752,1133552.0119727969,1.2854035607950287
ACC03131,0,0.8670496475642628,739199.4660584207,279511.3064445835,0.37812704050640245
ACC03132,24,0.7723850108807526,4985788.78365146,3940447.6610201276,0.7903358589800203
ACC03133,4,0.8316321695851147,1236228.8285246661,631885.416015633,0.5111395248481096
ACC03134,25,0.9921035653374655,3009619.333089145,5742748.113188042,1.9081310549974269
ACC03135,25,0.8724618347849366,2679679.5520027773,3337058.7166680763,1.245320066040724
ACC03136,6,0.8508449130661786,624285.2853472537,376774.59883431223,0.6035295203614072
ACC03137,8,0.8419734949677709,2384063.8922538185,1000195.3018004255,0.41953376545410975
ACC03138,24,0.6484133071622961,1126212.5210340174,1084216.6308073506,0.9627105102790824
ACC03139,6,0.8118811515229899,2701769.884022734,1366954.097591995,0.50594764035074
ACC03140,9,0.8424056524178941,2410882.728944139,1093574.887190478,0.453599370081935
ACC03141,8,0.8060351732291142,905566.6604110398,588513.5723255419,0.6498843189063669
ACC03142,25,0.9946999046353514,1932682.0082746462,4144834.4690611823,2.144602397764017
ACC03143,7,0.8837521132798739,402807.09425619326,225817.3916502882,0.5606092714610033
ACC03144,9,0.8652570370784406,856684.4151599968,376856.78414138115,0.43990152904905866
ACC03145,14,0.8471262934097736,1014587.9658654348,555480.5926428948,0.5474937721827547
ACC03146,1,0.8896892616843861,484402.2220218417,184193.7112773036,0.3802495176601364
ACC03147,25,0.8711219509106415,1544980.3722851286,3278795.796826717,2.122224887541555
ACC03148,20,0.7753813730337447,431987.83356607816,450854.695373555,1.0436745212283645
ACC03149,5,0.8052602129999602,1294571.8650203184,778266.2157189585,0.6011765254196557
ACC03150,8,0.8680847119988973,346429.04179499863,262156.1661750641,0.7567384212845427
ACC03151,4,0.8808433393909575,1293097.249274338,306299.4772665106,0.23687273129565484
ACC03152,12,0.8341880702761403,1607344.0383563938,813748.2769816307,0.5062688867865136
ACC03153,5,0.8648796461590923,880668.526594801,398067.74158670567,0.4520063219766433
ACC03154,18,0.6753021970901624,1003006.8912637583,868323.5607165867,0.8657204335082137
ACC03155,10,0.8863476343448958,826802.145258704,301572.0359075266,0.3647451057509843
ACC03156,25,0.9666761279802406,2136642.819827437,6173871.779917982,2.889519821762538
ACC03157,5,0.849254914259581,901717.5779893777,455120.38794628705,0.5047260905804904
ACC03158,10,0.8186121466062349,3161836.72383993,1572136.2695272574,0.497222471253341
ACC03159,25,0.8494193436704275,2684960.012620358,3859336.737001427,1.4373907688982483
ACC03160,10,0.8435420150802216,370572.52017452207,322027.20020270464,0.8689991369328872
ACC03161,12,0.8131558171358032,5983488.980245027,3072492.715458312,0.5134951740702449
ACC03162,6,0.8831527677900674,1012884.9211427231,303666.5330052329,0.2998035874229823
ACC03163,9,0.8695976906852608,687825.7702740554,328061.34641209646,0.4769541366287928
ACC03164,10,0.8532204052513167,1436886.1002464108,615529.6675021213,0.42837749449769497
ACC03165,7,0.8280988806850353,4514327.757324392,1819516.5322712734,0.40305370590762934
ACC03166,9,0.7685160134766532,2845019.8905127067,1753351.0248065044,0.6162877913976655
ACC03167,8,0.858569649717485,2166178.5227055256,833640.8738812219,0.38484403069420914
ACC03168,22,0.7587229328617163,2621182.2191221067,1876684.4825289324,0.7159687216089374
ACC03169,5,0.8579877539224156,955946.8232125218,394772.1602485032,0.4129645610640198
ACC03170,0,0.812806134198042,1674562.2417225305,353171.91381477204,0.21090402316218682
ACC03171,14,0.7341010047377788,1377956.4944913303,1018222.0032410236,0.7389362489393382
ACC03172,4,0.884219890484345,328955.72458736534,215149.30334133693,0.6540372678153432
ACC03173,4,0.8535192754379701,3948060.9362622816,1065044.7724604171,0.26976401571671765
ACC03174,12,0.8467471444449083,2822055.8816242646,1170456.088329592,0.41475298060218546
ACC03175,3,0.8760612861366027,1159637.847873455,344064.458447708,0.2966999215131291
ACC03176,0,0.8331021017210493,1066260.737387558,233186.1113738234,0.21869520577598306
ACC03177,1,0.850135312225542,3549443.357973174,1139431.9297709172,0.32101707644140653
ACC03178,21,0.8058020631953362,1618167.660182605,1056606.9078222024,0.6529650380622287
ACC03179,10,0.8579081783463256,3028560.4639806324,1088534.2205305628,0.35942297783938976
ACC03180,10,0.774117807559506,882177.6454063014,640660.803254082,0.7262265220504599
ACC03181,19,0.7832738704316392,923859.5335515188,722872.6693401639,0.7824486765442391
ACC03182,0,0.905472366175222,407128.4907493495,52208.15126094305,0.12823507184390404
ACC03183,13,0.7273119648262569,1914279.3878422799,1411922.3823220958,0.7375738313275021
ACC03184,6,0.8987961882852261,393286.3750179882,199622.0671765501,0.5075743271488105
ACC03185,4,0.8587223198877612,707122.7567731378,370896.93139620294,0.5245156202987195
ACC03186,1,0.8387490072405761,1866379.2107767425,771818.6146106735,0.41353794028249
ACC03187,8,0.8701964670323439,1202960.3572733817,469094.79932928685,0.389950339172051
ACC03188,6,0.8477781486766525,1072118.1856325653,514903.54372338677,0.48026752145761453
ACC03189,6,0.8932558437128232,356163.8051990589,206845.61928420464,0.5807597972191454
ACC03190,2,0.8677014762403591,614568.4177174595,277557.63231414545,0.45163015916927457
ACC03191,0,0.8569289543774847,746555.4681696299,262549.7663610476,0.3516815260957835
ACC03192,0,0.8323878359956339,449727.8439616282,107493.88258245065,0.2390198517297547
ACC03193,5,0.8329907484644783,1831415.4083558582,782791.0941223456,0.42742410626821764
ACC03194,25,0.8675802641959229,3199693.166204468,5388894.86353163,1.6841911344655685
ACC03195,25,0.7512115299330022,3536264.9688079227,4366795.08747436,1.2348608280183286
ACC03196,3,0.8821433715922671,404097.03848857235,216126.5551123674,0.5348382554861989
ACC03197,8,0.7895461955960829,3952620.442393922,2191832.191114396,0.5545263510773383
ACC03198,0,0.8629411252122023,1220732.9547536168,266895.1256053511,0.2186351442107329
ACC03199,19,0.7909042232434136,2140599.204530501,1411078.8148885597,0.6591980469310007
ACC03200,10,0.8438567617071296,2411704.0117612747,1098171.426679249,0.4553508313307697
ACC03201,7,0.8440962188622978,702071.2238384652,425707.05551586224,0.6063587867743321
ACC03202,11,0.8450306312592202,5324989.059141879,2191337.1595664937,0.4115195609283801
ACC03203,1,0.8821121611740039,689767.2918976736,207851.9121149983,0.30133628334733065
ACC03204,2,0.8606106137841765,1495047.7679291663,429950.92465354415,0.2875834029364035
ACC03205,0,0.870823992428077,321203.37735765666,63257.82171412536,0.19694008896951426
ACC03206,12,0.8496920457333397,1394923.8420105223,674624.6234971707,0.48362828362358856
ACC03207,0,0.8551779869097922,1115652.519432969,283021.4968389905,0.25368247900595103
ACC03208,7,0.8819166888818198,788828.0992644196,286992.9232142449,0.363821881449032
ACC03209,11,0.841814933754679,3105011.04804417,1256973.2844689863,0.40482087342676193
ACC03210,0,0.8210890116620609,3632521.5334871747,1159035.9143766158,0.31907200100310373
ACC03211,6,0.8587302057324369,914849.7904857089,409549.4740038396,0.44766854434803227
ACC03212,7,0.8480823929306244,870662.5350789928,447465.2236772321,0.5139364629220377
ACC03213,25,0.8116395419063953,1529464.8751400209,2001641.998099582,1.3087204751376418
ACC03214,12,0.843920441396049,1625156.5828814397,770863.8100372097,0.47433202323830886
ACC03215,15,0.8364594125117824,1411621.7550808382,778724.0144293046,0.55165203541703
ACC03216,7,0.8921023488244173,531330.1700983348,209507.64060357932,0.39430781911895785
ACC03217,2,0.8235064917195074,914235.9979477698,498380.38894839864,0.5451331932533147
ACC03218,25,0.9720531833265553,2596444.125543329,7466927.553210277,2.8758283221857344
ACC03219,24,0.8096312152990507,2887921.562215265,2115253.103066596,0.7324482530072698
ACC03220,20,0.7903549437513624,551882.9043226588,510711.1623757835,0.9253976855880207
ACC03221,12,0.8129901949681885,2178245.3370049335,1183333.79729577,0.5432509264189875
ACC03222,11,0.837334670877447,1079717.3202708215,629001.4255028095,0.5825612071732251
ACC03223,10,0.846023509673832,1370947.4197685951,670702.861486458,0.4892258096956535
ACC03224,0,0.8913017179112682,321403.5064350095,106593.9989572274,0.3316516367215851
ACC03225,11,0.8394332715646992,3381068.6522746654,1458616.1000965815,0.4314068272808585
ACC03226,9,0.8200105592697181,2298862.9399945466,1166215.4995480939,0.5073010135832022
ACC03227,13,0.7710606193923374,2289812.9295875817,1487334.2281389157,0.6495439906555159
ACC03228,13,0.821913985098147,2121950.301888406,1125069.084565621,0.5302052001709835
ACC03229,5,0.8342529920676754,1894301.8389284129,798366.4233171656,0.4214568169182548
ACC03230,16,0.8081084197138417,4273525.28634349,2255109.2308649803,0.5276929653537853
ACC03231,5,0.8424414644351133,621543.7886594712,383551.3159607556,0.6170946005075342
ACC03232,7,0.8396290154658252,726185.8666437648,421059.7027517189,0.5798235990156946
ACC03233,4,0.8798671978841301,890211.1658408464,295686.5779613126,0.33215330171917434
ACC03234,24,0.6359342498517133,3082803.587740926,2467866.380418265,0.8005266343376465
ACC03235,10,0.836626306898525,1061834.3457497328,601105.0417019699,0.5661005825513636
ACC03236,25,0.9184981616595481,4236256.922099325,11546290.73013172,2.7255879287911142
ACC03237,0,0.8590467396193442,1832268.9690590603,396156.9893581714,0.2162111546110029
ACC03238,24,0.6953535990155488,1924210.8268150683,1865887.9274345178,0.9696899640269221
ACC03239,7,0.8460155251304812,1726170.6654199879,722453.5532994027,0.41852962037425495
ACC03240,25,0.8267108164439458,1967898.1285669233,3035310.4453333123,1.542412384701899
ACC03241,0,0.8620793622717174,976690.2531100364,182981.72401739258,0.1873487765796076
ACC03242,20,0.75961342243016,1911901.3527592001,1375186.410590282,0.7192768646801013
ACC03243,0,0.8570264054511021,636166.612750399,168412.65629581787,0.2647304226917907
ACC03244,8,0.8520167328956509,2146359.7136222627,903599.3936159422,0.4209915923603505
ACC03245,9,0.8757291128345283,1446114.3277678567,495812.0947655748,0.3428581580620139
ACC03246,25,0.8844988103634193,2341869.7770543126,3880329.9981589713,1.6569367076592059
ACC03247,0,0.8519333805949915,378741.7739069906,135382.53108978315,0.357453390190409
ACC03248,24,0.8032481743031779,1854594.2322230148,1760200.2001140106,0.9491025958838131
ACC03249,21,0.7660088011864529,2042529.4455710556,1452326.6580704504,0.7110431926548825
ACC03250,5,0.9050894899668943,378590.5778669805,135111.0440415609,0.3568790454395111
ACC03251,0,0.8383181594804815,638175.6341970856,207136.40410840162,0.32457585813192047
ACC03252,9,0.8080199922167123,2814231.7803547503,1467322.1433823556,0.5213934948874009
ACC03253,25,0.9744993262990852,5952453.777732074,15062742.953704346,2.5305098562971713
ACC03254,8,0.8131121864908419,961395.40143857,581045.130448846,0.6043768563687819
ACC03255,7,0.8254397802052651,4731994.705245256,2017704.5199786774,0.42639619138671475
ACC03256,13,0.7583820213158529,2773907.9061052813,1836398.630611879,0.6620258107956739
ACC03257,25,0.9019399564104292,1012824.7365077637,1266276.0853899438,1.250242060394461
ACC03258,2,0.8936321281640704,534249.4534746987,184205.3288921944,0.34479273248506576
ACC03259,7,0.8279429408387777,797986.6495551035,496819.6470298564,0.6225914271959877
ACC03260,10,0.8977973784903464,538368.7570268242,234482.98447701414,0.4355434475283473
ACC03261,4,0.8728849447495461,962148.4971346708,350047.5764043069,0.36381865943434627
ACC03262,0,0.8274162863123647,1090164.0159600803,313656.28733393643,0.28771476836694815
ACC03263,10,0.818995886335328,2683244.478938877,1386639.5846361502,0.5167772059236713
ACC03264,11,0.831379187291676,2899058.42661241,1377072.5254817544,0.4750068204354483
ACC03265,11,0.7742613315591358,2085093.0743737398,1349358.514915557,0.6471454591161782
ACC03266,7,0.8460653507733437,621909.89882418,375574.64470992243,0.6039052367875255
ACC03267,0,0.8625439245509173,2688813.7652872056,581617.6206662316,0.21631011718809248
ACC03268,11,0.8292487925724716,1904956.9264544721,994891.9022878569,0.522264775896829
ACC03269,25,0.7651024286458212,2548333.372864448,3325892.0171702285,1.3051243815214677
ACC03270,9,0.8564192904092808,1713445.292908763,709163.5001994423,0.41388161217307307
ACC03271,25,0.8566574622843778,1163086.8027199628,1320106.245311429,1.1350023422364222
ACC03272,1,0.8406554724973953,7877148.920609539,2268472.9553914284,0.28798147378631667
ACC03273,9,0.8162221033800554,1351151.6443146756,771568.371468318,0.5710449857459701
ACC03274,3,0.8519630759116485,918422.389604319,443983.23660202237,0.4834194392770653
ACC03275,9,0.8763692899048416,824095.9136054362,349352.9704727023,0.4239227069386572
ACC03276,25,0.9693095703575915,3001009.873404314,10483124.635263398,3.4931989821717755
ACC03277,13,0.8129053455820389,3295960.431423877,1705208.8796264082,0.5173632739546411
ACC03278,25,0.7032215516983696,1714818.8864789521,1929924.194075954,1.1254390823970213
ACC03279,25,0.8072693619684443,1975233.405472695,2216357.2744511636,1.1220736082684695
ACC03280,0,0.8701416793046567,899816.9824342459,307518.4241522494,0.34175663513299087
ACC03281,8,0.8459822277867619,1112529.4596244711,531436.5943339817,0.47768316581330394
ACC03282,2,0.863599215095198,6088640.123184577,1404355.8366623565,0.2306518053702652
ACC03283,6,0.8421951233884729,2276161.6396816666,896386.9602663202,0.3938151599776915
ACC03284,5,0.876405798393519,647246.6233919635,272112.5720695766,0.4204155915770441
ACC03285,1,0.859089476318256,1000444.5264399728,346179.11633104784,0.346025298936771
ACC03286,1,0.8440066069287383,2466284.665996717,801176.2425303613,0.3248514875741549
ACC03287,8,0.8373902444209217,2952930.9989804393,1319765.3860544695,0.44693404163867895
ACC03288,6,0.85060422236802,1944739.3076215507,763897.4131286136,0.39280196072288637
ACC03289,2,0.893398289932341,495877.7531365065,176143.46105304247,0.355215494018247
ACC03290,6,0.8562068637614265,1152055.5477705013,492974.2360239314,0.42790839120383783
ACC03291,11,0.7841172517080696,3535099.5852670386,2046113.021729323,0.5787992593636542
ACC03292,0,0.8687855218361692,1911604.5434654893,474632.49106578523,0.24829010408467567
ACC03293,6,0.8504483941067393,887396.462216719,422911.2665738534,0.47657533535509
ACC03294,1,0.8643195716934712,2934913.508182795,675157.4684168118,0.2300433953281464
ACC03295,25,0.9074760879369188,1281457.9528929358,2428138.7414617757,1.8948251372432219
ACC03296,13,0.8300511970649203,3754099.599171955,1762083.0984391226,0.4693756923305356
ACC03297,25,0.9910174935106668,10219922.593606675,29162719.380108606,2.8535166595441797
ACC03298,2,0.8687730909898713,1125112.6530056987,312410.9946500377,0.2776708570607954
ACC03299,7,0.8382614661318695,1477031.1961106681,733615.846997713,0.49668270306644635
ACC03300,0,0.8391990612347106,1440044.8944299133,591398.7931310807,0.41068080267400575
ACC03301,25,0.8065741521234416,6005511.04983259,7976093.594972463,1.3281290349461274
ACC03302,4,0.8498091422207774,925270.0579697227,445436.5463547508,0.4814124725187279
ACC03303,0,0.8391854009651708,1221493.1276502898,192229.1787316482,0.15737229656087176
ACC03304,8,0.8525369390882979,747846.8280690024,424306.0829670167,0.5673703050430894
ACC03305,25,0.9856792823998493,7057893.923310679,18654852.46959187,2.6431188499417617
ACC03306,24,0.6615984239960867,3406515.8652451653,3078184.352649097,0.9036166201526149
ACC03307,9,0.8201391767424836,2664758.1833000663,1258786.982206648,0.47238319412823876
ACC03308,0,0.824194136438415,450598.87696391845,64579.73980257338,0.14331979750527557
ACC03309,1,0.8934123990578418,337584.5998708122,166150.54835348803,0.492174549482029
ACC03310,12,0.7333978600586217,981939.1183522805,764922.4756966754,0.7789917535623138
ACC03311,6,0.8475248003187127,2484625.330904668,912050.6941790738,0.36707775729187714
ACC03312,8,0.8173694143501684,3735480.5163816325,1834690.927689521,0.4911525892435096
ACC03313,0,0.8226677922164616,360401.4224905902,40017.843857899636,0.11103686434241106
ACC03314,0,0.8450930945641268,1530413.2351581287,348881.1428287907,0.2279653199632339
ACC03315,4,0.8535257442836129,1713673.7817770967,595545.795669828,0.34752576715752814
ACC03316,11,0.7899208511221336,1322993.3575800052,869190.5381190567,0.6569878322813077
ACC03317,21,0.7186752445336917,1439652.7281296044,1131102.0108014469,0.7856769821642846
ACC03318,1,0.84989136857499,1957193.029663164,620732.8046670245,0.31715461646307497
ACC03319,8,0.8184342076126541,880656.8664340861,572706.0152000888,0.6503168680431264
ACC03320,13,0.8506402133129481,717512.2544981382,453400.5737253435,0.6319063833167187
ACC03321,25,0.9775196534450864,2048216.8834834155,5636166.532356253,2.7517430296594316
ACC03322,10,0.8282151809014513,1401760.2760879952,741771.364331812,0.5291713404819353
ACC03323,25,0.8672350565798853,3056857.109283478,4921565.736541342,1.61000843696451
ACC03324,11,0.8697505381069908,1575973.2403450762,551163.0120971969,0.34972866162150945
ACC03325,10,0.8638497674599641,1799855.5739395176,710381.2585242083,0.39468792319226387
ACC03326,9,0.8084259691441122,2223682.343592512,1212079.6361251562,0.5450776904433923
ACC03327,6,0.8226510794119247,2183081.2153506503,1069364.9854581729,0.489842053487877
ACC03328,9,0.8822223581273672,475723.73164525547,253481.81298185914,0.5328340717945916
ACC03329,6,0.8333490952187583,1300722.078900196,654180.0814330943,0.502936093762801
ACC03330,25,0.7247846154919265,1122562.0768813982,1791505.304716326,1.5959075596899963
ACC03331,25,0.8324452303591431,1571542.2273489763,2337404.9065883914,1.4873319125069542
ACC03332,10,0.8182612794017663,811187.1602533866,554181.6564906567,0.6831736048651825
ACC03333,11,0.8064991060178262,4991575.273774648,2530628.8220422496,0.5069799979453337
ACC03334,11,0.8315454745763573,1781064.9338134895,889560.5313602319,0.4994542952769096
ACC03335,0,0.8379633491014116,988883.9755446737,375979.18033675494,0.38020555457951166
ACC03336,0,0.854353081039381,1009136.8096913807,193209.6254366756,0.1914602892107007
ACC03337,25,0.834354385365826,2393009.8623643494,2609902.193425853,1.0906357865350411
ACC03338,17,0.7741883441632847,1405730.3238386954,1012235.0175220342,0.7200776709133481
ACC03339,8,0.836124064276153,1182837.3005679024,616903.070455931,0.521545161079841
ACC03340,25,0.9815901567732606,1945788.1678621348,6548704.203177377,3.365579209155399
ACC03341,9,0.857185967654997,2378914.2446386735,904739.739280066,0.38031624776683964
ACC03342,18,0.8359270956504617,1184865.2684345518,711804.628038222,0.6007473144846762
ACC03343,25,0.875573871365449,2350851.446157992,3004841.0798392915,1.2781926670654236
ACC03344,4,0.8490296395821281,1460629.4540737723,565182.9674290417,0.3869447968837796
ACC03345,25,0.7117155567430152,1261793.8738021252,1421658.436431695,1.126696258357837
ACC03346,24,0.6608712244034151,3412945.8158602,2686860.545991003,0.7872555531075155
ACC03347,25,0.9000756725823105,3297515.40016837,6200159.524595719,1.8802518782108313
ACC03348,25,0.8532426219306424,1096557.0102713227,1157138.3947052574,1.0552469081556872
ACC03349,0,0.8599920111701748,5883551.357600939,1259144.9364696909,0.2140110385614304
ACC03350,24,0.6205770273974089,3446224.6182917734,3445053.939942979,0.9996603012053884
ACC03351,16,0.7707121417537165,5072709.233132875,3129413.345295642,0.6169116346853839
ACC03352,25,0.8366352738059631,896620.2032561301,1688690.6643733243,1.8833957323744688
ACC03353,25,0.9794695064332565,1617760.546611043,3366563.5642962707,2.0810023902169568
ACC03354,5,0.8575769398248203,1764612.24687651,595560.3940047376,0.3375021311672987
ACC03355,25,0.8767544900305586,3555806.3665271685,6116505.873353235,1.7201459367786138
ACC03356,6,0.8237641772584541,2003124.984147712,942116.48544147,0.47032336618891557
ACC03357,0,0.8246306234968542,1194135.8136678785,409154.5520464011,0.34263653042081693
ACC03358,14,0.82885105224384,2667591.882063609,1385898.1973364044,0.5195315695234063
ACC03359,24,0.600270613571628,1428037.1747047415,1253139.8256060535,0.8775260531051304
ACC03360,25,0.8914838060318396,1682580.5959936364,2173658.651663711,1.2918600492834473
ACC03361,11,0.8189754357540541,2866297.5167928264,1410718.5040070845,0.4921744849381768
ACC03362,11,0.8270844669010476,5652448.483801155,2563512.045776768,0.45352240770054025
ACC03363,9,0.7590056838093533,786910.6514925307,623270.5569776983,0.792047427234011
ACC03364,11,0.8047454085138234,2008059.4864390574,1180529.5980868773,0.5878957302108316
ACC03365,0,0.8398342030251714,1141433.202861565,175728.4959276306,0.15395425285253705
ACC03366,0,0.819554447746175,1706811.7884924484,327747.40453233704,0.1920231666678503
ACC03367,24,0.7979355980682729,1581728.4892057634,1254104.2163648875,0.79286946206211
ACC03368,7,0.812672957515159,2054691.459065842,1076987.8804664481,0.5241603919238058
ACC03369,24,0.6964064552830499,1052055.43622302,941860.9273993344,0.8952578875317687
ACC03370,5,0.8150226736135445,793002.7642982383,506171.91790573625,0.6382977975539205
ACC03371,12,0.830891321680797,8152634.871015062,3485662.5286259535,0.42755042802400933
ACC03372,0,0.8697002324971636,884914.446575383,232276.84202462173,0.26248508307614665
ACC03373,4,0.8579747319483959,3839279.716356607,1072621.7435998414,0.2793809836334968
ACC03374,16,0.7397210626872952,5933938.931160728,3970365.331958394,0.6690944039057978
ACC03375,12,0.8971607658649988,496144.83514940285,232023.67240996772,0.4676531044409623
ACC03376,2,0.8632703353618616,1380280.1746731584,477227.8063148852,0.3457470556134661
ACC03377,2,0.8719924112030127,301884.6402165337,221893.4673000793,0.7350273506493114
ACC03378,6,0.8480680092690931,1633990.8467369424,640111.3615245582,0.3917472137636828
ACC03379,20,0.8376777546572226,1655589.400309383,914604.7101305346,0.5524345045695636
ACC03380,3,0.8444804035874772,2912879.789146097,1033364.1700749313,0.3547568883293531
ACC03381,6,0.8199006473923452,2823714.299946478,1291475.646632271,0.4573676758504747
ACC03382,25,0.8963202322531666,777146.3568810092,848177.5549881076,1.091400027135396
ACC03383,5,0.876422871949883,1882669.5321086042,405977.54928132653,0.21563930491116443
ACC03384,17,0.8086917453146859,1072159.4065711068,770220.2896083728,0.7183822525715919
ACC03385,1,0.8719490440711674,1464207.0968422177,354150.0215468248,0.24187153737377892
ACC03386,25,0.9886915692059546,1444881.7193355574,3925675.035865334,2.7169525251316715
ACC03387,8,0.8621869308941486,411953.85846885183,283673.9850046139,0.6886062095861222
ACC03388,24,0.719769975917434,2422097.060066871,2075666.7256460944,0.85697091164001
ACC03389,8,0.8331446642922937,2046381.8204075065,990788.5985073721,0.4841660479128334
ACC03390,10,0.7907331849421508,2322782.953282776,1391927.6649903273,0.5992499914910793
ACC03391,4,0.8566336893527812,1672374.8072637178,641554.3515331841,0.38361876102574954
ACC03392,11,0.8339207241081056,6513085.8379101865,2795258.5781036336,0.4291757620993571
ACC03393,25,0.8662217621830076,2240094.6071590674,2481040.0459693833,1.107560385191002
ACC03394,24,0.6527261398807005,1357310.4031904216,1290128.1563755462,0.9505034024222019
ACC03395,12,0.8180217687369676,1544403.4813505083,877130.6229286764,0.5679413660487652
ACC03396,2,0.8449058943654891,3997387.257670559,1185336.6953764274,0.2965278615680512
ACC03397,6,0.8698498181692449,460167.6357482898,293948.4273404166,0.638785530543494
ACC03398,11,0.7807617412010429,501899.6213914081,440070.46848443913,0.8768097239532459
ACC03399,7,0.8102205098032578,2114448.3357621063,1126358.8381845765,0.5326963156934289
ACC03400,3,0.9044402905511791,380352.95448495954,141483.3040430701,0.3719789799836163
ACC03401,0,0.8530860106489853,3168083.4569429015,932657.497391088,0.2943917071840881
ACC03402,22,0.7571226848874469,2661082.461291503,1861911.5563678734,0.6996820216778371
ACC03403,10,0.8282633956656879,3102198.111486279,1504275.8280718068,0.4849064353762696
ACC03404,6,0.8654557923646516,1066951.140360344,451361.30651942146,0.42303840302095
ACC03405,4,0.8319562033045558,1795416.9569119134,796935.1899568152,0.44387193007663817
ACC03406,25,0.9739539546480247,989281.2384742628,2750608.316310722,2.780410877449671
ACC03407,0,0.8620804039334066,2592306.102616364,665034.71186876,0.25654173756623627
ACC03408,25,0.9401854927036629,6699269.563386959,19138537.088787626,2.856809523441796
ACC03409,0,0.8500901846567357,1492236.9019361557,393168.73361837975,0.26347608285805624
ACC03410,20,0.7384324104305728,3345032.3248888003,2361379.2400521254,0.7059361496994279
ACC03411,0,0.8861208215261707,1590581.416135216,204616.4362291194,0.12864254174822126
ACC03412,21,0.7661370288798974,1659992.8020651287,1214392.0595968727,0.7315646538262681
ACC03413,11,0.8201620988557019,1002991.9969127129,625030.4855634164,0.6231659748904365
ACC03414,0,0.8227731217140224,308264.39860749,157253.5578094571,0.5101255886823521
ACC03415,8,0.8708094459896308,926342.2413153612,401773.2262136277,0.43372007482151426
ACC03416,3,0.8510098677409514,3921527.759286507,1088194.6492669599,0.2774925274186887
ACC03417,0,0.8775801588120533,616161.359503174,178625.94767439927,0.2899012489495118
ACC03418,8,0.8317763027326481,2314485.1797782164,1008378.2987301716,0.4356814671100199
ACC03419,5,0.8188792044095077,2917417.5116742053,1399345.421600399,0.47965209504667816
ACC03420,0,0.8272758646896892,701152.7533718684,256144.6856931638,0.36531937507391216
ACC03421,7,0.8256568283729445,3043627.002936008,1316523.782954196,0.43255096031288426
ACC03422,7,0.8251458529880294,1320362.0458640477,741306.8260805955,0.5614420896167783
ACC03423,21,0.7855091494688758,2136282.4251576266,1461110.644253216,0.6839501308659632
ACC03424,19,0.7770800350466354,2325216.2938510776,1565456.7234575546,0.6732520873853024
ACC03425,7,0.8730032617617255,728712.0407233073,299239.616125143,0.4106417890777856
ACC03426,19,0.8497323101799805,1784816.2634324105,964918.5297481838,0.540626253535214
ACC03427,25,0.9683947047618706,4580745.178621019,8396451.384043293,1.832988096179353
ACC03428,9,0.8465998733387744,1662854.0901025736,760110.7223185613,0.45711209831505634
ACC03429,6,0.8218487951596426,1905074.5753144573,900288.8959849981,0.47257409639010783
ACC03430,0,0.8383435066641188,2131839.975343652,435538.5407936565,0.20430170455146276
ACC03431,0,0.8104779387368152,586002.7412415621,170270.70851503417,0.2905629897810413
ACC03432,3,0.8925281158903005,409086.96161710506,170517.75537399552,0.4168252019080378
ACC03433,5,0.875142238790991,786331.726223243,303725.8589812267,0.38625665079040394
ACC03434,6,0.855747101699843,1150494.6351356024,467136.83668046154,0.40603130376649055
ACC03435,25,0.9564127361612385,1577318.9330427109,4072350.0734053846,2.581817784656689
ACC03436,7,0.8618100401951726,1353782.2945839858,518718.9042183617,0.3831627184766535
ACC03437,6,0.8270929570177629,731402.9020164161,456465.28320543375,0.6240955319523582
ACC03438,1,0.8594724451310546,777846.1361100405,344175.90395249537,0.44247298787610795
ACC03439,1,0.8702981839453182,923997.3761014803,300019.8250134379,0.32469770236716283
ACC03440,1,0.8605077391112167,1982633.8194585885,598060.0983422267,0.30164929724922335
ACC03441,20,0.7284508698217736,1758003.025498143,1351290.2842155125,0.768650715963708
ACC03442,0,0.8459457675519353,2342106.1607966777,719082.9944940911,0.3070240822258424
ACC03443,21,0.7513179940110499,5416213.837148281,3580230.7231561746,0.6610209328517245
ACC03444,3,0.8449206942517317,7044524.561559389,2268748.375121503,0.32205840937820346
ACC03445,10,0.8094945110415763,2347354.919028926,1223172.5795149917,0.5210854863060095
ACC03446,24,0.7281275122882725,1704899.065899547,1521658.6414913316,0.8925212476953683
ACC03447,9,0.865160995858755,748120.3368884575,393229.497890518,0.5256233235498146
ACC03448,0,0.8109250840777085,5124419.33758334,1033429.660414256,0.20166766073082892
ACC03449,4,0.8773479500917711,408341.09448453353,225744.53158032752,0.5528332431622992
ACC03450,0,0.8383060332622718,948988.0650513889,179277.47922640434,0.1889143666065982
ACC03451,4,0.8609824401763855,896289.9028835263,361466.9983041505,0.4032925029516074
ACC03452,11,0.835954075015781,895709.1604593284,556285.4720284365,0.6210559147828385
ACC03453,4,0.8682289266275942,425953.39201508684,270013.3443182163,0.6339034959689973
ACC03454,19,0.8154704870387196,1889062.589173307,1145329.2776104661,0.6062950397592098
ACC03455,5,0.8386190471704746,1045520.7777757564,501129.3489914723,0.4793107508179571
ACC03456,25,0.9925705829374232,1584377.4677537857,3176316.40768833,2.004772519386733
ACC03457,25,0.8012514026825475,3069044.2749173907,4608375.143702135,1.5015668497731849
ACC03458,25,0.9574099886915224,636627.4861640797,2232206.7597043207,3.506299693646919
ACC03459,23,0.8714868564480959,583718.2888419437,425853.3422039096,0.7295528516825691
ACC03460,9,0.8394778320622831,1159864.4118487136,576821.4707008235,0.4973180182168232
ACC03461,6,0.869748491740853,1098903.532932043,424911.0246704724,0.3866681759924319
ACC03462,7,0.8772118859223014,683697.0901636843,324103.95795824996,0.47404612747533564
ACC03463,8,0.8466129550829259,3001786.531883689,1199794.6085468133,0.39969351444651696
ACC03464,10,0.8027971825256823,2744364.0381786833,1490270.1975858056,0.5430293418998574
ACC03465,0,0.8585166054436144,1343089.175979984,351305.9822416233,0.2615656417492108
ACC03466,12,0.8034492635966092,2023493.7784757402,1188167.8633158342,0.5871863190065544
ACC03467,0,0.8351459935249499,1001043.4691911943,194994.39635657033,0.19479113780555257
ACC03468,25,0.8093022971882403,2052110.2428885167,2975951.4108490306,1.4501908078096868
ACC03469,25,0.990536684005233,2613365.943046001,7993086.472569465,3.05854084225692
ACC03470,13,0.777821111818467,2638523.1207739706,1668376.6131944112,0.6323145702452736
ACC03471,7,0.8465759880098155,1284183.4977245443,566867.7471881659,0.4414227002547562
ACC03472,25,0.9864322089026922,1238874.0335422184,3607496.057254135,2.9119151419612015
ACC03473,8,0.8035178991000256,1561976.0799927965,918633.2400650925,0.5881224762861471
ACC03474,12,0.7842425499430539,1216827.5056479725,833781.7401863666,0.685209478185135
ACC03475,25,0.8814358935120848,5944634.998695753,7787328.879830225,1.3099759500017676
ACC03476,0,0.8543844610140062,2240602.02609922,551541.395485688,0.24615767952593304
ACC03477,7,0.8409642731370499,858254.8562548531,479848.3022731605,0.559097683836085
ACC03478,7,0.8298671468669371,1252588.0849769954,653406.9851107651,0.5216455377050511
ACC03479,6,0.8456104834586201,912785.9392393439,442067.758088417,0.4843060558719905
ACC03480,4,0.8682330006132871,586751.4082495399,293868.10614828736,0.5008392004119537
ACC03481,10,0.8203620351564594,1009137.4848632496,634264.457965463,0.6285213536106169
ACC03482,14,0.8059129729912045,1730209.0271880662,1092713.1420982871,0.631549786718061
ACC03483,10,0.828923056613358,1491552.8034291237,785527.9813381336,0.526651138016825
ACC03484,8,0.8503012101966401,1193836.4811473736,546821.523232233,0.4580372034758841
ACC03485,25,0.6604168769512002,593736.1698859422,823619.6173127136,1.3871811405239678
ACC03486,14,0.8517711752712934,548974.4195736231,399882.5468427296,0.7284174500394937
ACC03487,4,0.8230362856890022,9687348.253917594,3816225.3411606317,0.3939391091486092
ACC03488,5,0.8447483530002993,5295919.705311864,1823443.7301925628,0.3443110605252624
ACC03489,0,0.8373734347718236,1231610.5812254082,231796.6146093184,0.18820609220382722
ACC03490,21,0.7717446936531976,4782771.641502703,3155046.4559393823,0.6596690564444545
ACC03491,25,0.73817353458655,359713.2459805422,526989.0473177691,1.4650254145666777
ACC03492,0,0.8608801342300166,1254766.1461366494,440397.66962521605,0.3509798785862803
ACC03493,25,0.9362552927388726,7392374.577223458,21456225.47877752,2.9024808273225218
ACC03494,25,0.8722174715930894,1378654.62850476,1886128.581602739,1.3680936056105415
ACC03495,13,0.7248634864822546,1170830.5381063658,922951.4255868765,0.7882877970364569
ACC03496,5,0.8608288309279182,746023.1314857359,370798.0418930019,0.49703290185458765
ACC03497,11,0.8463828313671355,1760508.077774661,809500.7769330265,0.45981088479654214
ACC03498,9,0.8322411032225145,4580890.6131277755,1846033.0148431896,0.4029856136605587
ACC03499,24,0.7482572670066897,2067737.1683735787,1569009.8284211014,0.7588052545649399
ACC03500,4,0.8548100244334451,2783325.731526855,819470.6393653224,0.294421393113692
ACC03501,6,0.844667485023571,2186664.7446321053,879167.5145622911,0.402058667987628
ACC03502,25,0.871715751101504,2164515.8443046045,2605452.440427164,1.2037114199384482
ACC03503,2,0.8773381097028122,1021989.594108976,299156.8893514526,0.29272009331198057
ACC03504,21,0.7402732844216965,492675.92115123995,494432.97570769046,1.0035663495637148
ACC03505,24,0.7017902557324893,2016957.973733583,1803752.845697546,0.8942937181574617
ACC03506,12,0.7984631314842683,1676694.4161579488,1036622.127022561,0.618253461711838
ACC03507,17,0.8202589206064477,1174264.173819505,779947.2385351195,0.664200829697632
ACC03508,25,0.8405167532029951,2663480.3283067606,2725643.4449499575,1.0233390560397777
ACC03509,24,0.7396899176819599,3040642.4043214093,2258538.4531371174,0.7427833177381354
ACC03510,24,0.5198731445358068,331661.04907424917,415707.41026071407,1.253410406259824
ACC03511,20,0.7655850882565842,887371.2588833236,717837.7588429261,0.8089486239911128
ACC03512,3,0.8604075021792754,1745296.1217149182,554079.4327109201,0.3174701563918476
ACC03513,25,0.7840637005240769,697577.9068664338,974363.0250552121,1.3967802240643132
ACC03514,8,0.8320617211717405,1639655.4003688372,816540.0257941423,0.4979948991784879
ACC03515,3,0.8775088107899333,695002.5251447296,279770.8427660254,0.40254651262995766
ACC03516,9,0.8436268350247453,2094226.839133224,921727.8248882738,0.4401279783377078
ACC03517,17,0.7921504039655576,1125517.7265508384,784681.4950592077,0.697173821920933
ACC03518,5,0.8284023909432455,4971229.391718668,2118028.540855106,0.42605729367134576
ACC03519,11,0.8571748249670254,579814.4791782531,386907.54377193854,0.6672954154582109
ACC03520,11,0.8076498633237317,1459298.307094886,856615.1304399802,0.5870048133923325
ACC03521,1,0.846648931003501,2146202.9976847298,804547.1200886207,0.3748700010933476
ACC03522,0,0.8641804237697608,950369.5188270676,224600.025480332,0.23632915516643474
ACC03523,0,0.8766640691136368,1151581.336234592,218460.83746785487,0.1897050869043883
ACC03524,25,0.949125720743912,1080018.343843839,4107245.0589072513,3.8029400910815663
ACC03525,3,0.8320716582698404,2217015.395162139,886724.1716812828,0.39996301947936325
ACC03526,0,0.8850306745969795,719288.9091934246,212340.97575237355,0.29520957856903746
ACC03527,10,0.8208217232160997,1561201.6994575846,872930.038961417,0.5591398211164534
ACC03528,11,0.7836413409236742,2750289.9425860452,1651272.1539598827,0.600399299139793
ACC03529,23,0.7450349218492621,3972937.004306146,2824333.454727606,0.7108930878255548
ACC03530,7,0.8455085703419525,1343083.2537684203,623172.0724939775,0.4639861830943708
ACC03531,0,0.8661599047288329,1788906.4258055575,426440.7933866747,0.23838071529909416
ACC03532,11,0.8722462493099361,527511.1740492376,331024.1940766279,0.6275207244154609
ACC03533,11,0.8365238802994446,3276116.7392852716,1478438.7196074445,0.4512777893042924
ACC03534,5,0.8745208868320034,541335.4080629474,285284.13108783436,0.5270006854136188
ACC03535,12,0.7361920139204078,1020856.7781188848,811081.3232225446,0.7945103961763473
ACC03536,17,0.7271079670548546,1731445.0129699623,1313310.4228242752,0.7585054177213187
ACC03537,6,0.8620033625775292,855669.4066934844,376626.3453967352,0.4401540389904921
ACC03538,25,0.6707018162373859,828647.9607613477,1067085.2951791757,1.2877426189509424
ACC03539,24,0.7821013902355416,8100000.592549768,7113336.84243791,0.878189669390966
ACC03540,24,0.7202477434291197,2857778.214061573,2273950.7478477526,0.7957058167281411
ACC03541,25,0.8336235798228174,2550039.6088159196,3636329.902417108,1.4259895767288078
ACC03542,5,0.8281665183167878,4958078.367881965,1887839.9308502974,0.3807604057006387
ACC03543,10,0.8574851010697174,947007.9510394766,473787.4776725966,0.500299366180133
ACC03544,24,0.7727130937219697,1781546.4700495766,1345183.0445603328,0.7550648086787762
ACC03545,0,0.8598626170388011,454018.30466408783,136649.2381204137,0.3009773762789491
ACC03546,25,0.9770835389845628,5913969.573438069,14771279.198916012,2.497692795928399
ACC03547,25,0.7378987854808111,2076845.352527648,3967302.4157647057,1.9102541317947703
ACC03548,25,0.8626729764144827,1796019.7139331042,2521646.7165582874,1.404019508803794
ACC03549,17,0.9062893665100038,403957.14436360524,264767.5354004248,0.6554347140401243
ACC03550,10,0.8389337777701604,843318.4441863318,488134.49108669674,0.5788258213155398
ACC03551,11,0.8502396100309093,1111551.0307487051,594781.1315733516,0.5350911610173453
ACC03552,0,0.8662432258247665,840797.9027866931,163084.71887365455,0.1939642312773804
ACC03553,25,0.8831941179367953,4122834.388207885,5981000.758728098,1.4507011913539223
ACC03554,10,0.835108255461305,2941637.9392080773,1299133.5938260348,0.4416361294877018
ACC03555,12,0.8516083554742353,705738.0743823515,421737.20281038067,0.597583180104711
ACC03556,5,0.8640658591579019,1537850.1365768453,559748.8538552894,0.36398140530211487
ACC03557,25,0.6557501355845828,1444599.9254079422,1829274.6371305238,1.266284598909939
ACC03558,0,0.894553205608502,418896.2672235453,87409.78152771347,0.20866689050983345
ACC03559,25,0.9928693873865791,1199099.2310665634,3153679.401434389,2.630040383421215
ACC03560,8,0.8588927655630294,2621393.7646848955,923628.9390655056,0.3523426932300384
ACC03561,0,0.8637802185396449,1334542.2515822104,328563.01788107964,0.2461990375288163
ACC03562,24,0.6888646263387477,2655615.5727300425,2180020.3857909353,0.8209096256917251
ACC03563,6,0.8671493437382972,689801.5131948453,310342.09285850206,0.44990056838399695
ACC03564,3,0.8551279869306485,1841076.664051,637665.7929831926,0.3463548289076182
ACC03565,8,0.7904742171553998,3190708.4298666357,1774115.6306642932,0.5560256192818117
ACC03566,10,0.760664159618198,1477224.954972585,1032143.311738817,0.69870422122538
ACC03567,25,0.7324198892872611,2929164.510327649,3415081.368585008,1.1658892344708238
ACC03568,0,0.8638988020111052,1001536.3858838134,215735.71153818796,0.21540476669533115
ACC03569,2,0.8512675138985086,760394.1909217294,386886.6475698364,0.5087974792401594
ACC03570,3,0.872014660421117,1473966.9992042156,390139.01026654354,0.2646863942525015
ACC03571,8,0.8172296169798301,572207.4494459094,440542.7437808915,0.7699003992476613
ACC03572,8,0.8580933896025931,936925.7984351235,438920.9470541315,0.4684692723663155
ACC03573,11,0.8090828064201124,2443222.7884546435,1308535.4967644224,0.5355776407079441
ACC03574,7,0.8021026334721572,3267945.781467526,1624522.9758276388,0.4971083011965148
ACC03575,24,0.6838658010239973,1444271.7193310233,1256470.0829050273,0.8699679333796106
ACC03576,7,0.8704785642147969,1824143.1898316373,486047.2791908456,0.2664523716669996
ACC03577,25,0.9004532274865374,2104140.067343129,2593546.832734969,1.2325922941098724
ACC03578,2,0.8866478798578131,512190.41682477103,214227.72008564585,0.4182579623681963
ACC03579,10,0.8494408491057812,2516681.0336841512,942515.4080700263,0.3745072957021831
ACC03580,0,0.8538472095658771,2461372.3896149127,525565.2343614949,0.21352528230956586
ACC03581,4,0.8555243804999514,1732181.6874378643,600948.2406237016,0.3469314131317177
ACC03582,25,0.7427677575753353,1516779.5395048407,2136654.5778052025,1.4086784019401544
ACC03583,10,0.8694471794585911,2624717.418630936,784531.0817552601,0.29890116024927166
ACC03584,8,0.8589137756140621,915255.2664160937,422629.0644065779,0.46176086597292754
ACC03585,12,0.8396586440287612,1802437.8940223197,924083.8101065075,0.5126855206335695
ACC03586,0,0.8530525799693793,1306730.3734229854,256980.5627516574,0.19665920987089003
ACC03587,25,0.7751007388584921,2241551.796952318,3617102.950776047,1.6136602132924034
ACC03588,2,0.8594567307714416,2338801.8912372394,573624.9540421487,0.2452644476607199
ACC03589,7,0.8308785568576054,6256749.121682324,2705606.6450598403,0.43243009947190475
ACC03590,24,0.7108702977763209,2582909.944382277,1991894.7007977841,0.7711824042220571
ACC03591,4,0.8574833909238346,4649344.639781086,1113866.8088897846,0.23957501437067721
ACC03592,0,0.8657370687415704,830466.9232462974,300337.11460088706,0.3616484970007818
ACC03593,5,0.8638801769244262,720928.9295254984,350972.97935158364,0.4868343674078765
ACC03594,21,0.7287599985991867,2598832.448369881,1937561.8529680432,0.7455508931264037
ACC03595,0,0.8309442532222551,2107010.1615441656,600271.4196494916,0.28489251291012774
ACC03596,22,0.7148352774620794,2087655.1145853044,1574947.2717914658,0.7544097014819022
ACC03597,12,0.8165824197197964,618194.4799438893,467036.8268979487,0.7554852753462624
ACC03598,12,0.8209321800655738,2906894.71638555,1552386.372814914,0.5340359814424791
ACC03599,3,0.8505191242955148,1785853.0171520475,687584.9460140595,0.38501765789805675
ACC03600,25,0.8068541858918735,1119350.4863102317,1675349.2318018612,1.4967155080482382
ACC03601,25,0.9942197741713464,3721972.903236682,12023349.248390816,3.230369903535605
ACC03602,0,0.8630729764597199,1722146.9129137434,426945.33700866345,0.2479145848749361
ACC03603,25,0.7966812128209585,940127.3299229512,1874355.7214405027,1.9937253835542863
ACC03604,18,0.7956668408376127,2108678.3709006365,1365267.0604327247,0.6474515408670912
ACC03605,25,0.8095627134129737,1401413.4502962779,1741686.7775174729,1.2428072366147596
ACC03606,21,0.7794560249754451,1302246.1958030786,971883.9973044506,0.7463135622408957
ACC03607,9,0.8643638489394148,1128247.1546163205,487443.1082639042,0.4320357523344852
ACC03608,25,0.8209332157779857,2498189.4728278997,3681968.329553734,1.4738547134240467
ACC03609,18,0.7883971894464956,3172430.4963377956,1908355.558008073,0.6015436934587058
ACC03610,23,0.6819649392646557,1579954.6410893332,1287138.3554248635,0.8146679163760161
ACC03611,0,0.8706056878223621,721527.8624043182,188672.58903370233,0.261490371840938
ACC03612,0,0.863346492185928,1813058.6190960533,514277.8499593921,0.2836520808222949
ACC03613,0,0.8298304046542595,1017185.1817023859,252707.3320176125,0.2484378818758206
ACC03614,5,0.8844630107544728,569233.019068995,243114.97462122384,0.4270921862875221
ACC03615,9,0.8698174633940426,1561348.949724516,544011.6757654629,0.3484241468644458
ACC03616,0,0.8421449281943475,3062481.2618523845,683017.3406514425,0.22302743502773628
ACC03617,0,0.8259825392615145,617089.6140233102,204559.5895621274,0.3314908968057924
ACC03618,6,0.8144971473566824,14163992.60455153,6285350.373076204,0.4437555531521838
ACC03619,6,0.8176063612689762,1745650.5827563575,911296.5201158137,0.522038332938823
ACC03620,25,0.5947238794791454,1899596.4369758891,2434981.1793659367,1.2818413069053587
ACC03621,17,0.8321882037367327,957929.7831534875,616429.198143465,0.6435014434087134
ACC03622,0,0.8390719749493559,1250496.4942185234,286193.2787295684,0.22886371937285604
ACC03623,3,0.8380822401419191,1148402.6256870413,563118.9388780454,0.49034974867038017
ACC03624,0,0.8521770865170937,300274.2942095425,171408.97849413933,0.5708413334060617
ACC03625,1,0.858992414763277,856233.4422806759,369968.5140742957,0.4320883719384309
ACC03626,11,0.8435075750110907,1370000.5443125626,687137.6768263684,0.501560148774364
ACC03627,0,0.8519673766554,2079325.9777138347,580786.7740824973,0.27931492238704075
ACC03628,7,0.8516165485753185,592354.1473379,367852.23394843226,0.621000520721595
ACC03629,0,0.8275452269099073,1028893.5182243802,309165.7163404209,0.3004836854973736
ACC03630,1,0.8516081268050112,1462814.5996661042,516897.4337767685,0.3533581315737164
ACC03631,7,0.8402730705431646,1483381.2860360723,734130.7341834524,0.4949035970011557
ACC03632,2,0.8960638714489981,451063.74471509893,148092.43123118236,0.3283181877646153
ACC03633,12,0.8396528972717977,1143894.279747815,617943.0703319758,0.5402099488321671
ACC03634,25,0.7821851640238203,4488121.586752628,5752618.388454022,1.2817429914184473
ACC03635,25,0.7308888012750773,1359227.005968199,1629656.8107681973,1.1989585283492559
ACC03636,1,0.8868794186403742,336782.1231811855,191347.17901133062,0.5681631115211768
ACC03637,2,0.8652766684548696,1149976.9311987797,408459.1727956322,0.35518901441774037
ACC03638,0,0.8728996596345082,333946.71544479183,100782.37600242141,0.3017917869567512
ACC03639,11,0.8832992249547063,441882.62866782455,280478.9228765509,0.63473625048835
ACC03640,2,0.8744553838388053,1359623.0627411155,281871.82600284676,0.20731615528392788
ACC03641,25,0.9549025994702018,4269758.812148511,9500213.350465482,2.224999998462453
ACC03642,25,0.717740162226556,1119563.0085911932,1710154.0727763919,1.5275192728351854
ACC03643,25,0.7856260485225302,2042123.0105240308,3754264.4574031183,1.838412494279536
ACC03644,7,0.8336982505607832,1115056.0221395877,603384.8819932365,0.5411251722002736
ACC03645,15,0.7473949090884315,1237851.9139158048,942831.7419903,0.7616676368078296
ACC03646,10,0.7934704588654605,3682589.9140555323,2022960.7267573976,0.5493309800899249
ACC03647,8,0.8104797254328512,3052646.1777501353,1521394.3021491023,0.49838540517342306
ACC03648,8,0.8440021244710103,1858187.264437996,820564.7003157462,0.44159419021953306
ACC03649,24,0.6471855851640326,854096.7845686916,904008.8104479905,1.0584383723028579
ACC03650,2,0.8418941578435882,1810941.169402976,728991.3356421802,0.4025483256767039
ACC03651,25,0.9706134672289126,1437431.676468221,3667090.7750720335,2.551140923846968
ACC03652,19,0.8350166691817479,1230763.5730668528,778728.9219767085,0.6327201576467273
ACC03653,0,0.8410821194738328,4449415.888107889,980977.1384140471,0.22047324032710436
ACC03654,17,0.7672518321335654,4313384.47031216,2826808.9196671043,0.6553575131369005
ACC03655,9,0.8520734246333734,798223.1445868684,456825.95947910135,0.5723035752308812
ACC03656,13,0.8143665896407822,3896893.831147934,2057499.4445228896,0.5279844752446844
ACC03657,15,0.7757886363068025,1503041.4778278514,1019048.7224714813,0.6779910850791547
ACC03658,3,0.8727911026885018,902110.6577707835,293599.4034851068,0.3254583026550466
ACC03659,1,0.8730047986113915,1212641.8049302634,268502.04553471046,0.22141909048744318
ACC03660,9,0.8082217350064789,3365321.00310126,1814575.8358739426,0.5391984402681789
ACC03661,6,0.8865591096958249,967469.6835317189,275882.53124966635,0.2851588385101283
ACC03662,6,0.8671410533211996,3176333.0665125763,713292.3153278572,0.2245647104354234
ACC03663,0,0.8360048493622835,1190098.331570725,273021.10101683007,0.22941054009922796
ACC03664,14,0.8129409341854636,4128809.503708637,2164698.7618550416,0.5242912660200563
ACC03665,13,0.8018437864353508,1524739.1199962387,985465.7008099696,0.6463175817331954
ACC03666,10,0.8303964070921622,890488.4973182213,546914.8678505609,0.614173983715275
ACC03667,25,0.9496429104392206,8345469.007391163,22624988.539650183,2.7110505736241266
ACC03668,0,0.8539935330998386,324861.7275915839,167160.86496766904,0.5145600443824014
ACC03669,25,0.9914708268544494,2980832.179806919,10233529.177093372,3.4331114802163203
ACC03670,16,0.857325143463628,721899.1780456804,446997.86736476753,0.6191970859073098
ACC03671,5,0.8202669709109113,4467118.813124116,2059790.2396636761,0.46110039285548915
ACC03672,9,0.864629347747117,1247862.7454622623,490311.5117416201,0.3929210271919669
ACC03673,6,0.8522059552596603,905532.4761695694,445662.21217078116,0.4921548634632589
ACC03674,0,0.8477710125366161,1835433.4574126804,514809.549280279,0.2804839081477683
ACC03675,0,0.867739019019498,956290.8140427364,282664.14583888114,0.2955838764610877
ACC03676,13,0.8201234018046101,1932958.3703804368,1054567.026718339,0.5455715150817156
ACC03677,14,0.852966595006717,415338.6618385551,361966.2263552727,0.8714965872740528
ACC03678,16,0.8414668395909816,765801.6200021066,533652.6739141172,0.6968549817283609
ACC03679,0,0.8733173581346837,907654.3539569138,160209.7462223852,0.17650964326227464
ACC03680,7,0.8365051105768451,2077835.7880671981,866548.3672892856,0.4170437203294821
ACC03681,0,0.8403663384319408,2359668.725863451,613240.7130245345,0.259884239810034
ACC03682,25,0.8691173160016222,2523020.842995242,4114345.8547375337,1.630722102895165
ACC03683,24,0.7040033423586304,733214.7541064715,703910.829279411,0.9600336399902759
ACC03684,1,0.8896724029930403,1107776.2106422023,199491.73224295105,0.18008306219836703
ACC03685,25,0.8209984237719756,1107888.2155996577,1590116.3151489526,1.4352678300565578
ACC03686,11,0.7987904931986058,1751963.7313710002,1020611.6017196993,0.5825529281482438
ACC03687,5,0.8509125082602238,919045.7292756201,418771.10255459085,0.4556586132930086
ACC03688,12,0.843702144466225,10998886.434208347,4016805.65259654,0.36520112073378747
ACC03689,25,0.9272136602418596,989084.0431817209,3225229.3235547063,3.260824341255849
ACC03690,20,0.807972036318891,1865868.4132918266,1226678.8282765653,0.6574305130726866
ACC03691,11,0.7900837758693785,955913.3449364114,659841.5151406863,0.6902733586009094
ACC03692,3,0.8552705538016061,3770220.6349545447,1042804.5735184365,0.27658980056773497
ACC03693,11,0.8770442944266329,1018659.3132755656,390815.4105224092,0.38365664106649816
ACC03694,1,0.8909440116935584,655666.4745741703,144858.37303469286,0.22093301800854268
ACC03695,25,0.761156968218327,1748588.453564466,2834812.777674997,1.621200672974983
ACC03696,1,0.8677359450976257,1661458.5151115449,450897.1342788837,0.27138633325949274
ACC03697,10,0.8602076770652914,854881.5945669899,428303.9657953846,0.501009693643395
ACC03698,0,0.882882411451507,410064.53599341953,134617.9018119778,0.3282846722793362
ACC03699,0,0.8425202674665376,1558053.7149434313,390335.6716467871,0.2505277372038224
ACC03700,9,0.816458679271801,2054327.4639724602,1039640.4107164971,0.5060733641296606
ACC03701,10,0.8089706777152911,1051414.051244819,687145.0975754954,0.6535437649534469
ACC03702,25,0.95862558937142,1757911.5967419671,3943324.997560793,2.2431873166256886
ACC03703,7,0.7981670138123825,2183121.612980041,1266833.2044654111,0.5802852195376039
ACC03704,22,0.7332417678467552,2177241.4488305217,1623003.442526788,0.7454402649731678
ACC03705,24,0.6862591809936948,1625071.0336403947,1340164.3160446677,0.8246804529168829
ACC03706,12,0.8309187101091915,1853902.4055075126,911888.1239129432,0.4918749343028715
ACC03707,25,0.7577953840406434,1895837.591641143,2727697.814475101,1.4387824286751554
ACC03708,19,0.7350685704819495,672085.3459982398,618028.3137936455,0.9195682028681876
ACC03709,21,0.7387229263826739,3595170.856259857,2479794.761462013,0.6897571382857179
ACC03710,9,0.8379047148322686,1212511.5468893582,610782.3047250697,0.5037331861226421
ACC03711,15,0.9354806452775521,13591757.133770498,19284395.114575766,1.4188301721976158
ACC03712,25,0.8891468780283985,999867.0038680069,1964671.0785464344,1.9649324069561875
ACC03713,25,0.9919319863870674,815564.3217553763,1541970.1165066136,1.8906787305111152
ACC03714,8,0.8229500782494787,1500604.943126071,827690.6574867325,0.5515713254699011
ACC03715,20,0.7566593679372641,591948.6731884655,558366.0965390288,0.9432677558536486
ACC03716,0,0.8825642664944504,865894.1719878366,180273.36255635362,0.20819329704287
ACC03717,6,0.8358756897652057,930598.5079754168,515930.12649090233,0.5544067845255254
ACC03718,18,0.8174485284659803,1867654.8343303239,1117480.054280242,0.5983332860758137
ACC03719,0,0.8397366884144138,3449101.6402888466,627524.4450330123,0.18193851920828288
ACC03720,12,0.8169135001525493,1844926.670064107,1010860.1528629565,0.5479134587109803
ACC03721,0,0.8583053335369009,1508530.177280957,429084.9808098477,0.2844391098514515
ACC03722,6,0.8610495229049957,1487391.7760664425,530690.6696730264,0.3567927954237393
ACC03723,0,0.8535786729382648,1371122.0730347387,308628.94438570546,0.22509224412280765
ACC03724,7,0.8301208403744194,2522816.512015346,1165274.724997695,0.46189436268863576
ACC03725,24,0.7484241126289389,672284.746443963,646586.9417324543,0.9617754160756484
ACC03726,0,0.830332178699988,2186323.812594766,699518.9735979765,0.319952135895083
ACC03727,4,0.8363275690749762,1131490.6916552272,538015.5969240837,0.4754927290979612
ACC03728,24,0.6359244945349964,1461860.1939141017,1265879.1461296265,0.8659372157471914
ACC03729,14,0.7865357371476266,5126711.774700162,2919217.997186715,0.5694133248513754
ACC03730,24,0.7123834590589871,1768928.721924002,1689571.6825394547,0.9551383623313927
ACC03731,14,0.8594136254514081,590689.977759097,414429.0510825994,0.7016016297666342
ACC03732,7,0.8779412483684289,1313959.8838648647,418361.46258468967,0.31839743946681737
ACC03733,0,0.8328063390193666,779676.259380498,195340.73967876018,0.2505408332350285
ACC03734,0,0.8502752519314589,972624.588977834,170443.6006681669,0.17524089211778227
ACC03735,25,0.8871243319873552,2322133.8569684555,2773291.625848825,1.1942858580380702
ACC03736,25,0.9923663212455728,3320617.370224196,7853784.835021624,2.3651580291803884
ACC03737,0,0.8747143786304847,3333648.775298418,487822.6107901981,0.14633293537245226
ACC03738,6,0.8289799676788817,850333.9879580614,501444.2459075792,0.5897026968329419
ACC03739,21,0.7139703283772758,1259468.6263715154,1013853.2380769016,0.8049849093881575
ACC03740,9,0.8117679792686853,1404861.8820171927,788987.7971742162,0.5616123601000093
ACC03741,25,0.8219481352908132,1659640.9234232109,2273453.25798281,1.369846468532203
ACC03742,0,0.8534573151691065,1910786.030225022,268535.9403782131,0.14053689744978365
ACC03743,0,0.865340489984668,728586.2498886527,195950.32253381287,0.2689459519223143
ACC03744,25,0.8325393691687653,1732910.3413372086,3063064.8853605003,1.7675841688363816
ACC03745,25,0.9610269370241941,2739630.3863908956,5470440.794302941,1.996780595469132
ACC03746,0,0.8280171087467944,1517281.4033398274,389664.76857453055,0.256817731843812
ACC03747,7,0.8407513325601015,13734713.589062126,5047211.019302303,0.3674784324095215
ACC03748,7,0.8808087620058236,743243.9907177289,265021.3428201488,0.35657381173607006
ACC03749,0,0.8417261251044426,1554618.1966223803,349341.93039254687,0.2247123642007663
ACC03750,5,0.9122378834524312,416632.6898198186,119421.5721759725,0.2866351467226895
ACC03751,7,0.8498601801849145,1552355.2109910874,640235.5973231125,0.4124285426364239
ACC03752,8,0.8453844862067662,927890.0164353112,483363.4080326067,0.5209274800579826
ACC03753,1,0.8662784339426015,1676039.9088223483,443583.1044220501,0.264661421298571
ACC03754,3,0.8458293904084572,4563640.977938996,1328484.1780861386,0.29110181640232813
ACC03755,25,0.9924981683855706,3357177.880279205,7377609.405026169,2.1975628543139925
ACC03756,9,0.751801749830007,2111468.3087857827,1417107.9941304096,0.6711481239068794
ACC03757,14,0.8131311663960676,6474316.305615542,3393493.4023171864,0.5241469897560946
ACC03758,3,0.8580600755549187,1079127.8552083757,462344.39182289416,0.4284426442996572
ACC03759,25,0.991789301051596,7289852.348831089,15260811.527189612,2.0934321844854167
ACC03760,8,0.8483807982080392,1119045.483747913,539207.8866404382,0.4818462649386871
ACC03761,13,0.7963494557058574,2503164.518884772,1457650.7853152927,0.5823232050143935
ACC03762,25,0.827048350033679,1366878.0774808237,1812124.3846161983,1.325739591899791
ACC03763,14,0.8541440651369249,1644446.8016351801,749048.8639806173,0.4555020346269575
ACC03764,2,0.8550790316880749,491904.57993500505,273700.49434102094,0.5564097296617664
ACC03765,25,0.7617062603336049,3647668.7083683554,4791801.102275509,1.313661268437653
ACC03766,24,0.6670624141867088,1424593.8648575325,1414541.8839945302,0.9929439673222181
ACC03767,1,0.8668145042501452,967406.8829220034,286573.4778901156,0.29622848767060134
ACC03768,25,0.9870350329326065,1930614.022525544,4312254.769347479,2.2336182784513174
ACC03769,18,0.7815718028340889,2517966.62042739,1592818.5270868512,0.6325812717948153
ACC03770,11,0.7608744098557407,2886562.442196291,1818835.4287121769,0.6301043075057419
ACC03771,24,0.769069774783685,1654145.9417997403,1546286.3441451422,0.9347943884943763
ACC03772,17,0.7981977015900834,1083698.2168724802,759003.1533087672,0.700382395662906
ACC03773,5,0.8660883454573189,780221.3415621216,356492.6331986485,0.4569121789015616
ACC03774,7,0.8260142537138206,1744654.390073602,843873.6317955053,0.4836910029842097
ACC03775,9,0.819611904553709,1047064.8762178742,655009.3441156162,0.6255671057189786
ACC03776,21,0.7811392687076308,2124857.6440723003,1437987.3283330663,0.6767452550737265
ACC03777,9,0.7755442092764384,2235115.2687846683,1377281.9193126068,0.6162017407099976
ACC03778,21,0.6875477579699812,4098782.195867802,3122653.693625433,0.7618491406480551
ACC03779,8,0.7979497686868332,1975241.904035703,1134658.7175001714,0.5744403838243309
ACC03780,6,0.8818304354666356,814060.3023097697,308851.40106909466,0.3793962194112362
ACC03781,0,0.8827708202089064,1013760.070976657,209144.91512182786,0.20630612815548902
ACC03782,16,0.8295431013358844,906734.7593712438,601455.1902969579,0.663319878366662
ACC03783,7,0.8277980582556935,1015852.0871266646,556985.8688227803,0.5482942604353096
ACC03784,0,0.8751085416797517,453734.1351648219,177084.83798055828,0.39028326117943724
ACC03785,25,0.8036377771221338,1440802.9832151667,1538852.9981168008,1.0680523402879376
ACC03786,25,0.8039730755758878,5414159.724161627,8423866.341681119,1.55589542437918
ACC03787,9,0.8226051965668578,1603293.3358662312,875389.0656594563,0.5459943268500514
ACC03788,10,0.8372079769657443,2809326.1318925223,1214165.6825404384,0.43219107555964215
ACC03789,1,0.8658387563248556,2938163.662843286,687619.8922400117,0.23403049358203418
ACC03790,25,0.853068148054054,1607423.3660691073,2619851.890993576,1.6298455940704184
ACC03791,24,0.6093872797437888,1587155.618872647,1361933.5011538805,0.858097016423165
ACC03792,4,0.8451193747994064,2335896.7876900816,822928.8640954547,0.3522967574732749
ACC03793,5,0.8846303722229679,730851.5807717944,229754.10369976706,0.3143649268120101
ACC03794,12,0.7988825894520651,2541890.915756962,1494483.9441086776,0.5879418093217537
ACC03795,19,0.7923527434003047,771452.1307187568,626611.6451820768,0.8122495489101405
ACC03796,25,0.8926612836359944,2447629.8394157356,2836678.103157975,1.1589489789171337
ACC03797,8,0.8624755743558143,1318826.0590373476,539102.087418913,0.4087742153142019
ACC03798,25,0.9904453689495493,2320427.803322683,8351573.171455689,3.5991523457428176
ACC03799,18,0.8273095701739543,2431534.407385344,1275510.08106291,0.5245700316593422
ACC03800,23,0.7247948892057375,3940167.262033798,2894633.164913225,0.7346472807905877
ACC03801,7,0.8469322310254851,664762.7431108092,405740.5268711309,0.6103538910325155
ACC03802,25,0.9186849145996874,732112.1465689249,1478036.0823428407,2.0188656741589663
ACC03803,6,0.8271767255348429,1385964.285877813,701923.0449629733,0.506451033489946
ACC03804,2,0.899237766280415,511641.04039540206,116904.04795625826,0.22848841028451017
ACC03805,12,0.792262666180873,3195384.3551710295,1879612.7922408732,0.588227450384531
ACC03806,4,0.8405709309943421,1439071.0047118806,625103.3579178029,0.4343797879820087
ACC03807,14,0.8100703642303031,835415.6828001837,615504.9423130451,0.7367648884085682
ACC03808,8,0.861894379649796,1653443.4833105113,657137.09679306,0.39743547537370033
ACC03809,9,0.8656742061429693,755787.0915362469,401534.9990032357,0.5312805729283595
ACC03810,24,0.7891833671454842,2563066.693334833,2083311.309162556,0.8128197813112455
ACC03811,0,0.8736544941107549,997785.4912971563,247121.80536562885,0.247670273341379
ACC03812,1,0.8590320843018702,3523729.976713888,808013.9884184444,0.2293064433875751
ACC03813,0,0.830070454127893,1379248.4449656554,399856.8658658319,0.28990923812554215
ACC03814,6,0.823771435455817,2016921.1261772378,1031214.003168876,0.511281274108811
ACC03815,3,0.8606131864678337,2698692.1801217142,722364.5509837287,0.26767208068581916
ACC03816,14,0.790733549280492,2762207.7632723474,1661525.185607294,0.6015207138650965
ACC03817,4,0.8804063125716312,390763.40099469235,222886.86676961192,0.5703882866262578
ACC03818,7,0.8340718891314388,2228074.1525503267,969462.8670969853,0.43511247863420816
ACC03819,25,0.7806586525452189,4332198.114204972,4787131.514732109,1.1050121413043053
ACC03820,25,0.8854439280692497,2182744.506598227,3569854.591364117,1.6354889821382157
ACC03821,24,0.6574003806261998,1173341.0475746803,1142361.9789426057,0.9735975582750566
ACC03822,6,0.8255135078737906,559071.546531684,398254.77653110476,0.7123502868313737
ACC03823,9,0.8385199071971615,1945922.2204126397,853093.2993322575,0.4384005128176994
ACC03824,0,0.8696817586901746,818440.3790694948,229760.80638111307,0.2807300473643955
ACC03825,0,0.8642541154912896,562185.4964158663,146636.24998209384,0.2608325026471732
ACC03826,1,0.8656078897018231,684756.7010389416,306053.25855639833,0.4469518269657551
ACC03827,2,0.8138116671709599,1164607.7960362565,632180.3859410255,0.542826853892488
ACC03828,12,0.8535126038399304,295736.5632533202,304263.45904038317,1.0288327411844542
ACC03829,19,0.7802515588163355,2393464.383946696,1589945.161163109,0.6642861167381875
ACC03830,25,0.6948864095242077,825663.0242113698,1012006.0430168045,1.2256889473564836
ACC03831,7,0.8583751920501825,947837.5450554348,451112.16367792554,0.4759382723666448
ACC03832,3,0.8804798535636166,2294444.2551209847,447913.7665551391,0.19521666981249927
ACC03833,11,0.8487319922148111,1283509.8615917007,604617.1928546102,0.47106548297557677
ACC03834,25,0.6949536530369479,1653554.965970279,2480370.7930232245,1.5000231888679816
ACC03835,11,0.8131458223368527,1598017.3752866026,900666.154594532,0.5636147444473177
ACC03836,1,0.8653304427705869,1825168.060697193,416733.051485352,0.22832585144305273
ACC03837,25,0.8731614590521776,592544.0653257121,790921.8738698892,1.3347899677893693
ACC03838,7,0.8921998440321923,371367.49143872946,230556.1899698644,0.6208302969025575
ACC03839,19,0.7821402857064637,973467.1541772834,761120.6331340367,0.7818657567109089
ACC03840,24,0.6916134836361993,1674742.273047953,1672884.9923440104,0.9988910050615953
ACC03841,1,0.8365956683925418,1561887.1614621177,622101.089024425,0.3983009172327547
ACC03842,24,0.6145829084644776,953887.0689492654,963342.0353837621,1.0099120396347459
ACC03843,6,0.8965044921069031,409193.170694998,207232.32962214883,0.5064413202942101
ACC03844,8,0.8621474134439313,464232.0972957961,312130.84085076716,0.6723594569806014
ACC03845,8,0.8523815146989726,1785596.2303790296,747724.9530853728,0.4187536579457567
ACC03846,25,0.8813042313206244,4194715.492999859,6205651.624511937,1.4793975026120192
ACC03847,12,0.7647567544344226,2462338.385978712,1565882.8087648891,0.6359332322809457
ACC03848,25,0.8439830140342274,5920798.3110183235,7254645.285641588,1.2252816097689123
ACC03849,0,0.8769828740566153,646846.9751486587,124730.93263279868,0.19282911944379574
ACC03850,2,0.8667331742907106,1515889.7711971249,370242.4360637581,0.24424100162069906
ACC03851,9,0.8409533380856798,1981892.3664057355,914886.9281381556,0.4616229133559611
ACC03852,13,0.8139146193340173,4306294.689883396,2322497.9515074366,0.5393262929644799
ACC03853,3,0.8927405402460565,429177.0398720457,187502.16175679822,0.43688768115997045
ACC03854,25,0.908342754750585,1631317.596430918,1858309.762148535,1.1391465194847665
ACC03855,20,0.745925779523055,3480438.6718986616,2402994.8562752525,0.6904287312048403
ACC03856,19,0.8237500858456263,3492826.582515734,1820880.107784729,0.5213199295091332
ACC03857,9,0.8799676369410456,1141910.1108970684,385622.9465305292,0.3376999142494581
ACC03858,25,0.8543586884779248,4535637.955654631,4812354.856330296,1.0610094772513046
ACC03859,14,0.7700859344462394,1867790.0762851276,1259147.4968796098,0.6741375879798788
ACC03860,25,0.929155519806412,1737194.7349083144,5484929.930502222,3.157348925992287
ACC03861,8,0.8438513328404962,1340289.2559101507,640568.3990490668,0.4779329508346135
ACC03862,13,0.8218560520074222,587905.6001742375,467506.30608449015,0.795206417400915
ACC03863,0,0.84915517866012,564274.909983526,272517.9194320368,0.48295239538471235
ACC03864,0,0.8474504222698784,250533.30222090846,130925.7428285317,0.5225881815627351
ACC03865,12,0.8286149383206718,1455016.7579680206,792313.185294453,0.5445388728037365
ACC03866,20,0.7959944194633521,2082451.0974628588,1368282.989157766,0.6570540796011033
ACC03867,8,0.862527352548819,1230737.248430793,470228.5650576405,0.3820706374631859
ACC03868,9,0.8159559282599285,3863098.0619331356,1969369.4832226753,0.5097901869561089
ACC03869,10,0.7937493987778359,1151889.968087009,786504.3797030454,0.6827947125967471
ACC03870,10,0.8209340973066866,2126536.252514068,1110773.869589178,0.5223394937546824
ACC03871,11,0.8589254549012905,1601910.1408509302,697449.7798893215,0.4353863316695393
ACC03872,13,0.8448550561410254,3242622.646233235,1392819.69838614,0.42953493216489347
ACC03873,4,0.8533514125969649,1310687.2548455244,565410.9165020897,0.4313850725348879
ACC03874,25,0.7979488013109877,1682161.1245314216,1900264.4245116978,1.1296566047090348
ACC03875,0,0.861087133311203,1076125.2003692805,258698.327684992,0.2403979830564489
ACC03876,10,0.8380154760037237,1265827.1439736676,690644.9487867916,0.5456076306111814
ACC03877,17,0.7527143253363243,3003802.5787644014,2062070.5290022246,0.686486703081015
ACC03878,25,0.8647895750146861,2885685.903083335,4854215.67242364,1.6821704909868898
ACC03879,7,0.8452924284644572,4133032.4035855383,1573547.518474144,0.38072469916012297
ACC03880,12,0.7723738109341256,1729314.942674123,1124702.4591533171,0.6503745682172477
ACC03881,15,0.9731312024517803,13840152.909599587,38277852.71376364,2.7657102463957575
ACC03882,0,0.8522672466105246,5466427.929510248,1235338.9678560419,0.22598650961574449
ACC03883,6,0.8536904879991495,1997707.175835498,704769.2532891966,0.3527890682949778
ACC03884,2,0.8630068759837719,3122902.993651519,747330.1161023392,0.23930622168590257
ACC03885,1,0.8535414035299892,1677946.3866752242,555564.0735553611,0.3310976309893825
ACC03886,13,0.8578285546725265,1150922.6972929996,602207.3204267427,0.5232387212826284
ACC03887,12,0.8728118506237932,517288.61467678746,314756.85717876226,0.6084743569611112
ACC03888,0,0.8607352405337972,3146901.3361176564,790698.2555012031,0.2512624868235273
ACC03889,4,0.8489167323652893,938194.7345882813,467928.31896849995,0.4987539385134647
ACC03890,12,0.8124886792896346,2481058.1991829243,1396703.7485763368,0.5629467898158563
ACC03891,25,0.8684282855677363,1089182.1912806693,2826944.0902195633,2.595474028909359
ACC03892,25,0.8569269619768007,942280.0258846884,1318266.7714936866,1.399018057563081
ACC03893,9,0.8649038145690368,816719.6356689772,372718.2161822369,0.45636005295371945
ACC03894,24,0.7384952342349069,3768414.7900907695,2914868.4126362707,0.7734998865573555
ACC03895,5,0.8575840834391906,1758923.2765601384,550407.3355440729,0.3129228789447168
ACC03896,5,0.8906471521929152,374284.9500348986,209678.84232365573,0.560211791321305
ACC03897,3,0.9075340803761001,309567.4851248255,127147.8570232782,0.41072742821168357
ACC03898,8,0.8035148084136248,4878968.313113204,2380990.7729354613,0.48801111631245314
ACC03899,0,0.8900526605309446,381609.35725998745,158179.5891958567,0.41450657900951365
ACC03900,25,0.87461161537351,1317468.2440710396,2241623.211775862,1.7014628032696557
ACC03901,14,0.7892624758137128,2158371.7729052408,1319985.2005986595,0.6115652628378823
ACC03902,7,0.9058272033564378,385072.59161045734,166668.545875683,0.4328237052100719
ACC03903,0,0.8665733237202432,1271118.8854279963,251946.6442336333,0.1982085602864761
ACC03904,3,0.8613121834218493,1005803.5529917732,418886.2865638306,0.41646928499889363
ACC03905,0,0.8463835491664427,324399.0851949664,70584.98553861366,0.2175868822077335
ACC03906,7,0.8789927999483083,796385.8339024993,299252.1933798176,0.3757628283182831
ACC03907,25,0.9351990520325107,4194030.480517684,8186955.967306081,1.9520497062042184
ACC03908,20,0.7844211039434498,3721444.1533870394,2349465.2154429546,0.6313315795172176
ACC03909,20,0.6700874109275696,1679251.392114249,1381815.8896096845,0.8228761316493056
ACC03910,25,0.8465731503698063,3010889.3571351557,5836235.408122599,1.9383759135127252
ACC03911,15,0.7811458372794918,3025008.819567389,1869023.8589678947,0.6178573255317605
ACC03912,10,0.8612079759723203,1492122.460302039,599074.4395746391,0.4014914697104505
ACC03913,0,0.862701199379838,1013705.449627159,246109.32767620165,0.24278189267574787
ACC03914,8,0.8512908504412202,1161503.678865709,580364.8642350315,0.49966683256810607
ACC03915,25,0.9926401571832225,2957784.455761157,7659946.939623807,2.5897583323571136
ACC03916,0,0.8909033416779444,473954.1721776398,124671.28528192868,0.26304502122876433
ACC03917,22,0.7747937223688294,1200206.7451346372,923550.9868970062,0.769493248259827
ACC03918,25,0.8746051273451128,1157515.397097691,1125957.3001613382,0.9727363480300302
ACC03919,25,0.9460016483087682,4707874.830178691,13306155.092881285,2.82636127188119
ACC03920,25,0.8808699878000755,2320643.3393225437,3321858.4036670323,1.4314385788540729
ACC03921,7,0.8793466743843309,389280.9036384998,241394.8987411571,0.620104650613237
ACC03922,24,0.7541489965868889,1601025.0153276373,1372670.5254083378,0.857369817627385
ACC03923,5,0.854613802937135,1119473.0950613334,490658.5338819422,0.43829417254110975
ACC03924,10,0.8157016120194597,1260536.3780602487,748437.6661679815,0.5937453921954239
ACC03925,2,0.8764655687076419,537698.1912367288,254463.59997836885,0.47324615207109344
ACC03926,0,0.8762081718674206,839399.8932587109,166454.51062525797,0.1983018010391325
ACC03927,25,0.9921040833018381,3303037.522401342,8845255.875575813,2.677915650544963
ACC03928,2,0.9112566291788352,384160.4262062459,102816.37469007722,0.2676391623818059
ACC03929,5,0.8951821038971072,458170.14083467255,165403.65671188824,0.3610092451912377
ACC03930,24,0.6195069391411009,1770422.0685391768,1714068.9781430203,0.9681696859762626
ACC03931,25,0.9512298994364513,2181997.337037959,6541681.110929948,2.998024332976602
ACC03932,10,0.82896285428331,1967265.4613189034,932259.2855437839,0.47388586028383495
ACC03933,8,0.8256841620497151,2317641.9438242284,1093053.1532954182,0.47162295979672525
ACC03934,13,0.8312592734870222,2306223.1480354895,1126348.0196073658,0.48839507164205814
ACC03935,1,0.8721559642232742,1090445.8447222658,293830.1205656293,0.26945870075782363
ACC03936,3,0.8729499538949737,542640.3512261662,271505.41843038704,0.5003413730970896
ACC03937,24,0.7051082399406677,1510760.0485218458,1207763.2988953192,0.7994408510319133
ACC03938,24,0.6088554336537221,1690076.9431689435,1664067.3764889576,0.9846104245223195
ACC03939,10,0.8960251339954799,402080.61886945245,240342.38077534072,0.5977467440512846
ACC03940,13,0.8003628602947904,1271674.9923894035,818546.1920670273,0.643675622282252
ACC03941,11,0.849127876198734,1914083.7367742893,820717.314170381,0.4287781659717225
ACC03942,15,0.8510708620882963,662088.6188475364,446134.9289150143,0.6738296297730937
ACC03943,25,0.8568461423101509,1339847.2709265777,2324415.207674091,1.7348359459407867
ACC03944,25,0.9872222073337282,2165114.191819706,5353067.81095821,2.472418236037304
ACC03945,25,0.7822791413076836,3490037.0740169417,4655150.181657865,1.3338397509628481
ACC03946,21,0.7286123954165732,642837.8918686361,604689.1248692479,0.9406556964330536
ACC03947,7,0.8695378383999542,1629130.5456671987,543868.692689451,0.3338398473565625
ACC03948,0,0.8488008350729895,868224.6405986495,342036.3664405359,0.39394915837069355
ACC03949,24,0.7172343075847321,1031486.2886312488,923263.133026889,0.895080374022258
ACC03950,11,0.7973288704110005,1063520.0904655852,706755.3724751732,0.6645435086851736
ACC03951,2,0.8702188195847645,467707.6659726225,249141.34196724618,0.5326860346604405
ACC03952,3,0.8517710393759995,1658207.6657545716,547402.6258380894,0.3301170517680561
ACC03953,0,0.785572997760164,3225971.1010703887,765632.8847710475,0.23733408043147308
ACC03954,0,0.80305133445631,1470663.4036588236,533272.8959412754,0.3626070347671399
ACC03955,21,0.7637706491566774,3474743.4468229082,2285993.69023665,0.6578884816163398
ACC03956,4,0.8554684464356137,1019786.9241769313,442497.9575491839,0.43391217033531143
ACC03957,5,0.8898705732888904,946944.6418439833,249630.55992751947,0.2636168461140605
ACC03958,14,0.7801102472466386,1938601.3632839788,1255350.624875708,0.6475548035049102
ACC03959,0,0.862276686715576,620400.7812310874,171163.56926151348,0.2758919305708584
ACC03960,12,0.8527005811513909,973381.4471112085,546221.130548726,0.5611583538702073
ACC03961,0,0.817406965243418,844647.2894081749,235641.48323328793,0.2789821102704261
ACC03962,3,0.845508381799783,1231727.4472397345,521297.09363775986,0.42322438686088515
ACC03963,8,0.8421271882434122,4619639.652513257,1737559.0063973805,0.37612435971106173
ACC03964,11,0.8175883253514373,4010555.762591438,1991895.4652219077,0.4966632015944932
ACC03965,25,0.9561770818232376,2914848.4155043764,7222490.041747128,2.477826978353305
ACC03966,13,0.8342957783190845,565967.0687939276,429502.28287517355,0.7588821091489305
ACC03967,0,0.8357112923062924,2969974.2740854155,922961.1474316375,0.3107640209159244
ACC03968,25,0.8463260579706364,2294185.068777912,3659576.578962667,1.5951531673563217
ACC03969,11,0.7829711803451858,1481245.2294941593,1001466.092240067,0.6760974295809645
ACC03970,12,0.7953002191883528,2221265.9320276207,1331310.7359302859,0.5993477488375452
ACC03971,1,0.8702169690437003,662759.0841325717,268977.3905672552,0.40584489448273137
ACC03972,14,0.7939888823950398,1717697.111910378,1098809.003377432,0.6396989293155213
ACC03973,9,0.8316970327142357,3559647.8573159347,1560264.8476495738,0.43831999967155555
ACC03974,25,0.9128223976812491,2044701.8833282094,4340868.281590576,2.1229834612979586
ACC03975,25,0.830432641522162,7154118.059148532,8798041.415982554,1.2297870042460102
ACC03976,21,0.7719713844591242,2552925.8818778,1757585.602536468,0.688459314472412
ACC03977,1,0.8581670144617795,2658612.1214992832,765743.9287965212,0.2880239364758074
ACC03978,2,0.9073561419999,351309.75744842686,138997.09799312113,0.3956539636207692
ACC03979,8,0.8337715927410322,1633906.156020397,810243.7089986783,0.4958936631783909
ACC03980,11,0.7879445410853829,3184209.6689312095,1853774.1059515353,0.582177148709482
ACC03981,5,0.8373411532389194,2945701.466951526,1101211.2985814856,0.3738366942258807
ACC03982,8,0.855173847603309,2860852.0939700156,1067564.4224623584,0.3731630952584113
ACC03983,6,0.8708398764840869,872089.8640193385,354002.07895837724,0.4059238543684384
ACC03984,17,0.8115234304691802,2044904.9932033198,1217649.5765306912,0.595455329503234
ACC03985,24,0.6913514432883664,1868991.8188909115,1486243.98584309,0.7952116059689605
ACC03986,25,0.7568243245539584,2245904.819454252,3147238.817171145,1.4013233285353182
ACC03987,10,0.8517103590531772,1403465.9149116087,607996.591138439,0.43321079954886615
ACC03988,11,0.852065047209202,656508.3689170532,398647.98801104346,0.6072245334338011
ACC03989,13,0.7912166543421796,2118760.232140601,1306418.9928990647,0.6165959569569506
ACC03990,4,0.8448271740341442,6308584.665944651,1895291.0861908847,0.30043047475008927
ACC03991,4,0.8343212115333357,361661.78237355506,290511.3466857252,0.8032680278771074
ACC03992,0,0.8391287161206632,1668239.0744995617,506230.72985890193,0.3034521475950688
ACC03993,16,0.7846348069927603,2801271.7589075775,1722972.8012770182,0.6150680653521928
ACC03994,25,0.9403511143560377,2838740.3601604803,8865773.173693527,3.1231363382568476
ACC03995,0,0.8708058177095133,587765.678013195,125908.6811350555,0.21421577653302332
ACC03996,2,0.8824632018389351,548430.8294964891,190380.51090231148,0.3471367776262662
ACC03997,9,0.8348986370573196,1041479.7793976456,603184.2590168976,0.5791607969246966
ACC03998,20,0.8237822745318235,870366.4075720345,638352.830451805,0.7334299955722645
ACC03999,11,0.853143300876453,566005.4959105335,372674.33093678957,0.6584288202666091
ACC04000,0,0.8777859451960155,805661.46044224,165647.31927659927,0.20560412457320834
ACC04001,16,0.8307695687254936,1908091.3368128003,1067367.3169732303,0.559390054543258
ACC04002,4,0.8759983910249454,490553.6523663734,261387.442941087,0.5328417017795802
ACC04003,9,0.8674199997922344,739681.2201358665,379429.1723205186,0.5129631008488008
ACC04004,7,0.8787049788937579,490795.254280755,249606.94853896252,0.5085765323969027
ACC04005,8,0.8690737727690897,2313885.081651744,666772.9439375952,0.28816165038828373
ACC04006,25,0.7422239156038424,1133195.4381041892,1742615.83555054,1.5377893141415195
ACC04007,0,0.9042940640934034,369854.72587135236,119006.01217169662,0.3217642059090272
ACC04008,0,0.8029576961565401,1516817.5683138503,615057.8948916036,0.4054923332509422
ACC04009,12,0.7946820896813687,1139192.3208114076,782646.3910285174,0.6870186681657626
ACC04010,8,0.8321344625418112,1753357.517910552,837704.2547106993,0.47777150190622736
ACC04011,0,0.8316171927798709,2349001.182901511,587198.2718328404,0.2499778527601791
ACC04012,25,0.9731313305274215,4048397.046557731,13190301.15571663,3.2581540308483508
ACC04013,25,0.8751344053091837,3699411.258492443,4787546.446989392,1.2941373944297228
ACC04014,8,0.8506378449713405,2152964.083816156,831973.6087214157,0.3864317175448334
ACC04015,9,0.8930843451056213,488579.7767263478,246261.61367896415,0.5040356261345925
ACC04016,25,0.6903653687170354,1189700.5474356879,1638219.5813363113,1.3770016201701958
ACC04017,22,0.7579773491992787,1346814.895339798,1033403.7908114784,0.7672945958551738
ACC04018,12,0.7428168672544357,816600.3817679681,663379.3332223911,0.8123671602824284
ACC04019,4,0.8646236184332287,840349.9224992376,330566.0144444183,0.39336710291029775
ACC04020,5,0.8382401854845597,2995620.130689232,1089333.624802948,0.3636421099067438
ACC04021,24,0.6297744790865764,266711.29733064177,365751.57993021543,1.3713389106153742
ACC04022,1,0.8968020314203948,535667.336283552,146679.74751241796,0.2738261931931089
ACC04023,25,0.8370304009183431,773521.3365585845,1025618.3975385634,1.32590834805096
ACC04024,2,0.8822993269477185,1463631.5412560096,314641.9597258616,0.21497347580788867
ACC04025,2,0.882183609111837,356389.1653436376,190038.50218457254,0.5332331076937583
ACC04026,25,0.8940415006321853,1524827.5082973766,2023899.4106578687,1.327297284213974
ACC04027,0,0.869082363426502,663912.47562034,132217.08925823472,0.1991483728855901
ACC04028,25,0.783818814744775,854284.4691110618,1052214.0376133046,1.231690468057088
ACC04029,0,0.8642084323425707,687013.166264866,208628.46258889246,0.30367462056536393
ACC04030,0,0.8752875210997952,605859.369792175,219711.0761147589,0.3626436877424629
ACC04031,25,0.9509191550118854,3749354.2935334384,9627598.6910325,2.567801796601977
ACC04032,25,0.8742706216222248,2547843.082563889,2989958.953551995,1.1735255495182244
ACC04033,25,0.9035661830737415,1439488.9057953474,2389387.4598587835,1.659885984698574
ACC04034,11,0.8221781112245216,4852180.7087651305,2223379.366830842,0.4582227044459536
ACC04035,9,0.8088951225895035,6107453.73353334,2846265.6743050567,0.46603147538842005
ACC04036,11,0.8295359668615975,2793070.598561098,1390941.122698837,0.49799712310007704
ACC04037,18,0.8527588986255475,1250264.1877996335,698302.7555050376,0.5585241601888921
ACC04038,0,0.819175544927638,2036614.374792129,359782.3089199911,0.1766570605477107
ACC04039,0,0.842556734189541,405718.4421805578,107932.41918538579,0.2660278852627369
ACC04040,12,0.8080836213558005,2094454.4810000106,1183815.8223650705,0.5652143950150925
ACC04041,4,0.8534637872321164,2845362.141894179,814852.0698758287,0.2863790369170286
ACC04042,6,0.8266978245138523,2144041.9968334874,1049566.621399304,0.48952708153543517
ACC04043,7,0.8147016210464526,4592721.115785984,2100007.722737648,0.45724695007488153
ACC04044,14,0.7827997000381383,1053372.3399018366,755007.4612958762,0.7167526929425878
ACC04045,21,0.7651094490762984,1261838.6052902087,969724.0538908758,0.7685008604312357
ACC04046,25,0.7412919270348165,1241937.9870779968,1568826.2535264546,1.26320820350906
ACC04047,25,0.8713838111194966,5267713.083942351,6876312.213683146,1.3053695416032267
ACC04048,25,0.6889000907445408,1680729.787829622,1706875.3408581137,1.0155560716647107
ACC04049,22,0.680939627798285,593510.1036038096,578816.4152964501,0.975242732654189
ACC04050,15,0.8280347290588163,533831.2324685712,426286.02389598096,0.7985408083463499
ACC04051,3,0.8519873783084103,1718586.508422317,567479.416166428,0.3302012516596449
ACC04052,10,0.8134820490048116,1546571.5921573641,897136.9391989894,0.5800810927527403
ACC04053,12,0.8500326575231816,1152316.4348457672,628499.730418769,0.5454228642524663
ACC04054,3,0.891904800904038,422966.299759266,197583.39405378327,0.46713743900220683
ACC04055,16,0.8139365276389366,3216139.8210772006,1740181.5068653394,0.5410776905472008
ACC04056,25,0.7212506659226469,363612.9245166082,723998.4578596523,1.9911241021538093
ACC04057,0,0.8311610728769819,1104415.0500395068,477092.19915440126,0.43198632537408366
ACC04058,0,0.8515130084829958,1773845.1021574,601663.3813790784,0.3391859755101043
ACC04059,25,0.7081968387610938,4206732.200936549,4798394.323912139,1.1406464910801468
ACC04060,5,0.8750710182274983,595901.3313123649,254572.47536423744,0.42720575032713487
ACC04061,10,0.8138966201922964,2847794.9526132056,1492782.1156752063,0.524188763768049
ACC04062,25,0.9015239563826967,1419784.1713624124,1992490.1902542452,1.4033754076454235
ACC04063,0,0.8530891886638431,2295583.3878804236,330920.7693439974,0.1441554121236022
ACC04064,11,0.752040933396339,1202981.271295204,867236.3751348741,0.7209059657272585
ACC04065,15,0.7796245697336476,3150490.8919674633,1918957.5079543942,0.6090979386250555
ACC04066,25,0.868376834917035,1189320.3595905474,1460229.383071539,1.2277847354553475
ACC04067,0,0.8432811745463559,1901513.354369075,504843.8941331449,0.2654958446508796
ACC04068,8,0.800047754654559,14322954.19090824,6948892.913716369,0.48515779783246865
ACC04069,16,0.755461987838804,1699500.6564975104,1192947.1844591813,0.7019398197337082
ACC04070,15,0.8129570987401594,4185537.9487279025,2171641.4530168907,0.5188440481532155
ACC04071,6,0.8223980528197822,3636016.9335803017,1534038.1757835457,0.42190072373315757
ACC04072,12,0.8194388425632623,1167590.806757073,691461.4653640861,0.5922121528899211
ACC04073,18,0.7625426104271917,672429.5225239766,595285.019672575,0.8852749615129356
ACC04074,25,0.8386644719929867,4700145.64617562,6940750.445096729,1.4767096527624048
ACC04075,5,0.8137157772089323,2198501.851808604,1117834.3349152028,0.5084527602265212
ACC04076,5,0.872724727838203,835635.8036996067,310196.9049119244,0.37121064408512777
ACC04077,25,0.6868347533797128,4370192.56373442,4447326.9946791,1.0176501217783334
ACC04078,16,0.7377069812201111,2619542.092649484,1796365.158423452,0.6857554087273909
ACC04079,11,0.8142203872580748,2823820.1258810237,1449068.0476298074,0.5131587647345994
ACC04080,25,0.9874816502439396,1389966.8890803445,2798008.034985539,2.013003372214721
ACC04081,5,0.8247468852309942,1761800.3859935,829126.885009328,0.47061340864775303
ACC04082,0,0.8569566073820314,1282938.5364887808,316352.1730287841,0.2465840443881238
ACC04083,25,0.8139508910069575,2955306.9458953175,4215238.352415026,1.4263284422180416
ACC04084,25,0.8859165276055639,2826061.7188928,4347011.01841064,1.5381868659661546
ACC04085,25,0.9627855207023724,4636813.350461893,10922537.582532955,2.3556129516071453
ACC04086,13,0.7903656376604957,3223572.1511979564,1886519.029952637,0.5852262463713
ACC04087,0,0.8371554071774369,951716.8681151352,283136.93381479726,0.2975012246820284
ACC04088,8,0.8116862118280281,660677.403142386,462640.1261859518,0.7002511724867421
ACC04089,9,0.835396653334091,1746131.4709546412,864625.97926307,0.49516659750159797
ACC04090,0,0.8147313929413481,6196596.192241833,1485234.407029907,0.23968552427047404
ACC04091,2,0.875295767084807,1226172.491442036,339509.90594896604,0.27688592617967367
ACC04092,11,0.8309021756584473,1457322.3325068736,812921.2863967634,0.5578184511853208
ACC04093,0,0.8628713955461953,895392.2591175033,235081.6235324266,0.2625459636697357
ACC04094,0,0.8453607402973708,1663688.9406146677,583002.9669172226,0.350427867063795
ACC04095,0,0.8581133915060177,440874.78784124024,99180.24808449845,0.22496239481086733
ACC04096,3,0.8600706005653274,1237352.2959638976,401171.10730933514,0.3242173701199809
ACC04097,19,0.7757236371820398,2011811.1584159352,1367836.7862685488,0.6799031711035739
ACC04098,25,0.8229040018613398,5546401.064430794,5750345.463331279,1.0367705826771862
ACC04099,23,0.6942532066933194,1426938.246883382,1166098.4205515594,0.8172031432323504
ACC04100,25,0.8338960916509266,629424.6657411079,1743245.595023743,2.7695857660283796
ACC04101,18,0.8407761085682475,1360765.0591550642,789204.5415820829,0.5799711980201205
ACC04102,15,0.9168796795507836,10222539.556846846,14272713.678887775,1.3962003863637
ACC04103,8,0.8442680846584745,1671869.0097233811,794332.8187842857,0.4751166593582065
ACC04104,25,0.9877898954485608,2572165.2403311236,6219446.796256198,2.417981045205147
ACC04105,16,0.7898489891139658,980911.4088167187,714302.7214721466,0.7282030926052901
ACC04106,11,0.7910169256905748,1027621.5373436081,693296.5061195211,0.674661323186828
ACC04107,24,0.6569229139633315,760837.5716607932,731461.3030421783,0.96138956629798
ACC04108,10,0.8443732769757669,2154681.098197017,973598.223554934,0.451852584760509
ACC04109,0,0.8850805859248745,795952.7850553166,112785.95182649464,0.14169929918475793
ACC04110,25,0.9134616981675603,709438.4978334913,663316.8255870687,0.9349884840091556
ACC04111,8,0.8503420264191964,1732849.4889700676,708880.3939137183,0.4090836500376307
ACC04112,25,0.970016894377977,827060.3999395879,2300659.7632275103,2.7817312537216874
ACC04113,8,0.8970689600306885,346662.54918191925,213405.87889651497,0.6156011931491489
ACC04114,10,0.8254605528406135,1403987.148481277,775199.7373525382,0.5521416190960781
ACC04115,10,0.8486070472550948,961616.6307310974,486202.31336989155,0.5056093019109309
ACC04116,0,0.8463815519743434,2635238.754702748,648566.7029593537,0.24611307108395625
ACC04117,24,0.6849302684108342,1322901.7998110536,1193538.7528934947,0.9022126608822851
ACC04118,0,0.8719215347532412,346008.33702186676,124796.47261831538,0.36067475625718404
ACC04119,11,0.8332987125111004,2399083.4727181266,1175278.0793925826,0.48988628063908496
ACC04120,5,0.8519608618570679,903535.6335949019,409740.9578720264,0.4534862186251448
ACC04121,10,0.825831254888961,2755791.6996192452,1292902.0882027932,0.46915813280859625
ACC04122,7,0.8150470429766324,1816646.8840965899,1001059.1819461305,0.5510477521579283
ACC04123,4,0.8957013229033542,820019.1241788403,164667.074754537,0.20080882250085705
ACC04124,0,0.8811035546885245,1057838.1868965726,230210.27838503098,0.2176233390292037
ACC04125,3,0.8516597362562628,2999694.132731295,1010358.4884397072,0.33682050360239596
ACC04126,0,0.8376711595125067,497958.9316073609,112399.85541616507,0.22572113538228897
ACC04127,0,0.8467272239503979,3477512.1464768136,750634.9709059229,0.21585401841555518
ACC04128,9,0.827414384782134,5672489.242525926,2508597.982152914,0.4422393546992167
ACC04129,10,0.8922239281073991,451861.4291719298,223228.92179083484,0.4940207492370365
ACC04130,8,0.8875476411175464,584891.8392260881,227045.22178836842,0.3881832615219731
ACC04131,9,0.8349272064305259,1550575.9794182708,734467.9216763265,0.4736742548739061
ACC04132,11,0.8310172063561733,1287733.2620468503,702535.9629296232,0.5455601587963513
ACC04133,25,0.9925048641717451,2316574.091433833,8925418.366774745,3.8528525376239533
ACC04134,0,0.8762725851874151,674487.0316473249,193015.49328667801,0.2861663519538234
ACC04135,10,0.8556588581007402,2801898.3478369927,1098686.05611475,0.39212202575547134
ACC04136,0,0.828221510659079,607252.1192840331,90048.40031083858,0.14828832613545773
ACC04137,19,0.8329688638624028,576604.4879757593,490019.38969553803,0.8498362394226432
ACC04138,0,0.8284133033893024,855637.6485977778,223733.0021932919,0.2614810165961565
ACC04139,8,0.8549349650683271,1981826.0269791808,815764.7773958266,0.41162279952457015
ACC04140,9,0.8516324004992624,2270070.8935638657,923072.0868782593,0.40662698662643765
ACC04141,25,0.984833555026095,2540555.5975755886,5813349.518849694,2.288219759645205
ACC04142,5,0.8487886519699721,900214.8809943063,457013.0956345752,0.5076711186220279
ACC04143,8,0.8471133248853872,5118146.1560596395,1761326.0303226172,0.3441335938086276
ACC04144,5,0.8626131609892018,388394.2261143253,278146.6032410363,0.7161450519585294
ACC04145,6,0.8712875823973688,1524799.9034691832,393867.35518802615,0.25830756828611406
ACC04146,7,0.8273456418430998,983757.4934819102,592592.8354537779,0.6023769469408111
ACC04147,8,0.7966584377532042,1393758.4217175723,889123.4358223896,0.6379322427531557
ACC04148,7,0.8548213773888734,610181.7673800453,344662.5176186384,0.5648522064146978
ACC04149,10,0.8277626187017738,2181951.1166738225,1063870.6150043358,0.4875776578469392
ACC04150,25,0.9697304195485305,1723206.7250887833,4357423.255128097,2.5286712219067002
ACC04151,10,0.8416128569182207,1302371.9631361347,678530.545907535,0.5209959712842877
ACC04152,20,0.8545123534328651,524415.3421678088,431437.2373007913,0.8227014021316233
ACC04153,15,0.834984243071766,1021642.3859167348,614762.2006162583,0.6017391301405561
ACC04154,5,0.8394288605469521,2392052.247587168,980121.7292504885,0.409740936987946
ACC04155,1,0.87147290922865,1766264.9642049337,383617.38110268186,0.21719129851809257
ACC04156,12,0.7783581392832323,4188920.5048381398,2521510.448788397,0.6019475532839763
ACC04157,0,0.858382454814836,1815762.3899067298,453679.66852402396,0.249856297853668
ACC04158,5,0.8640655953560118,409484.6292345912,288912.38552233775,0.7055512341510178
ACC04159,24,0.7582303180554768,1066085.0862079263,956567.1128007704,0.8972708887648807
ACC04160,18,0.6538992124716656,1096362.0354849447,947110.9869249046,0.863867004028443
ACC04161,12,0.8072084351489146,1116529.4146729491,729661.6159218722,0.6535086369718281
ACC04162,11,0.8490764769784325,804242.3047554821,483235.7953638009,0.6008584633094146
ACC04163,8,0.8656173014405033,1309449.6954848983,458649.62971027254,0.35026135886833853
ACC04164,6,0.8196894333975082,1540426.0188883496,768808.9413640624,0.49908851962840406
ACC04165,8,0.8416490005076971,1793246.249915312,827156.1497950448,0.4612618873922687
ACC04166,0,0.8790073888992923,1385492.140798902,309990.98310121946,0.2237407012085053
ACC04167,0,0.863538108238568,2008046.845614214,523682.0987640726,0.2607917738113777
ACC04168,13,0.7042193408092512,956764.8064583599,786923.5151178766,0.8224837596512543
ACC04169,25,0.8014812339342071,896900.6905923714,1370924.0168400293,1.528512611507281
ACC04170,6,0.852623124818472,620102.2375788769,346287.6981964235,0.5584364596852076
ACC04171,25,0.9309565414878426,2969668.4074814147,7026459.53350348,2.366075456708193
ACC04172,25,0.7453515440437574,1791335.266846447,1817362.0781566643,1.01452927980145
ACC04173,24,0.6936201357961621,316261.2933565967,422691.22292040737,1.336525309291665
ACC04174,24,0.880872174642662,585752.5988986456,655429.1231647208,1.1189521384917176
ACC04175,3,0.8759200850924546,544379.0836710746,266059.05283947056,0.48873856623086037
ACC04176,7,0.859119144189487,472272.84386786463,297971.99558275123,0.6309318849298895
ACC04177,9,0.8158629158472173,3182187.631700108,1568879.07094792,0.49301903361045196
ACC04178,1,0.8357070838175663,729601.6950449948,420050.1729073851,0.575725324872608
ACC04179,2,0.8702165657307599,850071.5506941418,283265.377805549,0.33322533564879736
ACC04180,20,0.6565374938486427,2997421.2479931344,2345092.5770379077,0.7823700384482226
ACC04181,0,0.8732212987075575,810738.1669838629,138573.02476138802,0.17092204413776688
ACC04182,7,0.8623805851026637,1773170.4934257166,595372.2228280759,0.33576704836647325
ACC04183,9,0.8479278532730219,2569113.4220650694,1098734.7710540567,0.42767079165033
ACC04184,2,0.8681642101240656,1466658.7822334939,441556.2522899803,0.3010626995445789
ACC04185,7,0.8598219981843757,2231256.6190095725,737630.9743783977,0.3305899321906877
ACC04186,7,0.8249520569435659,450152.66349494504,354435.3055764741,0.7873668964316908
ACC04187,5,0.8688625675880935,1232139.8836486514,419339.236569924,0.3403341147663879
ACC04188,25,0.8406812254221891,1270984.8143868542,2318693.3963522576,1.8243281667144362
ACC04189,17,0.7843322157271178,2618345.46452842,1656124.0854283879,0.6325078595870717
ACC04190,19,0.7831936683292599,1685452.531401322,1183516.0866485562,0.7021948495129406
ACC04191,2,0.8735283755981841,2289960.3486326877,471134.61179410614,0.20573920071385332
ACC04192,25,0.8937907440377192,1255677.220323395,2536839.9407637906,2.020296219207064
ACC04193,6,0.8731053805451294,872611.643294095,315393.2448518722,0.3614359804566299
ACC04194,24,0.74141206870396,7962692.076624307,5428506.917263193,0.6817426650465865
ACC04195,1,0.8397665634656826,956786.2131348092,423758.7540372416,0.4428980562427219
ACC04196,11,0.8240289934920144,815063.9613226107,557601.4837097757,0.6841199098104539
ACC04197,9,0.848109896828708,1316373.9603597508,649602.6852772114,0.4934788326409025
ACC04198,15,0.8367734923426018,1569855.0209893931,896759.0561270579,0.5712368620905388
ACC04199,7,0.8886091503957728,769435.2759791593,267636.2356969835,0.3478346315177687
ACC04200,18,0.7737539868378868,1620941.2324415774,1172263.5899574112,0.7231993156171763
ACC04201,3,0.9035229095487664,406272.484186313,127837.98372971239,0.31466069868292385
ACC04202,9,0.8466953631086493,2737399.0232811393,1050550.9543741245,0.3837770618895372
ACC04203,25,0.9951176404390013,1876125.6137297414,5338695.30475245,2.845595873582853
ACC04204,24,0.7177030266725496,1789534.1279433304,1518004.8367908513,0.8482681682832496
ACC04205,10,0.8279551216439204,2155469.3264737115,1033819.4976019519,0.4796261699966996
ACC04206,18,0.7608651434414042,873541.3957743224,702609.5646030245,0.8043231471362832
ACC04207,25,0.8008175049915769,2287456.6728418563,3439873.754064208,1.503798430328575
ACC04208,9,0.8664435144145939,1463134.0697848196,567452.4774612423,0.387833547984223
ACC04209,7,0.8714159443451546,795896.805430563,343651.9578066518,0.4317795415961539
ACC04210,0,0.8645357051156569,949670.0460133585,341330.8690423894,0.3594204855415521
ACC04211,2,0.8798615534678313,688549.4504961021,252520.73217189097,0.36674305961605075
ACC04212,20,0.7233441417236721,1066302.52132082,896628.5366494092,0.8408763167311682
ACC04213,25,0.9685318894581785,1956311.4373688565,3884663.0637051812,1.9857078936929713
ACC04214,7,0.8284361890837009,869019.0477538469,503842.23998009955,0.5797827346620081
ACC04215,15,0.8688661320851995,859449.6211710667,476261.9846188001,0.5541476462225399
ACC04216,25,0.8356392836681786,3946348.1737412643,5951532.513882072,1.5081113606455632
ACC04217,25,0.9682588697483479,1091284.7282408725,4786064.3980470365,4.38571554626451
ACC04218,6,0.8727864796297155,1492053.5779672724,432295.3676471595,0.2897317991999358
ACC04219,10,0.8464880098916306,841811.7392488263,468821.0948725661,0.5569191697075989
ACC04220,8,0.8393279960786747,853465.208787346,502469.84873342986,0.5887408690594065
ACC04221,0,0.8343137820245198,1384272.8112415294,279665.1417838529,0.20203036533891483
ACC04222,2,0.8615136963248573,2292812.352348851,633401.7379762091,0.27625537577348025
ACC04223,2,0.8507067391853074,487944.3076358155,299751.40260862594,0.6143147853511797
ACC04224,4,0.8700957001302905,1006354.3928543428,384690.15652057657,0.38226111919626277
ACC04225,25,0.7803561238220033,3433814.854202901,4141838.701770844,1.2061916199999367
ACC04226,0,0.8709985405791677,481146.0130751763,48757.81021277475,0.10133682684211834
ACC04227,25,0.7907310571513289,1501463.7049885846,2340986.962376199,1.5591365642727921
ACC04228,0,0.8455186905611963,485656.271579718,285909.1774426647,0.5887068574501753
ACC04229,2,0.8562701606355855,1204558.68896419,414713.9960097082,0.34428708190741975
ACC04230,6,0.8914114004080554,431600.108894564,217163.1405013753,0.5031582152691865
ACC04231,25,0.8228102827072823,493937.6718724075,635556.163537818,1.286713283335054
ACC04232,8,0.8552626266579607,1554776.5524785307,631728.2872143317,0.4063145190910351
ACC04233,25,0.7348724447745958,5615567.35044032,5292749.762826728,0.9425138071599695
ACC04234,0,0.8455905604792877,550683.1407262245,192646.17054276305,0.34983124830861356
ACC04235,6,0.8506244713814995,1216200.1161675327,503758.53419673914,0.41420694464671953
ACC04236,5,0.8273678941512986,736691.0139106344,451944.60732023994,0.6134791911213183
ACC04237,15,0.8208079645076625,632345.1571308882,490181.35352187924,0.7751800547440854
ACC04238,0,0.812811490214402,852644.9998121436,355124.752915463,0.4164977839472521
ACC04239,0,0.8060484541302672,738680.1253462561,165372.4716440174,0.22387562081286416
ACC04240,8,0.842927091407249,1655705.974913934,764647.2003705758,0.46182547623549114
ACC04241,20,0.8270347138366484,2014083.9935411308,1145717.4970521561,0.5688528883235766
ACC04242,9,0.8208048750794629,877737.9409150891,550253.6017382005,0.6268996429213616
ACC04243,0,0.8309003256797,2090752.7284574604,665873.0267285982,0.3184848297291826
ACC04244,0,0.8602776324551719,2133629.700048312,613948.4192441712,0.28774834697429896
ACC04245,15,0.7824870044442161,1486648.2326915858,1038725.3476840084,0.6987028436467381
ACC04246,11,0.8671084581868017,1512310.212595939,623518.0175912129,0.4122950519000464
ACC04247,24,0.7078224627757981,959657.1227351449,891179.2709118605,0.9286434183616397
ACC04248,24,0.9146465494582203,955062.9208194147,748520.0101044324,0.7837389493272602
ACC04249,7,0.8014918062455789,680152.3083006137,495997.0568529226,0.7292440984170002
ACC04250,1,0.8639425142653261,3908561.132745744,949210.9535620944,0.24285431935799823
ACC04251,3,0.8838459991357301,402797.77661543357,214171.39708787223,0.5317094818334855
ACC04252,8,0.836662519234552,816116.4776049714,461342.933503473,0.5652905512425873
ACC04253,9,0.7921155890583084,2176589.0808849027,1243642.6480712397,0.5713722718693557
ACC04254,3,0.8575876318251306,1302956.6557867557,476041.1057096152,0.36535452165304033
ACC04255,24,0.5839560656727548,751359.064720362,721065.1424991695,0.9596811649135194
ACC04256,24,0.7237550163499741,2311181.5980962883,1747857.4140717902,0.7562613926623047
ACC04257,10,0.8424121908914054,3089906.7343194876,1313915.8287814192,0.4252283132651874
ACC04258,9,0.8654884161526986,3265209.8832172398,1089876.8556538469,0.3337846247665959
ACC04259,10,0.8584013337413143,753278.101133262,439839.02344800666,0.5838999206087301
ACC04260,4,0.8422799975208446,881070.3133589898,447991.4134045882,0.5084627260867151
ACC04261,25,0.991225889992776,1024728.5073131726,3484858.6502068,3.400762860929929
ACC04262,0,0.8532738218335034,1413026.6368611185,224375.33123098232,0.15879058849832242
ACC04263,12,0.8386365960921417,2156309.877725092,1070271.1688200266,0.4963438603495909
ACC04264,7,0.8617529452402611,1093840.3371267463,455464.1110640791,0.41638993882825076
ACC04265,12,0.7717194742218663,1488706.894436314,993105.3253756633,0.6670925815465468
ACC04266,20,0.6971952527432803,1277545.3499423156,1053622.109897079,0.8247238424410162
ACC04267,1,0.8588724959315396,484135.69382944866,290876.80457247293,0.600816688956925
ACC04268,23,0.7166774055626538,1605781.3686500494,1266391.8663055429,0.7886452608241276
ACC04269,0,0.8156157402653299,1141561.865310572,410401.37321971805,0.3595086571222005
ACC04270,24,0.6799589466119024,5335579.494275144,4827716.007292509,0.9048156835583554
ACC04271,0,0.8733807333847853,1028953.7726327102,217317.97406424046,0.2112028546318505
ACC04272,4,0.8678363630459456,955662.545753118,329082.811206114,0.34435043276366706
ACC04273,0,0.8008541995031796,1226646.033546854,258475.02818066563,0.21071688254946994
ACC04274,3,0.8477683358969578,5231083.325390948,1707314.1747127972,0.326378699881482
ACC04275,16,0.8200640754240157,3660291.6207047887,1976310.6795540948,0.5399325748732436
ACC04276,13,0.7815809001837184,2844094.7140747895,1696495.1876122102,0.5964974299964887
ACC04277,3,0.8595952161320826,2157970.4233490205,638153.3194450513,0.2957192149346892
ACC04278,7,0.8403275227503093,889428.0164576273,483440.89442166575,0.5435413383390955
ACC04279,25,0.9528010634282171,5500935.5078542475,14018756.76064468,2.5484313969194274
ACC04280,8,0.8613173352860028,763990.7774940776,372392.470648561,0.4874305837434638
ACC04281,8,0.8416567853524801,1779907.719936071,842277.4903985419,0.4732141340612838
ACC04282,6,0.8470170211191149,2092189.9803307028,803315.7454158784,0.38395927376007316
ACC04283,25,0.8547151280301362,3622052.676698947,5316642.699891772,1.4678535003354052
ACC04284,4,0.8617424396899448,1266613.199046108,487542.4015426733,0.3849181438420535
ACC04285,0,0.8828449344241812,851348.8233971444,202578.43735566034,0.2379499821792316
ACC04286,0,0.8718511293494787,788968.584300848,268647.830305079,0.3405051045766846
ACC04287,21,0.784220630398538,1532270.121116461,1065600.9139260778,0.6954393349063329
ACC04288,0,0.8492040803921976,1247421.0950492867,284618.5941891479,0.22816560928681612
ACC04289,8,0.8247680854011816,2226402.6686181156,1138351.0312499045,0.511296113364999
ACC04290,2,0.8532074639964483,1834086.0853408442,613972.9202460905,0.33475687163941953
ACC04291,7,0.8381065609393009,3638577.9671915174,1435566.562546096,0.394540552790231
ACC04292,18,0.8283230946604542,2078953.5381938003,1186929.111430576,0.5709262326573122
ACC04293,20,0.8075160186401568,707547.9516204331,588292.9023011578,0.8314530498658695
ACC04294,9,0.85618443454034,844452.743015097,460585.9833784911,0.5454254097558858
ACC04295,5,0.8267114164750187,1252224.5319917984,627528.4288526565,0.5011309176753668
ACC04296,7,0.8309341283461156,1233577.3021920607,645920.7201095178,0.5236159249701822
ACC04297,0,0.8662898018467233,3060213.3129596515,474425.90564933297,0.15503033845392208
ACC04298,6,0.8416195093617822,1252278.5110024814,614642.9755581013,0.49081970995898005
ACC04299,5,0.8530551761896605,2912586.51583009,914888.633249767,0.31411552181447316
ACC04300,25,0.7314134811083312,930597.394458175,1357426.2275582664,1.4586611091347461
ACC04301,0,0.8516133294821349,1042781.854586692,217678.7541156048,0.20874812230203418
ACC04302,24,0.7938954063011276,1325704.4110792994,1135623.8573675896,0.8566192040072048
ACC04303,0,0.8751893397935684,959040.9066191344,181299.60263192153,0.18904261682752324
ACC04304,9,0.8733413354302831,954463.7501243436,405586.15269946563,0.42493615147419433
ACC04305,11,0.8122094141708641,1621325.3838896991,920138.4570506728,0.5675223901344106
ACC04306,7,0.8712829054253171,463113.8796669631,286399.2905755783,0.6184208747566262
ACC04307,1,0.861103865582109,3028935.615203445,795065.2331910272,0.2624899747621822
ACC04308,2,0.8975890490223092,396624.0888784924,153146.51788171954,0.3861251047932106
ACC04309,5,0.8893313243022741,1155220.5785816684,265351.53032146516,0.22969771768371083
ACC04310,25,0.6936012193078328,2410459.1390373446,2491100.1091111577,1.0334546098574475
ACC04311,3,0.8811468922965354,707111.2566156706,270646.0566970722,0.38274890148464136
ACC04312,4,0.885112356610864,402055.7926819672,201044.535745198,0.5000413858089282
ACC04313,5,0.8871506300501583,565382.7723585061,213522.42108110798,0.37765993503904394
ACC04314,12,0.8534347603138447,1056360.717046343,570286.5877946281,0.539859707571471
ACC04315,2,0.8734703876521849,909879.0372000347,326137.9368535667,0.3584409833830099
ACC04316,25,0.7836929883218255,1361861.070012711,1619699.4585204634,1.1893279675770054
ACC04317,12,0.8127273210713789,3147999.684613517,1625857.0884576058,0.5164730785725012
ACC04318,0,0.8954622519329815,384206.2905806959,58788.95044626174,0.15301402368349337
ACC04319,10,0.8354962544381873,1829809.9891980079,915156.3858137573,0.5001373865134836
ACC04320,6,0.8730085314198307,1078337.6867764206,386516.42576695845,0.3584372785137553
ACC04321,25,0.9840311607223251,1458367.0099300852,5616615.941515505,3.8513048521200215
ACC04322,11,0.8023291886490445,1000718.6008323776,658702.7081402286,0.6582297037272347
ACC04323,25,0.9943182736038634,1936394.9656807524,7888465.258015056,4.073789385855904
ACC04324,4,0.8318206135147717,4586500.864916751,1656883.8906846254,0.3612522791303778
ACC04325,6,0.8507080638453393,575914.1238925792,371598.0445807018,0.6452316919562352
ACC04326,0,0.8713706840816796,657010.0887382117,151418.99871209174,0.23046677868051013
ACC04327,24,0.7679054181676559,1381760.1994255986,1043516.9319644144,0.755208416336067
ACC04328,25,0.810286882506307,7457721.346501498,9055244.147257825,1.2142105780749968
ACC04329,11,0.8400409907781821,2631266.958066732,1205868.3669509254,0.4582843117662647
ACC04330,3,0.8973607073332042,503014.5268885854,156085.56641886945,0.31030031554822557
ACC04331,2,0.8765513782524478,1850855.2592102913,385168.3337374563,0.20810289287655964
ACC04332,25,0.9346440360238024,1877712.6145798604,4945504.073451317,2.6337917927647716
ACC04333,9,0.8554211702239667,1466312.1719237776,646895.8701122532,0.4411719976814599
ACC04334,1,0.8617481433049697,2261532.9292709962,632669.5999002839,0.27975254824356
ACC04335,9,0.8270758913423752,2395350.4123974144,1111670.4145530676,0.46409511059404424
ACC04336,10,0.8007173644629085,1569600.4140925459,960517.6659074287,0.6119504411973195
ACC04337,0,0.8758076106951171,582465.9758287673,174493.22838360642,0.29957668881058164
ACC04338,4,0.8664747483658758,469108.9303690099,283661.139641328,0.6046807495610771
ACC04339,5,0.8985048537582091,509402.1842456862,163093.44730215342,0.32016636823742584
ACC04340,2,0.8642285554525303,653955.5992704491,279900.22580179287,0.4280110547475222
ACC04341,6,0.7813706782301555,3468912.6873087687,1954698.7201573066,0.5634903199808667
ACC04342,25,0.8614194021353162,7353019.076804578,9315662.010861114,1.266916611198219
ACC04343,25,0.7273171928278347,1892109.7040491658,2162839.0209196233,1.1430833086956265
ACC04344,25,0.9342792323356587,1706961.0674632073,4575613.069984687,2.6805608851903777
ACC04345,25,0.8900013063530935,5264941.134059879,6615787.241720723,1.2565738292726525
ACC04346,1,0.8920250831116233,507591.4749616721,166048.71193181496,0.32713061610097605
ACC04347,0,0.8774129949402548,303526.76763841335,33512.70160044354,0.11041102523243251
ACC04348,25,0.8550281094447885,1334961.308345806,1483480.9264719842,1.1112538746985958
ACC04349,0,0.8559423869807643,709031.1575761766,240609.14544852395,0.33934918497946753
ACC04350,24,0.8632068302012781,633076.7638707778,703146.2289474495,1.1106808353670268
ACC04351,6,0.8770461737509992,664095.269765173,282727.74439567415,0.42573371211580524
ACC04352,10,0.8455939080674745,4613104.940757946,1907199.5152766705,0.4134307672964648
ACC04353,6,0.8557353508366237,1656118.7504398483,677428.950560948,0.4090461208660488
ACC04354,25,0.8498409950533623,3329368.5157148563,4959885.9011194175,1.489737731857679
ACC04355,25,0.8086120895565092,3049627.016180301,6048266.224829071,1.9832806414486077
ACC04356,10,0.9032681056307463,534031.5432817986,174918.78998886177,0.32754392917303826
ACC04357,25,0.9793771422403225,4637808.859923995,9930070.105273612,2.1411124100177656
ACC04358,25,0.9673249165835469,1391166.103658645,3709956.566441006,2.6667962629941497
ACC04359,4,0.8444608553576166,1344208.439571496,544636.084238964,0.4051723439651829
ACC04360,6,0.8722704385815232,858022.1699754974,344755.1563112525,0.40180215427428606
ACC04361,25,0.8788213143833289,2245919.727704483,3060643.6163188764,1.3627573499463888
ACC04362,5,0.840195950526671,1713544.3507687335,775894.0404331257,0.45280067602863194
ACC04363,23,0.7053027093700738,1450251.7877858975,1189435.9744694957,0.8201582542335011
ACC04364,7,0.8428737499403868,1058272.540276438,504532.51919792884,0.4767510258426783
ACC04365,23,0.6728816676397265,1525604.672602352,1249955.1328631039,0.8193178451210106
ACC04366,25,0.8171183795637231,6736052.923812751,8964972.922508646,1.3308940746021156
ACC04367,8,0.8470173508243145,1192329.3776322324,571461.2448235772,0.4792813592821173
ACC04368,24,0.7161637675942639,893595.854177636,900856.1511471336,1.0081248104896134
ACC04369,25,0.9168140192194074,2268662.043566394,3075614.4451458943,1.3556952891541971
ACC04370,13,0.8086123857039922,1482296.8143822427,936509.3291432231,0.631796088378912
ACC04371,10,0.897745572111505,864701.7077027257,249910.53410352924,0.28901357760408813
ACC04372,24,0.6125194960508226,1385758.2678594976,1364987.1035484192,0.985010975728716
ACC04373,24,0.663501993359118,718281.2131687347,708501.1762701685,0.9863841115161276
ACC04374,12,0.8194870025707898,3251766.5242316,1571462.0517062598,0.4832641089069578
ACC04375,0,0.9008172632761084,554767.5909347808,72643.44450810559,0.13094392263560628
ACC04376,23,0.6894716537201305,4223618.227760732,3167135.0219619037,0.7498629968838467
ACC04377,15,0.7922107839548969,903369.3200191485,672977.087700374,0.7449634084165145
ACC04378,18,0.7549834924793942,2837175.854719936,1940631.4786899867,0.6840011257890642
ACC04379,25,0.8497634820544723,1807109.5596054432,1930754.6181246934,1.0684214511854202
ACC04380,4,0.8380297192587607,4425967.875159416,1548704.95039327,0.34991328316803205
ACC04381,0,0.8261102965949451,469953.4454088315,160311.78363257315,0.34112269034034093
ACC04382,7,0.8125945452085293,1504437.4594145787,799969.4587823151,0.5317399229700163
ACC04383,24,0.6873723496864477,1715396.800016952,1745958.1640624178,1.0178159152711277
ACC04384,0,0.8309110376653518,1335369.883116415,409083.8769589882,0.3063449925980733
ACC04385,24,0.6498158382333518,2300879.5142907635,1864367.9457681186,0.8102849080921136
ACC04386,9,0.8103587210665135,1980624.2683374542,1112728.567566562,0.5618069945697433
ACC04387,13,0.8092773824608406,1362669.234929566,860620.1813025058,0.631569392807925
ACC04388,0,0.8606373782305548,1929826.9448342035,462327.006710375,0.2395691530517493
ACC04389,5,0.8907999321577654,531587.8588385182,195679.06364132155,0.36810295868845927
ACC04390,9,0.821238128767333,1236654.0320034432,687136.0030770178,0.5556412588279214
ACC04391,8,0.8296639979630435,2564541.9658125076,1153693.7110698994,0.44986345571630443
ACC04392,25,0.9039827669470771,3683270.3825669615,4001465.3264855873,1.0863892440328717
ACC04393,7,0.8253300431339708,2410598.5688299774,1127183.471747544,0.46759484815202573
ACC04394,9,0.8275767321758122,1179311.4751554304,667762.9590854404,0.5662312062192313
ACC04395,6,0.8481503670175061,3262125.135105101,1216330.193741333,0.37286435785429933
ACC04396,24,0.7464556327691669,1214282.028573907,1042862.5723363742,0.8588306075493406
ACC04397,4,0.8274630088411521,3180178.204169128,1345717.919415484,0.423158022292991
ACC04398,1,0.8498444128456484,5438378.919384516,1641249.9630159403,0.3017902921706837
ACC04399,18,0.855056230293103,1051946.2297698872,594733.1895533323,0.5653646286497267
ACC04400,9,0.8394974309133396,4465910.467111773,1783910.9189354847,0.3994506679147979
ACC04401,25,0.9666022567225764,1622542.5595338822,4399933.79357853,2.711752470050786
ACC04402,1,0.8844296166108849,429783.4949469594,211295.9222907752,0.49163340327169086
ACC04403,25,0.8271834306890875,2672294.996480178,2941133.0008382383,1.1006019188421043
ACC04404,0,0.8815838233437029,393580.7793663408,126578.85444043865,0.321608323059446
ACC04405,12,0.8008738169825326,4740334.684111114,2641683.054155748,0.5572777515077724
ACC04406,18,0.8094241261603294,1472262.3473168348,958484.4679144762,0.651028310043582
ACC04407,10,0.8695996286465966,1673467.5640256237,601514.5505855182,0.35944201340750215
ACC04408,25,0.7828678459981925,1342135.8450758671,1853674.2508941665,1.3811375783569686
ACC04409,6,0.8696118353672198,1215149.2894780785,415084.84308891534,0.34159164366314143
ACC04410,16,0.8198084466222503,1009269.7034850494,673560.4649790652,0.6673741049129222
ACC04411,17,0.8053209466418129,1271093.519866789,880717.0103302723,0.6928813628304641
ACC04412,25,0.9666195817434166,3423598.451307172,9548236.397678642,2.7889475163283266
ACC04413,19,0.7934159941717533,4445655.593155974,2632083.733306534,0.5920574993165444
ACC04414,12,0.7911346093325996,932413.8582561504,657415.4949507155,0.7050683439864875
ACC04415,8,0.8329888939473982,2898006.1227623434,1240129.9085482964,0.42792522031189506
ACC04416,25,0.9769417586626475,3217912.9470259673,8019261.41026672,2.4920690964241947
ACC04417,6,0.8376791980530092,1136283.701216078,605200.7707907913,0.532614143935261
ACC04418,0,0.8536851350488232,457330.122310194,74948.7912942331,0.16388334736323681
ACC04419,25,0.9942747023756433,2940315.86834783,9719594.574783975,3.3056293983290432
ACC04420,9,0.841384838036447,2339718.5733236377,958399.8790723729,0.409621862218642
ACC04421,25,0.9564176891234633,848244.8400064523,2456522.461948898,2.896006372323128
ACC04422,25,0.9034888028717504,1513073.6581261733,2365901.329863311,1.5636392300909525
ACC04423,8,0.8092362133858811,2101960.5690123616,1101103.0985885574,0.5238457442167564
ACC04424,8,0.8212306030236484,2615532.468146267,1249190.270234414,0.4776045740008593
ACC04425,9,0.785499724211101,769312.7789287864,569895.335739787,0.7407849594456573
ACC04426,0,0.8451656228780009,808579.3242941411,152132.37296987747,0.18814774060996828
ACC04427,9,0.8414671236208845,2058494.9598825106,865497.750151921,0.4204517217770208
ACC04428,4,0.8955169542336663,385942.4405032578,168453.47337884846,0.43647304805138815
ACC04429,0,0.8735711595192845,717587.7346679344,117323.55939395909,0.1634971637973312
ACC04430,1,0.8894358422921022,1026108.9579637883,186063.98340993072,0.1813296550681677
ACC04431,0,0.8295086076803186,6979585.646252181,1336556.7434090513,0.1914951418536916
ACC04432,7,0.8405820651583151,3789134.0405050144,1435425.385321917,0.37882676357646194
ACC04433,25,0.8796951300034758,2686574.3790724026,5557569.298764294,2.068645239103026
ACC04434,25,0.98885767916,979748.5941554399,3787274.845318504,3.8655578256615923
ACC04435,0,0.8533538902633372,833063.3876071454,90213.3049332403,0.10829104516568064
ACC04436,24,0.686298597489791,5418718.412041929,4310748.68381132,0.7955291927020259
ACC04437,6,0.8875845603202666,451287.2502846125,244154.71053256458,0.5410184098455784
ACC04438,0,0.8240962936436346,2334743.2950643864,615768.4178390304,0.26374137968005135
ACC04439,0,0.8424089416765433,260179.9560255451,44438.47849637026,0.17079900840634774
ACC04440,25,0.8253543741388554,2989331.8801058996,3761917.7051664963,1.258447658556141
ACC04441,21,0.81489006260039,1291923.7137852383,892648.2984313287,0.6909450526424172
ACC04442,9,0.8549874838216566,879956.973316816,430044.6911174334,0.48871104401442356
ACC04443,25,0.9717174395412349,713431.4702213283,1920129.6452853605,2.6914002611767005
ACC04444,25,0.7787886788771465,1158779.4370640328,1654879.3398993926,1.4281228048819317
ACC04445,25,0.9926577296021025,3797509.8965627654,10408339.07739198,2.7408326405713557
ACC04446,17,0.8446317534360986,1859227.6355635333,917723.1700430987,0.493604522915203
ACC04447,7,0.8548509874246258,1656121.1870612307,643034.3940921858,0.38827737916525507
ACC04448,2,0.8630082906940858,3852054.6688493355,812797.5017722183,0.21100362576500314
ACC04449,6,0.8886266438813811,444731.2407408787,216650.94355525076,0.4871502689901692
ACC04450,25,0.9465083469800712,7389829.797420998,14972935.681182228,2.0261543353011575
ACC04451,8,0.8683913453855754,1411684.8769883537,521165.57828404685,0.3691798267300886
ACC04452,0,0.8443353275877208,650572.1314974522,292481.3121281156,0.4495755320088762
ACC04453,16,0.8538432857387811,648420.850671927,445563.98755640397,0.6871524675597456
ACC04454,16,0.7691069355227336,2680208.9980911277,1714698.3553244672,0.6397629276469458
ACC04455,25,0.955899210450191,3306510.452639213,13691076.949796986,4.140642271028948
ACC04456,0,0.8767175118625884,490679.97703168617,124138.29882885121,0.2529923873800843
ACC04457,25,0.7875881288624966,1970140.353235628,3945783.832817879,2.0027932661434935
ACC04458,13,0.8012154528538816,3321927.080906069,1830676.1803566602,0.5510886108485367
ACC04459,1,0.8477288817971285,1474308.460320986,505521.77284647396,0.3428873851381222
ACC04460,19,0.7819150786512171,3468240.3049047617,2266389.9491429175,0.6534696992990378
ACC04461,5,0.8659607045065818,442225.49854580505,260858.3136329615,0.5898762384592398
ACC04462,25,0.7872130520257289,2295533.579643931,3608495.3526537106,1.571963653528187
ACC04463,25,0.9214787112919227,5587529.789894213,12956590.60947942,2.3188405425440646
ACC04464,0,0.8804964883107635,1301530.0978499837,236679.0321466473,0.18184676062245567
ACC04465,11,0.8195321660222968,1801614.7206138193,999645.5116309016,0.5548608701922225
ACC04466,25,0.9895667049814638,1240549.9022563056,4446538.111009782,3.584328290963904
ACC04467,25,0.8867096154211177,3579744.4771901523,5255606.683617392,1.4681513490992724
ACC04468,10,0.8573921119546011,921990.9213658938,487376.94097255997,0.5286136009349527
ACC04469,0,0.8404055163814151,815014.4621717557,355975.027126968,0.4367714238817397
ACC04470,24,0.7613046067462289,1625085.9085154505,1606403.5601561815,0.9885037780086742
ACC04471,7,0.8024268570782466,1071479.9080575374,679626.5081173171,0.6342876828641587
ACC04472,0,0.8655668914744129,1404263.7506871165,412330.70598849014,0.2936276791213429
ACC04473,25,0.8644708707537194,1612725.4113502153,1468045.21073775,0.9102883853666475
ACC04474,9,0.8202023981531446,1644423.1907038328,908847.7572233491,0.5526848334183072
ACC04475,8,0.8529896164642352,894525.4586102923,442786.63694990723,0.4949961263682837
ACC04476,8,0.8658006731834623,750639.208587346,342595.2138250535,0.4564046347509549
ACC04477,6,0.8505355904800628,1621433.1948207107,695001.4046002852,0.42863400528637546
ACC04478,7,0.8638947239704018,1593277.758087282,575607.0159573582,0.3612722345715602
ACC04479,15,0.87311172118212,361217.79523350624,310483.6182936964,0.8595468506555355
ACC04480,12,0.7838032394193527,3180424.1230698433,1889242.1133186002,0.5940220675647012
ACC04481,11,0.8366289067813915,2150379.1202951116,975117.3613968535,0.4534629973820762
ACC04482,16,0.8000958409746527,331340.97989812365,364307.40724319476,1.0994939634548289
ACC04483,25,0.7828736578644263,4303783.435106196,6724552.265927874,1.562474591791802
ACC04484,25,0.8687561469016025,2201251.9359398764,2557946.5731774615,1.1620417142689692
ACC04485,13,0.8308959611115123,1933057.1848494585,964163.6966725722,0.4987766033148464
ACC04486,19,0.809459603641125,1082846.7208708655,746012.9780967124,0.6889368215445497
ACC04487,23,0.7244563791978222,1069983.8017976047,889433.9181178979,0.8312592364703302
ACC04488,13,0.7364508310268296,1507071.9143061456,1093094.76185545,0.7253102864429065
ACC04489,13,0.8165578572175075,1206318.0731220336,753102.8685034636,0.624298752777849
ACC04490,9,0.8486510126488375,1715922.7367955917,775035.6801266875,0.4516728308956566
ACC04491,13,0.7401629954090686,1409934.271538205,1063646.8285827793,0.7543946197026375
ACC04492,12,0.8313880719333022,1008122.9519997856,615560.0360730035,0.6106001602799879
ACC04493,4,0.8413869713417573,2162230.5682155886,818802.369704435,0.3786841152561095
ACC04494,14,0.7866709707788456,1994718.008786858,1303239.3290788424,0.6533451462001102
ACC04495,5,0.8474321536570766,350579.0337725111,281526.3679417864,0.8030325285352556
ACC04496,8,0.8408654340719751,1913813.18121398,897852.6755824074,0.46914332307653805
ACC04497,0,0.8578908571892175,743916.7968263726,135135.01929789697,0.18165340515820746
ACC04498,11,0.8412789663905237,1543034.0224592683,731509.1055884195,0.4740719225507091
ACC04499,3,0.8938499191111977,468872.2115215659,149529.39097186222,0.3189128877708816
ACC04500,23,0.8219410534536449,1467765.8001518624,949825.7852177174,0.6471235295981441
ACC04501,10,0.8692161046561364,878625.4280957343,426444.3659809767,0.485353999946507
ACC04502,7,0.8651902698596409,725356.9128728086,343563.3271912003,0.4736472777663375
ACC04503,11,0.8374127703468954,9783734.612962503,3885178.021870897,0.397105826718093
ACC04504,7,0.7956465214520492,6899395.799867177,3418401.631823154,0.49546391176586263
ACC04505,10,0.848013118507776,1908811.1634063364,830462.4185237283,0.43506787598713575
ACC04506,0,0.8398887920217443,3695554.8714450235,867329.2354880585,0.2346952665186428
ACC04507,3,0.8611266739326411,1551879.688943402,470351.471042443,0.30308501000015153
ACC04508,0,0.8557400540259594,2571460.0203069556,727891.5657552228,0.28306548031352796
ACC04509,7,0.8173310212549446,1770217.0321100124,938061.430224266,0.5299132327893956
ACC04510,7,0.8427404237688967,1532889.1759209414,680741.6877910331,0.44409060908271575
ACC04511,25,0.9431188523225136,3689385.3062450625,9545207.527628673,2.5872080943867255
ACC04512,0,0.8127056102036365,2418249.7299649473,524634.2803119313,0.2169479329661854
ACC04513,10,0.8175935378004879,978767.6045740548,626310.8580687953,0.639897412973079
ACC04514,4,0.8377805401142228,1219412.0983580672,573740.2130295353,0.4705055934758018
ACC04515,7,0.8442499065421495,919259.2772752919,483617.2122439265,0.5260944590925211
ACC04516,22,0.7203028285894925,837286.6995657036,747241.1891729492,0.8924555824910863
ACC04517,25,0.8071602668197978,2387327.0749568306,4202388.679729113,1.7602902944520513
ACC04518,0,0.8245838337285774,3066460.6787188128,468713.1421532728,0.1528515090397651
ACC04519,25,0.7580684448435921,1250115.814250049,1493645.6205447998,1.194805796006065
ACC04520,21,0.7715696041124073,743356.5801603404,647968.6749314797,0.8716794768827018
ACC04521,4,0.8334287747909702,1108132.9589893813,573877.2184871626,0.5178775830388975
ACC04522,0,0.809995564165842,1056517.560220559,222149.45632772462,0.2102657491857955
ACC04523,4,0.910517750970661,353411.561970579,116434.18738910012,0.32945777647985697
ACC04524,0,0.8603486571057544,1277425.4420667223,315266.5232562686,0.24679837497694182
ACC04525,0,0.8512092480264405,987217.0108769366,365488.28581877466,0.3702208144631893
ACC04526,25,0.9059685756957062,1915202.869680582,3656940.914618769,1.9094274410880945
ACC04527,24,0.7540567084995663,7313067.916645836,5271225.503170779,0.7207953711427372
ACC04528,25,0.9290178069279434,810242.7293468122,2508261.299152102,3.095691214871091
ACC04529,7,0.8342705706120558,4783048.014897338,1965473.3294845016,0.41092485865975314
ACC04530,0,0.8456102655974109,1151854.3315360947,357781.16192025086,0.3106132017953343
ACC04531,9,0.8339228210557866,1978598.328594821,980439.4915256142,0.49552224792482846
ACC04532,2,0.874712964218275,632678.2390598538,252969.2809998914,0.3998387574951183
ACC04533,10,0.8336255839101262,2600226.4498567777,1208988.5278042883,0.4649550918424355
ACC04534,19,0.7855117472410534,2681441.138865114,1683685.0926538114,0.6279030586389861
ACC04535,7,0.81309596054571,2109831.6045671245,1059756.8161845335,0.5022945025046037
ACC04536,0,0.8406748952296332,806596.5410691991,178751.6857560537,0.22161226419233843
ACC04537,0,0.8545200873600279,368816.85134519957,59110.76051746179,0.16027131163303654
ACC04538,2,0.8725837636800166,3378092.6877823435,584191.5226913067,0.17293531489061
ACC04539,0,0.8754267729405862,436858.9436770999,197930.48290050705,0.45307641234147533
ACC04540,9,0.8268425342481622,2319194.6068844656,1110431.6802333926,0.47880056159888734
ACC04541,0,0.8674981837620095,2392862.9732312826,521110.73070126754,0.21777708817048066
ACC04542,1,0.8604957157092221,1428872.129312898,409716.920560347,0.2867414880276009
ACC04543,8,0.8269708564901138,1792208.5369830388,935687.4554582217,0.522086261810434
ACC04544,12,0.7950261242697055,4336229.431372282,2409623.7390609374,0.5556956284710162
ACC04545,0,0.8755842995133111,258314.75746061507,41917.2849627505,0.16227212635786623
ACC04546,13,0.8189690322961662,1415049.3805338128,862239.91629276,0.6093355667683406
ACC04547,10,0.8338197595120485,908601.5658746301,519409.4166691959,0.5716580690340398
ACC04548,7,0.8688332224974946,1842804.449266298,530876.8040834554,0.28808092160555665
ACC04549,25,0.7494466566297926,2264460.3426394872,3077021.619479492,1.3588321957066696
ACC04550,8,0.8607540163511941,1449715.4506923645,541551.506297728,0.37355710462980185
ACC04551,10,0.762615862998742,5961738.157455545,3497275.57906618,0.5866201243160281
ACC04552,10,0.8333118150604076,1667876.4444365662,831663.4659583911,0.4986361362273088
ACC04553,7,0.8470788344961485,341611.5963015009,289141.8639545503,0.8464052950338322
ACC04554,25,0.7439379015507499,4327243.924091974,4376075.366303326,1.011284652094485
ACC04555,18,0.7433940571667493,3568497.827952967,2429415.8228846076,0.6807950964280726
ACC04556,22,0.7404595165024013,2019006.735919442,1520693.6822713632,0.7531890088414438
ACC04557,25,0.9893349468833311,2091752.1890642317,7435547.450215602,3.5546980608357703
ACC04558,25,0.7610697204058102,2562734.1821920713,2913054.2814830234,1.1366977900889046
ACC04559,8,0.8047706059037749,3185249.104420371,1681414.2445144404,0.5278752742386886
ACC04560,0,0.8804946946371804,324409.8615147354,64999.377465529986,0.2003619038029076
ACC04561,25,0.8444649718745882,1057040.6614308776,1640496.6348666768,1.5519711726566847
ACC04562,24,0.7510580692581686,838089.8347353818,718127.8606163181,0.8568626307740141
ACC04563,8,0.8247262067770738,784198.5945540896,495655.32872327726,0.6320533244580939
ACC04564,15,0.9981708014349921,20399816.313568015,64870396.85117301,3.1799500472966225
ACC04565,0,0.8648848455914944,1490187.1963047215,451718.98488313885,0.30312902030247274
ACC04566,8,0.8215147130542078,773264.291470668,512800.8207914767,0.6631637157538763
ACC04567,1,0.8851172705707974,648944.557180314,188574.62394670743,0.29058664852059246
ACC04568,8,0.8686083128024323,781163.6631220186,350093.62280499574,0.44816936492642606
ACC04569,0,0.8753887851423381,274488.67575457756,115277.17413294558,0.4199706010313366
ACC04570,2,0.8805163094876234,407155.4357156262,224332.5741817688,0.5509752652263539
ACC04571,0,0.8392720259481671,1087269.3729530575,245344.693483357,0.22565217009377647
ACC04572,25,0.9916880503378456,605837.167252648,1363458.6911246732,2.2505365547440563
ACC04573,25,0.8259220888454707,3133902.6224155696,3875950.25420395,1.2367806920613316
ACC04574,9,0.800919130337513,2910475.8543760558,1623908.820726937,0.5579530296687751
ACC04575,20,0.8739228031082457,628776.4524004459,435374.13926297746,0.6924148281966875
ACC04576,9,0.8448502283388946,5223778.070483579,1833563.0827382493,0.3510032505206546
ACC04577,25,0.890354525229571,3508372.6591790407,4341884.705598666,1.2375779677335268
ACC04578,19,0.7637705164460944,769157.3124522582,642540.8044543279,0.8353828196806107
ACC04579,24,0.719267591035136,1349174.618591343,1119133.7990741523,0.8294951473684157
ACC04580,0,0.829920180381246,1532407.4449372403,340164.89500285906,0.22198071154423976
ACC04581,10,0.7541844461859173,1950698.255589249,1336630.3166795652,0.685206086000117
ACC04582,7,0.8449701097663096,1278440.1362871844,614975.8535541785,0.4810360971145484
ACC04583,7,0.8693197435322466,774021.6659023399,361310.9488600105,0.46679694481006684
ACC04584,7,0.8587712003126079,1547826.3208112232,560501.5933280644,0.36212176120270584
ACC04585,17,0.8656567295606373,571602.9787086307,401898.53639879,0.7031078412270733
ACC04586,25,0.9104913414180975,757144.5800949205,1124971.944442498,1.4858086209921284
ACC04587,0,0.874978879416608,1074414.0491222553,295696.6361086139,0.2752166507411029
ACC04588,8,0.8199163151588781,2007053.574507176,1048042.2300644427,0.5221794990309541
ACC04589,9,0.836771093122592,1060650.4958317047,608515.9463497604,0.5737195699631433
ACC04590,10,0.837492583895183,2994183.653280179,1307052.214134112,0.4365304087817773
ACC04591,9,0.8304752225124755,880295.1143677492,555060.6551420729,0.6305392885665757
ACC04592,8,0.8466130843572117,861228.3441598633,483129.4587743896,0.5609771926929403
ACC04593,6,0.8549618912229937,1234549.083340171,541619.674731079,0.4387186236983659
ACC04594,11,0.8248277555029707,1663190.5448251136,900952.3875413609,0.5417012442408378
ACC04595,12,0.7893752172617826,904122.6648870194,668494.8038228039,0.7393850743763182
ACC04596,17,0.7512404000556353,1404161.0129479466,1050273.429249933,0.7479722194002174
ACC04597,13,0.7942390652325638,3294515.309797695,1906733.4409426413,0.5787599272257525
ACC04598,5,0.8629885741834463,890908.677398703,384414.64444789034,0.4314860256724782
ACC04599,12,0.7573890813310452,1752057.729262945,1230064.836917014,0.7020686683848467
ACC04600,5,0.8906070715815895,656287.5900247307,215032.9272044212,0.3276504545763515
ACC04601,12,0.8446322367513015,1417319.460668912,736621.561625716,0.5197286723757136
ACC04602,0,0.8648504204637133,1008100.7414651199,290624.98393044155,0.2882896242175784
ACC04603,0,0.8598285262956573,939304.9188941796,257287.23797426742,0.2739123715834101
ACC04604,25,0.8644901160767746,3426243.8239998184,5715804.567317931,1.6682422095241503
ACC04605,7,0.8360333255974465,1416040.6365810565,719434.7005136767,0.5080607730656006
ACC04606,0,0.8467963127122562,1147039.2755190507,234485.47781702253,0.20442672088182395
ACC04607,0,0.8796468239484454,1142250.552392802,276798.932304674,0.24232768522180348
ACC04608,3,0.8883870359340937,647046.6392157377,214270.17580338838,0.3311510528253383
ACC04609,25,0.8625536079311236,979454.8838445832,1614263.7639128729,1.6481246768371
ACC04610,9,0.8412287947456816,1830649.4587374348,797473.9866814383,0.43562353397326076
ACC04611,23,0.6902171121203616,6799942.108224595,5094940.683237802,0.7492623616714946
ACC04612,25,0.8986652212672801,6338991.437529866,15759883.564871168,2.4861815511478857
ACC04613,0,0.8506487594229517,2266631.879168322,677340.9922796448,0.2988314946528399
ACC04614,14,0.8326075342666205,1172297.5035350581,665557.1800857564,0.567737437023257
ACC04615,17,0.7710675487010433,3565573.208939636,2305444.8738102447,0.6465846411539142
ACC04616,25,0.8900673145368906,2926695.645617954,3699415.092450954,1.2640245315531757
ACC04617,14,0.7295673782472523,4086398.45254311,2742661.317232267,0.6711683525441363
ACC04618,10,0.8310403855032251,3428685.8700494324,1587275.5765393977,0.46293992412799057
ACC04619,6,0.8396624744310465,2481225.1931546,942833.3392467174,0.37998700877610003
ACC04620,0,0.8502127549016979,714323.4118261829,105853.39246183237,0.1481869286507297
ACC04621,7,0.86388709772495,638722.8674170312,339637.40252572554,0.5317445481468436
ACC04622,8,0.8190840535978993,2313779.670681038,1138694.2552816353,0.492135992769991
ACC04623,3,0.8553452802419526,2119472.0292637083,671296.41944006,0.3167281333140614
ACC04624,25,0.8955796388072444,3998444.33928615,4542658.175668325,1.1361063929376432
ACC04625,15,0.786803016367461,835188.3451443412,628757.8000533672,0.7528335419296377
ACC04626,0,0.8135957153404096,949189.2436847991,229485.32961563347,0.24176983793533122
ACC04627,15,0.8811405817549776,11975441.678331628,9498728.945849359,0.7931840178418109
ACC04628,8,0.8227326878949992,2954233.6824330525,1441775.5205724807,0.48803705987979284
ACC04629,7,0.8447352164757367,2059323.6236815022,914457.3551165031,0.4440571382761616
ACC04630,8,0.8285832692247963,3217382.7400042224,1541885.6653440197,0.47923600949696027
ACC04631,9,0.8130410778215136,1238885.1408571838,730071.3009136401,0.5892970032786932
ACC04632,1,0.8329149615671929,6037952.440692693,2218637.6570847863,0.36744868047192786
ACC04633,0,0.8191954849192206,719123.5966677996,175409.8481864502,0.243921697187029
ACC04634,13,0.8324054424230272,909735.4832476289,597441.6756178165,0.6567202078180274
ACC04635,25,0.9767457787348263,1514053.5949888874,5315799.030768777,3.510971506136012
ACC04636,1,0.8924850357558526,932319.2761787343,166041.92330982935,0.17809555969965546
ACC04637,25,0.9938793241398656,1507799.2902278125,5994386.94183222,3.9755867910818106
ACC04638,3,0.8567839297738942,1939322.5660212568,614075.2919666541,0.3166442255279379
ACC04639,2,0.8759421972377449,4000939.6280958056,717575.1502792443,0.179351656605917
ACC04640,9,0.8014495988550092,10963428.608204015,5419132.211145702,0.4942917407325045
ACC04641,13,0.84481626928445,622391.7132646932,417507.186500852,0.6708109661532285
ACC04642,6,0.84478135240997,2081784.5225036135,853219.7804132444,0.4098501891959202
ACC04643,23,0.7764267244720436,700012.1337839186,620058.3419396689,0.8857822772127404
ACC04644,0,0.8749081548079634,710098.7047518162,229339.6658707299,0.3229687145407278
ACC04645,0,0.8206464174644809,662239.5178534929,125297.77218202836,0.1892031037171478
ACC04646,0,0.8846757108559051,585632.1863167703,112082.20214195296,0.19138668393018848
ACC04647,0,0.8249069359144269,3586192.832299638,898266.3634241116,0.250479102889763
ACC04648,0,0.8401052005780753,766559.5349617886,198912.07798715914,0.2594867964131116
ACC04649,0,0.896704420807716,389327.6910483624,145826.25155435174,0.3745591564824942
ACC04650,8,0.8656034126521605,712714.602640056,347711.2894960595,0.487868900409867
ACC04651,19,0.6974162292042145,1176023.6050218472,976368.5703106098,0.8302287183193671
ACC04652,0,0.8692902442962344,848819.8586003514,158874.80573631302,0.187171405247619
ACC04653,23,0.7483139298569832,993221.3112266951,825741.4483595344,0.8313770949393828
ACC04654,6,0.8302877122830785,1422045.9217338543,678943.607044183,0.47744140795141765
ACC04655,25,0.9867112032812222,1117318.391089205,3606717.1236441834,3.228011954701844
ACC04656,6,0.873424579155641,1497336.215603115,480166.2279688002,0.32068030076691434
ACC04657,11,0.8519125028158759,880820.4675788984,477067.73875200475,0.5416174536262942
ACC04658,25,0.9762063897543547,1196650.3148540347,3039381.000792114,2.5399074090937357
ACC04659,8,0.8683268986005428,1341102.4398160714,492528.81460064667,0.36725666882553404
ACC04660,25,0.7924683643517089,1022171.5208240027,2151413.901987216,2.104748428378143
ACC04661,4,0.8457460111240784,1932833.9558078228,723747.4704029143,0.3744488595247314
ACC04662,0,0.8647118058428875,2796812.6408589957,496266.2768997983,0.1774399434734313
ACC04663,19,0.7810409367159845,613044.466648463,556294.2280717465,0.9074288380955916
ACC04664,1,0.8663215109341436,1677666.9092185968,461737.3234588965,0.27522586332346444
ACC04665,11,0.8208929114678539,908353.8009999599,598171.1444803732,0.6585222011752222
ACC04666,5,0.8958781904863888,529386.9104045045,159881.19909659147,0.3020119990772463
ACC04667,0,0.8443507620047702,802621.5710547525,190229.1785734239,0.23700980067535096
ACC04668,0,0.82812404507791,418753.30384811916,108358.91333098368,0.2587655126185827
ACC04669,2,0.8849728671575561,918889.1126387831,246820.96808783684,0.2686080014366898
ACC04670,25,0.8203051070969354,1956064.162217981,1941470.0402301594,0.9925390371800109
ACC04671,24,0.8256288331090057,613102.3604866271,562076.3278571626,0.9167740398373861
ACC04672,0,0.8313826549255324,1053271.951325652,216047.96029748017,0.20512077628722705
ACC04673,16,0.7903798098494607,1740854.0299158127,1109811.153984878,0.6375095986873455
ACC04674,8,0.8604362020421554,1058353.8046940903,498614.1661170466,0.47112238261492106
ACC04675,0,0.8400591766525255,1856750.161856064,364641.79862019647,0.19638711018378982
ACC04676,25,0.9880019935665292,9938768.646057019,30660136.21824139,3.08490289995885
ACC04677,12,0.8394060470566789,2923750.033800683,1378877.9596566015,0.4716128067433148
ACC04678,25,0.655935193983413,874531.8287627283,1134468.1691231178,1.2972291365634372
ACC04679,2,0.881887505080223,783176.4848794257,212872.77510303017,0.27180690331350166
ACC04680,0,0.8777663169242418,1078485.913049667,257519.0030602655,0.238778272339294
ACC04681,11,0.8226316089877931,6436158.4644125365,2907924.1435479256,0.45181052636082786
ACC04682,2,0.874577292220815,1144360.7762576093,281232.4674464191,0.24575507416999262
ACC04683,0,0.8615301604142711,3464800.131827948,752834.2255812217,0.21728070795934884
ACC04684,9,0.8457547714597613,2702936.9816535534,1102902.7291982733,0.4080386397035271
ACC04685,1,0.8716830583607974,1127408.940430136,352938.0896102997,0.31305241332895994
ACC04686,11,0.8393074392118994,1159954.9430386075,658893.6218177909,0.5680338066336948
ACC04687,25,0.8820484814894117,2985636.7868173323,3684491.6908301814,1.2340723115077314
ACC04688,0,0.8705125439698812,872935.6417513978,218648.4898606337,0.25047492553053796
ACC04689,2,0.8826404156965101,737365.2326337715,237148.5859600958,0.32161617535591186
ACC04690,15,0.8070901353879277,1412073.9910338132,897775.4286722236,0.6357849761222079
ACC04691,7,0.8495895512559856,770652.228339589,399509.63973522815,0.5184045734818581
ACC04692,0,0.8348485050091448,1409434.8168999145,481710.80990550586,0.341775869397806
ACC04693,8,0.8483656268810092,1469478.9540039238,654498.7596554772,0.44539512312997004
ACC04694,4,0.8608936003467098,3510807.899530796,903741.1357295659,0.25741685719983337
ACC04695,0,0.8396861807445071,3020028.601501073,715248.3749805046,0.23683496726653447
ACC04696,7,0.8883985616670798,572188.8849261163,213655.03007674284,0.3733994764759035
ACC04697,10,0.8650276618876923,759922.1635550424,378767.6727471415,0.498429564121677
ACC04698,24,0.7455567209877128,4871561.719997706,3580947.07358583,0.7350716832522275
ACC04699,11,0.8462109580817182,891014.4810400796,522673.61364499776,0.5866050718220447
ACC04700,17,0.778295864548922,757644.3688281176,630828.0454736316,0.832617612468184
ACC04701,13,0.8041936166430311,4058368.0721482215,2247213.945561319,0.55372354247105
ACC04702,25,0.9609482282905274,1507771.4332729604,5913595.128894396,3.922076647955582
ACC04703,0,0.8491478889531889,1558868.106120269,285983.05698617554,0.18345558284461527
ACC04704,17,0.7602166952088718,1405411.8661101868,1026827.5182247293,0.7306239138756668
ACC04705,4,0.8342747088340337,2144599.2868821076,928710.5512989613,0.4330461904839821
ACC04706,5,0.8924726837410729,546538.5529104592,212560.0941404356,0.38892058576380034
ACC04707,1,0.8807794023639564,566836.2702712674,188371.6390068216,0.33232107556680124
ACC04708,6,0.8387698834951609,1865020.5378914631,834306.1011537787,0.44734418962325234
ACC04709,5,0.8728007054295366,326975.75548819616,255368.93553453832,0.7810026622715677
ACC04710,10,0.8411533971171455,2679107.69793489,1115126.5047108494,0.41623056272445164
ACC04711,25,0.964256465625239,1984455.427211485,5522283.954024752,2.7827704660439507
ACC04712,0,0.8187668250556878,1892941.9432513332,354987.27116467146,0.18753204366898982
ACC04713,4,0.8462087402960539,1224875.6993279303,575647.4749547803,0.4699639933020378
ACC04714,3,0.8790192170148814,943272.370846384,276649.51645923627,0.293286992187636
ACC04715,3,0.854083752056364,1011497.0746478317,423412.06278613006,0.41859939430229937
ACC04716,2,0.8663369615421495,1688287.2888597401,395073.9898684699,0.23400874512021036
ACC04717,16,0.8329837056506063,1317132.4762172971,797236.8346603898,0.605282193747126
ACC04718,0,0.8582791303116728,475871.164408629,220383.5680024495,0.4631160374601031
ACC04719,1,0.8724436203684038,1350466.699505966,338003.4684151748,0.2502864147178341
ACC04720,5,0.8917295611747957,578486.5354887157,205909.70100106145,0.3559455378284738
ACC04721,12,0.8120811307495341,1234359.437641152,753410.9164373665,0.6103659059610116
ACC04722,0,0.8653352830389421,1756153.625800983,435469.04335137,0.24796751090198743
ACC04723,4,0.8214642708862503,1080931.1809681386,567435.2512116613,0.5249503957351258
ACC04724,11,0.8472096335386116,5150535.615425973,2104073.4725274798,0.40851546899816227
ACC04725,20,0.8475598584784177,434453.99977994245,396727.52215189335,0.9131634703624362
ACC04726,11,0.8390796045509165,2056475.1412481205,1007882.4760643607,0.49010194961688397
ACC04727,20,0.8385472784842759,1626340.2586592643,924064.6611055366,0.5681865502532198
ACC04728,24,0.6711331782362798,945271.4275449021,909492.9317773218,0.9621500293725098
ACC04729,24,0.7287501072495838,873082.4412693606,843426.5447764255,0.9660331085689698
ACC04730,11,0.8275762139436778,393649.3640498801,365565.4478793943,0.9286575345084838
ACC04731,6,0.8223243564804764,888589.8120346058,527460.017098757,0.5935922401485009
ACC04732,23,0.7326857697509291,491952.4885353862,500835.8717218921,1.0180574006505243
ACC04733,0,0.8484136408847434,331991.96975819574,64618.822584301444,0.19463971562735735
ACC04734,14,0.7834392628426372,2243038.3044448537,1465384.4235787832,0.6533033433601849
ACC04735,1,0.8659618719299097,1357690.7530913178,375259.00906598987,0.27639505403683784
ACC04736,0,0.873033138726701,2815836.7093746597,555286.4769698448,0.19720123511464652
ACC04737,0,0.8483590701770376,1296134.1178874788,513219.1461348568,0.39596145109684616
ACC04738,4,0.870852471314577,1849875.1896776527,457240.4020902663,0.24717364968278863
ACC04739,22,0.7195035534261682,1378605.9098530721,1105188.97951327,0.8016714360604025
ACC04740,12,0.8399394234277849,1051912.8755148374,590540.8048980188,0.5613970687534277
ACC04741,10,0.834652988421383,1114230.3824644245,602129.4912964455,0.5403994548817381
ACC04742,0,0.8488568446640385,771087.0507293374,217927.19599053598,0.2826233377728341
ACC04743,16,0.8069161651386362,2793077.0734173236,1615404.3643501955,0.5783601103329926
ACC04744,20,0.6730374220515475,1280676.7858212816,1074892.9839898983,0.8393163645115839
ACC04745,0,0.8275492669249064,546764.3577845204,125377.93444038463,0.22930890182456998
ACC04746,10,0.790856008695901,2589005.194709198,1542955.9367887774,0.5959647898512946
ACC04747,16,0.8270784639596948,1064359.0802454788,685437.3483838933,0.6439906992908889
ACC04748,25,0.9512763347222711,671962.6486668431,2475203.738256348,3.6835436361933054
ACC04749,1,0.8805095596686362,896022.1598691698,226679.6753901464,0.25298445233011246
ACC04750,6,0.8713931264084438,681530.0233537172,287663.3142157226,0.42208458080859046
ACC04751,0,0.8514410939743744,1884372.6469288256,537895.5696553026,0.285450741673613
ACC04752,9,0.8775035764431546,1245033.4887100838,390056.10492747946,0.31328964920581925
ACC04753,0,0.8490570323583023,1296535.8742732005,343488.12810199143,0.2649275927629389
ACC04754,10,0.7832760098897484,2348833.4657389643,1412057.3671834266,0.6011738966513663
ACC04755,25,0.8217581467651146,2577603.5197059955,3188441.997268266,1.2369792223250624
ACC04756,11,0.7983399780514948,2028340.4070624933,1190619.6144776763,0.586992010972147
ACC04757,23,0.7339152977849644,1463258.8001987766,1162706.947146944,0.7946010281906357
ACC04758,8,0.8643451066063668,1291595.157826388,534886.4249355295,0.4141285461581354
ACC04759,10,0.8056036064431318,4359438.716435194,2202296.3747172556,0.5051788814955793
ACC04760,7,0.8340215398113322,2522068.3979614805,1153301.4154754444,0.45728395645717884
ACC04761,6,0.8571194480969646,3460334.711419718,973387.0326781484,0.28129851989918736
ACC04762,10,0.7888715016658118,2660252.3985006106,1550053.7635087387,0.5826716909953321
ACC04763,12,0.7348219435589661,2035557.8434263053,1402643.5865190472,0.6890708564479209
ACC04764,24,0.648109682368764,1393683.0476047178,1328462.5492293073,0.9532027755611271
ACC04765,0,0.8587390656017466,1053610.9956932291,178544.96468413484,0.16946004304621007
ACC04766,6,0.8743957371164446,794781.2637644073,319195.45320757304,0.40161421482903814
ACC04767,7,0.8567146602716247,1021218.6230439674,456302.9768322756,0.4468220286388472
ACC04768,0,0.8960597299783931,457816.51287225564,150985.99281658087,0.32979586487460405
ACC04769,25,0.8540932729571801,516869.1704773369,1436412.2386997815,2.779063485975052
ACC04770,0,0.8553092718468122,793475.7229628657,214553.47553350098,0.27039702579979497
ACC04771,0,0.8563931287613509,943720.9234580145,380698.8947324742,0.4034019859785499
ACC04772,19,0.8015975494889591,1620218.8670966385,1066152.6925268664,0.6580300440750733
ACC04773,0,0.8587706374245375,557589.3322288011,129937.82849496065,0.2330349972363567
ACC04774,8,0.8446880174797567,2258932.7136644097,967059.997823291,0.4281048266614987
ACC04775,4,0.8710463907303002,1445725.7951929627,445082.7291627453,0.3078610969262948
ACC04776,7,0.8460483411348755,1473371.2753802615,623205.8495594271,0.42297950284023583
ACC04777,25,0.967918166382315,858499.5789871534,2139831.735927506,2.49252508481373
ACC04778,24,0.7332976743425395,1515213.4866562367,1257676.1793943315,0.8300323290876742
ACC04779,25,0.8687953184320601,803193.7893907595,1351820.641870319,1.6830566417796944
ACC04780,12,0.7430848963120342,1562289.9101541864,1099716.625231201,0.7039132865696272
ACC04781,0,0.8155559698928755,508916.9157737855,197798.9261347602,0.3886664404424753
ACC04782,25,0.8808742412114183,1112132.6001826713,2264425.0674264734,2.0361106823543653
ACC04783,0,0.8725812832479973,1835630.9562651152,393470.30324653874,0.2143515295945526
ACC04784,25,0.9041917124150598,1357233.6809232717,3266274.726835442,2.406567691875673
ACC04785,10,0.7682499644678206,913043.114662271,664932.1983438504,0.7282593643891666
ACC04786,25,0.8251124324863675,3371060.1496744365,5225579.507099883,1.5501294177751614
ACC04787,25,0.9694313012934316,4070656.793722682,9926034.402823204,2.4384355905735013
ACC04788,8,0.8608825484659054,2749239.4970512087,926335.836022915,0.3369425752163419
ACC04789,24,0.6334656489677378,941396.7241793222,869489.0332039555,0.9236159536904556
ACC04790,11,0.8201574844544985,1616660.82609153,930454.1821324532,0.5755407486318184
ACC04791,5,0.833656508255452,1082435.6302791699,545358.5467921633,0.5038253837334515
ACC04792,24,0.760907887254254,2398896.312545116,2092911.0803845972,0.8724474957252809
ACC04793,24,0.6975617813467287,3204618.173312637,3100909.403737697,0.967637714084441
ACC04794,8,0.8688032837093512,483149.8688236579,312289.92417997384,0.6463624318895443
ACC04795,2,0.8721041090367702,3253505.836352095,648190.7685687031,0.1992284019676047
ACC04796,0,0.8504308973554712,347821.3385364189,110333.37384728358,0.3172127803071261
ACC04797,25,0.7191657083187661,956800.1726928173,1154830.7280756922,1.2069716969485258
ACC04798,25,0.8842615227883023,4143626.3391873566,5775165.09639223,1.393746593841
ACC04799,12,0.8195797973772043,870801.2084179829,565577.9541806857,0.6494914668391335
ACC04800,3,0.8825983845897447,372185.597308896,209280.4491862626,0.5623013106887368
ACC04801,7,0.8735608130376535,918823.616089105,372194.1857365513,0.4050768604759685
ACC04802,4,0.8590037356545553,1574266.782837607,536646.4173998785,0.34088657859665716
ACC04803,24,0.6450451131928063,1633305.57425934,1361254.8284986091,0.8334354880995869
ACC04804,0,0.8174818289257592,1061248.705624339,182303.72060824087,0.17178227840663468
ACC04805,15,0.8308446430913292,8851276.649022192,5810240.258793348,0.6564296303443651
ACC04806,3,0.8738871471833628,2212865.4663221836,487154.65596821095,0.22014653099443476
ACC04807,2,0.8637824979145067,684432.8415410987,309084.29390348017,0.45159185115596234
ACC04808,4,0.8811321902879259,730829.3661743638,226848.55737089866,0.31039879877620624
ACC04809,25,0.8679241303398828,3665961.8747374914,6206445.624398993,1.692992408668576
ACC04810,0,0.8775662746760372,634975.5307072843,224397.18914843592,0.3533950180702006
ACC04811,13,0.8340509884975998,2655907.1743127736,1314255.1361817527,0.4948422704275504
ACC04812,0,0.8916265250883649,642819.2488793478,125553.94331705556,0.1953176472794471
ACC04813,0,0.8944790857055329,429311.1854702905,158431.14642153084,0.3690356827017607
ACC04814,0,0.8819968777986443,969557.1443020111,244444.85256395495,0.25212010865015283
ACC04815,6,0.8346503648108176,2595203.0926358565,1131229.98415449,0.4358926618746972
ACC04816,2,0.8659688165677092,2534704.0874729436,604762.3385613727,0.2385928762060389
ACC04817,25,0.8416865554571676,543900.7980393658,1449515.2485927339,2.6650360760967713
ACC04818,25,0.7207167547641798,2451256.952676985,2894059.5700790184,1.180643084731878
ACC04819,1,0.891261706552267,338365.49130421877,153763.4642537311,0.4544301006023245
ACC04820,1,0.8748975370133707,2391985.6984278746,373888.0923688906,0.15630866548016042
ACC04821,25,0.7942726283125805,1531618.5658018717,3027215.2396508795,1.976481160024327
ACC04822,11,0.834514219422328,1699302.9135680615,821071.4888444744,0.4831813576547418
ACC04823,4,0.8908283661609645,389187.8824068688,177645.46509948955,0.4564516860105464
ACC04824,25,0.8711033095577821,2526752.9225397995,4207343.042111566,1.6651185023197677
ACC04825,9,0.8086123442213703,3543820.066108544,1754076.6593296747,0.49496775417715266
ACC04826,11,0.9008012315064974,388405.5147674117,208129.8002511329,0.5358569647904381
ACC04827,25,0.7574985426157735,1543880.144849679,1589588.8454212318,1.0296063789174537
ACC04828,14,0.8698114139963542,622267.5480534702,392549.5356463793,0.6308372288966744
ACC04829,10,0.7888008659309648,4091904.0400339845,2326235.73760246,0.5684971384576115
ACC04830,12,0.8352107670695248,1488914.7169069585,822362.9620508167,0.552323751463198
ACC04831,2,0.8558662763734814,5504194.853201057,1455901.8410578633,0.2645076854812215
ACC04832,10,0.8471949827602023,815033.1238036677,487646.7198131463,0.5983152163648933
ACC04833,9,0.8409527275548062,2334499.2354903896,1012885.1595032408,0.43387684352377703
ACC04834,16,0.8547832049236208,554008.5478074271,414394.3759438173,0.7479927477361964
ACC04835,7,0.8557388702284187,1872760.580082625,661285.3047737251,0.3531072320758426
ACC04836,25,0.9699581002633703,1652358.9181490247,4948080.72042799,2.9945556416827634
ACC04837,25,0.8817588669820966,2486921.32762923,4258390.714559129,1.7123142044137893
ACC04838,0,0.8948589838649461,428892.6402077379,153653.90053750202,0.3582572563219513
ACC04839,25,0.9808357428688042,1433391.613645027,3499866.619648667,2.4416681291644515
ACC04840,6,0.8576225052402753,3569406.4358162903,1066098.8468694398,0.2986767873145365
ACC04841,0,0.8366853407822752,2988202.30860455,531368.2674944086,0.17782205239729917
ACC04842,10,0.7473916764242546,879420.6373126616,699897.2672495237,0.7958617725736726
ACC04843,15,0.8275571591575863,1847947.4127955677,1009230.2526708695,0.5461358075899518
ACC04844,25,0.9740292052797356,2138329.1351095405,6062240.442103006,2.835036170328594
ACC04845,25,0.8753465107790046,1824341.3397163823,2413458.5772350095,1.3229205109227056
ACC04846,25,0.9912586962166352,1486380.5818261583,3815848.6956839147,2.5672083868290216
ACC04847,24,0.7518304494155212,520600.50175901194,607362.4994812998,1.1666575376495705
ACC04848,0,0.8619636890677562,2011962.3712235584,540335.255831119,0.2685613128552293
ACC04849,8,0.7621052536049402,1315747.483926534,890116.8122950579,0.6765103662890671
ACC04850,12,0.8568108412582194,368500.86279155686,319104.2807498775,0.8659526013929021
ACC04851,8,0.8159090667301407,1654810.5615980064,910117.721551963,0.5499830268626559
ACC04852,20,0.7432964359097359,1628617.5396122748,1205159.2484225826,0.7399891129193505
ACC04853,7,0.8605475703826354,625726.0620793364,359577.03992668324,0.574655686758165
ACC04854,24,0.7492602875165388,1169226.7437817343,1023029.7167239374,0.8749626384828157
ACC04855,25,0.9274401630122238,3313515.3550815396,10537861.887368888,3.180266501921664
ACC04856,6,0.869994678872658,1108184.1226683431,390129.30396160553,0.352043758777406
ACC04857,25,0.8542496877555301,1063803.9274469793,1671829.9730094227,1.5715583763839298
ACC04858,0,0.8248138671408481,499142.83393330144,104875.94101338067,0.210112083923847
ACC04859,25,0.8197723724198634,1786156.053529857,2127851.9711469165,1.1913023875723454
ACC04860,6,0.8453443838517689,1407167.897186405,621276.6491115174,0.44150854375923704
ACC04861,11,0.8055640524943617,1958965.583210543,1087540.0603356112,0.5551603711961315
ACC04862,0,0.8870540023224845,472043.3834195639,160666.59170585722,0.34036403718226205
ACC04863,25,0.8282071526712349,1985799.0709058824,2399053.9191861036,1.2081050667889084
ACC04864,0,0.880615237204973,1039709.9246718113,260069.99333332776,0.2501370691593811
ACC04865,25,0.991750775363793,2945269.481109772,9304969.032937106,3.1592929246769677
ACC04866,0,0.869415523055073,455020.99446792074,61889.40486776198,0.13601439410533664
ACC04867,23,0.807122982143005,2036077.0968210124,1284541.7387305605,0.6308905201753675
ACC04868,0,0.83231513109334,606854.7868344816,145005.76735290416,0.23894640117991553
ACC04869,5,0.8603933343120055,403842.0626100885,277283.1241524681,0.6866127870889623
ACC04870,3,0.8718676714282962,526289.7268432738,270000.1548614491,0.5130256987551909
ACC04871,24,0.7516225927283049,6032658.205970965,5272512.401247419,0.8739948827249695
ACC04872,8,0.858021474787045,1141055.6739837923,515594.01046244364,0.45185701470844025
ACC04873,25,0.9297447663316802,3646079.6957972343,11970568.60226831,3.283134105945779
ACC04874,24,0.7347424716609832,419810.1631177772,515229.5176807977,1.227291673584974
ACC04875,6,0.8291750950154259,2175866.9778483026,961759.943955864,0.44201228923789293
ACC04876,25,0.8265155646274428,825132.0395609238,899303.0049628956,1.0898898138065762
ACC04877,7,0.8313601761068358,1265318.2265906623,671738.7063774564,0.5308851894020552
ACC04878,15,0.842922390145359,939434.1977283657,594466.0508371365,0.6327915805860671
ACC04879,5,0.8391405638662179,1476821.2781977977,668875.8973775154,0.45291593996652163
ACC04880,7,0.8211617825804783,2292775.7046114383,1179869.1368078867,0.5146029480488767
ACC04881,6,0.8633404622817056,901129.2502142132,383161.17668213934,0.4252011313483118
ACC04882,3,0.9054915266361532,463124.8722905637,123766.81956097407,0.26724286896714755
ACC04883,10,0.8419018518202291,3232531.339760444,1353374.6794264065,0.41867333590235273
ACC04884,17,0.7864037994491127,891236.874121202,706593.8089973187,0.7928238042148454
ACC04885,11,0.8399338229214744,1765740.0652566864,806512.343747797,0.45675598555926405
ACC04886,10,0.8719723794883621,1771110.2379336753,516549.0607225753,0.2916526874833181
ACC04887,13,0.7917070121062467,1375722.5428705902,886046.3208934095,0.6440588805389351
ACC04888,25,0.8404994766131808,4897984.749541971,6532538.622037615,1.333719673718563
ACC04889,24,0.7658035864657604,1355378.7892075945,1127696.7529575473,0.8320159367528847
ACC04890,12,0.8186266667280597,2285681.3378322367,1224564.7859726364,0.5357548166071243
ACC04891,6,0.8446732136227474,5096610.446439197,1903086.4818445023,0.37340238219974503
ACC04892,0,0.8703444999221825,447370.5807066406,210780.89263220908,0.47115501493028844
ACC04893,1,0.8792735353639134,1003841.5344465297,277743.88680798124,0.27668100718816735
ACC04894,0,0.8602616588216407,646475.8145127951,132832.72745491873,0.20547207563368125
ACC04895,24,0.662672296282419,2364938.6491298038,1884877.3997238968,0.7970090050401312
ACC04896,8,0.8422268487950211,3906849.4423398366,1590681.8699657077,0.4071520782774363
ACC04897,11,0.8034707594213811,1481832.8527618798,887351.9014988341,0.5988205078899175
ACC04898,25,0.8653635927715873,7692049.701364158,9498720.200640835,1.23487504233836
ACC04899,16,0.8018359047451528,566099.9067945961,480087.93406154425,0.8480622029774323
ACC04900,0,0.8481248943236305,1956675.9601169075,554100.3739028384,0.2831845360177737
ACC04901,13,0.8948547717842777,313041.1690178914,254694.18259503366,0.8136124184371322
ACC04902,8,0.8360909686750471,747648.0727395702,462515.3319221279,0.6186270637030544
ACC04903,4,0.8281615114694677,3246404.804687742,1304973.0917480155,0.4019748522623121
ACC04904,16,0.8145088616830796,2537441.168573121,1494904.2698953259,0.5891384944841717
ACC04905,19,0.8141862495236938,1429442.4006278517,948531.3610171257,0.6635673886548374
ACC04906,25,0.972701924157742,2578440.157326095,5868731.509023068,2.2760782298353144
ACC04907,14,0.8140040313394133,589536.3345290334,468250.27566054405,0.7942687299072382
ACC04908,25,0.8199879086557055,779010.283901895,1156821.5495879268,1.4849888037339587
ACC04909,0,0.8910808023250929,504272.31208409136,99394.51206596564,0.19710483737483256
ACC04910,5,0.8601409503838137,761806.7541735409,348510.9813242872,0.4574795109323693
ACC04911,0,0.8748717218380117,945565.2588904024,257690.28113431882,0.2725251152275963
ACC04912,5,0.8385381470872363,1230562.498648645,621953.7055277906,0.5054222814451078
ACC04913,3,0.8612857761878161,1462343.32710025,443961.83717544976,0.3035961726278074
ACC04914,19,0.7885147349629574,3804920.214792506,2349968.586592528,0.6176131045945412
ACC04915,0,0.868743756663684,406101.76631105907,63450.76787807302,0.15624351613746013
ACC04916,9,0.8540330124965271,1303619.9771583078,577120.6311369226,0.4427061883440582
ACC04917,18,0.8102541517983203,1710080.0787886623,1080775.155814157,0.6320026583665753
ACC04918,2,0.8647492556926921,1347468.026927308,364842.8821772958,0.2707618102147207
ACC04919,13,0.8557952549969403,659180.2908694389,402001.049133449,0.6098499222469498
ACC04920,20,0.7959543257465259,2473596.3893105034,1550303.2433365225,0.6267405830781706
ACC04921,2,0.8718071738568131,653965.8353973931,284825.000701077,0.43553498559752496
ACC04922,1,0.854902911761472,2289942.112325712,601860.9426747272,0.2628280162346396
ACC04923,25,0.8475702057427947,449457.2733740441,1246093.3514964974,2.7724400634172905
ACC04924,11,0.834380684349087,1752715.3264498468,855879.1117792408,0.4883160995190461
ACC04925,0,0.8425884975960303,270799.94696252194,66578.59624153616,0.24585897075803514
ACC04926,25,0.830877755470415,3090229.6392529807,4926977.400646101,1.5943725793262171
ACC04927,9,0.83257533773697,533096.2348497754,396091.2894467562,0.7430014761938306
ACC04928,25,0.7981957296350571,3840313.7166110273,5237433.69231702,1.3638036053312104
ACC04929,2,0.8646230521786454,352536.38692529674,236378.67370652233,0.67050858428583
ACC04930,12,0.8516249490092421,1399540.059432209,666693.8844831776,0.4763664176598518
ACC04931,8,0.8850486300915932,480317.029015207,267795.69566570345,0.5575394572513166
ACC04932,5,0.8178080096624748,698638.718130327,465534.4289531309,0.6663450176351208
ACC04933,4,0.8414134980558392,1411485.5035611242,631539.1739028625,0.44742873540643047
ACC04934,14,0.7727004331793788,1933018.9347644905,1275336.6715135411,0.659764189877903
ACC04935,8,0.8470397648910227,1797599.434493232,752900.6971647758,0.4188367456718904
ACC04936,8,0.857854848579967,998442.5038451119,438019.7420445977,0.43870302031187125
ACC04937,2,0.8599155729793598,1703123.5704303877,457910.8728390939,0.2688653253289059
ACC04938,12,0.832078383637985,4100626.005790992,1891427.6781422358,0.46125339776685825
ACC04939,5,0.9089744266545274,318672.4785007049,146793.5706478641,0.4606408791198434
ACC04940,0,0.871012936141369,507160.41694338905,124104.36197764344,0.24470435355663095
ACC04941,10,0.8526531447953639,2406909.451122901,1013469.4453165943,0.42106671060840206
ACC04942,15,0.8113456954689343,2901974.0064396095,1559831.3284320089,0.5375069952283079
ACC04943,10,0.8185870088492591,1339196.3730052095,765227.0544991363,0.5714076515768457
ACC04944,10,0.8036989048963035,1513788.8500521618,906516.025429797,0.5988391481404823
ACC04945,25,0.8420188204571416,2978100.1276898785,4284908.10599744,1.4388059240040585
ACC04946,5,0.8496330051483656,887418.0910389605,427632.5262064466,0.48188394007810703
ACC04947,18,0.7601298500246773,2648196.2235769606,1827616.4338042822,0.6901363341330091
ACC04948,16,0.7770244552569606,4151256.344537584,2623447.768687777,0.6319647718551111
ACC04949,25,0.9813555477740674,895196.1003603094,2030787.4060498911,2.2685391560938606
ACC04950,25,0.8200200376146991,319924.8622798517,622330.0415571674,1.9452381322361538
ACC04951,23,0.725230108476726,2275202.105014806,1685272.893487398,0.7407134908028009
ACC04952,16,0.7968863021695569,1724745.2353563707,1121067.148592236,0.649989995977927
ACC04953,10,0.8701955449408826,425979.86355055077,313540.7572325754,0.736045959119304
ACC04954,0,0.8891864287414667,624487.8285429344,188842.08817886922,0.3023951461463689
ACC04955,0,0.883061157727467,1189608.111847427,140798.12327560678,0.11835672762600061
ACC04956,5,0.8109047133557261,4508924.87159622,2175851.314340848,0.48256543994501455
ACC04957,4,0.888091128952108,688704.9384445323,202519.48400240004,0.2940584170338584
ACC04958,13,0.7933199472516633,2735229.51577258,1570260.1778864241,0.5740871721482926
ACC04959,10,0.8178206543244047,1839831.7592226982,1005824.3413461591,0.5466936508211517
ACC04960,0,0.8500912141367328,927337.8721440228,289851.86938377173,0.3125633904216903
ACC04961,7,0.831937733768331,2771846.664618342,1182319.6246980429,0.42654582585319073
ACC04962,24,0.7502412957997397,2372401.4616587,1762805.3234533486,0.743046803815766
ACC04963,25,0.9916401132581103,3469639.24203512,10092493.777551958,2.9088020608252623
ACC04964,25,0.8865539231274008,6368217.398284774,6400136.621983261,1.0050122697926556
ACC04965,4,0.8676491534237815,1448886.2953940136,442901.5317128913,0.30568411967237746
ACC04966,2,0.9039069326017773,317226.453821676,131012.65045221332,0.41299408947105043
ACC04967,18,0.8494469765505097,488403.9301586135,405273.8792370429,0.8297924201908585
ACC04968,25,0.9944371918019157,2855352.2205850566,8972477.593085084,3.1423365315143643
ACC04969,25,0.8981613067554401,8483866.374569347,6766417.866473008,0.7975629940089056
ACC04970,0,0.8568517300690415,1558519.3089293153,433093.7704784871,0.2778879722549074
ACC04971,4,0.8840559094497583,719597.2581631505,248036.14521794912,0.344687451771409
ACC04972,1,0.8745476965005521,1361380.2055612244,274478.4386963677,0.20161776818490973
ACC04973,6,0.8020106002370687,2845179.5288584065,1452508.0446128612,0.5105154278948655
ACC04974,16,0.7665926769309541,2600578.5053265546,1733148.3935627586,0.6664472501071937
ACC04975,10,0.8334382691521246,784762.6230413219,504355.71864666586,0.642685703725353
ACC04976,6,0.8488140692953724,2338420.522296171,842849.1557455095,0.3604352372506073
ACC04977,5,0.848943809175259,1228024.2044999306,514146.2975804691,0.41867765773382043
ACC04978,24,0.7163254668779715,1695051.1301121074,1665837.0649876865,0.9827650832441327
ACC04979,24,0.6812970545219231,2165192.5488428483,1850137.9322256567,0.8544911782623825
ACC04980,25,0.9864246271969117,2336206.9654765194,5674483.612782283,2.4289301832574797
ACC04981,2,0.8799034732258132,1590153.1778448757,282263.18809097545,0.17750691695848128
ACC04982,11,0.8875010401618755,420952.8385317812,270641.8713205228,0.6429268234999437
ACC04983,9,0.8360542204869645,968116.7584122336,523754.3430343353,0.5410032813535034
ACC04984,9,0.8296383398758278,1902055.5600752193,985835.6941383606,0.5183001563315924
ACC04985,11,0.815842506322413,1687512.5715934383,914736.8382235746,0.5420622362296429
ACC04986,25,0.9686714573688865,1347888.073471834,2852971.376108325,2.116623354904952
ACC04987,8,0.8299503243457242,2439328.852204479,1068629.322608304,0.43808333658766774
ACC04988,25,0.7935617365893604,1525591.7872709695,1541573.4183437424,1.0104756929121659
ACC04989,5,0.8711988014237373,739333.8934009947,333415.8660297415,0.45096791720991175
ACC04990,24,0.78327026418845,1408905.1745005162,1030817.379624171,0.7316442570307228
ACC04991,10,0.8390678223865019,1134633.346867097,609393.9323596874,0.5370844546763242
ACC04992,25,0.9804190241943004,1857765.358596036,4942459.217302337,2.6604324353628215
ACC04993,7,0.845260033587506,1023475.2937748551,509376.14634632313,0.4976926648298519
ACC04994,10,0.8317996952000837,1588889.4541804488,853111.6261366617,0.5369232100396172
ACC04995,5,0.8622299948410794,1234135.533061418,445981.77392678836,0.3613717958678965
ACC04996,25,0.8493505131977601,6957429.7154868385,8184084.828981003,1.1763086604761095
ACC04997,5,0.8857466094958407,897097.9505289978,287064.00132988655,0.31999181489670286
ACC04998,7,0.8218786446190255,1524545.831327918,793863.4151980529,0.5207212527724259
ACC04999,20,0.8028181385531372,5012330.19640728,2823071.497120545,0.5632253635532742
ACC05000,8,0.8630322577795366,927313.324769175,429248.3131350333,0.4628945812267724
ACC05001,12,0.8102532795876497,3575136.3272495694,1876028.5843982908,0.5247432300970634
ACC05002,24,0.8925177632694964,961913.2153144045,760463.8249506486,0.7905742564334024
ACC05003,17,0.846796883587121,1462513.9087125533,750959.951913704,0.513472006960106
ACC05004,5,0.8433802750308417,1189828.3104665687,589118.8668300296,0.49512930701658775
ACC05005,25,0.9884398029303783,3761619.7961916993,12502352.331331437,3.3236618820405353
ACC05006,4,0.8382951580106385,960442.1858040716,470933.4635822643,0.4903298402995533
ACC05007,0,0.8500659160816564,1039189.7626831266,379020.02059099654,0.3647264765314751
ACC05008,0,0.8619587686881638,1281987.259942044,296643.8429089849,0.23139375263557269
ACC05009,7,0.8866043528267414,313921.5096348203,232569.15977748323,0.7408513040346523
ACC05010,25,0.8912872984510786,1642690.7653936401,2222935.693264253,1.3532283373685172
ACC05011,6,0.8462525432310124,655339.6040995085,382714.29381595075,0.5839938429203164
ACC05012,13,0.8384752053197558,801137.1250641637,519168.6539632724,0.6480396897368746
ACC05013,13,0.8032861175447771,1934056.7405289493,1158691.2883680603,0.5990989116747253
ACC05014,8,0.8074895021341388,3112397.671665068,1620994.453838691,0.5208185536816357
ACC05015,25,0.8291726174029784,2717730.892403356,3081289.4912059675,1.1337728469801174
ACC05016,25,0.7826666879068966,3476462.0822785445,5332561.086929885,1.5339045733054033
ACC05017,0,0.898768591150661,514344.8446931324,124671.42684543633,0.24238879446690598
ACC05018,5,0.8508710688882734,538564.4056224455,335635.7675270327,0.6232045118895703
ACC05019,0,0.8182937124990359,248654.28033092342,69649.56031558294,0.2801060179735869
ACC05020,25,0.8532196033305207,2323811.0900065415,3700461.5412300965,1.5924106555579265
ACC05021,8,0.8328172717092711,1197270.9888286646,632405.2835382556,0.5282056355152825
ACC05022,9,0.8667652880222274,508704.95665346127,336049.8947342766,0.6605988212597654
ACC05023,18,0.7998205498386812,1670615.095096761,1064297.7469336062,0.6370693944148534
ACC05024,1,0.8641955340532732,2752117.1266101846,671448.9831173188,0.24397543862689827
ACC05025,7,0.8500677547438983,645151.5408995332,398027.02928815194,0.6169512185202004
ACC05026,0,0.8515462469990475,1862054.5745845307,519119.5464563971,0.27878857770440224
ACC05027,7,0.8612104528943904,847247.1568455345,401751.13670027175,0.4741841072634214
ACC05028,24,0.6013800589248047,4197013.618839971,3642600.9150562473,0.8679030486594038
ACC05029,0,0.8923439478646245,379767.5476408843,112920.1657446965,0.29734021889483836
ACC05030,10,0.8283016054109457,2107384.031868723,1076913.4994835507,0.511019103873819
ACC05031,5,0.8498605762715604,1035520.7293775622,447284.74877864297,0.43194185890175263
ACC05032,3,0.888425809972803,551256.6810112037,202916.6593357245,0.3680983221164814
ACC05033,25,0.8382464138933402,674673.7329870389,854749.0381033715,1.2669072416960272
ACC05034,6,0.9065895125242783,468342.5848305776,150327.11913588672,0.3209768319279943
ACC05035,7,0.8631194147953559,814914.5671382552,407823.1294209441,0.5004489376758857
ACC05036,13,0.8114690732949192,3707380.9683980565,1884443.7119410983,0.5082951355698841
ACC05037,9,0.8388465184929134,750876.6809109449,460837.91715710954,0.6137331586833039
ACC05038,19,0.7621063539003365,345125.71328287816,393408.70427576086,1.1398997209845911
ACC05039,13,0.7906018799401276,1290925.5334688202,849735.8962725054,0.6582377327290112
ACC05040,4,0.8953702905806598,544214.3437156684,162666.36172642972,0.29890127594912635
ACC05041,7,0.883537266988675,669225.975465998,240316.6145130009,0.35909636404304646
ACC05042,25,0.7656928603367399,1459482.6626423055,3285615.0620352062,2.2512189737744457
ACC05043,0,0.8616230377343778,910632.6213971496,223320.36155508074,0.24523650515885173
ACC05044,13,0.8028410143502019,3884717.4139588475,2102312.84068225,0.5411752301796954
ACC05045,14,0.868556647438165,562281.8229821916,360297.95163442695,0.6407782306095251
ACC05046,24,0.6725414749174414,1751585.672230416,1608069.7750526806,0.9180651569300708
ACC05047,10,0.8591716194635763,1292699.0791866411,584823.4553093122,0.4524049446041841
ACC05048,7,0.8796944701069315,935758.7664358084,324969.76396669936,0.34727942245678317
ACC05049,12,0.8298637420811253,2076825.5186536734,1033923.883609356,0.49783858794243313
ACC05050,25,0.8812282497544642,1895800.3562413033,2706920.6045550257,1.4278510897222771
ACC05051,25,0.7551380201295638,4291885.007520123,5650373.744699568,1.3165249615959276
ACC05052,6,0.8251756023885479,1701771.1051747387,887672.0755182578,0.5216166103766999
ACC05053,1,0.8534490538370696,2773569.040452851,760250.3603458419,0.2741054393301538
ACC05054,0,0.8665519752607749,831039.8694212512,158372.27816798384,0.19057121564850635
ACC05055,17,0.7828007635916451,1179272.8301234983,868911.3525491694,0.7368196148962183
ACC05056,24,0.6960792812981345,3397081.554397002,2774207.6386329825,0.8166444032060979
ACC05057,20,0.7841850639138721,741639.4953637569,622959.2496349948,0.8399758285923644
ACC05058,25,0.8618795951524015,3331120.6578576895,4695371.567011223,1.4095471312140673
ACC05059,8,0.8377517397855618,1281731.718859941,619741.8620175463,0.483519174019339
ACC05060,0,0.837815492796085,1069169.9048675706,292782.86806204106,0.27384129194910856
ACC05061,25,0.9860428874607384,1106455.3881444926,3522329.426262851,3.1834355582738305
ACC05062,24,0.7048627996502167,3752940.5430334774,3032909.7272099117,0.8081422267240158
ACC05063,13,0.8112201563396679,1913659.9341808385,1062786.3816309199,0.5553684657592293
ACC05064,8,0.7738252667047745,2477117.4578843773,1526384.762678139,0.6161939385715577
ACC05065,25,0.9844965107825646,6076206.077395792,17842052.406238943,2.9363803957560783
ACC05066,4,0.8982121394023271,383764.0065270721,153707.69308464025,0.40052660090674025
ACC05067,5,0.8538283805306441,1267722.065385018,509194.2586749572,0.4016607997749968
ACC05068,6,0.8906703259731753,331000.1440363702,220478.32273875503,0.6660973619229873
ACC05069,25,0.8904409464907777,1411498.894965319,1708503.0951899907,1.2104175931586325
ACC05070,0,0.8753413069443965,1223285.1872823902,300754.28300109954,0.24585786383079264
ACC05071,8,0.8741069505797583,1180215.0837829818,375005.6315010489,0.31774346613079296
ACC05072,25,0.962625048942487,784461.4181935365,2272023.8063371466,2.8962849588819544
ACC05073,4,0.8576428955837324,1272789.7522829683,481408.6881539073,0.3782311157757341
ACC05074,25,0.935079076899313,571948.3759367993,2097300.9989038873,3.666941086192787
ACC05075,1,0.8546426483508656,826233.4559242884,368827.82075844397,0.4463966184301321
ACC05076,24,0.7035865714051909,941158.841412116,873594.8841686671,0.9282119507669122
ACC05077,9,0.7959557039504609,2272473.493686225,1261965.9275889394,0.5553270174966394
ACC05078,0,0.8652871320041101,786255.9068278604,287364.14089659345,0.36548423789394535
ACC05079,8,0.822411226521264,1689963.0900558364,917426.4597734442,0.5428677496992744
ACC05080,24,0.8301019023275418,783319.4280583429,773956.7731178981,0.9880474623696587
ACC05081,0,0.8184271982233928,1733442.6045197078,465983.359765775,0.2688196070356116
ACC05082,17,0.7508289082308081,3511622.6508857147,2308306.656885788,0.6573333431209011
ACC05083,0,0.868230035064125,735649.4072860563,188696.67916535775,0.25650354271540016
ACC05084,0,0.8809213709012694,311596.73241287866,150784.21902315842,0.48390821641660553
ACC05085,9,0.8197473943234753,1928028.4967388422,976548.2250486028,0.5065009291617745
ACC05086,0,0.8522006995275087,540411.5518519119,162181.6930205695,0.30010774652169514
ACC05087,8,0.7988578960900442,3419948.8919326197,1818514.8501858416,0.5317374345785019
ACC05088,0,0.8250883204859953,1298103.178984762,310722.63439268013,0.23936666932415515
ACC05089,5,0.8478511465050307,3081665.8157890607,996149.4942566772,0.3232503307635949
ACC05090,2,0.8533080345734855,1490331.2204319038,526327.2563215238,0.35316126315128266
ACC05091,2,0.8455729719813755,1498639.441530939,573965.4967865903,0.38299105233761527
ACC05092,0,0.8276861954581696,3912027.6487246417,935269.4099704353,0.2390753578327449
ACC05093,0,0.8631861516551599,566453.067813762,121786.59749442738,0.21499856636749343
ACC05094,0,0.8429853047512755,1360834.7264281171,342440.47466404195,0.25164001771388556
ACC05095,25,0.9087895097650921,3770420.293076621,5817960.741534396,1.5430536357491873
ACC05096,7,0.8691265854895018,1720273.490117462,542997.3680987824,0.3156459546799771
ACC05097,25,0.8218226766953997,3840752.858978585,6276581.443318426,1.6342060199592296
ACC05098,0,0.8756982097629323,574400.3871483171,142399.47513507484,0.24790978265532676
ACC05099,17,0.7580670770486924,1322895.3512936102,1003972.0669641416,0.7589202471551469
ACC05100,6,0.8717674075189469,581536.5279243697,277330.99779929087,0.47689351310251404
ACC05101,2,0.8565374931060594,7448327.05719788,1931995.476865737,0.25938649874386277
ACC05102,0,0.8370519724116247,1122664.3509146133,274940.86987087067,0.2449003298687462
ACC05103,8,0.8527313648490342,479842.8996684228,320993.66767012194,0.6689557517511094
ACC05104,12,0.8673559522980553,2710296.8504211386,958844.1290593232,0.3537782693103648
ACC05105,16,0.8497539384974552,727920.5093732763,470339.9606236978,0.6461419269923446
ACC05106,0,0.8655144302463531,551153.8681304938,239256.231187632,0.43410061150289264
ACC05107,7,0.8869803565060291,568853.412170786,237733.76155367072,0.4179174396554315
ACC05108,0,0.8744859515346348,1057094.6038182606,153597.0823844719,0.14530116966795042
ACC05109,0,0.826624908560774,3948577.316396783,899556.8256369737,0.22781795911694372
ACC05110,5,0.8667265091353337,1045979.8634793661,422511.9513477386,0.4039388960532064
ACC05111,25,0.8212950667320408,927485.39793924,1161732.8772463659,1.2525619053707964
ACC05112,1,0.8500806734740941,1905631.5977977538,587653.2633602945,0.30837716169243673
ACC05113,25,0.9644567565745341,2638082.5928652817,7164044.053703331,2.7156253837838715
ACC05114,10,0.8034327465591574,1752058.7064063882,1018454.922255172,0.581290409123393
ACC05115,1,0.8958948083626216,308436.04314528464,161397.20568035066,0.5232760867844706
ACC05116,0,0.8648726875713395,1188832.4177620085,273238.5881786245,0.2298377669520482
ACC05117,5,0.8136798002592689,7753115.831536254,3395141.318864893,0.4379066935972963
ACC05118,6,0.8266079028844269,2573057.9096057294,1106392.177743689,0.42999116872314064
ACC05119,6,0.8852233784052428,348100.86672718625,216988.7960817378,0.6233503470469561
ACC05120,10,0.8518345507471387,2632992.4577086912,954627.5470538272,0.3625637226035097
ACC05121,25,0.9737390826861596,4496613.6554132905,11251408.309271859,2.5021959126345545
ACC05122,1,0.8764916707339511,954930.2556749978,238630.28284076002,0.2498928915725713
ACC05123,25,0.7827336946665034,2596109.85977408,4388471.507654396,1.6904028506853297
ACC05124,5,0.871338360776438,966238.4182369151,371252.2071222007,0.3842242246997595
ACC05125,3,0.8947294775884927,789181.4059544865,152645.67146848104,0.19342279267700388
ACC05126,20,0.7608739955678843,489676.2677658438,489337.00470345607,0.9993071686648495
ACC05127,24,0.7209438350575692,1223315.2832798292,1131852.7814227075,0.925233908946268
ACC05128,8,0.7580475589433991,1020666.8293900876,730851.9432649284,0.7160533900192076
ACC05129,11,0.8299929811717691,1487751.1929293273,817596.8533995129,0.5495521410335386
ACC05130,8,0.7972851501485846,1389375.4353828628,856348.5363612362,0.6163550287077423
ACC05131,8,0.8355558549840922,3682101.813976456,1549755.4606124754,0.42088881266942196
ACC05132,0,0.852326633751563,789506.2742346228,132581.93929015787,0.16793019082551028
ACC05133,25,0.9125301114941712,2641379.2848849418,7601170.162709918,2.8777276350302805
ACC05134,14,0.8291087850927639,1080601.181012595,666007.4583644182,0.6163304927543435
ACC05135,4,0.8649433514462133,990453.5021590882,348241.4162952309,0.3515979453211079
ACC05136,6,0.8702886623203856,4124993.76443314,1057738.2661769495,0.2564217854817302
ACC05137,3,0.878411379979833,675350.3302785334,257054.7574553232,0.38062431590032186
ACC05138,24,0.6191831546126241,792585.2534113976,817328.2655117873,1.0312181080759355
ACC05139,13,0.8173916054175816,1603237.6839603505,964089.5389290754,0.6013391205648071
ACC05140,9,0.8581321216570307,754106.6300532268,431440.1605749705,0.5721208956146139
ACC05141,25,0.9743535492705144,869454.08590276,1840796.721937693,2.117186809268233
ACC05142,5,0.8425931028928232,844381.4705222098,431252.32821667613,0.5107316340681506
ACC05143,23,0.6406416986784654,1688804.3429818528,1395340.6507907654,0.8262299043636216
ACC05144,25,0.9619240494025298,1655092.4953551497,3626437.0826769257,2.1910781982603122
ACC05145,12,0.8167425855012146,3302426.107278264,1780282.4241097674,0.5390831971035408
ACC05146,25,0.9935110993861519,6891000.064108932,17429403.122699123,2.5292995153894107
ACC05147,7,0.8406235143528357,826509.7779293892,464115.58091748087,0.5615367093178315
ACC05148,25,0.7877549370610409,1128928.774231341,1237439.3601079741,1.0961181859772469
ACC05149,0,0.8406697410552131,752731.1044907491,111846.20794280573,0.14858720102774803
ACC05150,18,0.8298372957401914,1912878.448885627,1106143.9547391029,0.5782614966379603
ACC05151,0,0.8721788937065676,1251855.356181886,266013.7776194988,0.2124956180487427
ACC05152,25,0.992413403169111,3852750.3778595054,13745312.486560877,3.567662355067353
ACC05153,6,0.8745221984261026,1003818.7309736357,312209.5320477575,0.3110218233773497
ACC05154,0,0.8447754391661751,1470482.7652992858,265887.1222584619,0.18081621120145955
ACC05155,11,0.8538965152949575,575277.9711625591,385692.00841997855,0.6704445985312928
ACC05156,0,0.8634317078496003,507764.9846651674,152547.50499832857,0.3004293513837354
ACC05157,5,0.8217890230019798,2591422.683874658,1182492.917845148,0.45631032143204886
ACC05158,0,0.7940112724939051,2117829.377359273,730318.1178889379,0.3448427553685054
ACC05159,24,0.750901006742516,926140.6128916814,826336.4392807584,0.8922364787574694
ACC05160,23,0.7991084384479119,1412097.0351338997,978900.7809711805,0.6932248681326336
ACC05161,4,0.8463896480185241,2075177.0299028228,772697.8361407644,0.372352731842328
ACC05162,7,0.8421840227819494,3150144.9539494445,1252829.2887899287,0.39770528248841813
ACC05163,3,0.8444194351910864,658389.0227920839,384478.82796389656,0.5839690739882112
ACC05164,7,0.8647847813530797,1383047.9993662417,472850.2224519279,0.34188995802647737
ACC05165,3,0.8624781787991409,1323281.187488064,493408.3449811516,0.3728673464464273
ACC05166,24,0.7051464259311313,803234.1542364819,877185.0188001771,1.0920663845949001
ACC05167,24,0.8951541404462517,473545.87174088886,574556.8244638224,1.2133076408238732
ACC05168,2,0.855126904012392,2737579.239729015,736185.4302053887,0.2689184004325886
ACC05169,1,0.8553127957916745,5349310.973043743,1257996.7628388295,0.23516986938656753
ACC05170,25,0.971127025265572,3524578.818263684,9545279.278199935,2.7082042338614043
ACC05171,8,0.8614332139731415,861873.5421073564,406182.29990604456,0.47127830251395486
ACC05172,15,0.9948842321492174,19874436.13352885,45998220.74781065,2.3144415488704144
ACC05173,0,0.8660994729437426,1281070.0757974917,366174.9309708719,0.28583520752595887
ACC05174,15,0.8114260763495621,1829320.6055429257,1063028.4408611383,0.5811055960557779
ACC05175,9,0.8417208152085179,3220901.9235325,1325169.5793361422,0.4114281064115024
ACC05176,25,0.901154881825338,1732106.5316700356,1945784.416672754,1.1233630155511842
ACC05177,6,0.8567924046244267,3447285.9061911483,1150772.1613804526,0.3338197621826855
ACC05178,11,0.8482687989386308,1038797.2371114716,543727.6185011183,0.5234203548837238
ACC05179,8,0.8476671285085883,4339622.546842641,1677222.4586425,0.38649040107480975
ACC05180,14,0.7516402606365802,1701391.853461475,1203169.3186254767,0.7071676734419724
ACC05181,0,0.8526278789890805,330351.7289728892,52959.761445539785,0.16031325645002453
ACC05182,3,0.9004902845462335,442224.5398738169,150767.24233649255,0.3409291632244381
ACC05183,25,0.9756720958389029,2004430.1445353646,5361903.911377508,2.675026578499407
ACC05184,13,0.8277474390882233,1005027.4964985276,610810.1486308231,0.6077546641846708
ACC05185,7,0.8648200627425232,1074119.3863622656,419198.7028129823,0.3902719829242522
ACC05186,25,0.8464876282440985,653775.831554233,1373638.0442145232,2.1010841605278507
ACC05187,4,0.8623139777122686,1059743.119441131,414269.7251033697,0.39091522983592486
ACC05188,8,0.7741393658096283,3957270.4179061195,2233340.3114027795,0.5643638355613034
ACC05189,9,0.8730751912088062,827063.9489532278,387233.24102194794,0.4682022974306268
ACC05190,0,0.8467582608334115,1023505.7621452737,268931.9647407262,0.2627556919435835
ACC05191,11,0.7685760570392056,1926109.0926564839,1230509.1358619686,0.6388574461090644
ACC05192,25,0.8507047752451706,2890738.45680425,3118190.076095912,1.0786828772960362
ACC05193,23,0.8100955247458782,3271338.219485577,1937536.50129427,0.5922764236829509
ACC05194,25,0.9428946377548638,1530205.39188403,4139970.0789505346,2.705499602150331
ACC05195,0,0.8453612171997013,1611498.841537517,548514.4686674797,0.3403753415945039
ACC05196,21,0.7033601737031834,509369.46613195253,512949.2927845454,1.0070279568969405
ACC05197,21,0.8222800295131231,4786988.275921051,2592647.1075932113,0.5416029783558154
ACC05198,0,0.8625902554043914,1141120.4677305159,305643.39938516926,0.26784498922628147
ACC05199,20,0.7009177766236228,2390160.8091276134,1796465.6560250563,0.7516086989480636
ACC05200,8,0.8669591169766826,701601.4914546317,347269.195913727,0.49496644483142865
ACC05201,10,0.826305069602399,1051658.3132359656,614098.6073490494,0.583933583389324
ACC05202,13,0.7832528014419743,3043497.450803468,1894271.3192509196,0.6223995090749432
ACC05203,2,0.8690284973567882,585661.4356478651,261068.3183146572,0.4457666194562743
ACC05204,7,0.8374616768548413,983963.78490739,523833.8281768054,0.5323710447596486
ACC05205,2,0.8568036700123571,3063970.087664386,824808.9759110493,0.26919615802770047
ACC05206,24,0.7560830103560281,1934658.234301483,1655682.3558509317,0.8558009505222627
ACC05207,7,0.8680573591257205,927078.7567549808,366415.82206916175,0.3952369951305037
ACC05208,25,0.8799291126418427,880283.4710946175,1143034.4815929339,1.298484544043057
ACC05209,4,0.8814444255466568,785515.8929730119,273109.05901021534,0.3476811372670706
ACC05210,20,0.7634795281563421,1049046.6711870295,843994.1170533226,0.8045343836783891
ACC05211,11,0.7705439083931139,3170279.2711490146,2005837.0832039649,0.632700437926083
ACC05212,13,0.8481137650344244,2476742.7052494315,1084803.3191071956,0.43799596817544495
ACC05213,18,0.7831057528507575,2883152.69204194,1881034.4353244295,0.6524227594731451
ACC05214,18,0.7616062995726527,4537390.598754132,2854574.5912518804,0.6291225163722259
ACC05215,2,0.853938066072759,2755266.5908515872,778088.8703994496,0.28240057531382506
ACC05216,5,0.8776075640020231,542787.7561917244,258448.51205099147,0.4761502246555868
ACC05217,4,0.8872197049011175,456596.2632955859,207121.0497324957,0.45361967756274024
ACC05218,8,0.8630328856168278,9100596.066200593,2595938.1234263657,0.2852492413181177
ACC05219,18,0.8006402583315866,794178.7947295709,625680.91433426,0.7878338209059249
ACC05220,12,0.814270756613098,1542968.4601011851,931359.8378987242,0.6036156032882534
ACC05221,0,0.8726592329201867,753451.0757480436,186160.12685521442,0.24707659574364582
ACC05222,0,0.8486880802891308,317712.2303171093,112149.80998787997,0.3529917934728008
ACC05223,25,0.9465286869957539,2845811.6286254134,5351973.084957893,1.8806491023943874
ACC05224,13,0.8442953638961465,2702658.9408652475,1194813.4577619063,0.4420881376099163
ACC05225,24,0.6904234359633841,312659.577484338,447805.7062662481,1.4322468861158744
ACC05226,10,0.818949333376097,3785158.188207034,1767259.1991558557,0.4668917681332036
ACC05227,22,0.7514410035700089,871325.0918273191,752693.5655500396,0.8638492941498005
ACC05228,25,0.9155225581936376,756847.930605973,1075192.1734087407,1.4206185019861048
ACC05229,15,0.7686456743958452,3118924.5786734493,2005851.7180348535,0.643122867333967
ACC05230,25,0.9184018420166569,4268727.23856435,13989272.896862796,3.2771531454344323
ACC05231,6,0.8712247741754945,446241.26730148436,270907.4655013384,0.6070874330820485
ACC05232,0,0.8724204501693742,740181.0870385988,164980.55234404482,0.22289214792574324
ACC05233,0,0.827111475127896,720251.0794357645,94039.5309518133,0.13056492886547658
ACC05234,7,0.8783890306213916,522677.06036075356,262123.69837442593,0.5015022051924515
ACC05235,0,0.8529412379212348,1064274.889323361,269871.40091363,0.2535730229294495
ACC05236,4,0.8370623005929524,1204473.20439762,613319.1219004798,0.5092011342894194
ACC05237,24,0.7881271778248364,422517.560360275,562774.1593338404,1.3319544845756717
ACC05238,0,0.8765350607994893,503417.3837190627,104891.75137290297,0.20835941460344742
ACC05239,25,0.8924987692188173,1072579.060289225,2614617.368543297,2.437691975674274
ACC05240,0,0.8782216180277274,629065.3411210105,222088.61719970047,0.3530453876284662
ACC05241,13,0.8356174107513693,1524305.9417142586,781677.5381193504,0.5128088244806444
ACC05242,25,0.8740895189004687,1030520.8731676582,1966628.168824371,1.9083826635934766
ACC05243,18,0.8217153289586616,2303132.088139405,1283484.5934921678,0.5572778913123633
ACC05244,6,0.8155822355778789,3375166.0555706006,1647027.9860521548,0.4879842825314592
ACC05245,6,0.8320815005726423,5397590.421003137,2069208.851145044,0.3833578856026804
ACC05246,8,0.8690840589023249,1650544.4911925704,510344.9663664798,0.30919794594433475
ACC05247,11,0.8247718506591291,1292835.7880377648,773024.2708843477,0.5979292018653238
ACC05248,6,0.8715926927826135,791723.4619166347,337238.5709112999,0.4259550046614758
ACC05249,7,0.8815054363511378,363978.97996239655,242805.55089633568,0.6670867392436246
ACC05250,0,0.8516083280612752,899714.9586463777,262613.7728806516,0.2918855248063835
ACC05251,19,0.825139801392988,955255.3901899504,655710.3968885959,0.6864241789394242
ACC05252,25,0.8622742920810906,3940092.9430271736,3729847.9523246665,0.9466395859837317
ACC05253,4,0.8795485665497869,761711.0874536938,284344.44494922156,0.37329697523473104
ACC05254,6,0.873840067909328,1017484.5028399698,365431.2042142039,0.3591516167511389
ACC05255,1,0.8758828917302929,574234.0247234028,230922.13623140415,0.4021394175356202
ACC05256,24,0.6882640065732003,1926912.4692773842,1575771.3648470955,0.8177700803597109
ACC05257,20,0.7360608046663559,1020686.4966696139,831253.3403514418,0.8144061306421988
ACC05258,25,0.748817448317388,2685120.201943383,4807711.109548012,1.790501261756692
ACC05259,25,0.9142206905387782,2852632.9585324507,3176561.0940717035,1.1135540885378745
ACC05260,4,0.8272359760475386,3663819.0561871096,1543377.02274837,0.42124815638536006
ACC05261,8,0.8607608552040441,1123712.943925922,497340.76187288074,0.44258701883002133
ACC05262,8,0.8956205304360244,450125.0172573204,203888.84668085424,0.4529604862293141
ACC05263,4,0.8616106912345448,877439.4804795025,362482.71098475455,0.4131142022315491
ACC05264,10,0.8653444190925194,2043555.3347742588,701486.7977843761,0.3432678263453364
ACC05265,1,0.8641921970192366,1540027.6554391705,398299.41698126344,0.2586313405311414
ACC05266,24,0.6489553313274857,2057080.7606831437,1879330.400239462,0.913590966460329
ACC05267,18,0.8146928841020088,1700451.8485398868,1049023.0146501274,0.6169083914671759
ACC05268,12,0.8699705102102785,2135529.8057339173,743637.2031883766,0.3482214114697458
ACC05269,18,0.7345529643552959,1578240.5308321845,1189121.3849385006,0.753447501637468
ACC05270,9,0.8666914325554228,803667.5811157009,402544.7161326973,0.5008846015337086
ACC05271,23,0.7015457036710606,1036140.2578094951,896559.9893170488,0.8652882489214992
ACC05272,14,0.8675308760046753,484904.8922042498,360467.09496523684,0.7433768987700835
ACC05273,25,0.7671420451329823,1175652.721336889,1483682.1275131984,1.2620071391711958
ACC05274,0,0.8638616612381007,1545875.501496879,397193.98569560575,0.25693788750193713
ACC05275,10,0.8445812136588668,3177882.642628418,1267601.8933810112,0.39888253781850835
ACC05276,9,0.842905016929164,2240007.904703312,1032703.8276983417,0.4610268675972029
ACC05277,0,0.8861760442408169,372198.5821436149,75207.70494629549,0.20206338378064043
ACC05278,17,0.8010832954098858,2127161.1355767804,1296282.3552070607,0.6093954677559362
ACC05279,6,0.8644778701112671,968585.5985120081,425366.5607524952,0.43916259069509767
ACC05280,25,0.8163928652775838,1236398.8697286916,1667701.4002237897,1.3488376939310374
ACC05281,9,0.8227111246298394,3264922.5176385874,1588852.3526083487,0.4866432033301403
ACC05282,25,0.83232466704747,1090765.3256672944,1291921.5553609503,1.1844175139786324
ACC05283,8,0.8423871566417053,2673661.197237978,1141960.2636829983,0.4271147985626222
ACC05284,0,0.824748420107078,1745023.1527758902,688892.4541360651,0.39477553810114874
ACC05285,9,0.8300311208375906,1905397.034470672,956002.1800434792,0.5017338448356833
ACC05286,11,0.7510910726362205,1431128.3573945481,1014921.718790941,0.7091758845717128
ACC05287,5,0.824395412386101,1754787.5725033463,832550.5956119563,0.4744452312391611
ACC05288,8,0.8411344655488865,947468.2033369034,507537.23085374845,0.5356773230660881
ACC05289,0,0.8939284641062923,684139.5979286074,140554.99162183216,0.20544782387599736
ACC05290,6,0.8279272607138758,2613493.588356413,1221836.1580614483,0.46751067747208164
ACC05291,11,0.8158645384414422,1632145.9454795679,911439.7240752495,0.5584302841296733
ACC05292,9,0.8291467150996921,801523.2923886852,504169.1440436798,0.6290137152984838
ACC05293,9,0.8063471235718643,2344117.0360486233,1285885.7171244288,0.5485586672293422
ACC05294,25,0.9874486146365176,2426957.3766074744,6530773.8923237985,2.6909306093594645
ACC05295,4,0.8863068713672553,564703.8133695228,196268.81009245696,0.3475606246066296
ACC05296,7,0.8182717539902775,2266726.4341743677,1148669.766949121,0.5067527115893508
ACC05297,25,0.7302906202892891,830620.748194887,987246.916947584,1.188565201499094
ACC05298,10,0.8128076979678568,1306458.976310621,811094.6732320816,0.6208343988898718
ACC05299,9,0.8295246083150002,2412754.799266075,1110114.3763185998,0.4601024425094007
ACC05300,7,0.8338205042659743,2146985.807061679,938094.4443956685,0.4369355592897585
ACC05301,5,0.8353786064108402,2195670.626490283,926134.6227309057,0.4218003427095554
ACC05302,24,0.6959387298842614,4491388.312149384,3320390.1981016137,0.7392792533925036
ACC05303,6,0.8581556037839454,890219.6815353838,425146.1963194607,0.47757447418619253
ACC05304,10,0.8425035778684309,3225198.141573936,1345101.4799560045,0.4170601063597223
ACC05305,11,0.739644530377089,2471456.1809126623,1676733.7731699476,0.678439612289934
ACC05306,14,0.8366175396465586,891671.551057185,545239.0861812687,0.6114797377294604
ACC05307,0,0.7965945298605438,727403.9699815885,214820.7695180499,0.29532526406679804
ACC05308,9,0.8360876576709135,1758075.803314817,865521.1203540289,0.4923116049501996
ACC05309,10,0.7866132969984994,2458376.5025691194,1433638.375228252,0.5831646917101723
ACC05310,0,0.865052379607663,953383.3192661151,260563.35286767036,0.27330387222239627
ACC05311,0,0.8497461423770921,1834061.2364192088,324066.80258236354,0.1766935564349347
ACC05312,4,0.874700945836205,523294.74896845693,263953.1600022125,0.5044062844554228
ACC05313,14,0.8018432851936659,1710713.6282757495,1038361.6920226867,0.6069757526099006
ACC05314,4,0.8567038571130637,4349142.779773924,1114279.307943586,0.25620665137176946
ACC05315,12,0.8023329400544926,869653.7534553747,607677.6537118386,0.6987581566771458
ACC05316,10,0.8620561605023366,1116930.7013103783,504095.3052526644,0.4513219169830876
ACC05317,0,0.8504121600875605,659104.1463963557,262286.65264244244,0.3979441702445534
ACC05318,0,0.8683007616632293,816490.4447868279,293029.01807161287,0.35888848417340374
ACC05319,25,0.8754198578907667,3331703.4582564686,3353270.3347037104,1.0064732281001167
ACC05320,2,0.8506462297098514,8751775.770547409,2132609.50832242,0.24367734780172834
ACC05321,7,0.8547802571787049,2050336.021476993,743806.2647920339,0.36277286113142615
ACC05322,10,0.7738538505117117,1012093.9811819326,726912.162265596,0.7182259511282749
ACC05323,0,0.8569484415643366,1220422.240396955,261456.04927631546,0.2142340909743452
ACC05324,25,0.9825420299415794,1953890.4252434985,4040998.3006947706,2.068180614678621
ACC05325,7,0.800436159821439,2724358.5273463414,1429911.762774536,0.524861815514179
ACC05326,24,0.7436133985252477,3465208.399310589,2858717.2924368936,0.824977018122674
ACC05327,5,0.861074076658643,772650.1605832144,374924.21604795166,0.4852444679037536
ACC05328,3,0.9027364246460778,388956.04749247036,158293.69461379468,0.40697064780014514
ACC05329,7,0.8185978988389002,2904739.6548797023,1390111.574950758,0.4785666669353637
ACC05330,24,0.7457870312787004,5006534.501829664,4210292.059769464,0.8409593618561483
ACC05331,25,0.966457482950046,879370.3857444105,4666961.370545163,5.307162313175302
ACC05332,11,0.815435237804864,1962973.643237647,1103759.5853590115,0.5622895595982209
ACC05333,11,0.7986734516715394,2135094.9454685817,1278949.8376241464,0.599013097913292
ACC05334,16,0.8069168097357028,1392298.5345245977,912054.1322902334,0.6550708125263205
ACC05335,0,0.8747084623522206,1251889.2853907119,232291.89157497507,0.1855530631069163
ACC05336,25,0.814256581202111,4731941.8204239365,6340439.483279165,1.3399233811186466
ACC05337,0,0.8367639106047686,1582963.8506804514,441871.4077128211,0.27914181838257307
ACC05338,25,0.8672240733966653,570610.6756630791,675503.0750661453,1.1838248106402423
ACC05339,0,0.858026541026226,908656.9110972437,246425.00807609686,0.27119697772234813
ACC05340,5,0.851007421501677,3827308.870591304,1281299.7084629342,0.33477823499125603
ACC05341,7,0.8481478097965038,524072.5141339503,354342.15201263956,0.6761319139169193
ACC05342,10,0.8396400661592235,3472251.7361915843,1447866.547449873,0.4169820213087182
ACC05343,25,0.8842634408218569,1506039.071161283,2142253.229084115,1.4224420004138787
ACC05344,11,0.8127955583710417,1426153.2712410798,814729.1746205396,0.5712774293267503
ACC05345,17,0.8161304256985518,871030.0764350875,633417.2842548753,0.7272048364245893
ACC05346,25,0.992923255802744,3863363.3335641176,11415377.016827779,2.9547769731242455
ACC05347,22,0.8178008566004912,1007744.260990105,740640.928701798,0.7349492895887305
ACC05348,22,0.7319354339238213,1364673.8030587684,1087712.6992940297,0.7970495929914091
ACC05349,25,0.8005055092947007,3019270.161637382,4569097.792552662,1.5133120085136047
ACC05350,0,0.8807983100271288,452468.58452015347,161043.7449200811,0.35592248927264036
ACC05351,5,0.8566337754316339,1272714.0664177416,509714.94862970215,0.4004944724657415
ACC05352,17,0.828884979387557,828117.35265524,588092.5003487064,0.7101559923398197
ACC05353,24,0.7217602691916858,1561361.9700139689,1228126.3790967795,0.7865737751290253
ACC05354,25,0.9844000111594184,3014559.101248838,9000425.4915832,2.9856523588655484
ACC05355,13,0.8505779481003807,1711827.0171413512,763703.3187932002,0.4461334650907304
ACC05356,0,0.8773807785863802,763222.9229848712,162455.2371179325,0.21285424248342802
ACC05357,0,0.8412240062594051,754402.7403031428,285772.37541118375,0.3788061205826896
ACC05358,3,0.8753732387814072,1436664.6167902313,368455.7046894944,0.25646605365188924
ACC05359,0,0.8774856848311923,1205212.5483446852,268010.9528848314,0.22237650383987
ACC05360,0,0.8606065898889637,858874.6965814052,103320.30487650342,0.12029729748443066
ACC05361,6,0.8652405933637685,1140244.487734357,454981.4534430944,0.3990209629051866
ACC05362,6,0.8142746692117799,1390202.5827642393,794968.2168047687,0.5718362393084298
ACC05363,25,0.7515156459325019,1580593.7844080243,1905565.4294169182,1.2056009888275023
ACC05364,10,0.8451520669802512,1137648.0109293577,596204.3361276892,0.5240674887135284
ACC05365,6,0.8863330632839891,795448.6895445823,229608.7635357761,0.2886531419986798
ACC05366,3,0.8588463490864565,2913138.255599598,819948.9918132072,0.28146586940633916
ACC05367,12,0.8220266553669535,1785546.2218191517,968768.8613087444,0.5425616259442124
ACC05368,7,0.8690298413366194,1585517.247799559,525241.9837157894,0.33127484702215637
ACC05369,0,0.8414522777176331,1797422.1041455208,413718.6673368713,0.23017335014556842
ACC05370,25,0.7895913093600704,1641221.252041673,2392051.2693820605,1.4574825096898774
ACC05371,2,0.8712337856428579,1089405.1725407098,343832.6835864274,0.31561506430572667
ACC05372,11,0.7542795166017913,5050371.863524754,3142100.2136385436,0.6221522490911412
ACC05373,0,0.8719058915820803,699001.2946121175,123505.85318119398,0.17668901922381783
ACC05374,0,0.8388584315122429,1239334.5805297887,252047.86705902417,0.2033735449803064
ACC05375,25,0.9926726658775343,2169947.691656576,8022539.117263524,3.697111754403157
ACC05376,1,0.8740037964794078,1437909.208899342,338272.3230402405,0.235252908143744
ACC05377,25,0.7634329522720682,3274993.382764049,3708595.220590599,1.1323977752469827
ACC05378,4,0.8906181593796717,358271.090919847,200235.5432897491,0.5588939447379139
ACC05379,9,0.8248267064872478,2094311.5375024648,1027161.968231224,0.4904532825408336
ACC05380,0,0.8630029217661488,909058.3413004943,259899.3795403573,0.28589955972302783
ACC05381,25,0.9914987590553781,4513474.277104902,15894330.239180338,3.5215289294559824
ACC05382,6,0.8231335226519386,881578.1504802136,520308.88963238074,0.5902016620409182
ACC05383,9,0.7764477207148173,1507983.568168783,962286.103502764,0.6381277116111512
ACC05384,8,0.8851732910911729,793488.8498319483,310409.85223784886,0.3911962371035082
ACC05385,10,0.8658137298556148,355884.64955435484,289389.78020409856,0.8131561183278841
ACC05386,10,0.8297929807473592,1049980.13475285,592882.69513912,0.5646608688255572
ACC05387,9,0.8275660788694125,1093315.9588155302,645072.6719490893,0.5900148687557293
ACC05388,0,0.8770626342176522,743073.3370569043,137000.50753218096,0.1843701027879695
ACC05389,6,0.8568909441296173,266753.6703300356,259734.39057812636,0.973686286140975
ACC05390,25,0.8257663601269892,752597.4118811501,916902.4773455844,1.218317340546982
ACC05391,8,0.8417835335467585,740513.3679237124,439076.42081032915,0.5929351715032952
ACC05392,1,0.8474931772937739,1415560.906793219,569387.3250225999,0.40223442332303283
ACC05393,0,0.8113863677800514,405622.50402352837,92302.32330728995,0.22755720501625792
ACC05394,7,0.8692057571338164,921765.487218254,407112.447241634,0.4416659691503926
ACC05395,6,0.8763071806778595,670309.2344266787,308177.1680099656,0.45975372586587177
ACC05396,25,0.9876642034327134,2895387.4770594705,7884285.664489438,2.7230502746031933
ACC05397,7,0.8406945991916275,1879842.3952215484,815588.3058550186,0.4338599384332416
ACC05398,24,0.5999290822436519,3971577.4374673776,3507638.091285396,0.8831851188887231
ACC05399,11,0.8346339822568465,1412090.715838304,782732.4850750399,0.5543075075104943
ACC05400,1,0.8451783587417594,1882983.3871506718,698585.5953903542,0.37099934081067654
ACC05401,24,0.6900946557551284,1093325.691154018,953235.670281207,0.8718679877311357
ACC05402,9,0.7918425083722958,2430684.5339999176,1354495.5068457038,0.5572485807595754
ACC05403,18,0.7729209260510147,867672.7664322385,697741.0717526255,0.8041523241782144
ACC05404,13,0.8221708760632862,3257581.8180024014,1660617.32346349,0.5097699509146345
ACC05405,11,0.8406280670105735,1283146.4617104193,659874.942287298,0.5142631507612097
ACC05406,18,0.7642921847461105,2128534.1175832707,1498116.832198392,0.703825613986093
ACC05407,0,0.8171635417542545,1144434.026423604,361172.88397329574,0.31559082973264396
ACC05408,6,0.836929946646778,1488182.912631006,738412.8135635202,0.49618417688861693
ACC05409,9,0.8247839684697564,8416942.378149275,3816222.92460997,0.4533977723926256
ACC05410,17,0.8398356843132873,535118.5219679201,443258.95861620695,0.8283379109848489
ACC05411,25,0.7457857442314482,1358828.897400705,2138149.5762865474,1.573523775051149
ACC05412,12,0.8504593913240339,1530725.1118781625,746444.7889183514,0.487641303540439
ACC05413,8,0.862031658178071,1338193.8637496096,489924.47789363377,0.3661087463970795
ACC05414,0,0.8274232544847169,885887.5005589814,304995.6749608221,0.3442826259184993
ACC05415,4,0.8353051172900762,1537963.9944561103,681690.4931350985,0.4432421666517449
ACC05416,14,0.8136020782960226,727775.3947145253,537740.5711049206,0.738882593462579
ACC05417,13,0.8324989310756706,1247184.7459224751,710680.2199652668,0.5698275434243024
ACC05418,7,0.8434746635985257,2211971.891042102,847497.8184404782,0.3831413147122795
ACC05419,25,0.9943485172615144,3148364.158866468,8533649.74820399,2.710502761941119
ACC05420,10,0.7479921007735145,5125507.0032922095,3263969.4324468584,0.6368090864670265
ACC05421,25,0.6331869394808081,2629385.2630911814,2780745.534766314,1.057564889329755
ACC05422,0,0.845859174864814,900577.1704924377,249475.65805542507,0.27701752412734515
ACC05423,16,0.8229905790556111,1564224.0806514982,906849.3275570694,0.579743873511631
ACC05424,8,0.8715553390347492,352292.6651262065,267830.4547605616,0.7602498753830513
ACC05425,14,0.7830163328357476,1324798.466901149,919793.5162332094,0.6942893875660265
ACC05426,4,0.8506850226101842,614587.2843085264,359078.58011272654,0.584259696353345
ACC05427,25,0.9082610931694026,1300799.8778354349,1626270.5607574077,1.2502081130754443
ACC05428,3,0.8561304383786084,2921719.7589057,952337.3344353144,0.3259509511589854
ACC05429,4,0.8473873891562475,2207685.292154041,815546.13009879,0.3694123129764844
ACC05430,2,0.9128180509888887,374372.8053723992,94778.72889860271,0.25316670318594225
ACC05431,24,0.6974948477952002,2264101.0247213133,1886425.991059102,0.8331898490666072
ACC05432,6,0.8300982931774825,1500672.2946235556,738628.6914254575,0.49219852600180297
ACC05433,10,0.8351632984126133,5656439.894745135,2293528.239546135,0.40547204287927396
ACC05434,25,0.8117724745275193,1267025.315405087,1969176.6032131421,1.5541730534275606
ACC05435,25,0.9570826283092322,1032971.0019694193,3335920.353986141,3.2294424021836186
ACC05436,3,0.8400815022864933,1337829.5026471303,614567.6211796105,0.4593766395221369
ACC05437,6,0.8349096975173145,432171.22807986895,345855.41433769517,0.8002740392374713
ACC05438,7,0.831099261705267,922602.3162044624,532106.3323332123,0.5767450644631695
ACC05439,17,0.7986201353563673,1235317.107051053,846945.382463507,0.6856096929519041
ACC05440,22,0.6788049971836725,1455346.8258179256,1209114.2330526463,0.8308083074102333
ACC05441,14,0.8132052746411707,2406643.2591973622,1364861.1746434222,0.5671223474552751
ACC05442,7,0.8231251875240642,878482.6141351343,557905.3788142891,0.635078452137094
ACC05443,2,0.8525962167658349,2922478.902419651,854680.4137956054,0.2924504991594558
ACC05444,25,0.9127812555136346,2291186.183608218,6992997.217209167,3.0521296205603066
ACC05445,25,0.7973080092635206,397856.93581489957,1081780.3391697416,2.7190184254398244
ACC05446,21,0.7422390724269586,3771095.079272673,2630588.445951903,0.697566195138008
ACC05447,2,0.8604963626609226,3372485.00881035,858724.8846140034,0.2546267462629641
ACC05448,9,0.8407617419874844,988576.4756514054,565304.6707988437,0.5718370654393187
ACC05449,1,0.8576131808456287,2224648.2605036795,644406.4446964009,0.28966666602409397
ACC05450,5,0.8733566885576889,682761.08987436,296862.8641461155,0.43479757201855695
ACC05451,15,0.826937733256855,792072.9088258024,562010.7406749631,0.7095442028286364
ACC05452,25,0.9439053525833855,3405644.362926562,7538428.729723499,2.213510257202994
ACC05453,13,0.8208780750708413,1515170.0468545198,903075.7735258352,0.5960227206184633
ACC05454,16,0.8384060859412447,607549.6126301886,459096.2154968524,0.7556522232140757
ACC05455,0,0.8638538431355575,582268.7272283336,122632.03504260295,0.21061071857035085
ACC05456,9,0.8368064782301335,4051051.649656873,1687401.7615598305,0.416534250236665
ACC05457,7,0.8617416181037006,2587581.908943255,832428.7961880249,0.32170142839187704
ACC05458,7,0.855488750730931,921610.9371075155,425216.9108454186,0.4613844017302635
ACC05459,22,0.6811363356727842,1845455.6039806465,1470781.7287567137,0.7969748638678917
ACC05460,25,0.6463734051842233,1115092.5181343893,1354450.5140863657,1.2146530373573263
ACC05461,3,0.8532336458538125,1242780.7153848303,532638.6716066812,0.4285862059275261
ACC05462,6,0.8550790334411585,4328139.15994266,1369792.917034127,0.31648541472780983
ACC05463,1,0.8735586515761643,959513.4062286606,309296.4391432764,0.32234717840885313
ACC05464,25,0.7399999163980467,2546573.8297992293,2996332.2036874956,1.1766131296196212
ACC05465,4,0.8713014562113174,1041605.613647271,362960.5743881715,0.34846257511730766
ACC05466,5,0.8451857504402638,1608054.1715546069,719986.0271593038,0.4477374207258503
ACC05467,0,0.8358681453719736,2240911.426198579,680918.0598058252,0.3038576410674634
ACC05468,0,0.8650591110236434,334886.42358340125,99839.15368648287,0.2981284001249414
ACC05469,0,0.8785883918951792,1283493.7420238317,270043.50800124096,0.21039721438410164
ACC05470,25,0.8759150254243759,5411458.308258837,7959652.96367529,1.4708887161760924
ACC05471,5,0.8259482463945307,5407105.192926839,2131426.756343685,0.39418999266591936
ACC05472,22,0.724497008040637,1283050.5832747004,1026069.2426410861,0.7997106708157001
ACC05473,8,0.8023959057983925,1976617.4762942616,1154429.2722064513,0.5840428338065498
ACC05474,5,0.8450990931150718,654640.5505485828,391242.62247633294,0.5976449551566507
ACC05475,12,0.7584809176425205,761039.7325069878,611059.8359582167,0.8029276394614601
ACC05476,12,0.8162378105237816,4312509.715836258,2186651.760979943,0.507048541351731
ACC05477,25,0.8794498621180574,614589.3330259311,809782.5527466402,1.3175994265303548
ACC05478,24,0.8465587424231842,986088.819152948,990950.0703083121,1.004929830924906
ACC05479,6,0.8139192097356442,1514752.4921214588,859543.9882240541,0.5674484727338098
ACC05480,4,0.8586893789680018,1849706.2830094632,562869.2821643865,0.3043019788247683
ACC05481,0,0.8892724994489836,522388.5813032144,162983.4804487112,0.3119966367605369
ACC05482,0,0.8700775642037427,982509.0218532529,225262.37660952198,0.2292725782656142
ACC05483,4,0.8442872944158544,1624284.0788890524,684248.1799224146,0.4212613968305433
ACC05484,8,0.8042333720313664,1854636.7530532936,1008017.382572028,0.5435120278472463
ACC05485,16,0.834066664360246,388431.6208828945,370663.51274434815,0.954256792744731
ACC05486,6,0.8506782745031426,883404.1028507536,429096.7448189238,0.4857309847602298
ACC05487,9,0.8884289160926002,1034426.0081288199,294023.7640387247,0.2842385648931877
ACC05488,12,0.7516717897374011,1902254.8373512253,1295846.8745167514,0.6812162330054262
ACC05489,21,0.7923523807502755,2817163.22268661,1778543.4074819656,0.6313242318227636
ACC05490,1,0.8611062675348062,3157187.6242037853,656396.1376055827,0.2079053308626598
ACC05491,4,0.8550551754445906,704022.6775931029,348283.78458699683,0.4947053492334958
ACC05492,9,0.8316593188812021,3646802.834318077,1533713.215438058,0.42056378836966934
ACC05493,5,0.8676892863121056,1302707.3664282882,480198.5311010611,0.36861581002466465
ACC05494,0,0.8651344624059848,392528.54874250473,82639.67691500633,0.2105316343989472
ACC05495,0,0.8742278265512113,735485.955918594,262394.5952057957,0.356763569846925
ACC05496,7,0.8675951722524821,933998.1871728601,404810.06884375477,0.4334163324974788
ACC05497,2,0.8497675603508129,647678.6698938797,343723.1433049974,0.5307001130071421
ACC05498,0,0.8290353315114758,1062398.5553263186,320262.7155542291,0.3014525141705031
ACC05499,4,0.8348448101075049,1940302.641928915,819615.829883415,0.4224164891455332
ACC05500,2,0.8683934692415126,2115996.696777839,479925.0581726146,0.22680803750942835
ACC05501,6,0.8784218689077352,906870.9734589931,322704.25203705195,0.3558436221706284
ACC05502,25,0.9766791256836218,714717.205047116,1947906.5261555903,2.725422743988903
ACC05503,10,0.8522649978354467,2418732.7981890608,922970.9389692202,0.38159276612127696
ACC05504,0,0.8399117735849057,1237731.8863739413,549118.7288072936,0.4436491738255136
ACC05505,1,0.8645437018758938,1304796.951365426,357959.9711068934,0.2743415140051487
ACC05506,11,0.7295581540028216,1488480.284297068,1108791.8062066964,0.7449153461446898
ACC05507,3,0.8570367246436928,767153.5521543238,374522.5032702216,0.48819757429068267
ACC05508,11,0.8492649071680239,3421054.9218235984,1286697.32007254,0.3761112725388998
ACC05509,6,0.8448659028963849,2473174.7901128833,932661.9005169407,0.3771111949893243
ACC05510,0,0.8709217160330138,552987.4760787536,146377.47627414626,0.2647030585793953
ACC05511,4,0.8236576986474538,1955729.2940993304,899109.2410145951,0.45973092683497424
ACC05512,0,0.8780156226794332,553692.8949506702,115673.80822349663,0.20891329702506348
ACC05513,7,0.8135130478268173,777323.0295042106,509505.0115826409,0.6554611046421865
ACC05514,6,0.8198350703414106,3539181.063106092,1545685.4451780845,0.43673534007371306
ACC05515,4,0.8741645005016538,1790807.3660906295,374910.8754854539,0.20935298937478253
ACC05516,0,0.8439893412837765,829479.9998018174,257599.63314191462,0.3105555687942582
ACC05517,25,0.9558876684847605,1703388.6110675582,4652843.75315674,2.7315221687672797
ACC05518,25,0.9758265496608528,2311066.509030487,9546559.555845516,4.130802605006112
ACC05519,7,0.8545047951604398,904881.9789824522,440444.3109682904,0.4867422726923724
ACC05520,0,0.8695908973503556,2065638.530973141,407621.7940338739,0.1973345229195737
ACC05521,21,0.7619889975884989,877597.7463352309,723441.2924414625,0.8243426962551901
ACC05522,5,0.8559867266218075,1188114.194599459,481521.18360050675,0.4052819045418768
ACC05523,11,0.8528528565601609,902050.9332545028,504575.30561678665,0.5593645403107486
ACC05524,25,0.8765762386663639,4232634.64541683,5523445.817170587,1.3049663578101338
ACC05525,17,0.6601776288208737,1734536.7324733022,1373766.9617103818,0.792007996135952
ACC05526,8,0.8328991099831392,1470124.9045620097,715710.7632509152,0.48683670416708236
ACC05527,2,0.8690481129861537,906483.2743440279,299952.2690544916,0.33089663929160806
ACC05528,0,0.8518309234757458,2322829.7710984848,534216.6831401697,0.229985291986134
ACC05529,25,0.8003172703559389,7629131.312059272,10703810.247259548,1.4030182217915388
ACC05530,8,0.849428601971532,2371303.3191897967,985812.3571412059,0.4157259635085521
ACC05531,25,0.9218112854417381,2088921.2436544371,6619420.408426104,3.1688223902811394
ACC05532,9,0.859092617330518,4100503.6528716567,1428772.9024141408,0.34843839278463884
ACC05533,9,0.7989878154701807,1965386.3552869186,1133037.3902785333,0.5764960091590368
ACC05534,4,0.9025829442277554,418025.3877266297,162987.76918309878,0.38989921179066195
ACC05535,0,0.8358972618856183,1115959.3148148365,345892.1637892237,0.30995051450116284
ACC05536,7,0.7923791677325924,1027602.9215088846,696419.4990592554,0.6777126499763791
ACC05537,8,0.8391236829163774,2122661.4038471812,903996.8718817995,0.42587897921136453
ACC05538,4,0.8603412158597549,451479.1227591434,272695.1283248533,0.6040038499639143
ACC05539,22,0.7575813518205086,6281479.39629989,4047890.678914422,0.6444167724722356
ACC05540,20,0.7465466550248026,3671167.537394913,2488767.1527217133,0.6779225212063626
ACC05541,6,0.8155377524193846,729603.963677301,480535.00381874124,0.658624442494502
ACC05542,0,0.8207631501478321,1178589.4796617466,443721.49131370557,0.3764851960506664
ACC05543,8,0.8245893010698506,1953053.3979611453,933150.9683214942,0.47779081170829235
ACC05544,4,0.8443083742759508,1548212.4833990023,653105.9958864043,0.4218451943059854
ACC05545,0,0.837736522221081,677450.0226301637,143222.8370491962,0.21141461696781877
ACC05546,3,0.8441781304230629,1309948.2768068109,566850.9343213986,0.43272772242823215
ACC05547,24,0.6512607247392866,928075.178326209,873079.2483835092,0.940741945020138
ACC05548,25,0.7836532666394012,2930079.034998766,3776503.488608069,1.2888742738673802
ACC05549,9,0.8485456709630425,968267.3962302881,499502.747848557,0.5158727328765262
ACC05550,25,0.9275645003425481,3623611.696969044,11288432.12368251,3.115243317357838
ACC05551,8,0.8764822358813644,560485.5040613055,282296.5921690129,0.5036643947496908
ACC05552,8,0.7793737847361336,4680260.082556331,2663390.065028858,0.5690688162727336
ACC05553,25,0.822962850500687,797685.7934364135,884296.7328079726,1.1085777634304366
ACC05554,0,0.8468090984854941,386739.7137477976,141123.20894517517,0.36490488028132806
ACC05555,6,0.8619749589216664,759244.4505950481,389020.7718480513,0.5123788149431467
ACC05556,19,0.8210344310197581,943662.6588127208,659256.0250869096,0.6986140851608558
ACC05557,8,0.7838550480072103,2261966.8003239837,1317276.8894877364,0.5823590732185201
ACC05558,12,0.8359511998792358,10532350.789345251,4460387.0575448545,0.42349397079112444
ACC05559,24,0.7681121759623105,2389421.614800303,2194667.199655429,0.9184930721566479
ACC05560,0,0.8192744137211814,1445382.5837580527,306454.50190614606,0.21202310402091054
ACC05561,4,0.9028011133217749,422586.3627068243,134346.42952214813,0.31791473028521033
ACC05562,0,0.8606836571983338,282327.7190112219,68711.1391486826,0.24337369135884065
ACC05563,0,0.8594117245472055,2971439.3534620497,727278.4610156595,0.24475628626520712
ACC05564,9,0.8356022041722797,495197.1982672876,369707.76654434303,0.7465869512952892
ACC05565,25,0.9171429224189722,578822.1510538423,707399.9391765802,1.2221369515465856
ACC05566,4,0.8334897069242704,3011582.1816139035,1153123.266035054,0.38289616437333834
ACC05567,24,0.6108062783975776,2012209.0490122663,1691677.646572525,0.8407067085812575
ACC05568,24,0.738969049961766,695549.944445065,735771.7747423679,1.0578273790667805
ACC05569,1,0.85488851945706,10875696.76831282,2250373.5394827784,0.2069176428345644
ACC05570,2,0.870618537956295,4010935.5223825737,666154.4969306457,0.16608456885263936
ACC05571,0,0.8705754790975248,1612435.4508004726,358117.4740587067,0.22209724667174985
ACC05572,16,0.8660732827642349,640809.6034929284,395513.6699770439,0.6172093361603443
ACC05573,6,0.8748501588143704,817664.5840037488,301535.540328219,0.36877656954607263
ACC05574,21,0.6906856359199662,1872364.4524398684,1495150.6103190086,0.7985361014361737
ACC05575,0,0.900078957413289,224084.575318149,159590.0656815491,0.7121867511628929
ACC05576,0,0.8292150195052168,1758594.0141884915,341505.74619822163,0.19419248754568885
ACC05577,0,0.8447582905168678,887684.725287397,212244.04216535462,0.23909845029341747
ACC05578,1,0.9025360858929151,443049.8653262004,104225.4899488131,0.23524550644446293
ACC05579,25,0.8135133825305189,6333125.62966774,6625643.180887342,1.046188496537838
ACC05580,9,0.8053886097614049,3496360.4300295147,1837944.2770801852,0.5256735722365644
ACC05581,25,0.9954816058471453,8727348.165808894,23971668.180469226,2.746729902948408
ACC05582,11,0.8089588007782277,1830225.019645307,1089447.6620045733,0.595253397976007
ACC05583,17,0.7908672330993548,1955965.5921286123,1277226.4600048484,0.6529902494935432
ACC05584,0,0.8801813235097622,812463.6844024019,213902.43979890711,0.26327630872048213
ACC05585,0,0.8681594278243066,604148.7600011664,166754.12690096875,0.27601501143633367
ACC05586,16,0.8007923990898395,798313.0993762981,626204.7933813273,0.7844100189143399
ACC05587,2,0.8581218946515274,1801866.9178672512,564990.2700783801,0.31355826808070886
ACC05588,25,0.8853113012040603,2300161.531072843,3281510.441668758,1.4266434758337139
ACC05589,17,0.7815576743532282,540380.3323152976,507017.58885687694,0.9382606259641694
ACC05590,21,0.7501714943808881,1234925.798735372,987335.811780624,0.7995102319440625
ACC05591,4,0.8444048222996676,3082471.083908121,1074542.8812718838,0.3485978787867561
ACC05592,25,0.9639545843566424,1435478.4035886633,4099255.1293340754,2.8556717531145233
ACC05593,25,0.8332268503982131,2241365.0211811736,3682579.3816309664,1.6430074293254964
ACC05594,14,0.7936024724516824,1089306.2286288673,766401.3747152389,0.7035683397128137
ACC05595,6,0.8228361666170583,693950.3178809432,472756.866137251,0.6812546286899447
ACC05596,20,0.7373555221916904,993361.4426641114,815026.156493916,0.8204729129692057
ACC05597,9,0.8921793788808924,557716.3364632525,224377.81424303388,0.40231529824986206
ACC05598,24,0.725656524500304,4104708.0486930683,3770978.791006359,0.9186959818511409
ACC05599,17,0.7963792807977879,742492.0984532845,588325.7591186551,0.7923663569541285
ACC05600,12,0.8122349086581434,883594.5642110275,622743.8021419278,0.7047845554572684
ACC05601,11,0.8315739357815362,1471268.3805252027,774213.4292614528,0.5262217549901261
ACC05602,2,0.864096777897505,2046490.633188025,598139.4636081224,0.29227569083780275
ACC05603,0,0.8413152842463507,2428394.1339698476,705337.3733170734,0.2904542402941875
ACC05604,9,0.7964169673862197,6408738.5007674135,3437941.202808416,0.5364458547336172
ACC05605,3,0.8904220356919598,403322.43759058753,180637.89712280687,0.4478746538425227
ACC05606,24,0.7309769360805601,1784735.1969170815,1786923.6453747512,1.0012262034510497
ACC05607,3,0.851921919712119,2613998.0598536264,815309.2121374191,0.3119012307847976
ACC05608,1,0.8414311802185029,2337118.6321429936,880719.932787274,0.37684006309072476
ACC05609,18,0.7658747740640865,7691760.626188465,4707933.737555747,0.6120749157905986
ACC05610,16,0.8237541187080972,962351.9159460684,660803.7331560322,0.6866549774636336
ACC05611,25,0.9861885464735525,2591437.167588164,5940190.5366726685,2.29223791761896
ACC05612,24,0.737130527416382,3645134.382382407,2793873.9457259737,0.7664666518823754
ACC05613,24,0.6197589009695672,2685232.092875459,2432334.2606666633,0.9058190042939706
ACC05614,4,0.8453506212330163,3045501.722397617,1018488.4035988686,0.3344238475087935
ACC05615,10,0.8032278417667267,2501786.4618558493,1386834.5727730582,0.5543377078410965
ACC05616,0,0.8425221943161452,304407.1444085171,144960.88913737342,0.47620725005992176
ACC05617,12,0.822555394722809,3002734.8386631687,1568268.2813871594,0.522279976638017
ACC05618,25,0.8253557395517531,2928618.4987884313,3895040.7027804037,1.3299925218637323
ACC05619,0,0.8663961670819942,785473.3961705919,208375.6772064865,0.2652867407379775
ACC05620,12,0.786384389534225,1469402.9862721332,992456.3559009174,0.6754146855375416
ACC05621,10,0.8608076406179871,1726193.7061785494,615194.3175846322,0.35638776539543204
ACC05622,12,0.8519139690004953,2427567.517930481,960253.2911346165,0.3955619293972262
ACC05623,10,0.8286165168985797,2892075.5847304156,1425670.389265059,0.492957513556117
ACC05624,6,0.8217265319948981,1421336.817413189,740750.6906201976,0.5211647806100965
ACC05625,18,0.7173133176288617,1951653.7828670586,1491954.8607607435,0.7644567258076898
ACC05626,1,0.8667148837730434,887457.9977812021,279001.5447549849,0.31438281637276
ACC05627,1,0.8562026266168691,6279599.173547516,1645841.8434757397,0.26209345501043485
ACC05628,25,0.9817274631225478,2372266.539104624,6900880.152920025,2.908981785632173
ACC05629,0,0.8719459493073183,447405.87762421975,101060.1573441839,0.22588026308645245
ACC05630,25,0.9863333296587562,1648632.5131830326,3914778.526935523,2.3745610350588184
ACC05631,15,0.8193530234031703,1080159.8598374024,693001.2163724652,0.641572828374481
ACC05632,0,0.8820448893377124,488399.4219145904,152221.5517325726,0.3116743077537725
ACC05633,6,0.8830121618341926,609363.804548995,267605.72757632175,0.43915592882052334
ACC05634,1,0.856963509282513,2822621.893533482,725992.1222192936,0.2572048788690095
ACC05635,9,0.8343822833957367,1110669.6486678743,636571.4540002515,0.5731420272119155
ACC05636,25,0.8701366522548394,1647266.6492287468,2818590.942640842,1.7110714552258504
ACC05637,25,0.6661980272405242,1318657.3856642807,1461784.5823170445,1.1085400940447185
ACC05638,3,0.889762813557722,383101.0907112104,184255.25988477748,0.4809572834750109
ACC05639,9,0.8169465889484029,899215.4579515306,585079.5254669224,0.6506555467804908
ACC05640,0,0.894448790768352,377785.8223557268,150726.26696772312,0.3989727989998465
ACC05641,0,0.893817543821806,383021.47365108156,91187.07811901644,0.23807301781227155
ACC05642,0,0.8427795953587975,1408682.5295247438,369449.05523914937,0.2622656613508174
ACC05643,9,0.8540063291912197,655580.5324079146,386543.9827854922,0.5896208988478279
ACC05644,7,0.8499660198301258,1044697.1467718206,480019.95863314206,0.45948240608910795
ACC05645,11,0.815440261748474,5079523.930835907,2529014.280476438,0.49788411569905777
ACC05646,24,0.6033962886779914,598250.1259211609,602031.33989941,1.0063204566358042
ACC05647,0,0.8630866157807736,1887386.4100152012,446890.61052180664,0.23677748666114815
ACC05648,0,0.8983536846184772,487255.66537941474,111472.19898881005,0.22877558314690752
ACC05649,8,0.8230192550218518,1257092.614812229,698665.9754733875,0.5557792379344674
ACC05650,8,0.8650126986823953,2947431.90984295,935630.5621267937,0.3174392456708686
ACC05651,13,0.8513649841863384,1662422.1659880807,732185.5075322852,0.4404329553059718
ACC05652,24,0.6672703089159274,1429027.3725980786,1221312.4466176406,0.8546459431334777
ACC05653,12,0.8473591767162425,858101.6587707552,486095.25185023004,0.5664774643910717
ACC05654,1,0.8935617604115542,642315.3259106787,148975.21538219377,0.23193470461097246
ACC05655,0,0.8559787128704643,660280.1687706723,179059.5847700853,0.2711872826704206
ACC05656,0,0.8608356954897386,1116762.3801844756,250006.50240793027,0.22386723160089994
ACC05657,20,0.8040307806772135,2838388.889476783,1704138.5199846711,0.6003893709923608
ACC05658,4,0.841294768562214,6587265.79888902,2339381.6578216427,0.3551369762878238
ACC05659,4,0.8298352747053791,1440996.8820823145,728294.4065338926,0.5054101196121048
ACC05660,7,0.8746238562372856,764043.7482637421,343735.4319504561,0.44988972520432335
ACC05661,0,0.8487351393459409,1308444.9738299297,505693.251902179,0.3864841563967125
ACC05662,10,0.882499120446565,584700.9068482608,275874.71419612534,0.4718219365917954
ACC05663,10,0.8652490040076491,1655908.3549715618,576448.4670548566,0.34811616556204666
ACC05664,24,0.7297292579894014,4312306.450539288,3132290.326723139,0.7263607915275643
ACC05665,25,0.8735917614303185,657022.4451875588,899644.3731123157,1.3692749459350602
ACC05666,3,0.8899061034045889,1296785.8197778354,171674.74089604255,0.1323848073272838
ACC05667,5,0.8589905106180689,533761.006105477,304216.6518683579,0.5699491877236184
ACC05668,12,0.8307276163702708,3035488.554006933,1487687.6091334908,0.490098243714245
ACC05669,0,0.902613433428683,423969.0650811317,88960.18094790919,0.2098270564407466
ACC05670,6,0.8310939192321171,1306456.4119578456,669920.9309647101,0.5127771005852172
ACC05671,25,0.8746105789522942,3463663.7869140026,4363080.39252593,1.2596720296611914
ACC05672,2,0.861031708186702,3309840.497333463,846538.770812601,0.255764219301385
ACC05673,0,0.8541657410329294,1129802.429000403,292850.5107717046,0.2592050638719242
ACC05674,25,0.985285181227375,2424991.8565307185,4971558.233850841,2.050133991362484
ACC05675,0,0.8481466765015596,348984.7247616713,91803.71007879911,0.2630593936210065
ACC05676,25,0.8354434362222269,2147737.0684250663,2860154.2968247137,1.3317059796905504
ACC05677,6,0.8533755993469073,7305650.065890661,2310629.5726676155,0.31627980423750524
ACC05678,10,0.8442440003901469,1739313.7082770139,838272.9918305476,0.4819561806713703
ACC05679,8,0.8147177082827638,1088538.0743081495,630601.2339402961,0.5793102224201869
ACC05680,12,0.7943581921020475,3960257.3612597235,2258537.3310949034,0.5703006459096593
ACC05681,25,0.8965251089836261,3279183.7947872085,4799351.226416023,1.4635810392956217
ACC05682,24,0.7214036549532035,5504131.456467172,3985093.3562612855,0.7240185645600693
ACC05683,0,0.853707786534545,1729159.7579673831,459424.3905346591,0.2656922753480625
ACC05684,10,0.8031784228138646,2105409.766760636,1164837.7072802323,0.5532593824110738
ACC05685,0,0.8606485498970182,473595.8250364634,239408.26817655485,0.5055117792858967
ACC05686,3,0.850023700920379,1206215.1742005092,525767.9563082581,0.435882392755291
ACC05687,8,0.8530289758533803,1641839.1867221203,680810.8109034155,0.41466351662773543
ACC05688,7,0.846422224784248,1851238.0859850359,737987.6406700286,0.3986454504458558
ACC05689,25,0.8289673164502434,1297440.1238546,1493940.0121077888,1.1514519896836564
ACC05690,2,0.8973674000353443,657570.3345155366,152028.4313390839,0.23119721702635887
ACC05691,20,0.7898121307282304,4670333.813324603,2791828.5357516105,0.5977792267838413
ACC05692,25,0.8598153409600102,844319.071780648,952547.4056720359,1.1281841634385175
ACC05693,0,0.8369607015198868,1098391.3860174604,505047.0203563979,0.4598060643825639
ACC05694,17,0.8593382648141724,974438.0851104874,558564.3981444652,0.5732169202737308
ACC05695,24,0.7072290831128001,2397151.9143869695,2292953.4580456107,0.9565323934140377
ACC05696,8,0.8261589565952029,2257336.0420419266,1125848.1924544189,0.49875081577841035
ACC05697,7,0.8661520831699383,664805.5146776877,355493.8207435838,0.5347335617634505
ACC05698,25,0.7531675135094896,1102999.6828145816,1963363.611710555,1.7800219186831843
ACC05699,12,0.8088545314996605,1412799.8104527162,885122.2260407496,0.6265022259290379
ACC05700,0,0.8508400167065356,1274168.0221687262,420285.76742365526,0.32985113431766905
ACC05701,16,0.7760625714050499,6440635.549584298,3967916.1193918227,0.6160752442587636
ACC05702,25,0.7275571066139103,508286.85526899324,793161.3601759796,1.560460106244979
ACC05703,25,0.812333885217762,1285823.7398187353,1329093.5713812818,1.0336514486570658
ACC05704,3,0.8700790962960394,1425873.165043433,448369.168604066,0.31445235073935096
ACC05705,18,0.7403357969177164,3387019.1798024797,2343669.505274057,0.6919563725088598
ACC05706,0,0.8704867561567716,405266.27767386654,199358.36330783772,0.4919194472634338
ACC05707,5,0.8319789251034994,5228415.939810833,2070485.3911591205,0.3960062502666978
ACC05708,7,0.874754138051326,847934.8747573269,351634.8055942515,0.4146955338933157
ACC05709,2,0.8669266976536101,1699745.4869714088,479097.9107201413,0.2818644993573677
ACC05710,3,0.8526916388885704,3451878.2703081616,1130618.3780137305,0.3275371520887369
ACC05711,3,0.8466728712773302,3312056.494175861,1159213.8473817606,0.3499982109061844
ACC05712,6,0.8165046366221259,2814759.5500535234,1377157.9372809343,0.4892630836814275
ACC05713,0,0.8812459052225523,328485.16904318484,124267.0495210163,0.3783033793671194
ACC05714,6,0.8572982213189205,3039784.8425499033,1051261.360929536,0.34583413477635877
ACC05715,9,0.8556861021258667,1069270.4566139646,520358.0012565235,0.4866476933294592
ACC05716,0,0.8512885134595299,1818097.6613809504,448136.7123942981,0.24648660075494094
ACC05717,1,0.8749515803342268,866574.2177484912,286984.6170720272,0.3311714232828927
ACC05718,25,0.9325566824078434,3286917.982246586,10917343.899216749,3.3214530931966904
ACC05719,17,0.7869515266471306,1121037.6064243752,818741.6376018773,0.7303427047494943
ACC05720,0,0.8573548274493753,861737.3938414931,289945.14246934623,0.3364657777896991
ACC05721,0,0.8628917320128474,823065.0158952984,206072.93000984064,0.2503726024434199
ACC05722,5,0.8887953820919376,480129.6353789511,228503.16004770075,0.47591971669765903
ACC05723,0,0.8249692965719182,628520.5541847273,176046.45146274962,0.2800965700972257
ACC05724,0,0.8601057886437123,2389024.4456734806,465095.5565913413,0.1946801161593924
ACC05725,24,0.7332665467484124,4142056.192176189,3443717.33642187,0.8314028532318343
ACC05726,10,0.8436925963459613,3767260.8518862,1557706.6539617572,0.4134852125203492
ACC05727,12,0.8029459122800217,2814929.2609923533,1588385.9415743004,0.5642720630977217
ACC05728,10,0.8677037865447086,3644820.6482389607,1053174.4296740962,0.28895096119007946
ACC05729,0,0.8831117546036575,838328.8749319447,201753.39770395454,0.24066139642432433
ACC05730,1,0.871343615051118,1665417.9571638864,433118.6313184808,0.2600660269426046
ACC05731,25,0.9781114383327728,805730.6678720922,3451616.8728889455,4.283834549831087
ACC05732,9,0.8275125761658303,1248564.014531175,706408.1877005273,0.5657765076352753
ACC05733,1,0.8653014141672393,663202.0483519856,308126.5823591032,0.4646043888506947
ACC05734,1,0.8678326109693972,1095257.424151672,319567.2527245575,0.29177364670417755
ACC05735,25,0.867234139821186,4716364.064641602,6824214.773762124,1.4469228160147762
ACC05736,6,0.8387496126661542,927203.5667386947,525242.0676186674,0.5664797747339679
ACC05737,0,0.882461177423602,408883.73598882096,124139.29954982892,0.30360537390810516
ACC05738,13,0.8222573927230816,1965445.223741577,1064832.9686556074,0.5417769754114578
ACC05739,25,0.8378391250582687,2009399.2611421293,3363566.589532678,1.6739165055832899
ACC05740,0,0.8062618491188878,1380887.6118416684,468538.5623140001,0.33930245900976513
ACC05741,6,0.8497395425875325,1521423.997094899,635145.6642030292,0.4174678889092164
ACC05742,23,0.7758784097259528,1763663.6326155446,1238362.4604385793,0.7021534251415423
ACC05743,0,0.8499731880600412,3183986.107397347,786901.2591295892,0.247143433603992
ACC05744,10,0.8610472020387391,2143089.531046196,718514.3475718258,0.3352703361959253
ACC05745,13,0.717332086479394,656275.9498143569,592554.2861659585,0.9029041614789882
ACC05746,24,0.7570938828278152,2025540.4132004315,1475096.820483909,0.7282485261072622
ACC05747,0,0.8383706660378903,1693589.4721079713,448621.71758988133,0.26489401651245054
ACC05748,25,0.7811816386412166,5166226.740372857,7301222.021750404,1.4132600810361373
ACC05749,9,0.8020064218065042,1087200.6355475436,719344.6143988708,0.661648449126034
ACC05750,10,0.8208097936110769,2062984.4017911404,1096778.8590639993,0.5316467047020547
ACC05751,3,0.8596091350143451,1802363.512232196,558638.8218650102,0.3099479200914058
ACC05752,25,0.9776274334738347,4188673.7986941044,10858824.52779076,2.5924254429113573
ACC05753,9,0.7978702130237019,1417116.4519492283,902318.7323996556,0.6367287114326603
ACC05754,25,0.8039455629896155,1666053.3515806387,1733046.25191667,1.0402105372390824
ACC05755,21,0.7951540103424762,888329.2469025812,701763.1161669716,0.789980875462418
ACC05756,0,0.8692050209412282,2466356.4261466763,572962.9568462982,0.23231149835933065
ACC05757,13,0.8253488363930548,2533220.930403341,1241005.9002145394,0.48989248640739186
ACC05758,0,0.8876788082934917,348455.8484485231,116836.86173881475,0.3352988972893503
ACC05759,25,0.975410445970145,2855004.6237016697,9674830.73611679,3.388726818793324
ACC05760,14,0.8628052973883651,837026.7837985477,438487.79009501147,0.5238635113981549
ACC05761,2,0.8967661975237561,470448.09741264867,152212.1173152861,0.32354709935573367
ACC05762,16,0.784205277894246,798587.838893456,621444.1155156231,0.7781787866651115
ACC05763,0,0.8813979275011862,583078.5923504092,125640.27781234059,0.21547743213462944
ACC05764,24,0.7844878890769169,1604888.3782213575,1246267.9771664753,0.7765449573182598
ACC05765,0,0.8613529506777587,423894.7937658377,93364.84572105197,0.2202547591859015
ACC05766,0,0.828809001574976,346088.576162088,72157.76100703054,0.20849506738192938
ACC05767,0,0.8091168307421575,4363286.426019712,1062859.8497177053,0.2435915834861361
ACC05768,25,0.8638038905950397,1150708.6542040072,1960732.3758712767,1.7039346742617454
ACC05769,7,0.8159631158542406,1198284.410057852,716119.2334374515,0.5976204208505709
ACC05770,0,0.8415073446913878,1071979.3594253182,298542.3601081411,0.2784963698071462
ACC05771,24,0.7123719822191815,1112023.2044999911,1136010.3178380004,1.0215706949647645
ACC05772,13,0.7667874454226401,3636643.773973293,2332321.484906175,0.641339000976152
ACC05773,9,0.8205246673858309,1233384.2937173555,682233.6943072699,0.5531395995412373
ACC05774,8,0.8577591343127784,1622995.6332250556,632165.7371592878,0.3895055071116309
ACC05775,15,0.8073835262748748,1006887.5753742708,696158.8884207049,0.6913968405677617
ACC05776,25,0.7940607084458897,2137200.2426499845,2633656.363516411,1.2322927496259566
ACC05777,10,0.8622248143074428,945927.8403417881,449081.4913070698,0.47475237767058964
ACC05778,0,0.8814183177713767,1120827.371965253,217326.32578520977,0.19389812492190558
ACC05779,9,0.8368129015170247,559178.4996168168,393042.5680322412,0.7028928478143883
ACC05780,8,0.8403777055668598,2814855.1457961095,1225208.2462491808,0.43526511411394925
ACC05781,0,0.8758715162258205,868528.1481227771,191830.85697381248,0.22086890032111522
ACC05782,0,0.8431176499117053,2348499.618837863,560364.9427914174,0.23860550723389498
ACC05783,4,0.9058405707785611,432378.32861072273,123078.41532485321,0.2846544500052007
ACC05784,8,0.842986276331259,1640926.2790787523,742462.4136521142,0.45246542950664853
ACC05785,7,0.8720120370894855,1301331.3798710187,440670.10572692147,0.33863020022663126
ACC05786,17,0.6467412777023288,2207597.318272719,1763717.7582245138,0.79893092079152
ACC05787,9,0.8388878184156003,2013043.8088613916,952904.7361451092,0.47336512596021774
ACC05788,2,0.8595727783334128,1894358.731638005,513630.8800895431,0.2711370721454744
ACC05789,14,0.8065675569600211,1882477.544303908,1133578.7180282637,0.6021738328078873
ACC05790,15,0.9079637249535049,10000788.953289267,13908371.538678572,1.3907274319696645
ACC05791,9,0.8163473302129967,4210173.686269955,1956948.775112972,0.4648142620564307
ACC05792,24,0.6223246452243243,3073929.562289247,2590189.609674453,0.8426314127202907
ACC05793,24,0.7206365717999463,1030042.1225770859,951940.3732054328,0.9241761597319453
ACC05794,10,0.8291635829390542,1939235.7591017624,1002105.7056280653,0.5167529017164123
ACC05795,10,0.7813705243391695,1047254.1486858189,726782.5886693018,0.6939887414925295
ACC05796,25,0.9841474745640846,4753124.842171631,12415883.292131625,2.6121517326818195
ACC05797,8,0.8356298519195503,1821566.658051718,907118.4035661938,0.4979880365928606
ACC05798,8,0.838239184536847,3215675.1430458105,1339343.9002541879,0.41650472783317083
ACC05799,9,0.7532437379868079,3132107.088200152,1973957.4394808689,0.6302330616081178
ACC05800,25,0.9885468890131154,1971158.863782335,5312480.974069094,2.695105438571959
ACC05801,13,0.8193849262574036,6784572.559858779,3168708.155157632,0.46704610013391745
ACC05802,6,0.8547258469135619,399483.7157891722,291556.9182965571,0.729834300556137
ACC05803,0,0.8694826837655504,1008064.03360038,279597.4337755665,0.2773607870692125
ACC05804,6,0.8165535911149284,2051996.736242792,1022916.6809871172,0.4984982007622871
ACC05805,25,0.8793842930960608,3385825.8289786605,4729195.37843641,1.396762744840593
ACC05806,0,0.778940676909324,536319.4207329763,109850.26474927278,0.20482246307460353
ACC05807,9,0.8364127126610191,2187192.413663416,1006676.5813944861,0.46025972617030214
ACC05808,12,0.8963025913873564,381703.8256406327,253888.04337934742,0.6651440890151792
ACC05809,0,0.8905295165494829,931509.7791679247,150124.25477976934,0.1611622960242763
ACC05810,24,0.7225811858683574,1031468.1139269696,896631.6355940753,0.8692771240212656
ACC05811,10,0.8405346950412312,1497146.4308018791,766419.9179049494,0.5119204789437003
ACC05812,10,0.8090316282449865,2687457.33330846,1502283.1042360656,0.5589979366804099
ACC05813,18,0.7292416041676615,1561073.2930607523,1206912.8015333584,0.7731301322611179
ACC05814,7,0.8339914764305281,681104.1175219074,443010.00066399376,0.6504291917597231
ACC05815,18,0.826032863698018,820456.8902584461,608476.3921389234,0.7416311562052356
ACC05816,15,0.8096788692146742,12964318.965938522,9613007.39866331,0.7414972914442944
ACC05817,10,0.8401946181290584,1609089.559747361,759334.5149328647,0.4719032016167489
ACC05818,25,0.9815504903285518,969573.3903967023,2309577.9385699043,2.3820558210915186
ACC05819,20,0.764079284584922,4298402.277826306,2758269.9581938446,0.6416965607017816
ACC05820,11,0.8412311834313791,3522158.7583990167,1421343.8794454967,0.4035433882859849
ACC05821,9,0.7879916542199908,2702039.633229832,1582544.339710764,0.5856850951586893
ACC05822,4,0.8919648981581065,373552.9441615583,172540.0486842915,0.46188914150190585
ACC05823,11,0.8505430469264245,477085.61142703966,352604.45966256247,0.7390800544327168
ACC05824,15,0.8627814751536564,1232640.8854682685,592442.8510907114,0.48062891477565106
ACC05825,5,0.8348425289347585,3602227.1826082743,1389367.7028089892,0.38569685707690043
ACC05826,8,0.881721333812879,821793.7812771702,295467.6228345373,0.3595398621480728
ACC05827,20,0.750771215881056,3331008.3488749173,2301181.8491015807,0.6908364099053755
ACC05828,16,0.8295422802579836,965147.8172880322,659359.8896517329,0.6831698500903909
ACC05829,6,0.8442307678232005,769699.6526974647,448169.0714450845,0.5822648741940386
ACC05830,4,0.8775784513633252,1841245.3352893938,455614.32649110607,0.24744900516991444
ACC05831,7,0.829054179617669,1441483.7398271346,724275.709167464,0.5024515290434843
ACC05832,0,0.8630058370081919,2074804.3633733073,322822.23744371935,0.15559165150340287
ACC05833,6,0.8749655959903383,713138.1080891947,296410.2662755513,0.41564216371743556
ACC05834,5,0.8747763078362473,1007557.3111207164,307383.87652469217,0.30507830485869425
ACC05835,16,0.7798868751525315,1562953.5696470682,1075778.4434245336,0.688298401383386
ACC05836,25,0.9902822090612597,3209953.286922358,8003738.171874215,2.4934126625711888
ACC05837,10,0.8669080130221526,958528.8629784961,400897.07669318636,0.4182420500593525
ACC05838,16,0.7965678007399455,7236082.357912843,3914727.422427961,0.5410009489661357
ACC05839,25,0.8491501508104086,807866.1050920469,1088592.2620852059,1.3474909458680329
ACC05840,12,0.7909068954849932,1562587.961734008,1014133.3039370559,0.6490087782397026
ACC05841,23,0.6752596868759819,537375.8698703657,542724.5301375316,1.0099532944574832
ACC05842,12,0.7381026125738214,5398026.89238424,3542455.42860615,0.6562500519595397
ACC05843,25,0.7977860832412615,1383148.7176296408,2479024.6150765615,1.792305182717422
ACC05844,22,0.722927083112412,3078577.73319849,2230076.089620901,0.724385181368788
ACC05845,0,0.8543392500199424,755048.0619901196,190239.29194000564,0.25195653299020726
ACC05846,6,0.7854997432786143,989547.3095692561,670864.7747942508,0.6779511886968539
ACC05847,24,0.5185797917621816,274432.62286086736,328096.91916775156,1.195546344845784
ACC05848,0,0.8759121757544528,707223.9023796757,176487.5267745212,0.2495497199411301
ACC05849,19,0.7753813219519574,1001217.7075142275,784505.3890436305,0.7835512527953192
ACC05850,0,0.8721429865894765,769514.2234712297,112840.9208268294,0.1466391619349298
ACC05851,10,0.8333799234191676,4097442.939121822,1738891.3293472389,0.42438451375235603
ACC05852,18,0.7976791440544243,952983.1251511999,706037.4884252399,0.7408709239350071
ACC05853,25,0.9326750226281869,4070893.200090439,8086073.2582293125,1.9863142707968051
ACC05854,11,0.8826209052160299,561743.1459897154,301940.49866098556,0.5375063333064923
ACC05855,25,0.8892191286000729,1274552.167572283,1973388.4270144133,1.5482994554654017
ACC05856,6,0.8480769556288957,751295.2233660189,408177.0895710204,0.5432978633116681
ACC05857,5,0.8681310056814787,1734642.8975538942,560672.938710111,0.3232209577549037
ACC05858,11,0.8869868370849416,650034.5208032355,266207.15509669576,0.4095277198013247
ACC05859,0,0.8826264579278947,384324.65997612325,135211.2858640963,0.3518152748056722
ACC05860,7,0.826595850989618,5594815.3223701,2491593.0279765218,0.445339637577353
ACC05861,12,0.8071906463712902,1628467.2280060467,981217.39001819,0.6025404583791517
ACC05862,9,0.7884083387480705,4681057.718082184,2601972.2536655925,0.5558513503507095
ACC05863,0,0.8576954211405745,1535799.94501713,474187.2831152082,0.30875589275393495
ACC05864,3,0.8360315874485796,1785157.232266097,800989.8585208884,0.44869429092478513
ACC05865,5,0.850949779395821,1704056.9573011978,607434.1532764446,0.3564635270398879
ACC05866,10,0.8226469742894811,3848192.2736260463,1839907.3293984116,0.4781225049508031
ACC05867,8,0.8512239142045056,2812011.676794506,1132319.6206888193,0.40267244621814063
ACC05868,0,0.8307847407252712,1247233.6117348396,324268.68486294127,0.2599903352603685
ACC05869,4,0.853621061063102,381324.6719315508,268267.8237725149,0.7035155171409155
ACC05870,25,0.9532327263639117,1796414.8774540187,6296344.774427151,3.504950250328971
ACC05871,25,0.8603155212034782,2227551.4232430374,2747799.975593551,1.23355175863599
ACC05872,19,0.753085463724501,1051230.6186333015,832085.1003494494,0.7915343080771735
ACC05873,24,0.8054286380215402,852928.8351198355,821408.4469056105,0.9630445273786571
ACC05874,13,0.8172751061646172,1856703.7538017498,1046326.6869515803,0.5635399211151174
ACC05875,0,0.8612450937580313,265605.64432832185,44830.01191754555,0.168784108601736
ACC05876,6,0.851807212487588,2756740.8660545507,988112.9170997406,0.3584351831058856
ACC05877,10,0.8411602869303276,4218994.56522586,1717661.7214375641,0.4071258435825007
ACC05878,2,0.8636007348827738,545457.979113839,272467.20635251456,0.4995200671464551
ACC05879,1,0.8221634451132602,1591091.658590502,774249.157209916,0.48661505641717645
ACC05880,9,0.8526441508988799,4655140.115234739,1654846.794686265,0.35548807419791667
ACC05881,10,0.8224260633885143,2172591.365875709,1167535.2185621331,0.5373929202243394
ACC05882,0,0.8580424818339523,639587.5344711465,143720.1078877795,0.22470748746943114
ACC05883,3,0.8841730103899058,775771.3045334072,257124.58480546772,0.3314437944570752
ACC05884,0,0.8688790415280191,408082.596366682,77575.84073466243,0.19009838063507312
ACC05885,14,0.8433706259439354,1841442.2124985065,910858.1723441328,0.49464390799875374
ACC05886,3,0.8769177800147782,822971.1520616296,297899.7734980699,0.36198082126183834
ACC05887,0,0.8766160194125977,939727.5777206785,274145.04819772206,0.29172821432213836
ACC05888,7,0.8546712894479497,1990153.698685987,698040.9384592541,0.3507472507877862
ACC05889,12,0.8332835059694091,1133314.663849315,645907.9436890832,0.5699281623121776
ACC05890,0,0.8318286907591981,709361.3558814093,188623.85185060877,0.2659065796109463
ACC05891,0,0.7899294220703061,951201.2311964128,312885.99643304123,0.3289377538331147
ACC05892,10,0.8007122524675376,488147.40505058016,424252.0782476909,0.8691064909045894
ACC05893,14,0.8190487323111908,1803396.0472377928,1066240.7357269162,0.5912404750803602
ACC05894,8,0.8669078886025214,1029154.0882422153,440719.15255248296,0.4282343699428205
ACC05895,10,0.8086227522538901,1834792.7565813651,1013327.5507677953,0.5522844730735988
ACC05896,3,0.8556662580311988,846362.3910518581,402613.3928596394,0.4756985862276702
ACC05897,10,0.8218381286527567,1027216.9891852374,618760.102582015,0.6023655265600697
ACC05898,3,0.870744263095909,390363.2465210285,240357.78217873015,0.615728515224812
ACC05899,24,0.6633458481712377,2193624.3087305515,1910532.8580597052,0.8709480700299719
ACC05900,25,0.9161910603224854,2716662.990741661,8821141.30003822,3.247050270902395
ACC05901,0,0.8501594126645513,1523157.1914026046,363965.40184129553,0.23895458977949394
ACC05902,0,0.8725436870417838,1507416.0193613218,215859.86537648682,0.14319860118505617
ACC05903,0,0.8210622363111986,893523.0231106302,237328.86046798827,0.26561023535999445
ACC05904,11,0.822513698404354,1007722.3793400466,639516.7628902722,0.6346160172696466
ACC05905,0,0.8512215640615076,1451206.6242012922,249857.74630555004,0.17217241303805755
ACC05906,25,0.6107131246720248,1498780.500362397,1741034.4298251446,1.1616340280676003
ACC05907,9,0.8465219810731356,1807828.6657422595,772013.9182868355,0.42703931678717
ACC05908,16,0.8428388573037293,750360.4380810731,529822.2608312754,0.7060903453095304
ACC05909,0,0.8817090013941037,208187.63050387337,81102.03628216352,0.38956222368194254
ACC05910,1,0.8865766172291174,528863.0374817741,158572.82778461478,0.2998372291995913
ACC05911,24,0.7108982620298802,1653588.9801070339,1315105.0337470204,0.7953034578531698
ACC05912,19,0.7579716367602604,2321359.302701504,1637130.3786484653,0.7052464376123245
ACC05913,25,0.9875487462111905,1458081.9989911395,3479780.978575918,2.38654683411743
ACC05914,10,0.830070842210643,2180149.033802382,1008201.3638202266,0.4624460751024117
ACC05915,24,0.7069624455560116,2821882.8613895355,2276952.258697171,0.8068911328147644
ACC05916,25,0.7345970485830482,1581132.7392086932,2093938.224905171,1.3243279156645131
ACC05917,25,0.8605056366517286,1868701.3293378965,2241660.122709022,1.1995818098461295
ACC05918,7,0.8138852176304847,1961306.3166173666,1027985.8060083947,0.5241332255439555
ACC05919,6,0.8968569433006576,511852.65047226625,181000.83422899788,0.35361902309579824
ACC05920,13,0.7443616256156661,1638901.3824129028,1158113.5167164179,0.7066401487875762
ACC05921,0,0.8338720649117433,2458842.677133258,584296.3072735859,0.23763061895233234
ACC05922,20,0.7849796294842262,3051224.7717128815,1976933.1253439935,0.6479146156886346
ACC05923,5,0.8689122846890582,692815.8674158562,331142.54120798287,0.4779661621248892
ACC05924,6,0.8422803823716228,2061098.1778547454,851822.4841726689,0.4132857392845168
ACC05925,1,0.8535475964596309,1562265.0472644253,485005.6148964079,0.31045027586430857
ACC05926,1,0.8794495129529163,365860.2723268116,203830.6380262516,0.5571270057006245
ACC05927,13,0.7739517877824352,4604062.742001402,2698143.648647785,0.5860353778486721
ACC05928,1,0.8527580967124646,3180960.451449415,957699.906617179,0.30107256007562117
ACC05929,0,0.8796256679358602,749065.0554970803,160116.0612701948,0.21375454654461434
ACC05930,0,0.8860217746467344,637566.8534615166,158239.67019805804,0.24819306295321603
ACC05931,25,0.8130599931649578,1101760.715579726,1713748.8117280582,1.5554637113979104
ACC05932,25,0.7995084605250394,5811428.031882254,7922587.120855543,1.3632771630985006
ACC05933,9,0.8347972945494747,689305.3967151333,432326.75963100535,0.6271918973668958
ACC05934,0,0.8526080543493615,672482.666355298,160326.0214429961,0.23840915084388187
ACC05935,0,0.8065626070733279,1236005.3978892488,365360.01246188686,0.2955974246437916
ACC05936,13,0.8310817131498206,2272169.1521074963,1122390.5305118868,0.49397313992703423
ACC05937,9,0.8348410711546757,4548762.682716977,1869496.5523540638,0.41099012693214704
ACC05938,23,0.6513793801305251,2803348.5373259154,2238839.3595655276,0.7986303985237357
ACC05939,21,0.8062530471936903,1920474.0848778607,1222023.8518914732,0.6363136381344048
ACC05940,8,0.8451860500729332,2988288.2923707464,1269601.904767313,0.42485924400556396
ACC05941,11,0.8325487490808078,1264069.8850007188,685816.3696342981,0.5425462450866854
ACC05942,1,0.8805966400773686,1091021.2744466465,252128.77551089582,0.23109427965900362
ACC05943,11,0.8314111389023705,1848001.8998655037,923693.6099507277,0.49983369065689465
ACC05944,24,0.658732090609394,2868804.356994747,2331578.776368474,0.8127353720317649
ACC05945,8,0.8492234619693008,1694620.2958438173,762101.9072496126,0.4497183877230341
ACC05946,16,0.8348683924062498,508121.71321404533,432246.0638791039,0.8506742629536499
ACC05947,10,0.8032854484748354,6917472.878719013,3563322.758837123,0.5151191513593594
ACC05948,12,0.8169193522230537,2090468.6444848196,1105104.8335337131,0.5286397557070548
ACC05949,12,0.7425623257123629,972935.6826182737,747893.2697561311,0.7686975440591002
ACC05950,14,0.8336246151155942,3081533.446604625,1437745.9214353443,0.46656833240590617
ACC05951,11,0.8562869507782257,1657126.4049802069,743091.6557623487,0.44842183042229916
ACC05952,4,0.8507796454404211,1500337.192725032,611896.9368607929,0.40783961087401754
ACC05953,5,0.8414318632065036,2649596.1462289416,997707.9992480959,0.37655097010466726
ACC05954,25,0.9609774310364598,4027605.3289389606,12742322.759092435,3.163746623219732
ACC05955,6,0.8452549233645937,917735.2169177663,448156.2058848222,0.4883284389913297
ACC05956,0,0.8559876898332213,1512763.6158591812,308111.2709770108,0.20367443250677175
ACC05957,3,0.8691933596446031,1354145.9130319206,371968.67329596175,0.27468876855606145
ACC05958,9,0.8960450522047978,459941.81890873157,240575.26515184063,0.5230558632886111
ACC05959,2,0.8564459485200075,544581.444509048,291484.2529484929,0.5352445550385438
ACC05960,5,0.8350663234152506,836330.432201976,465023.1330003535,0.5560279945523365
ACC05961,11,0.8693904612728343,1017105.2912986442,462231.8172481145,0.45445817773490793
ACC05962,4,0.8560979163269972,456943.35453559767,300908.94058500574,0.6585256960150491
ACC05963,8,0.8105007181750313,2459756.5285737584,1307803.0398236944,0.5316798734474742
ACC05964,6,0.9001053681071797,438403.52109963103,175461.6888908795,0.4002287400675422
ACC05965,0,0.8414996422668851,1538474.5231682416,370488.78940510104,0.24081568061467717
ACC05966,25,0.8369869048708483,1023714.1636182483,1145038.9643037543,1.1185143324154976
ACC05967,24,0.8562580014626884,2027428.31977229,1671969.3609047136,0.8246749562482684
ACC05968,0,0.7856959421864167,772506.2758379072,265821.2474817703,0.3441023792246146
ACC05969,25,0.9015312466609459,5909361.703575651,19387264.80377675,3.2807713889041277
ACC05970,4,0.8641545843322841,910928.8558059727,380234.8180027837,0.4174143958436349
ACC05971,17,0.7934881008707356,1170364.218735862,842589.0810735687,0.7199374926069331
ACC05972,7,0.8746273819766074,777990.6382484755,309410.5353957022,0.3977047025813725
ACC05973,13,0.8408819786487001,2196689.8960496527,1006861.8897443721,0.4583541316209585
ACC05974,8,0.8106823166952213,1168329.986625826,725357.1921807325,0.6208495891435493
ACC05975,25,0.9432595597839728,892888.3084263145,2530469.111640075,2.834026482102719
ACC05976,4,0.8668615163443912,2671248.422283717,596485.6583363126,0.2232984597615081
ACC05977,19,0.7306050350688938,3134456.350284125,2271454.677830165,0.7246726143193116
ACC05978,0,0.8484796854336537,789400.2146328455,237540.54242994278,0.300912690453757
ACC05979,7,0.8010591010458146,3852564.376716721,1897367.5108721678,0.4924946932331772
ACC05980,24,0.7595937381579134,3707665.2703574,2812950.4328975906,0.7586851098417621
ACC05981,24,0.7339703614413778,1195187.947328688,973152.3070821689,0.8142253352346958
ACC05982,10,0.8329802577487195,2012301.091183353,997378.7824314837,0.4956409290843079
ACC05983,19,0.7759796630885283,1497680.1431444357,1048875.1434309566,0.7003332108208391
ACC05984,12,0.757267193127604,2045807.725938597,1363358.3573205457,0.666415685127521
ACC05985,11,0.7589585797882714,5617084.994674816,3362049.000346557,0.5985398126490682
ACC05986,25,0.9892406848172672,3879280.611281406,11050462.939715033,2.848585613419917
ACC05987,3,0.8531637714535801,3658337.7836242258,1012833.2091800012,0.27685612130015286
ACC05988,0,0.8676989219050699,2632525.7898593587,514302.2360049073,0.1953645574854496
ACC05989,2,0.8649861393909066,1471931.0734293268,470088.13526902813,0.31936830722230075
ACC05990,2,0.8680421356054715,2563378.6029241723,621945.5930410897,0.2426272858529777
ACC05991,0,0.8806356300824076,350370.24658503366,67963.28371687364,0.1939756140234333
ACC05992,11,0.8273839337791431,1525786.7010876904,813165.8455813482,0.5329485733501708
ACC05993,6,0.8410225470961792,2226493.725870966,900539.4504035241,0.40446529893150657
ACC05994,25,0.8971788456980797,1909022.250581059,2037815.407278137,1.067465508407708
ACC05995,13,0.8491103922592411,2801678.2491328083,1201769.3311558107,0.42894623304006785
ACC05996,7,0.8832655438457052,770135.3386192432,306003.629117405,0.39733747274346787
ACC05997,11,0.8344832502690386,3368763.839351641,1520551.6684075932,0.4513678431968213
ACC05998,10,0.8248149166095757,3407339.9389903937,1537381.2908511516,0.451196921463223
ACC05999,13,0.8423466891316447,2020763.9886134684,1003809.3450804421,0.49674744341084487
ACC06000,2,0.8808585094343975,567976.6210174322,223704.9499249673,0.3938629542959682
ACC06001,25,0.8936120675199248,2651316.5545004164,6366823.79048921,2.401381977448898
ACC06002,20,0.7645255068394079,3787497.926607094,2505321.2403653665,0.661471316661466
ACC06003,9,0.7847446449262189,1156935.5944016587,757969.4087596226,0.6551526398076009
ACC06004,8,0.8534362251258286,1822141.7429923837,714738.3727988657,0.3922517968470981
ACC06005,23,0.709510335075831,2987248.3790726443,2244053.4212237126,0.7512108591118735
ACC06006,9,0.8476736834134091,1777341.2949646232,766305.9188561345,0.4311529367078523
ACC06007,17,0.8340242605831858,1085572.112991145,675611.8359703652,0.6223555560107467
ACC06008,10,0.767445362155089,1164851.556435036,823013.5022123221,0.7065393849248135
ACC06009,17,0.8214674219172908,822206.1606694947,586654.7874004194,0.7135130037492377
ACC06010,8,0.8346202904699677,963264.0215541936,519621.6228472879,0.5394384210560426
ACC06011,9,0.8635595260270456,1647712.2995724434,634204.048568206,0.3848997478095979
ACC06012,0,0.8431606871459634,1700739.0847778479,509216.0033657266,0.2994086558740084
ACC06013,22,0.7377394934230451,4418191.2448923495,3033923.8398945536,0.6866891159141021
ACC06014,1,0.8619858301712825,3516991.6850188132,769813.5129539013,0.21888408671338197
ACC06015,24,0.7289417389150931,2509486.7443331587,2032690.9671532304,0.8100026715595876
ACC06016,22,0.7402852156107869,1981250.823292028,1460919.545367481,0.7373723347859766
ACC06017,1,0.8730551818358969,1652115.769863944,415353.73281495523,0.25140715946871006
ACC06018,5,0.8261500497242317,1222660.2452017704,668175.9173901014,0.5464935332708353
ACC06019,24,0.6629620033982114,2009264.2444504877,1629154.10920042,0.8108212315528346
ACC06020,12,0.814910632647449,1898355.6355105257,1025401.9023763713,0.5401526896200403
ACC06021,1,0.8573834981082112,3862121.2206271687,1075928.1082330246,0.2785847586778503
ACC06022,25,0.770149903950701,2882949.1338565475,3516159.1878339616,1.2196396899762025
ACC06023,14,0.8586148451129417,563817.7071912636,405900.09647501004,0.7199137084520774
ACC06024,1,0.8856057173845873,868734.6388753414,179112.35708399932,0.20617614294265635
ACC06025,10,0.8196569095827217,1229674.7649551507,701546.1357639144,0.570513566479102
ACC06026,15,0.857736277951349,1142283.385100144,585415.7485599957,0.5124960725124023
ACC06027,0,0.8296106409925688,5596111.2348486455,1385471.8215084274,0.24757760583468807
ACC06028,5,0.8875927442662732,912503.5809474404,244383.36891073463,0.26781633958849194
ACC06029,4,0.880678974720178,1587628.16593254,354322.9730374664,0.22317755545067722
ACC06030,6,0.8196489854667194,2375843.835405049,1170655.204715312,0.49273238723442075
ACC06031,25,0.8899272582427518,4752565.082619632,7383821.149900389,1.553649665294094
ACC06032,6,0.8508771063650048,2463041.9629746666,819727.3293605462,0.33281094747185896
ACC06033,12,0.8563725815654126,987248.2242051269,491552.63794579933,0.4979017696806374
ACC06034,25,0.8413536814114132,3168185.6263074493,4259918.620571145,1.344592496474432
ACC06035,25,0.8288419944291328,1208641.9403601212,1897471.0611388332,1.5699199223332194
ACC06036,25,0.9821730640582869,1486426.3871952563,3807479.3417002526,2.561498756009438
ACC06037,9,0.8112590329782117,568118.9669780483,453208.63377213816,0.7977354394324415
ACC06038,8,0.8612055768590219,813057.2682538915,394578.6883303346,0.4853024549890875
ACC06039,7,0.8072060903858782,1100296.0285456444,680285.517015648,0.6182749908811719
ACC06040,0,0.8583846508958288,1068891.615068309,347963.45460441423,0.3255367052179347
ACC06041,25,0.9710928803940964,1472512.5013475413,3375896.063568339,2.2926094416712615
ACC06042,24,0.6604571099565241,1115763.3224911154,992626.2794564003,0.8896387427758492
ACC06043,21,0.7806340502329498,1898070.1584138873,1296446.4375784546,0.6830339920953309
ACC06044,1,0.8577886456393399,1461403.241402237,479191.1717952825,0.32789798066650777
ACC06045,7,0.8325359801934249,2304776.7959608887,1026370.120786624,0.44532300159622107
ACC06046,0,0.8828700966942399,410951.03595873126,113740.16338581989,0.2767730299559142
ACC06047,14,0.809059596530343,1384118.3644270443,886993.4595743311,0.6408364214873358
ACC06048,4,0.8624249275309254,903613.7783888697,362566.1044270271,0.4012401239315731
ACC06049,5,0.8513021698238088,1195251.7576959538,531294.3896476418,0.44450416929049325
ACC06050,2,0.8527511744516492,3260423.5205099033,1000594.6239490564,0.30689099672320225
ACC06051,10,0.8537980433445079,1198432.0978034153,533707.5773682718,0.44533818674123865
ACC06052,6,0.8702398589423387,1884507.8384113356,541773.8549467755,0.2874882470128104
ACC06053,9,0.8397847813249071,1875293.566777024,903836.1155533605,0.4819704666863119
ACC06054,7,0.8552906493908751,609947.7746299091,341195.2485734599,0.5593843649654808
ACC06055,1,0.8491894966861246,6908704.5748881735,1885461.9697594321,0.2729110717243182
ACC06056,25,0.9735863399005257,4403639.691945269,18328988.27254584,4.162236139816692
ACC06057,21,0.7160526993603952,1277638.5188641876,1046690.3984769343,0.8192382923829153
ACC06058,0,0.873464908694923,6454866.316926695,998254.5255181587,0.15465146395060428
ACC06059,24,0.713224355035129,2147935.4326165738,1950128.257985216,0.9079082305605468
ACC06060,22,0.7033524693042986,610542.576659979,593555.519547156,0.9721771130102802
ACC06061,7,0.8981433161624776,630224.8657043212,187947.0510723965,0.2982222081357458
ACC06062,25,0.9766470363510201,481824.8111309267,1277176.7213935219,2.650707667784409
ACC06063,12,0.8101141628285127,3907826.7790056593,2075980.2531854084,0.531236508316686
ACC06064,8,0.7950711455676531,3081045.030106764,1715263.9094271208,0.5567149758170473
ACC06065,1,0.8686523234708772,1406860.6117926103,377314.5031591777,0.26819608140027934
ACC06066,13,0.852256532890145,5815150.098190797,2160804.148283016,0.3715818356873167
ACC06067,12,0.7491357706824033,2180964.9514862914,1486214.8379010786,0.6814482905322471
ACC06068,21,0.6644703671304365,4416485.810286586,3385941.1248549754,0.76665957285964
ACC06069,24,0.778908815106465,1539191.1120101109,1156278.5536514667,0.7512248119347711
ACC06070,0,0.8381830749496485,2923481.346436243,745118.2586632384,0.254873614833064
ACC06071,9,0.7490118115163049,2254329.5704279426,1476045.2870559876,0.6547602029528397
ACC06072,1,0.8730327796097466,762353.9714494101,282161.4617772699,0.37011870121279244
ACC06073,6,0.8100777019091568,1283712.6943766274,739181.1109732687,0.5758150668847409
ACC06074,25,0.8456955466941039,1110503.362194618,2406609.9149721744,2.1671342896397383
ACC06075,8,0.8639965209130953,970942.5449127654,433065.05424084945,0.44602541778592913
ACC06076,7,0.840872346568759,3123149.1272943337,1274973.6120357385,0.4082333439966992
ACC06077,11,0.8214001807205448,1333023.372595356,766809.5057957652,0.5752408559069826
ACC06078,24,0.7154201982267013,2468097.6077282364,1992602.0936314205,0.8073433106503083
ACC06079,25,0.7266938251989116,2624947.8205499398,2946206.216436617,1.122386583600497
ACC06080,7,0.8883740959421657,456260.32359973545,214949.6814605044,0.47111192962084913
ACC06081,25,0.8176220779136372,3125393.864228693,2986988.7141591897,0.9557159333888755
ACC06082,25,0.8805432031226362,1901766.6552551212,2755323.8948588185,1.4488233281644076
ACC06083,3,0.8847356716084266,844672.4424989063,255060.76527283507,0.301964113471318
ACC06084,4,0.8701664162276234,499992.63636276085,274617.5683317723,0.5492432255192822
ACC06085,0,0.8505705977424467,1000827.1260019214,412349.88926640403,0.4120091058219503
ACC06086,13,0.8201884067735198,3033721.826163168,1583824.8311018895,0.5220731899157005
ACC06087,25,0.9899159093477995,616182.5619746766,1904188.899154969,3.090299882964273
ACC06088,10,0.8718734878591162,986252.4172038387,387875.101535659,0.39328177530387026
ACC06089,11,0.8226253925169982,4936934.4951844625,2380524.3017834094,0.48218673026863085
ACC06090,13,0.7702570176181007,1033434.5067789606,748475.7435918873,0.7242604525803562
ACC06091,11,0.8826469577827653,652381.2514452796,321715.21291291725,0.49313988131969194
ACC06092,25,0.8499657143858272,1505186.4661995738,1599886.180361242,1.062915603008825
ACC06093,25,0.9104116062145422,2157507.752009875,4431182.927926741,2.053843340214547
ACC06094,11,0.8247540680094547,1920377.6702230088,1011471.5517955715,0.5267044954121507
ACC06095,4,0.8634764314895724,639446.6741781613,328708.85554677405,0.5140520215688695
ACC06096,0,0.8651243033919066,1507408.9024744201,407257.9060137245,0.2701708244824668
ACC06097,1,0.8502420791420758,1291264.623851316,512936.55822138576,0.3972358173117955
ACC06098,0,0.8688922600079282,1279729.0233014089,360197.4269568502,0.2814638258555886
ACC06099,2,0.8420270829110617,2562886.328309665,916157.2864106983,0.3574709015732836
ACC06100,1,0.8621556016441411,1348309.6529061885,389925.43275217246,0.28919575849042917
ACC06101,16,0.8296324909283668,2310564.6752190585,1260461.614137482,0.5455210268104618
ACC06102,22,0.7415506726530624,2426356.620741408,1766131.9344937897,0.7278946216711222
ACC06103,3,0.8780521790415003,1572790.689288143,357072.15865460195,0.22703094638499896
ACC06104,12,0.8022100406601838,1831778.1588996754,1082349.3356552024,0.5908735893572152
ACC06105,25,0.8281743800319675,3180686.472189876,4777377.220799248,1.5019956423149319
ACC06106,25,0.9845354285202819,2155132.891185298,5764831.8338389965,2.6749310250972074
ACC06107,1,0.8612996149817232,2366858.693420379,594499.1311339136,0.2511764360020982
ACC06108,13,0.808490577862004,1537137.7833292137,925247.2166167531,0.6019286147613939
ACC06109,6,0.8797460469223788,982131.5080373366,288808.00284884364,0.2940624554709473
ACC06110,21,0.7767359573128211,2407149.9152198057,1661815.6364611422,0.6903664894130185
ACC06111,11,0.8270171295389465,2261560.525055287,1162910.3848063285,0.5142070583222174
ACC06112,3,0.8883261301997115,770690.1414951569,217784.761240981,0.28258407564222043
ACC06113,8,0.8310818175220385,1543436.386945205,744198.1557351047,0.4821696326649613
ACC06114,22,0.7374546270162392,874523.1321342695,763551.3173788689,0.8731059126079669
ACC06115,7,0.8016775548739832,2315628.967212363,1301469.3650358554,0.5620370894749217
ACC06116,8,0.8590755696120094,735971.5892280454,374962.6983331195,0.5094798546862588
ACC06117,2,0.8404086570727658,811572.3142020822,441847.4315105838,0.5444338400638977
ACC06118,6,0.8801397393468597,428147.862550313,255481.38345165903,0.5967129718454138
ACC06119,22,0.7243247161270718,2069388.495499788,1592667.9513460335,0.7696321666084167
ACC06120,7,0.8556376003974463,1683225.8855186203,693971.1904078397,0.4122864295150853
ACC06121,4,0.8865945459383854,823575.481505578,208635.4233879492,0.2533288424353562
ACC06122,8,0.8424967663396252,955637.6238158249,505113.7970286477,0.5285620662482369
ACC06123,12,0.8113854655246924,3887636.0109890914,1936349.71702733,0.49807896406811103
ACC06124,0,0.8556784521164822,593906.0570236744,157898.29342834733,0.2658640900543184
ACC06125,12,0.8385619640576432,689516.876946552,446544.49308789574,0.6476193810735538
ACC06126,24,0.8797370890414179,835728.5564598937,647578.6763866734,0.7748672357562911
ACC06127,6,0.8673254463901952,1261266.1328695328,452195.8547591258,0.35852532861587716
ACC06128,15,0.8294928696201747,739538.1362959732,520972.22902058956,0.7044562050983796
ACC06129,8,0.8425778173343059,1650133.286427581,700250.6256524667,0.42436003892052776
ACC06130,4,0.8740720656585714,1000616.183209449,319419.87300995155,0.3192231730506507
ACC06131,4,0.8214588155419281,1705224.4831275756,825402.1053671148,0.4840430767527062
ACC06132,17,0.7747807870339483,531434.9902488107,488555.19440649677,0.9193131866943157
ACC06133,0,0.834440998854485,5697801.0810292475,1449921.7256884172,0.2544704009615064
ACC06134,0,0.8565039684642435,1437858.2725347066,202840.0277544806,0.14107094671918335
ACC06135,1,0.8665470260479855,2129118.4996133996,580349.0822324834,0.2725771639003944
ACC06136,25,0.9876531550910255,1309337.4173271568,4001538.347902041,3.0561551934188707
ACC06137,2,0.8828139223523508,466767.832338098,218839.3042252308,0.4688397294411605
ACC06138,25,0.8752451977890452,747984.8086040774,1096248.5925964292,1.465602750197958
ACC06139,20,0.7487645048363396,2356719.919965477,1648268.0334928166,0.6993907165332407
ACC06140,0,0.8631004716620587,827923.2669896272,181323.82389477457,0.21901042176780175
ACC06141,3,0.8828154495501652,616683.3637758368,200383.5959804389,0.32493757372264376
ACC06142,11,0.8483981714134723,457662.205522415,351849.50522068207,0.7687973815077231
ACC06143,8,0.8286791601373718,1435661.9377031014,726558.706931995,0.5060792432056865
ACC06144,24,0.7912847363651251,1012290.201773037,826250.4456765376,0.8162189500889677
ACC06145,25,0.9080772764977146,2780544.1872703116,3328552.889150673,1.1970868524187517
ACC06146,0,0.8465443813930222,1194549.261424847,366711.8093064038,0.306987598710658
ACC06147,2,0.872372490301487,3107517.242526544,639073.1911509935,0.2056539485622933
ACC06148,25,0.9741815906451143,2736883.4177997145,8966227.691882983,3.276072204453369
ACC06149,8,0.8687076752620029,893176.262735803,400199.14463625813,0.4480628979216782
ACC06150,9,0.824329348388837,2414019.449698594,1229635.866190052,0.5093728082197432
ACC06151,6,0.8410540720709725,2499833.7673703954,1032372.1995036815,0.41297633985864823
ACC06152,3,0.8647825986672052,2528299.6475508036,687441.3457802639,0.27189868354654767
ACC06153,0,0.8570164051879905,1672653.2387495318,426063.7347014776,0.2547232892216207
ACC06154,25,0.8248156190116716,741016.6822242094,1080186.7910620314,1.457709140663043
ACC06155,25,0.9931779851833955,1772996.0131107755,5575032.819899113,3.144413624550429
ACC06156,6,0.8335321664496921,3702759.6299030627,1529269.2795449765,0.4130079811810556
ACC06157,25,0.9916739669129733,1288506.0952833467,3063858.88096579,2.3778380965221877
ACC06158,0,0.876648610505367,726065.9948929439,238911.32758975108,0.3290490523867293
ACC06159,11,0.8351241843392436,2582386.385467235,1261128.0792188076,0.48835762390786835
ACC06160,0,0.8786601800133501,650206.2574800128,130391.53640604635,0.20053872891257823
ACC06161,5,0.874772571727389,761082.9823210939,309654.2081146676,0.4068599815099103
ACC06162,1,0.8863058777057563,755865.5484661296,169345.73728241914,0.22404214297909297
ACC06163,1,0.8644258699028442,844452.8629247939,306407.14272002847,0.36284694643437637
ACC06164,2,0.8811445873340252,645434.6309930384,202775.87417653296,0.31416949825662527
ACC06165,1,0.9141665480725928,313204.6583669674,105223.88810772494,0.33595888597684576
ACC06166,8,0.8558228841306051,745698.832465156,390845.35071685055,0.5241329792951144
ACC06167,25,0.6996588545061291,1280206.5699638752,1719365.9612187902,1.3430379140042277
ACC06168,2,0.8663032866574247,3806681.4796855235,842927.4265740357,0.22143366369693512
ACC06169,6,0.8295815101620211,4864355.464558168,2078362.868398522,0.42726377287629014
ACC06170,0,0.8327051186578096,1492703.107123857,284142.8268335918,0.19035454905770158
ACC06171,17,0.8537821893827895,484019.99693106726,382039.8159789309,0.7893058518269027
ACC06172,14,0.7728201098792342,5595453.105807889,3274928.7889643805,0.5852839309054555
ACC06173,21,0.6890147571578882,1068143.3288865983,920210.0140341521,0.8615042468067955
ACC06174,5,0.8598608268122206,1822531.9125405252,616423.968602017,0.33822396434351076
ACC06175,2,0.9029097606858624,395581.3860164413,138856.25287967228,0.3510181666482686
ACC06176,6,0.8665427657573844,1355750.4798233537,490234.81940733665,0.3615966409034289
ACC06177,11,0.8470598649417401,2886311.9227506574,1158530.2403475873,0.40138774718551806
ACC06178,25,0.8527896329428886,932381.1609572844,1291459.3072492972,1.3851194783079315
ACC06179,2,0.848151748165477,2152556.750581625,729237.0733528454,0.33877716494852184
ACC06180,25,0.7877931138077157,950403.8931977632,1147050.7541264184,1.206908728316558
ACC06181,4,0.8536225109292762,2672094.673663841,840475.0938419695,0.3145379174344719
ACC06182,25,0.9941416129672528,2751916.3049420416,12617130.664784506,4.584852614204136
ACC06183,1,0.8932655725805368,549613.720428907,181849.38845525932,0.33086762883821
ACC06184,5,0.8611735535892433,651677.4382940176,312696.8279275923,0.4798337483436288
ACC06185,9,0.8355717663572625,1167370.484646999,631386.9875769695,0.5408625589569317
ACC06186,0,0.8410849415043411,598033.1943312703,135491.28159867114,0.22656147331450305
ACC06187,11,0.8409939469141444,1174692.7198416598,652025.9037388081,0.5550608195023943
ACC06188,25,0.7879132239374641,865546.2941941919,1960003.693644719,2.2644700887656706
ACC06189,25,0.8009077309828475,2167425.9723197008,2888467.444663951,1.3326717874348213
ACC06190,25,0.8946962597834195,1165328.6704143686,2150765.0449956884,1.8456295632295028
ACC06191,8,0.839065799059759,1439639.480346533,689712.0616551479,0.479086654034473
ACC06192,13,0.7894404945284589,1916820.5699167599,1200754.6073107678,0.6264303639870225
ACC06193,12,0.7823274026769003,4436459.994601653,2503217.8407751746,0.5642376678300098
ACC06194,20,0.8015104480641415,2796140.4844110087,1760747.7567167946,0.6297064709492542
ACC06195,25,0.8854500116051746,3197134.2353577013,4157218.7598187,1.3002953438248686
ACC06196,25,0.9930440720049799,2128065.4052246884,3770599.523079159,1.7718438135509498
ACC06197,3,0.9074343105522527,288797.5189218777,145288.33650780888,0.5030802793950271
ACC06198,18,0.69920695022914,743617.6173630886,680016.0058520774,0.9144700044405265
ACC06199,7,0.8791197454657443,666102.229126188,295782.1768204726,0.4440492223070446
ACC06200,0,0.8438540441867802,1525747.8905101889,428441.59219159296,0.28080759269365796
ACC06201,25,0.8349567187755654,2128057.5498440764,3153017.165661636,1.4816409292561934
ACC06202,7,0.8479144187701941,968894.4546080352,515804.9780968336,0.5323644651320683
ACC06203,0,0.8485787607050723,1291851.1364513596,438208.6686791071,0.33920987977209277
ACC06204,0,0.8698171775796735,793605.8144559944,267937.6483571521,0.33762057116582445
ACC06205,22,0.7168136926011475,1107707.6218532377,912465.9900864282,0.8237426303520755
ACC06206,18,0.7537145023255328,781480.7165962821,670447.9379039898,0.8579200019472104
ACC06207,0,0.8849310972589514,787603.3487180592,174419.3440645261,0.22145581827250904
ACC06208,25,0.9681336125080652,3048371.7329051965,7857937.508386414,2.577749105716036
ACC06209,25,0.9762762487721863,2749671.7671558913,8078431.0821495745,2.937961970095601
ACC06210,9,0.8062991046184049,988275.8971701775,649904.0893424391,0.657614023779564
ACC06211,11,0.8303024882702256,5387137.4390740115,2464257.5198444882,0.45743357167216936
ACC06212,25,0.8846164834128556,1315224.8649136072,2479202.484075773,1.885002747601357
ACC06213,20,0.7003785395239159,3506154.9296642486,2632463.7619956345,0.7508121616998028
ACC06214,9,0.8648412860509399,1374064.964478433,520029.2209738617,0.37846043267048457
ACC06215,2,0.8792937513658712,2791670.799553412,379021.3037349489,0.13576862422158859
ACC06216,0,0.8352403838660192,2901461.035634352,609414.3364743962,0.21003705684476265
ACC06217,4,0.8597476168330711,861437.3028973663,357071.4721025845,0.4145066285167904
ACC06218,24,0.8019466911418429,1279827.5407749987,975793.576988932,0.7624414586343726
ACC06219,10,0.8438927510809905,2711013.3110502674,1152160.4944888083,0.424992562667445
ACC06220,7,0.8075348002417316,2545124.6431721607,1374322.1979894165,0.539982276182948
ACC06221,7,0.8202741853952554,1272775.8620569205,730058.1583259917,0.5735952260645105
ACC06222,0,0.8685372628735343,1125180.4788281447,362505.0192059132,0.322174998613072
ACC06223,15,0.7755585527680409,1246753.0265805728,901547.3261513406,0.7231162122172534
ACC06224,25,0.927632927400619,791165.5311629985,1599492.0302983474,2.02169074270352
ACC06225,16,0.8018659171917615,817061.7019529742,640611.0019908651,0.7840423807157411
ACC06226,7,0.7989263618853609,848616.999624414,562417.9939289424,0.6627465560763697
ACC06227,4,0.8541279265597606,2740264.3953842903,777699.5176551228,0.28380455512434577
ACC06228,0,0.8757484794474051,410932.993741496,140780.4388794495,0.3425873342455673
ACC06229,7,0.8414693461827961,902233.9720441673,493032.61699058046,0.5464576066378101
ACC06230,15,0.8008705838929425,4053248.598161116,2237823.483100787,0.5521061511292561
ACC06231,7,0.826118513105651,3563953.158104471,1582625.0997407443,0.4440645063310769
ACC06232,15,0.8233892294605979,1414748.9776097236,835113.122875411,0.5902906707070882
ACC06233,25,0.9878642317051337,2498232.094852629,10240626.523761632,4.099149372414787
ACC06234,21,0.6735301084650339,4554253.29412079,3446297.238677404,0.7567205897674429
ACC06235,1,0.8802234647732706,682713.7282284434,221873.27238326968,0.32498727242383574
ACC06236,3,0.8319186781566583,1139330.7779583158,534523.3325524948,0.4691555278708105
ACC06237,14,0.8320144266352228,1848886.3670441697,1022048.65163564,0.5527914910582622
ACC06238,0,0.8674507584104239,886192.6479359195,225556.61940919101,0.2545232348006356
ACC06239,0,0.8498749024427372,349928.6141666439,89343.37957801056,0.2553188735101932
ACC06240,10,0.817955572580335,1472366.2181419202,831606.1386671221,0.5648093038405777
ACC06241,6,0.8591710256859644,953625.357961179,423658.4785637363,0.4442609196860125
ACC06242,11,0.85364204752546,1507197.220820647,696470.7712709846,0.46209663980919924
ACC06243,1,0.8615873277593584,1790678.5109075373,473175.93719250365,0.2642439356424132
ACC06244,1,0.8600741180962851,692422.0246554347,283596.48772603145,0.40957173172987343
ACC06245,0,0.8943439856525142,392711.5060869777,114737.67049652446,0.2921678349579917
ACC06246,3,0.8515668292806122,3913079.2718732827,1254443.3687146553,0.3205770396044453
ACC06247,0,0.8743064215077604,608556.2109774152,121058.76654785307,0.19892783010696413
ACC06248,25,0.8440629295687453,5621765.769540942,7804999.2406245265,1.3883536882508465
ACC06249,6,0.8597231248438133,454940.2864042311,318128.2225160741,0.6992746785089187
ACC06250,24,0.6853968052480558,6176013.738105777,5011469.535479837,0.8114408011367032
ACC06251,9,0.8684792423674551,784957.9676829866,350689.85108738154,0.4467625854191103
ACC06252,24,0.8583431022348763,989108.3465791582,667425.2536268886,0.6747746654198056
ACC06253,15,0.7700211865266685,962357.4438723526,724303.042027919,0.7526341139041377
ACC06254,4,0.8683861925224101,2231608.57872912,644698.419513324,0.28889404067467495
ACC06255,10,0.8369449898163284,694848.4560541924,454101.8457250379,0.6535264513700262
ACC06256,0,0.8591666947672123,2106740.0046046074,513338.41359796165,0.2436648150583275
ACC06257,24,0.6884080238736894,2493572.4730560193,1933513.1879712322,0.7753988339475044
ACC06258,25,0.855096743178462,3389017.8342000204,5884588.144124852,1.736369777916472
ACC06259,0,0.8854997484877112,367658.92885225866,185126.56216770908,0.503527991950662
ACC06260,25,0.9855820537188332,1068004.1988292509,3929054.957557618,3.6788759462412775
ACC06261,9,0.8273365876744289,954445.7573876882,561284.6662218017,0.5880739286410934
ACC06262,11,0.8227834043846501,1582509.7419022967,865584.654675578,0.5469695583896246
ACC06263,5,0.8309994860257816,1243106.7405324306,599071.7675733647,0.4819149860910402
ACC06264,0,0.8811111538216142,504203.66319604986,113111.59584957667,0.2243371163402187
ACC06265,5,0.8202995171261745,2304021.5916517098,1147855.5403215187,0.49819652058843883
ACC06266,11,0.8506870554864127,826402.2910960909,484166.7426804047,0.5858729433557531
ACC06267,25,0.8750768903658332,875595.2968541472,903615.0204252085,1.0320007698439349
ACC06268,0,0.8644103699975212,1913735.3544802899,435915.43312117504,0.22778250508914066
ACC06269,24,0.7010746718255543,1742354.1120527808,1591355.6565132579,0.9133365287257125
ACC06270,12,0.8027811625048179,5756417.740929877,3033234.6542681414,0.526930947471189
ACC06271,16,0.781633786422638,2187276.800693424,1390718.5143855077,0.6358219105805967
ACC06272,25,0.9875222872598967,2828632.608566493,9671536.051618041,3.4191559633187665
ACC06273,22,0.6809042357105661,3164970.470652069,2462158.357004158,0.7779403883338246
ACC06274,8,0.8169517991570302,2225398.96839555,1176422.722520341,0.5286345231697976
ACC06275,25,0.9709137915398476,1101808.675169997,3931721.9330904298,3.5684252826234175
ACC06276,25,0.8388170022278303,1864274.708920838,3036387.5062648905,1.628723219671068
ACC06277,2,0.8116319870254323,2262530.4308094536,1020522.4338786361,0.4510535725760511
ACC06278,7,0.867959750454107,1003794.9485042954,381773.96235070244,0.38033062720584987
ACC06279,0,0.8672114023264529,572127.1562402055,179571.9301155565,0.3138671677387812
ACC06280,11,0.8506495341056026,841732.782403341,477665.5391201513,0.5674788354521564
ACC06281,8,0.8879682501095619,935635.9205397668,242056.22903988362,0.2587077128251358
ACC06282,4,0.8967747934238303,533768.3010356938,186714.03612356895,0.3498035304106287
ACC06283,16,0.7973260848211625,1681708.5502201053,1108155.0638134982,0.6589459652021515
ACC06284,0,0.8885295265964007,414362.2794630777,141857.72841868977,0.3423519356117699
ACC06285,2,0.8859840688240588,691958.0721948142,182027.50014262393,0.26306145915062873
ACC06286,25,0.9168246950421401,1468044.46742855,4847038.395841898,3.301697260119136
ACC06287,10,0.8465510766269073,816169.5538168879,471985.6555215168,0.5782936318982187
ACC06288,25,0.9141198067204217,557369.4577444686,621003.9541582239,1.1141693279557654
ACC06289,8,0.8434052201426683,1800410.8802157524,848246.3745403395,0.4711404401414691
ACC06290,8,0.8266125211359151,2398670.33638582,1150541.542573683,0.4796580526806587
ACC06291,25,0.9777137592134717,795818.9870641701,1904112.1531117987,2.3926447899115812
ACC06292,25,0.9558603931467924,401986.16832225514,1320459.3941095003,3.284837882906818
ACC06293,25,0.8945827104456774,1739285.624773125,2673484.2171211774,1.5371162614363072
ACC06294,10,0.8418328486104556,655456.5825607519,415659.15291067003,0.6341520765368834
ACC06295,24,0.6706301597484675,876245.3855049921,842077.0015150208,0.9610059184844899
ACC06296,25,0.7988235355771421,829409.470254383,1566756.628939399,1.8890025797015182
ACC06297,12,0.8956626252273947,499420.5039127989,265122.8097538668,0.5308608831169623
ACC06298,8,0.8571212878276417,1841935.795762268,686416.0521680462,0.3726601403519494
ACC06299,1,0.8769329285807347,653039.8597105343,212777.66408344873,0.32582645748111655
ACC06300,0,0.8443836946600071,481445.28252176003,297301.52909706725,0.6175188331679832
ACC06301,5,0.843105909323758,1362293.2877709693,590155.9928874619,0.4332077374124739
ACC06302,1,0.8874327313763759,604906.9768190475,193028.08470525115,0.31910375000186814
ACC06303,25,0.9906970291966434,2367868.9075035886,5192061.753207503,2.192715034499702
ACC06304,21,0.6876181659247173,735837.3761265866,677487.597505055,0.9207028882812638
ACC06305,10,0.8028007372229861,1112457.1572019462,711277.8646602703,0.6393755121763766
ACC06306,24,0.7537588027320437,919772.1969496285,945464.1257399509,1.0279329260827064
ACC06307,1,0.8645909644758929,2011452.8146083078,456242.67204062,0.22682245823870575
ACC06308,15,0.9669834090629735,11354851.070705723,30597825.09616309,2.6946918903324186
ACC06309,24,0.7497712978128638,1756068.863407071,1386150.0936571455,0.7893483692705419
ACC06310,3,0.8485112882660575,2155640.4244770654,744477.1689663647,0.3453624085505664
ACC06311,8,0.8349722913239069,1594013.1419856402,815190.0109017402,0.5114073337477439
ACC06312,0,0.8994955151600842,366249.92759607086,104232.27200807417,0.28459329041296
ACC06313,12,0.8161616380367206,4507789.377456418,2258413.413015786,0.5010024257810658
ACC06314,17,0.820867867409661,1959218.459804768,1093888.676075009,0.5583290983201602
ACC06315,25,0.7476675966142406,2011540.2384625287,2607627.042995027,1.2963335225091508
ACC06316,8,0.8464276489413086,1243131.442735602,572730.8841609149,0.46071627220736905
ACC06317,24,0.6639920793135193,1664750.7861599945,1392847.187683295,0.8366700885578872
ACC06318,0,0.8718646190022307,1146082.0142382523,299483.1513114411,0.26131040151650375
ACC06319,6,0.8223296752830664,2379821.636375636,1140689.4119453577,0.47931718684706887
ACC06320,13,0.8339855809875301,697633.6064801627,485515.4643858854,0.695946209981917
ACC06321,25,0.9213423657284853,1454174.8447438574,2529480.851367448,1.7394612900300843
ACC06322,10,0.8552252881520799,4256623.312854113,1374373.26781998,0.32287876253218367
ACC06323,25,0.9791614961931915,4416098.700271575,13706874.219027312,3.1038423616266515
ACC06324,11,0.8202440631989151,3309000.125312507,1704328.6405099526,0.5150584998388277
ACC06325,8,0.8464572705047438,1094894.083603705,531302.0987615143,0.4852543334719654
ACC06326,9,0.8413411243703472,2951298.7389982776,1267634.4534238004,0.4295174990838297
ACC06327,6,0.8928531575999598,691388.974336947,198760.50568804203,0.2874800048390365
ACC06328,25,0.877191660207971,590432.5858796688,1288116.3390400305,2.1816484554640603
ACC06329,3,0.8404183757235552,676369.5369305847,380197.0706939893,0.5621144210890275
ACC06330,6,0.8789851314073284,1814275.3249513118,485558.66458629625,0.26763229257903665
ACC06331,3,0.8927751795622443,535074.8966551861,194156.44287483138,0.36285844110520854
ACC06332,14,0.8475801863789779,3112150.8388620033,1274328.0123384588,0.40946858886969395
ACC06333,13,0.7912112526659186,4957373.160534984,2734168.652808135,0.5515357759578203
ACC06334,7,0.8384518846444411,1997215.9802406658,827328.2441050895,0.41424074926808657
ACC06335,25,0.9641571288699234,1609738.6162072013,4108024.9085574932,2.551982581020917
ACC06336,16,0.7623059469949583,2686236.4389613788,1811924.4717981534,0.674521589208553
ACC06337,25,0.8264669881704626,1002108.6616101364,1270107.401127618,1.2674348100004196
ACC06338,6,0.865122699133898,1072936.7994070349,416251.69309134316,0.38795546328673525
ACC06339,10,0.8325115282184211,1910634.189788947,974336.9017728425,0.5099547087454088
ACC06340,25,0.9378946943108498,940590.3795175544,1772929.2019598444,1.8849110522151113
ACC06341,25,0.8275678394817572,961669.2390367338,1097071.521443466,1.1407992237979445
ACC06342,6,0.8649400492881026,946820.249834854,370127.5244765004,0.3909163587714338
ACC06343,0,0.8629881151445357,428644.40177701134,39359.498520876885,0.09182319507196648
ACC06344,25,0.5580233594465446,1225123.8100252007,1303878.5702725516,1.0642831031467186
ACC06345,24,0.6818163186043266,1630863.090215077,1389033.8064307051,0.8517169925327823
ACC06346,5,0.806740390175034,2709090.6980013745,1316438.9928898322,0.48593389429930567
ACC06347,0,0.8264716552356086,1042413.1776109878,395788.43244562193,0.3796847938479572
ACC06348,6,0.8442325306417053,1289618.073112078,580653.4681128891,0.450252272528772
ACC06349,0,0.8760105164292732,1667030.9217997314,247385.58884225585,0.148398920264285
ACC06350,3,0.8912599745111383,340746.4436694424,187189.17559743603,0.5493503426818681
ACC06351,20,0.8091904617322607,1295579.71965465,884876.756406126,0.6829967642917404
ACC06352,12,0.8290370529380314,1245356.7585728532,718819.1467647842,0.5771993782637294
ACC06353,25,0.8132940183741141,5868827.536855069,8169872.149768416,1.3920790990130898
ACC06354,15,0.817228013632423,5301411.294105322,2602318.6220087293,0.49087280304062925
ACC06355,10,0.7952385968756335,2047789.308852914,1206460.1970366568,0.5891525030533856
ACC06356,0,0.8866380253505178,1092884.3669839182,188762.8239416963,0.17271985000813353
ACC06357,24,0.7034715268533567,3406953.47962318,2552504.8529854524,0.749204492591947
ACC06358,25,0.8956565362135143,2212250.596518779,2492673.197188284,1.1267589671399707
ACC06359,9,0.8299099453274223,1047607.9843460121,610939.890969971,0.583176054496531
ACC06360,9,0.8315913440364091,7258075.445209797,3056313.130748497,0.4210913972746881
ACC06361,0,0.8747147849555642,1088166.4830425878,277078.8451663444,0.2546290935111446
ACC06362,4,0.8544525394407729,928009.6414021536,412648.94198293495,0.4446601884000397
ACC06363,10,0.857601527724708,820511.283054034,437067.5709087799,0.5326771001636516
ACC06364,11,0.8489299409542701,4126598.124184531,1469643.938995572,0.3561393416001692
ACC06365,12,0.7783381317279894,2681920.234746427,1674608.6561667668,0.624406585427437
ACC06366,25,0.8109095376469849,4013748.4169400306,4600749.098124373,1.1462475023862744
ACC06367,9,0.7918583304305425,1930168.3418811075,1124216.720868268,0.5824449072523004
ACC06368,25,0.7642522342806102,2455949.555461955,3751744.6123948726,1.5276146873827723
ACC06369,8,0.8333085276828796,529366.1140059918,390071.2301563246,0.7368647517017105
ACC06370,8,0.825805510830695,3239166.4506658493,1456317.6389841316,0.4495964196853077
ACC06371,9,0.8215013966743885,4804396.652399636,2133639.5817191894,0.4441014629076281
ACC06372,15,0.8970224085572732,522031.5385304247,292100.01723371376,0.5595447701416795
ACC06373,7,0.8411751746638554,2526986.6068782047,1102862.5928580784,0.43643388922450027
ACC06374,2,0.8654862018795622,974060.6134807242,377658.45268357464,0.3877155563595203
ACC06375,25,0.6946696365958299,6441224.459458388,6249155.673647811,0.970181323905187
ACC06376,10,0.8342729855822322,2327665.0953969765,1103101.278632916,0.4739089316647528
ACC06377,2,0.8720325093445604,1145478.7715198263,353879.26844801346,0.30893568457710036
ACC06378,0,0.8592014509721454,747560.1137663965,339757.9563085464,0.4544891441529164
ACC06379,11,0.8108023916226708,1961977.4042716215,1068235.5563329135,0.5444688374122703
ACC06380,6,0.8361110806697577,1805529.9508571213,859843.6003890312,0.4762278244018307
ACC06381,0,0.8347392012923444,489398.6787030317,124599.6173715293,0.2545973718231811
ACC06382,10,0.7632141502630561,1498091.4833033958,1045881.1271218089,0.6981423623179329
ACC06383,25,0.7822196268123789,494576.9954347353,867710.2245762381,1.7544492214271248
ACC06384,11,0.8328531952043773,2462273.622894914,1209918.3929047994,0.4913825911363535
ACC06385,25,0.9348790297488109,1151519.3069017145,2818394.3016087012,2.4475441138645704
ACC06386,23,0.7626570652526965,1502270.5978272874,1150337.2118358768,0.7657323610670362
ACC06387,12,0.8059453218492448,933908.1297645953,640562.770840203,0.6858948438554293
ACC06388,25,0.7302572665113415,2198888.864641341,3113825.3750603525,1.416090383252837
ACC06389,25,0.8372375921275886,2532485.248040706,4685833.1122125555,1.8502903880043602
ACC06390,25,0.7348091300151136,6646525.128065302,15370655.84723508,2.312585230789496
ACC06391,9,0.8468044388746531,7102267.433880353,2325493.384680512,0.32742971259953935
ACC06392,24,0.603203342501863,1394505.107470288,1299534.5191765444,0.9318965647490344
ACC06393,11,0.7683680236881588,898157.2183691049,663059.2443137352,0.7382440743701129
ACC06394,8,0.8467048339746102,579992.0072416976,390852.06682055834,0.6738921604788256
ACC06395,24,0.8050919868742215,803302.11667418,793068.5096655656,0.9872605750735682
ACC06396,1,0.8542635148256018,1731261.6181233462,556760.4453383203,0.32159232291064
ACC06397,5,0.8658308610551979,1755706.0507567283,553895.0156012969,0.31548277421642545
ACC06398,9,0.8577224321289504,6636914.335253188,2062363.9365895826,0.3107413825781897
ACC06399,25,0.9931103166210609,1495526.43960392,6255053.190946129,4.182509265836007
ACC06400,25,0.7691402835569169,530557.2170976279,662216.1857422921,1.2481522527671838
ACC06401,11,0.7927747801502341,1757113.6286062195,1066649.2370859957,0.6070462488712725
ACC06402,23,0.767818543291405,1137745.8514720858,916658.432638536,0.8056794331111001
ACC06403,12,0.8514072411297184,428422.34097849263,353676.1175264639,0.8255314527218339
ACC06404,2,0.8838865626953184,419536.9127241452,216786.23450555783,0.5167274390658911
ACC06405,24,0.7076566517549722,3579392.763471227,2817239.7387604425,0.7870719769876098
ACC06406,24,0.6591942819086699,1927810.8558267008,1586973.5165736203,0.8231998029148354
ACC06407,9,0.8511959327806193,760560.0338569557,417332.7176916606,0.5487176542465437
ACC06408,8,0.8754219768496655,424487.5202588556,275198.1166161086,0.6483067310160044
ACC06409,0,0.87256351989351,739660.0718884242,213830.45981327954,0.28909287920240107
ACC06410,9,0.8383717874262651,1964606.6471092394,853935.6566367613,0.4346598632826876
ACC06411,8,0.8426882895821146,2192498.0242771055,962180.9581512362,0.4388514596123658
ACC06412,1,0.8572268559004792,3486860.1298980564,811200.5029694423,0.2326449793651915
ACC06413,11,0.8106288617676031,2238184.28816226,1191555.67736461,0.5323760351936787
ACC06414,25,0.8724145235230132,2414553.9121624324,3349572.7404967705,1.3872428872366538
ACC06415,12,0.8104011326757641,1304165.9355667667,782975.8698082153,0.6003652207554006
ACC06416,15,0.8444968007953568,682034.8459367327,455602.789606348,0.66800515006034
ACC06417,25,0.9838283388238804,3394920.700148117,9559829.66643881,2.8159213456802465
ACC06418,15,0.7334312222285653,2645597.011939003,1828513.6543074271,0.6911535075280715
ACC06419,15,0.8169715414126935,13380987.211136365,10012650.560421458,0.748274428667595
ACC06420,14,0.833606464990111,4835791.499976928,2239512.2025124542,0.46311181996228307
ACC06421,25,0.8934450863724344,3924808.8891711337,5730906.844712086,1.4601747515717576
ACC06422,25,0.9079452542517362,2450516.7531828634,9005696.67208417,3.6750194261627005
ACC06423,8,0.8472018025243908,1199670.1690265478,582924.5878266251,0.48590404502566686
ACC06424,9,0.8761621475132013,848175.9523935425,353201.54271141655,0.41642484877658453
ACC06425,0,0.8329998493924617,2007176.3617997053,630610.7490346943,0.31417804685048517
ACC06426,8,0.8317697485568492,1389898.6384298922,678205.0988169869,0.4879529197777513
ACC06427,0,0.8265945741505473,250569.14282108704,42923.15506811737,0.17130263760676084
ACC06428,0,0.8941323586828694,403319.9579150761,87520.47390216195,0.21700010670087008
ACC06429,0,0.8291567395899877,1253265.4949908007,236252.93987902376,0.1885098894235159
ACC06430,4,0.8805428193750089,2522995.352959945,413985.3926109525,0.1640848811414854
ACC06431,0,0.8975990756499681,296239.3712358691,121295.62390542816,0.4094513953341172
ACC06432,6,0.8405399804813892,2598768.5276631727,1042117.6650062503,0.4010044195599553
ACC06433,11,0.8657027313312645,1301137.2966376687,517317.86862026865,0.3975889938418448
ACC06434,1,0.8728504489185883,1932554.9248181263,341940.26315542264,0.17693689258927675
ACC06435,6,0.8626072597795992,1165299.1899971087,439890.9024130507,0.37749181170729396
ACC06436,9,0.8363000362234786,3444799.791292231,1483798.9583002306,0.4307359057704832
ACC06437,0,0.8199889249878498,2240609.3974689557,764138.3313224324,0.34104040275186775
ACC06438,25,0.9784740772449261,1537011.3711552976,3207576.684770354,2.0868919677278464
ACC06439,7,0.8360296718042638,818083.416817021,484775.4502850714,0.5925745960860861
ACC06440,25,0.9160583100850999,879318.9213037423,3005848.2087959247,3.4183822683347183
ACC06441,8,0.8516034994955642,1840833.4810012816,775327.1198329206,0.42118264787926285
ACC06442,4,0.8381102021694286,655061.4326602584,413285.0475868586,0.6309103650148873
ACC06443,6,0.8343325409491551,2606385.936050084,1128781.5602977031,0.43308304602362335
ACC06444,11,0.8118670489980744,2101954.688866406,1154948.7168103752,0.5494641358959285
ACC06445,7,0.8645295687023173,1442933.1572896906,563087.0499386695,0.39023779243962675
ACC06446,10,0.8355996445757919,1306218.8325804507,656480.9559883333,0.5025811446091674
ACC06447,20,0.7871261080472389,5026957.461022212,3085956.5894745775,0.6138815801411338
ACC06448,18,0.8067249112837603,1806348.245960013,1121898.5149245954,0.6210865028013156
ACC06449,6,0.8794207382136168,699713.9837789843,263053.5799919053,0.3759444374274431
ACC06450,8,0.8280449610649677,965461.9258105507,540563.7318509595,0.5599016568127541
ACC06451,4,0.8692268360418601,1266615.1287376508,402426.7914323309,0.31771828892759424
ACC06452,2,0.8511664909749752,8113469.458632239,2255787.846078094,0.27802999167983217
ACC06453,25,0.9894177375827686,2107568.2583385017,6854314.391411943,3.25223838625067
ACC06454,1,0.8696134991398773,1367417.2313172803,409809.2660342783,0.2996958475062471
ACC06455,24,0.6539943580493295,2426489.1707259547,2388437.1972665167,0.9843180946700645
ACC06456,25,0.9922987443021521,1606381.2221318139,3695965.815654634,2.300802427676384
ACC06457,10,0.8469590573189524,2227359.329498157,909145.3575932536,0.40817184077707475
ACC06458,25,0.6814034169286364,4232137.587455227,4224349.764773333,0.9981598370750095
ACC06459,25,0.9373008268790561,3083227.0634012264,7706840.676654259,2.4996020462250828
ACC06460,10,0.7643164179991987,3427250.8151864554,2086510.7142724309,0.608800121959827
ACC06461,4,0.8634919600000854,6782827.666449205,1665677.691919326,0.24557275723788285
ACC06462,25,0.8019044428120807,766708.2754363375,935353.707462519,1.2199603648861161
ACC06463,25,0.9262270629677747,1985679.8248359687,6435062.117164696,3.2407350050485997
ACC06464,0,0.8491451732066903,571330.8054270509,225249.3435158459,0.3942538042342727
ACC06465,16,0.8156067605863954,3733398.8576205964,2049243.1666197756,0.548894785896468
ACC06466,1,0.8640628743632194,1305752.438436489,420820.2386680044,0.322281794221189
ACC06467,0,0.8620986689970309,333044.0008429543,78991.35094544385,0.23717992441092467
ACC06468,0,0.8350375578660983,437071.23345273733,147209.9735302978,0.3368100260622994
ACC06469,6,0.8448483614300641,1679405.7920805546,716999.0725552229,0.4269361675041974
ACC06470,3,0.8644857895841642,1741644.822841322,461521.14390627644,0.2649915400967633
ACC06471,0,0.8758906658128827,530330.1899269748,97663.8237866678,0.1841566360763204
ACC06472,25,0.9657943140965647,1320955.9739147346,5408796.665819003,4.094607823900218
ACC06473,25,0.8978808402742406,4375417.140017869,5246601.219682471,1.1991088053517667
ACC06474,5,0.8415265233598668,835922.1818226351,464995.73027554894,0.5562667678726716
ACC06475,14,0.8186364787544052,2170275.1432196586,1234510.5473398631,0.5688267458606355
ACC06476,13,0.8265406660723611,1002200.2932548379,609201.1697577275,0.6078636913777283
ACC06477,24,0.6975757856539799,2704091.8646425446,2128503.3961231783,0.7871416736814696
ACC06478,2,0.8588362738960504,3220985.3213193347,810282.0510349646,0.25156341001363774
ACC06479,25,0.9910008390097951,6631718.897853837,15226747.493382096,2.296048389250906
ACC06480,5,0.8565936716766472,782408.0079775156,370867.42111005477,0.4740077010059342
ACC06481,25,0.8607608755113468,1146591.1356407513,1253517.2143853742,1.093255630033167
ACC06482,25,0.6881438838526842,1157812.7766177366,2004366.7718056117,1.7311665687960995
ACC06483,25,0.7136427441885818,1897406.272268062,3957764.8188496465,2.0858815935707526
ACC06484,17,0.8262713841819026,891140.5886109013,610939.77332724,0.6855705835142861
ACC06485,0,0.8197616622709871,927725.9700987171,287795.2433325506,0.31021578850695214
ACC06486,15,0.8391103049921296,634586.7449162088,468693.76242721674,0.7385810784451593
ACC06487,8,0.8578169369573279,910580.2843282933,463605.0018799067,0.5091313856217452
ACC06488,11,0.7996615114750659,1106054.676787318,747483.1420442563,0.6758102991937252
ACC06489,16,0.7871523894888557,2184352.173016124,1438917.275789848,0.6587386839746681
ACC06490,10,0.8525595057165364,1854714.1392276562,776250.2463931117,0.4185282410778188
ACC06491,8,0.8308896855605542,3019733.331882307,1325712.3447341241,0.4390163630467862
ACC06492,14,0.8096864628705025,8324955.781154912,4302188.9343743725,0.5167821965028545
ACC06493,25,0.9814653483909864,2340392.7863642173,7949078.152934998,3.396471822699399
ACC06494,25,0.7360321974306813,1903303.460439809,1990561.1428518218,1.0458453863115709
ACC06495,9,0.8188800498307017,1105023.2029881193,660465.3294388079,0.5976936300096035
ACC06496,6,0.8355355100072488,1665754.7620684376,755246.1121620488,0.453395739493026
ACC06497,0,0.8694599940706212,893195.7824003524,255304.6243999218,0.28583276973590543
ACC06498,8,0.8102058455212442,1948750.9058573525,1089367.7951994555,0.5590082303105784
ACC06499,8,0.8484013499319536,616320.1262871419,378483.53317524656,0.6141021800721013
ACC06500,0,0.8439142524647968,410820.51306945697,126344.47032642328,0.3075417762916389
ACC06501,19,0.8166776148167109,1010828.508937238,698460.8595361914,0.6909785916807365
ACC06502,21,0.7728245417665529,1132359.162841227,857805.7194633783,0.7575385510291976
ACC06503,1,0.8621707154049558,1301560.0586273347,433722.4620262727,0.3332327687465224
ACC06504,25,0.8196373968767763,2225505.842078535,3377044.0446953345,1.5174276251466985
ACC06505,13,0.7882592436392177,4387458.025353204,2524755.1808920056,0.5754482815111956
ACC06506,6,0.8497294419596312,2656423.764406989,892404.7834206772,0.3359421773656262
ACC06507,25,0.6082410954636318,1147571.9645945195,1524444.8699284932,1.32840895121304
ACC06508,0,0.8540279767322168,355975.044532147,130143.96546973952,0.3655985650364505
ACC06509,7,0.8922914237695166,527249.645523074,213829.93030846328,0.4055572765655002
ACC06510,5,0.8556138713972379,1617843.3697934125,646390.1750613969,0.399538167371503
ACC06511,7,0.8532263629837508,1752654.9197008049,655773.528627096,0.3741600934992057
ACC06512,0,0.8297150520784424,1448440.0962707968,623103.6662480859,0.43018946234114186
ACC06513,10,0.855225720988695,2489341.9515258945,880676.1608609101,0.35377870056023486
ACC06514,0,0.8582832858711353,979093.1212306402,316927.3172789064,0.32369476447812706
ACC06515,3,0.865980613675398,1105673.9412005944,393198.3937216408,0.3556187579990236
ACC06516,0,0.8931494724536868,469792.1031743086,169826.72748240264,0.3614933634152451
ACC06517,25,0.9512648254644207,3056234.0357111194,10861937.370143073,3.554026701890235
ACC06518,25,0.7588400995439238,3060295.637223677,4403766.323220286,1.4390002944994607
ACC06519,25,0.8391694640715618,4814448.779688375,6057325.459461134,1.2581555514758653
ACC06520,15,0.8688950712828128,528030.7996917957,378167.88115391025,0.7161852705839161
ACC06521,0,0.8491523694313134,719358.4702215597,229793.32599603644,0.3194420243988521
ACC06522,24,0.7401823991094834,919060.7428836116,812256.194661619,0.8837894567372268
ACC06523,8,0.8507314830803125,1195938.6323071998,525864.4466798629,0.4397085539960921
ACC06524,11,0.9042064325749619,479367.4965968108,186110.39578572943,0.3882415831423469
ACC06525,8,0.8447883386178914,803783.1141965546,445177.7137509511,0.5538530306100568
ACC06526,11,0.8381181495379402,3098803.854555397,1397915.339822816,0.4511144962491932
ACC06527,17,0.7487016399011713,3906959.2630545697,2635679.501884112,0.6746114623738013
ACC06528,11,0.8248161079955703,1532672.5099516984,819139.3111322907,0.5344516234313523
ACC06529,9,0.8383744174845784,774095.1240369814,489736.96091698785,0.632657338497318
ACC06530,7,0.8394000489703438,1178393.7654167744,580070.8621691578,0.49225554241115516
ACC06531,7,0.8088911850056718,2108491.728079208,1130624.0542759045,0.5362240881570255
ACC06532,4,0.8471107465239492,868110.5602606157,455403.1201683874,0.5245911534950926
ACC06533,25,0.9930064635118705,2840807.674198485,5255446.987878034,1.8499833817017632
ACC06534,8,0.8104508042638571,1088132.4071091705,670830.5945720022,0.6164972113588553
ACC06535,8,0.8421579978942093,854393.3442647273,500831.04974922707,0.5861832294354208
ACC06536,10,0.8505881384845311,2300525.37787304,937472.2549370022,0.40750354851714177
ACC06537,0,0.8598287637558526,1656811.688758862,353902.11424000445,0.2136043079857294
ACC06538,21,0.7401641040685065,4347526.517479633,2988448.749398002,0.6873905742455318
ACC06539,0,0.8362803909982843,1255005.9576827136,228928.629347118,0.1824123845354645
ACC06540,25,0.6610323478735446,835614.6183619567,932601.6232210414,1.1160666684472407
ACC06541,25,0.765666435459393,3043435.7517569265,5255929.091070759,1.7269722510280021
ACC06542,25,0.782890036638293,5576660.055332597,6685613.626403614,1.198856225781702
ACC06543,11,0.8225166245238945,1247688.0519156444,721549.5257242495,0.5783092373261207
ACC06544,24,0.7876851327411759,807947.8535533078,683312.3392171595,0.8457381701207466
ACC06545,25,0.9934340827942798,5899390.615988798,14359566.951579971,2.4340763116553115
ACC06546,0,0.8903526192536785,739950.4619071891,159944.11978818823,0.21615517257187655
ACC06547,0,0.8156808483864094,2425185.2348735267,603987.5730178748,0.2490480167587581
ACC06548,6,0.8266389826833044,1604934.425198636,777604.1304512421,0.48450835014957155
ACC06549,10,0.8390790146642458,301642.13859954313,298672.36526596657,0.9901546470020252
ACC06550,0,0.8534353271817995,2370458.88336485,687111.4498556566,0.28986431896270926
ACC06551,11,0.824840799650188,3379366.959680585,1617301.8550795082,0.47858130661026943
ACC06552,0,0.8932585132839573,428602.0403494047,64996.94633698714,0.15164870956750548
ACC06553,18,0.7588886699434907,2990397.168532041,2007265.7683323554,0.6712371819552332
ACC06554,20,0.8115719292320392,1519454.370782364,1003408.8346852438,0.6603744436027985
ACC06555,10,0.8334941288456823,7044736.437170345,2763726.5042386362,0.3923108449673584
ACC06556,0,0.8516213849721234,3329933.881212105,892573.9838083859,0.2680455575542799
ACC06557,5,0.8389360742184943,4850766.570340368,1854260.3372582335,0.3822613004294956
ACC06558,17,0.7721224949475309,712334.3241852751,604974.8379466801,0.8492849739321683
ACC06559,13,0.8761028938164296,1539466.7618845326,572169.7022132477,0.3716674606945253
ACC06560,0,0.8590455154032932,352803.84241024224,55482.27070556132,0.1572609593096388
ACC06561,5,0.8348400786945311,1526159.709300134,678066.0614013418,0.4442956115728472
ACC06562,2,0.8928444886522908,565881.650345842,164575.87283805912,0.2908309056098171
ACC06563,9,0.8458827064427051,2187818.4279695675,891403.3344661602,0.4074393574303322
ACC06564,25,0.848113283865442,1231815.3599734232,2653446.1907068156,2.1540940930985504
ACC06565,25,0.9703490294103545,869854.1771938762,3208584.9103109613,3.688646895577097
ACC06566,10,0.8100585739480479,5234750.953015551,2516852.9775280454,0.48079708091522044
ACC06567,7,0.8622216121543561,1443600.6373914056,565163.4351388906,0.39149569520843663
ACC06568,2,0.8738029077018019,1065039.5133476045,340301.1268437563,0.3195197197652607
ACC06569,10,0.8132480229128847,2245560.4898705664,1252200.7983873747,0.557633964453815
ACC06570,6,0.859776464335374,1743382.9828849414,609695.8978745954,0.34972000063099945
ACC06571,23,0.8169675904199771,725788.9500546327,603477.5379946696,0.8314779908804671
ACC06572,0,0.836302459148069,985896.26224077,207749.9164918003,0.21072188266503927
ACC06573,7,0.8276502821224178,1365550.4140920835,725401.9855498845,0.531215821886872
ACC06574,11,0.8387030531027458,497110.6629100531,395441.3941101154,0.7954796056781955
ACC06575,1,0.8585149072201619,1916775.6512465791,583749.2029189338,0.3045474844900556
ACC06576,9,0.8251154037403079,462439.6227280104,381186.8472245636,0.8242953857973441
ACC06577,10,0.7918330058287978,4122092.282775783,2207768.3338053133,0.5355941066701739
ACC06578,12,0.8156299209279135,1318339.9853010944,821800.5854072921,0.6233601305960556
ACC06579,5,0.8713457456940961,801986.1132925662,345275.4744252272,0.43052550250239807
ACC06580,0,0.8236660762966789,457502.43924772326,46361.18176354386,0.10133537613433516
ACC06581,25,0.9678667255574628,2977808.587336005,6938921.534200124,2.3302107340646074
ACC06582,14,0.7608499572576286,1224207.2700398918,897144.9208699679,0.7328374392358685
ACC06583,15,0.777729735825941,1002168.2460236818,756316.1685856589,0.754679837029866
ACC06584,5,0.8360657370448374,1022330.5974120977,500750.5538565911,0.4898127426922158
ACC06585,0,0.853436476761908,805829.1444350509,230585.90516121147,0.28614738838078413
ACC06586,11,0.867910808525762,1249886.6044162295,517955.9869629933,0.41440238269047547
ACC06587,1,0.8731127103574094,968359.4816581394,255230.74347613982,0.26357024257056233
ACC06588,25,0.9928059505676502,2850930.9942666907,9062693.64145678,3.1788540865009125
ACC06589,24,0.6554346757220957,1039322.1048765479,912372.9797016932,0.8778539159523275
ACC06590,1,0.8576153062655638,2028146.3744705725,617496.4336145959,0.3044634457292498
ACC06591,25,0.8908475034403135,1432984.444032399,2083298.5648588475,1.4538179905124953
ACC06592,12,0.7447029521148215,3425704.4444695776,2230609.512066536,0.6511389257960094
ACC06593,4,0.862847695444037,672666.4933518115,347329.0201425596,0.5163465455397716
ACC06594,23,0.7921419359767784,749072.4792979632,624367.2086643812,0.8335204214811672
ACC06595,17,0.7966505302223353,754681.5041764552,611778.7964327668,0.8106450112360568
ACC06596,1,0.8850554888701708,806440.3945357365,170435.71077779654,0.21134322131261232
ACC06597,12,0.8487512307851458,1266506.2076950453,650197.2536094534,0.5133786551214526
ACC06598,14,0.8663231532299104,322682.90059616516,305688.66535698075,0.9473345652720143
ACC06599,25,0.8571458135206211,4916095.163224538,4993538.540334141,1.0157530264444286
ACC06600,0,0.8636163195798988,1757954.4683958835,508645.3300781468,0.28933930839646876
ACC06601,25,0.9401531178742482,1534212.63952506,4623441.088529842,3.0135595089094696
ACC06602,4,0.8425352365881319,2107096.2606205516,816033.1643409667,0.38727854042161336
ACC06603,2,0.8533833443871899,852068.0172993891,376450.5113639889,0.4418080525509461
ACC06604,8,0.8233119310718223,1759573.2971716668,861466.7170590804,0.48958842376376116
ACC06605,5,0.8864320132294732,446388.4745458758,235300.6920227636,0.5271208945574636
ACC06606,5,0.8642928388976867,2671892.5910964315,759455.776981648,0.28423888726380264
ACC06607,17,0.718206194911404,1157800.4363238232,926170.5193645963,0.7999396876246792
ACC06608,8,0.809217431766275,554112.6870898702,444817.66190059384,0.8027566815636725
ACC06609,25,0.8986341786028987,2926973.6440945137,5495350.347614721,1.8774854220850898
ACC06610,22,0.8101229168282056,3065949.020565665,1780239.0338081056,0.5806486089190267
ACC06611,0,0.8423901240263759,1052149.6790331935,220377.97518308362,0.20945496593753282
ACC06612,7,0.846952152302526,3311561.7389888223,1144022.1950536403,0.3454630428853079
ACC06613,0,0.8699381384582476,376115.98818800226,115486.61061516205,0.3070505222911073
ACC06614,4,0.8976763756519203,395488.0951700096,171123.44604735385,0.43268924687554133
ACC06615,16,0.8270259072741993,714412.3466447768,536348.7546207007,0.7507551586134421
ACC06616,0,0.8285192527061498,1391605.6432893649,407861.3698536666,0.29308688982433045
ACC06617,8,0.8224940693616077,2693246.8239907348,1249864.512858692,0.4640735122103283
ACC06618,24,0.8726518320591699,1027310.9615739122,910958.4724537415,0.886740730438707
ACC06619,7,0.8541366897794582,1025742.7595298821,450512.6118784936,0.43920623147754156
ACC06620,6,0.8433748392982573,4995291.142484213,1750815.5350090188,0.3504931915016106
ACC06621,12,0.7959394591824455,1002828.8229437573,694275.4174017848,0.6923169752578228
ACC06622,25,0.9701463851258446,4483514.031970499,9840979.380518949,2.194925522781034
ACC06623,18,0.8073758616345885,3725045.665726069,2176464.013169418,0.5842784783002631
ACC06624,0,0.8318803696024875,925231.1895612366,224322.61439000882,0.242450337732764
ACC06625,11,0.7831194117469199,722072.971199722,563856.7756744704,0.7808861405484047
ACC06626,24,0.7467160404527462,4303695.963064053,2936072.260454454,0.6822211154442454
ACC06627,21,0.5692296215233075,1823486.9090370892,1540292.5782360125,0.8446962632977606
ACC06628,25,0.9803669880228327,1611782.6527668997,3760646.786715487,2.333222026096196
ACC06629,14,0.8190310896429259,1887837.292646326,1106278.0287141441,0.5860028472916696
ACC06630,25,0.8023563147044163,1757145.9469657303,1842380.133911552,1.0485071755667226
ACC06631,7,0.8142370023385883,1902030.5245921202,957621.8423020671,0.5034734353211412
ACC06632,24,0.7112682538405086,952098.816955483,886044.9229100866,0.9306228588156255
ACC06633,0,0.8578336138569328,1311552.6552427437,379188.9815401047,0.28911456968528954
ACC06634,6,0.8565033293838245,805462.8113229712,423146.6478977858,0.5253459774297564
ACC06635,12,0.8414154602397528,739950.8756068621,466835.4887432652,0.6309006504795275
ACC06636,3,0.8671913587462997,2385891.322886005,506187.9298091727,0.2121588376443237
ACC06637,0,0.8434690627210405,1347628.7151370894,408927.8031936016,0.3034424827850324
ACC06638,1,0.8639348545044981,1119489.6752793456,338827.3967688367,0.30266236862281853
ACC06639,8,0.8380859614747775,1467656.3063689324,688455.5773252225,0.4690850128450727
ACC06640,0,0.850295419606228,588204.0837607422,141094.6972743668,0.2398737124915278
ACC06641,6,0.81509749950777,1373122.9218999916,773238.6483280732,0.5631241282158062
ACC06642,25,0.9102747804695092,1216217.3263164435,1561601.6187123575,1.2839823812097622
ACC06643,25,0.822732230584132,2933269.923756458,4563545.369871653,1.5557877346750963
ACC06644,19,0.7559036124756516,2236990.813098089,1576470.3569624622,0.7047281319761666
ACC06645,2,0.8881572401780191,428797.83729151124,203774.92482087755,0.4752237700358187
ACC06646,8,0.8696876606154702,1142245.3585036627,436046.82576428144,0.3817453251335608
ACC06647,17,0.7607673660641756,535426.5487993162,498650.39435808396,0.9313142866678873
ACC06648,25,0.8208080678132663,4653761.808979449,6019346.060178066,1.2934366448587284
ACC06649,2,0.8852220465174141,1069401.1296986926,229206.06528119865,0.21433123541376684
ACC06650,0,0.833019273446977,402352.06599181314,47087.10583758734,0.11702961117278181
ACC06651,11,0.7942013955316058,1949800.0485041267,1156067.6025290957,0.5929159779311848
ACC06652,2,0.8462238667186308,575441.5974053631,322253.328610598,0.5600104859704649
ACC06653,12,0.8474623436222873,1145891.0011202367,599263.267369141,0.5229670769587107
ACC06654,4,0.8502360462650846,1127213.8122088492,472752.999263811,0.41939957986978577
ACC06655,0,0.8488536790530614,1280420.8465372932,388740.27537936566,0.3036035194449197
ACC06656,5,0.8542939656940057,5509333.629243299,1649645.4664491517,0.29942740401360096
ACC06657,0,0.8334247418797586,2322552.4917682805,590647.2394742059,0.2543095329675478
ACC06658,0,0.8397006467881509,886656.4550463503,374296.8152160123,0.4221441270581466
ACC06659,6,0.8627151280368658,495449.723565291,301816.9880713188,0.6091778312023721
ACC06660,20,0.81229572837054,1680110.2419345668,1061507.7166704158,0.6318083719602473
ACC06661,25,0.8142431591143371,2068145.7770648554,3020788.534971889,1.4606265034465022
ACC06662,3,0.8677927984933707,732219.2593561366,330410.15549255424,0.45124483038467783
ACC06663,25,0.973748193958007,2170394.372671851,6770114.917600818,3.1193017282230184
ACC06664,2,0.8548896395932973,307266.5714867219,240372.30352928958,0.7822923996132685
ACC06665,0,0.8603700967832444,962141.6408285506,142356.3027842956,0.1479577400492771
ACC06666,0,0.8406191442056741,679430.5662094906,100762.96570522229,0.14830502293615352
ACC06667,0,0.8442865421694927,1754410.1858541495,325572.80546187627,0.18557393709121017
ACC06668,1,0.8459236020487141,3005898.9025982297,998685.6546998795,0.332241930637334
ACC06669,6,0.8537966177238112,1274330.8947951372,500376.76297237567,0.3926584257009768
ACC06670,25,0.8315968360283711,8773777.470420063,10066469.587905906,1.1473358677997054
ACC06671,25,0.8038104035798497,6096778.31525598,6411162.375568318,1.0515656046613429
ACC06672,8,0.836966639691862,922710.6114410518,546795.4446858612,0.5925968964764569
ACC06673,0,0.8559139331431481,501051.5114727784,127825.00273243779,0.25511349592921523
ACC06674,9,0.7943756886682642,1583242.4858399543,1000410.2578233518,0.6318743128552454
ACC06675,9,0.8053040771782838,4749332.199167722,2465719.8296850044,0.5191719017080126
ACC06676,25,0.8617035396492148,3695625.1853152057,6121712.330308917,1.656475433340458
ACC06677,10,0.8395180710216749,1318400.239722286,712826.8522635523,0.5406756088073115
ACC06678,25,0.7703009794939929,1952487.4196329515,2710795.379047443,1.3883804585829527
ACC06679,25,0.7266054558241549,1295593.303785771,1853612.1886303108,1.4307052863070444
ACC06680,25,0.8734335715368844,1517859.6843165753,1788056.3836909337,1.1780116450592837
ACC06681,25,0.8097192681916403,2047422.5786857153,2525507.5634591025,1.2335057695223233
ACC06682,0,0.8897908515824992,364702.3846429637,130516.7910767925,0.3578720528646003
ACC06683,3,0.8290518823210198,1106450.8272681576,538442.0875709505,0.4866389669574124
ACC06684,8,0.8134185848418786,614707.5559684247,441610.59483563463,0.7184076241586309
ACC06685,5,0.8592439749878124,722319.4349041412,379911.34671203955,0.5259603000471079
ACC06686,22,0.6592033506078981,1251949.2711280924,1055196.0123888706,0.8428424671217439
ACC06687,23,0.8219160215555577,525169.5657947934,496206.20354925666,0.9448495036042245
ACC06688,1,0.8655278538181921,817924.1939486158,331127.85593242187,0.4048392973117313
ACC06689,25,0.8525927637419446,3036802.6224684445,5276023.356397078,1.7373613014429297
ACC06690,3,0.8382102894878257,2160147.6749881916,826504.2720720863,0.3826147080785134
ACC06691,5,0.8989564892138318,443797.81316496234,172100.03288104534,0.3877892765034304
ACC06692,3,0.8716754444533713,6796562.829133649,1348641.9347474582,0.1984299959630283
ACC06693,13,0.8524468253654905,4196576.920133353,1583175.9225902965,0.3772541175153745
ACC06694,6,0.8506461512941859,870615.6442222275,418292.6298164922,0.4804561376681644
ACC06695,9,0.8533591622570449,1054596.2860896096,526956.2375708977,0.4996757949194236
ACC06696,25,0.7334290613549374,2680541.7682899507,3462997.1977906465,1.2919019724881446
ACC06697,7,0.847526857385158,1268316.0607551367,553441.1315906128,0.4363590028664481
ACC06698,0,0.826958178189153,1939578.8874481572,469883.3593976698,0.2422605042973429
ACC06699,3,0.8633424094440163,3277048.8331352733,762565.9953725293,0.2326990027313552
ACC06700,10,0.8009121858864768,5407022.535431073,2779978.0827487996,0.5141421298935213
ACC06701,11,0.835261224159785,1187816.8176887536,691638.816753224,0.5822773397829224
ACC06702,12,0.8052365528468283,1730184.9931365293,1064285.9108456802,0.6151283909336839
ACC06703,5,0.8516608035951424,1149399.6201210655,525733.7825180485,0.4573986047278085
ACC06704,8,0.8532918401126913,490835.6366614099,350825.2144740859,0.7147509028895012
ACC06705,0,0.8483363218220386,782435.2488681072,278419.88335755863,0.3558376028691558
ACC06706,25,0.7427854176173742,1257355.9858096042,1360730.3255788789,1.0822156500911018
ACC06707,7,0.863409290121384,1135946.5765661483,486265.3776039005,0.42807063961919023
ACC06708,0,0.812648376237399,636024.3794734544,189416.06551045654,0.2978125864723431
ACC06709,9,0.8602519872873237,951890.3391797266,459036.680038384,0.48223693543727963
ACC06710,25,0.7257075798406155,1349566.836092559,3184549.1600357965,2.3596824365187543
ACC06711,9,0.8552839525435121,2013958.1927177939,791697.7216933927,0.3931053407940973
ACC06712,10,0.8828139326829436,1434565.8844347566,406856.860115255,0.28360974182483334
ACC06713,25,0.823966450637448,1234713.551187345,1337474.0677172982,1.0832261996567016
ACC06714,8,0.8930953140641368,545286.6320168596,210246.33647931204,0.38557031134555936
ACC06715,0,0.8698424019176104,586029.7620034595,205971.60895536255,0.35146953671978637
ACC06716,25,0.98380381352573,6047136.164839488,19477821.88702172,3.2209993881523133
ACC06717,25,0.9319105904870741,640236.5310257125,1224658.0199070058,1.9128212161605358
ACC06718,4,0.8366169453107587,1377924.9744551436,621386.6780237162,0.45095828114257364
ACC06719,16,0.8619482397774964,954450.948194697,505884.1795996124,0.5300263785755263
ACC06720,5,0.8320785734651084,707091.745572078,436765.15748363856,0.6176923436297087
ACC06721,0,0.8536170208737113,3450947.3812733726,791542.4691413067,0.22936961410557172
ACC06722,4,0.856158886253999,3037821.767748343,912709.9529399703,0.30044881586864064
ACC06723,7,0.822300305138121,365334.3922449582,340073.55670405034,0.9308555775828236
ACC06724,3,0.8573412241793011,3396532.693120033,1059434.7692193761,0.3119165528320548
ACC06725,25,0.8883285391548232,1860033.1742994492,2179008.274312735,1.1714889306387897
ACC06726,13,0.83714784194933,2561851.0424587,1162597.7383587747,0.45381160695548795
ACC06727,16,0.794436135212918,1861061.2141893748,1154392.8044912922,0.6202873907047238
ACC06728,10,0.8378205858683158,1713400.5424313555,822725.3294047564,0.48017104525792315
ACC06729,12,0.8307935812204736,2019833.8260992048,1058724.6000026795,0.5241642091158244
ACC06730,5,0.8660766144091121,449920.4584734481,274607.74356424704,0.6103473144919301
ACC06731,1,0.8699971377425054,1741095.8630768296,406168.4471212568,0.23328321876745148
ACC06732,12,0.8134490456263964,1780450.9465544217,1049366.8637609081,0.5893826312888161
ACC06733,8,0.8097706606702564,3200864.3010468856,1600960.777232343,0.5001651512401596
ACC06734,0,0.85354603772745,539778.8098690356,118615.14192696866,0.2197476813803561
ACC06735,10,0.8220386423033075,1495931.474756459,852301.7811896567,0.5697465395789024
ACC06736,1,0.843217941913278,1234874.237706869,518357.6305416578,0.41976552325217764
ACC06737,0,0.8749022230301838,1124696.8078377105,303542.3655847177,0.2698881720561598
ACC06738,5,0.8953499726464185,487007.92550555983,164728.55622592487,0.33824615082993
ACC06739,0,0.8670162803467637,2925895.2700448385,603411.0000842534,0.20623123673015345
ACC06740,25,0.9833903734346282,1981423.4909915964,5920306.294426459,2.9879055746248686
ACC06741,13,0.7927226185264589,2411729.193346324,1440133.3466385454,0.597137253474272
ACC06742,19,0.8000427944730721,2284305.967971577,1453770.250505041,0.6364166056948857
ACC06743,11,0.7745812274684231,761132.8368897939,581591.1078783837,0.7641124908694401
ACC06744,23,0.6363637981587511,2950209.430643527,2364088.6974317725,0.801329110020537
ACC06745,11,0.807956337391721,1528172.3348385617,889797.0949715629,0.5822622715294491
ACC06746,16,0.8203605263237664,1085223.7800276228,733961.8128196106,0.6763230094358313
ACC06747,13,0.8290007960678151,1652299.9038073476,900656.2674266929,0.5450924891730226
ACC06748,20,0.8722619284629417,2000620.5522607141,878171.0756199332,0.4389493423066129
ACC06749,16,0.8148333890874949,2056090.8581436318,1190107.6442719281,0.5788205514159195
ACC06750,10,0.831906960684827,810264.0874976037,492750.3974022305,0.6081355511189279
ACC06751,15,0.8215382502435219,432531.97446448053,392992.45043228153,0.9085858933755058
ACC06752,24,0.7963407339601931,474622.82852366834,567179.5208614904,1.1950110419798454
ACC06753,7,0.8219262810307795,2720771.0424417504,1325200.3320355625,0.48706793455367864
ACC06754,11,0.805084997035457,861933.5111130279,624782.1221175815,0.7248611569943381
ACC06755,1,0.8490284934171255,1385590.9159244245,471824.7803112343,0.3405224261278063
ACC06756,25,0.9152896065323214,810600.7148864482,1024848.3811940383,1.2643072752996556
ACC06757,16,0.7720935509003463,2663479.9716570247,1746552.6902357696,0.6557408761550367
ACC06758,5,0.8775380414873618,2750245.110028897,508916.1999909487,0.18504394322351927
ACC06759,0,0.8382450979338151,1175578.6979733598,433619.142925673,0.3688559036270487
ACC06760,9,0.8520492286743648,1342665.3474713159,598998.9152380581,0.44612674064030294
ACC06761,0,0.8593741428447126,1961481.8724888128,589328.3223495401,0.300450557619365
ACC06762,25,0.8905928466424163,2118889.9621727196,6312577.48297058,2.9791908006858616
ACC06763,13,0.8427743600663318,4939787.087942055,1940283.035039335,0.3927867741052112
ACC06764,9,0.8295821348586607,2171365.457106743,1052428.8017514953,0.48468524646874245
ACC06765,0,0.8685023364079771,759540.3198880033,232874.88388008944,0.3065997653876065
ACC06766,25,0.8166277989602293,2176786.146505101,3724556.0215256102,1.711034419943136
ACC06767,0,0.8709668202628114,618702.8123743883,161463.313007601,0.2609707112659715
ACC06768,7,0.8465614546909251,2856349.3294971376,1086624.0440718567,0.3804240723816361
ACC06769,17,0.7464164684217917,1778392.52830765,1280819.944774119,0.7202121716025034
ACC06770,0,0.8487515392562941,2528371.541661968,619933.3186322175,0.24519075160319131
ACC06771,3,0.8572916167370638,1125829.5621783696,469049.5764841222,0.41662574180105677
ACC06772,25,0.7258513077490757,1091130.8611220785,1748185.3649490853,1.6021775455524336
ACC06773,6,0.8452962083783638,827894.8047090566,435583.3762123231,0.5261337234328922
ACC06774,13,0.7749284161276188,1254326.664916032,901576.3155507996,0.7187731400186358
ACC06775,2,0.8667363494285641,788059.3750310077,316197.59791724966,0.40123575448208865
ACC06776,5,0.8372950350231662,1228917.1379872598,595811.2930950565,0.48482625449498234
ACC06777,24,0.7352213259653405,994551.3856067855,842788.8893139163,0.8474060782688695
ACC06778,19,0.730026380099323,4283935.744032011,3054480.3957431316,0.713007985705284
ACC06779,17,0.8343376044542453,1684450.929578712,944829.9930208788,0.5609127439866618
ACC06780,25,0.8698328458310466,2149885.679070944,2852874.9842915596,1.3269891567092102
ACC06781,8,0.8281130870604981,1375784.2399148846,766516.7686319151,0.5571489673986504
ACC06782,4,0.8411082383795708,596197.6198316772,357877.0210801482,0.6002657662088395
ACC06783,25,0.7656812607310899,603141.4377464394,1164469.8985493975,1.9306746737552802
ACC06784,3,0.8418999096117331,921732.2072770582,432151.9382431964,0.4688476054447975
ACC06785,25,0.7063183130782956,2736176.600453451,2721476.0256560845,0.9946273296851782
ACC06786,7,0.850467073368027,1268104.9613048697,566827.0172993487,0.4469874612871858
ACC06787,6,0.8653254338993115,891126.6114930615,357446.5794138493,0.4011176131469758
ACC06788,8,0.8514424224668898,2368150.4766622763,891716.1939727241,0.3765454107584957
ACC06789,0,0.8668599979619209,346199.4464026487,156141.61412209464,0.451016359917842
ACC06790,8,0.7812868952595483,2178310.6469554394,1306736.4823717864,0.5998852754074234
ACC06791,25,0.8964806455168185,3871899.4821588327,3738212.7875424437,0.9654725812918443
ACC06792,10,0.8396870459083292,1952947.91248436,889356.0629042304,0.45539159401997253
ACC06793,2,0.8633410413032243,499415.98427323723,264187.5559518553,0.5289929923574788
ACC06794,0,0.8600690813176572,511277.40573950444,202531.57867039938,0.396128552517318
ACC06795,7,0.8653017543084449,1423329.0970787862,489591.5745275073,0.3439763688751504
ACC06796,9,0.8541801819203909,864670.8015476534,426517.448566236,0.4932714829769002
ACC06797,0,0.8540804017722049,973065.5965894216,380668.7937154984,0.3912056854643059
ACC06798,25,0.8909618184157192,2699109.646751633,3133888.897267056,1.1610824706727563
ACC06799,9,0.8014589739328696,1688226.5414183391,971393.7788311886,0.5753930263500573
ACC06800,8,0.8485257909710607,1334548.6202001348,614770.0113409724,0.46065763512518465
ACC06801,7,0.8330939706427039,993295.3156183382,535884.8057798411,0.5395019963889053
ACC06802,0,0.8420359793562545,2818537.990232772,793152.0436945158,0.2814054827158858
ACC06803,24,0.7218847711352554,5193311.448300818,4168910.3245924297,0.8027460640660096
ACC06804,25,0.9794662484312286,5217701.661846878,10126809.812729573,1.9408564285649572
ACC06805,11,0.8316538431030406,2078933.9067316146,1076029.6696527358,0.5175872432348801
ACC06806,11,0.8401686552439607,3006545.049294936,1241588.9386504125,0.41296202727498693
ACC06807,0,0.8664024155773562,297860.13989037304,123428.45922130004,0.41438394296976994
ACC06808,11,0.8245679844328636,2387065.4373158664,1150546.9524053803,0.48199221287335625
ACC06809,0,0.8500731175020245,2665800.7595317946,788980.6152409154,0.2959638346638806
ACC06810,8,0.8745752592501251,1220132.9606583482,438370.7998293965,0.35928117177726626
ACC06811,0,0.861005296163736,479213.0411662937,122814.51868924408,0.2562837571998081
ACC06812,17,0.8579926276249791,784224.2031234745,473244.18622886215,0.6034552164342609
ACC06813,22,0.7613026750362436,4032126.4800731037,2670886.610063293,0.662401495405191
ACC06814,9,0.800604892615102,997161.727248437,646916.0058235471,0.6487573561498834
ACC06815,25,0.8939339910815012,4798381.194463458,8972873.38617196,1.8699792747865005
ACC06816,22,0.7574399290154539,4638345.409759398,3070788.623669534,0.6620439730961786
ACC06817,4,0.8625548998159951,826034.6186264518,331618.6675848633,0.4014585588873817
ACC06818,1,0.8571155772714317,993215.5559167584,358520.52632018545,0.3609695037340244
ACC06819,20,0.7062069432166165,3159026.5365773086,2333640.498037275,0.7387213975624561
ACC06820,2,0.8612753514934997,3630489.397480501,914816.2925619946,0.25198153538111473
ACC06821,7,0.8760091037001819,1119643.1969382784,387906.02921402943,0.34645504056540355
ACC06822,1,0.864225319411627,888323.0982955198,291863.029091532,0.32855503774645456
ACC06823,0,0.8508070241028461,1117581.3015531292,216263.2427366763,0.19351007612254262
ACC06824,12,0.8085590079396374,829843.855506271,574219.3475631614,0.6919607149622645
ACC06825,0,0.8032430239827909,2354799.9965747404,538910.5405265562,0.22885618367183966
ACC06826,25,0.6189037670035296,899125.8931987156,1006979.755397721,1.119954127686509
ACC06827,24,0.7778432332060996,3176807.6603500107,2233012.1766346013,0.7029107252872133
ACC06828,13,0.7902496488918279,1062087.4100340235,731360.5453512755,0.6886067365470858
ACC06829,8,0.8619107285981369,836966.7997413744,420241.495035624,0.5021005554407655
ACC06830,0,0.8386570628953677,3376175.8423387296,895351.4796266945,0.2651969332872397
ACC06831,25,0.5720798828946734,481513.6162916791,599886.9526001383,1.24583590640717
ACC06832,10,0.8410627446839307,3023745.3833732307,1246870.4810280867,0.4123596146303504
ACC06833,25,0.861378307241344,1614386.2112611872,2303360.453543448,1.4267716346164911
ACC06834,12,0.8267366964330808,2604287.2155141504,1357650.9063189258,0.5213138160150634
ACC06835,25,0.9481207437155641,2661463.3754234673,6898456.844399781,2.5919788745175434
ACC06836,2,0.8808262293113269,1059843.5653124724,222628.38904532322,0.21005778242347112
ACC06837,4,0.882079254843672,1473849.2691210331,353867.2718034478,0.24009732828003874
ACC06838,0,0.8840744915711088,291578.4823029895,186416.2832409908,0.6393348431221995
ACC06839,22,0.8101128554981234,543756.9160094357,506689.9218450486,0.9318316823693624
ACC06840,9,0.8516905378915886,2397368.287701738,976463.4146153408,0.4073063866008829
ACC06841,24,0.7233150001894654,1651969.2999498453,1469752.4496839375,0.8896971933610146
ACC06842,12,0.8302284002470979,5083922.9738244945,2321438.4422581773,0.4566234489016704
ACC06843,1,0.8591888437852605,2982525.75630394,690125.1208643611,0.2313894924145066
ACC06844,5,0.8168302121848224,828074.1148942326,501933.62951185607,0.6061457790839972
ACC06845,4,0.8584732935395778,741059.8242629627,329584.26847555174,0.4447471819206324
ACC06846,0,0.8647378243300367,1093477.6077736933,215001.26990699134,0.1966215571114723
ACC06847,25,0.7573635554255209,755991.2599983121,1202977.0344035898,1.5912578597883202
ACC06848,8,0.8634415130287697,2287237.313612847,816971.8506260928,0.35718718200501465
ACC06849,8,0.8473905628940667,788613.811216737,429524.6845029167,0.5446578266746449
ACC06850,7,0.8388784057894868,2207953.6227278393,980785.1573312827,0.4442055065085839
ACC06851,0,0.862854354527699,3808252.3809350203,760095.4676806136,0.19959167398826422
ACC06852,24,0.6914823428746075,3349303.7191600455,2688218.4352960954,0.802620084860581
ACC06853,23,0.7768217249039583,3082272.9548249883,2077454.067023052,0.6740006798460229
ACC06854,25,0.9862746684421737,1357736.9981413526,3935863.661322497,2.898840988137187
ACC06855,11,0.8065564277788683,8412503.180910164,4027095.0772598153,0.47870354288818423
ACC06856,0,0.8549881467291813,725989.082679228,293749.96189839387,0.40462035711931593
ACC06857,7,0.8843356119521069,689065.1217357097,235064.76262840297,0.341135772532341
ACC06858,0,0.853418259288347,707727.1318375887,331681.45024991094,0.46865724843515844
ACC06859,5,0.8781505197040301,395740.74815653294,231991.53425193447,0.586220992739852
ACC06860,12,0.8152641889462366,2151149.973819912,1186063.5278480882,0.5513625466763397
ACC06861,24,0.6701534966344771,1649288.623858287,1395238.5907854666,0.845963872303621
ACC06862,0,0.86352359338893,2419006.931590118,618278.2125685978,0.25559174903321863
ACC06863,3,0.8707875495762466,1209831.1259560948,358417.10456401214,0.29625382987296295
ACC06864,5,0.8460101483787428,2910594.40361738,998529.0694309996,0.3430670615562222
ACC06865,0,0.8553316132978336,2596387.8855210454,422989.3067131593,0.1629145279378291
ACC06866,5,0.8754448641206568,700547.5738890267,266385.08190245106,0.3802526649598375
ACC06867,20,0.7930154995498917,1110650.3401076652,837703.7627454872,0.7542461677581453
ACC06868,5,0.8522544966489687,414893.8492721629,286965.53479959775,0.6916601325929841
ACC06869,9,0.8387291726899139,7481874.795601885,2810369.9301865487,0.375623758344444
ACC06870,25,0.9925824363391949,1025037.4005513957,2347913.4741650987,2.290563712994367
ACC06871,18,0.8147335726472079,1344929.522641911,848702.585385017,0.6310387058184795
ACC06872,25,0.7694171025211692,530091.9132664261,697986.011416506,1.3167263901754633
ACC06873,0,0.8760309262516348,647217.763010573,135568.33508743587,0.2094632484387194
ACC06874,11,0.8400360641466604,1943271.135024833,945001.350881158,0.4862941325318877
ACC06875,0,0.8814202598613243,1121240.0104796563,213648.03852515793,0.19054621359236124
ACC06876,0,0.8714535716073968,969904.7229648493,255129.43170078204,0.26304587003235813
ACC06877,0,0.8424053977485478,520234.7317622523,127937.50614903223,0.24592265440574193
ACC06878,25,0.7720950109885902,661036.4882116736,1041319.4995398899,1.5752829353747326
ACC06879,0,0.8489609436090828,514467.9037988055,96600.92264107318,0.1877686089409597
ACC06880,0,0.8253935245210972,2950456.5955906496,624727.0203506622,0.21173909871587132
ACC06881,0,0.8393081934995917,3002281.9614483686,830162.7640930247,0.27651059252693755
ACC06882,0,0.8792347767870933,778446.1687998277,121782.92323330128,0.15644360280051292
ACC06883,25,0.8897656476734379,5365784.634862421,15686908.61486638,2.923506939310581
ACC06884,0,0.8357046071625525,1502932.4859344137,429141.00977187406,0.285535786729013
ACC06885,0,0.8789977598174998,334837.25831564487,64554.29867920504,0.19279305715241196
ACC06886,0,0.8802950742316377,469234.0885054672,174764.19762459095,0.3724456553896653
ACC06887,25,0.9025973652481789,2092505.6087860866,3041330.2449947707,1.4534394709503888
ACC06888,24,0.7088860529787957,3490771.6803889005,2670843.2851594533,0.7651154328322898
ACC06889,7,0.887254265566752,648693.3547975968,236557.34557143305,0.3646674408206985
ACC06890,1,0.8546414898853713,862820.3680062469,368998.5909680347,0.4276656006866114
ACC06891,7,0.8492034477387908,4645231.922314979,1701395.9217729326,0.36626716388468966
ACC06892,11,0.7826527368368624,3795193.5657455577,2190855.270064129,0.5772710224422348
ACC06893,6,0.842007384559592,1335791.0628932486,617262.4530452163,0.46209506126524036
ACC06894,1,0.8778182841477961,523661.4473621362,242965.38003948476,0.4639741597617801
ACC06895,0,0.8400368516657865,1025254.3257908133,341339.60826349625,0.33293164405837494
ACC06896,18,0.6963103745929936,1651374.5662167799,1299588.481701865,0.7869737782622873
ACC06897,8,0.8619450783009645,2738444.5445312792,954025.9900792446,0.34838243921515627
ACC06898,5,0.8574870531898305,1244455.1083599923,480536.276249554,0.3861419130520744
ACC06899,1,0.8789538257430414,1424521.2951141587,334028.81360758975,0.2344849562819777
ACC06900,1,0.8786486279402396,1606500.9358176265,336916.89380262553,0.2097209446262489
ACC06901,25,0.8547693035067288,3774756.615170752,4348971.362492626,1.152119674421949
ACC06902,25,0.8376620369879081,1236927.406336019,1692157.3030634862,1.3680328323195075
ACC06903,0,0.8551543907739022,1233060.2939860513,274245.1226993496,0.22241014817921947
ACC06904,18,0.6903847235518538,650669.1715751191,609734.9950120699,0.9370891101787455
ACC06905,0,0.9078044689101553,355269.1245812296,106116.97729118589,0.2986946231712941
ACC06906,13,0.8060609513383227,1668594.538005592,1044861.2800531327,0.6261924369607584
ACC06907,9,0.8646482564561595,1381716.20198927,562970.8455934008,0.40744318173506705
ACC06908,0,0.8564501473916721,1805103.662171178,490954.5228888254,0.27198134554682885
ACC06909,25,0.7112344067283864,964521.6663016326,1701920.0380019285,1.7645223507811703
ACC06910,8,0.8896692839458034,714656.1964693929,267663.81894181,0.37453508451216994
ACC06911,0,0.8561100689534842,486851.42409176676,81070.52441144534,0.1665200519084121
ACC06912,0,0.8331498679233462,1837219.2148523598,721222.3734713632,0.392561958660617
ACC06913,8,0.8573957296770776,2124556.0723050768,818104.9273178282,0.38507099811689605
ACC06914,25,0.9541663715812683,2871289.2650982807,9485874.810315954,3.3036987689191477
ACC06915,25,0.9810356869496935,6899164.530516157,12858303.41760222,1.8637479017535816
ACC06916,1,0.8537971316595486,930269.051793608,385926.98451223306,0.41485523329852303
ACC06917,24,0.7326484544525853,1346228.6630093995,1073124.1628427282,0.7971336462587526
ACC06918,12,0.8217335358914785,2535867.2042093426,1329938.1253137556,0.5244510134861011
ACC06919,5,0.8567141423952864,1477249.5244891506,549774.737387211,0.3721610521941642
ACC06920,25,0.8807449339335498,2560627.3762523117,4036530.753908654,1.5763835032555373
ACC06921,12,0.8333596922045142,3240940.8938097786,1449521.0228353012,0.4472531497269504
ACC06922,14,0.8332900011729025,619598.7440619922,475538.8463634477,0.7674948519841884
ACC06923,1,0.8389071182450748,1427319.5573237299,625896.7723322831,0.4385120130392242
ACC06924,25,0.8975888049545345,778977.1006217184,1003084.8586423905,1.2876949243332143
ACC06925,8,0.8360744474950967,2098786.2704552948,976427.9538664826,0.46523458229725495
ACC06926,24,0.717438584674721,1275221.2745497206,1193787.9594536133,0.9361418157606715
ACC06927,12,0.8164865958606917,1422570.055324058,851531.0007118966,0.5985863385251139
ACC06928,7,0.8491774402944684,606515.8510246682,391193.20387051767,0.6449843037236747
ACC06929,25,0.7521607939943151,3085746.643055052,3643129.0756526636,1.1806313016177419
ACC06930,6,0.8622849244418961,656526.1951790461,339651.3500315479,0.5173462270441761
ACC06931,1,0.8829967745171909,412380.37348275684,192433.3766836289,0.4666404830531424
ACC06932,7,0.8653947678327709,575569.8885366371,338242.98927861446,0.5876662348313312
ACC06933,6,0.897669590824446,462013.8126584583,188001.66234522391,0.4069178392382899
ACC06934,15,0.7785359375348937,3245001.0989664127,2081004.5596051763,0.641295486854538
ACC06935,11,0.7999022134910384,1636320.0714146928,956502.0854575238,0.5845446145695522
ACC06936,0,0.8596268388018016,2399096.7323578433,669996.8201724575,0.27927044838829046
ACC06937,6,0.8646387618220944,879771.818668155,401510.9356980823,0.45638076507827985
ACC06938,11,0.7870380989358627,2420426.497319757,1416925.3571347117,0.5854031753096963
ACC06939,12,0.8557779936024942,1296877.7886463995,621983.8102180602,0.47960094286698224
ACC06940,0,0.8602639586290636,2806526.32579572,580530.3701238858,0.2068501423941894
ACC06941,11,0.842544901071759,4520574.687626419,1741047.548129934,0.38513854287055077
ACC06942,24,0.736405090459754,1576644.7750192587,1386890.9270357157,0.8796470511366613
ACC06943,24,0.7645612822042341,2435665.2058775187,2166080.0747985416,0.8893176572755405
ACC06944,4,0.8649812916246783,999558.9083448651,410740.03384865494,0.41092128779962067
ACC06945,8,0.8984571572464333,406342.33805419825,189418.8204456476,0.46615575761239725
ACC06946,1,0.8221162172227963,5697826.088427125,2088226.1136243972,0.3664952354136959
ACC06947,7,0.8644990344706723,1867815.1475882595,593946.376236659,0.31798991297590024
ACC06948,19,0.7851565959616965,2014245.852071455,1337422.9318055077,0.663981971431193
ACC06949,25,0.9883268470864083,945816.5374087888,2085636.9008150422,2.205117819708427
ACC06950,0,0.8494082495547088,637483.5839149602,86615.37386089051,0.135870751885032
ACC06951,17,0.7844179465306169,1711233.856727103,1136490.0497890513,0.6641348552807951
ACC06952,25,0.8656094583828944,1142161.4877848567,1232191.7314116354,1.0788244434693608
ACC06953,0,0.8137026313538807,639148.5505813984,232892.05966500408,0.3643786087806269
ACC06954,5,0.841388045788676,2087729.3844209793,890944.1946344617,0.42675272057904207
ACC06955,0,0.8671689505604528,356455.1302169201,138708.434399683,0.3891329444894572
ACC06956,25,0.7803353197649386,909252.1574289617,1699250.0144059793,1.8688435331413977
ACC06957,1,0.8578933878322302,1043779.9565873442,371644.55439031526,0.35605641978929475
ACC06958,9,0.8377851501551948,1194047.653331798,652744.3985812701,0.5466652832153657
ACC06959,5,0.8597245814210904,1392594.0124282113,534637.9571178312,0.38391516288771343
ACC06960,9,0.8353001472009072,2566739.7746552937,1207177.5101590573,0.47031550376826886
ACC06961,25,0.8152332124719578,615989.1657310502,1398940.804026789,2.271047742157184
ACC06962,7,0.8312679591359934,2582758.641278215,1202375.5941716847,0.46553927841148385
ACC06963,25,0.9915477740879717,5806627.311911813,16398892.262492685,2.8241682101504466
ACC06964,25,0.9860401361769571,1260481.975668715,3465010.7876821076,2.7489570295869075
ACC06965,0,0.8478140587971905,2409266.4621513626,715180.3572452622,0.2968456866355246
ACC06966,25,0.9824394935036675,1036272.5848430364,4370070.476692516,4.21710517156492
ACC06967,16,0.8068178498132559,1539862.2456887767,949630.2246824368,0.6166981672166847
ACC06968,5,0.8793288389473135,1169848.0917680392,361333.7625337881,0.30887237845359017
ACC06969,10,0.838116462960692,4066356.894649494,1599708.3083560204,0.3934008621970477
ACC06970,4,0.8577789225083503,681569.1404322316,359165.30469417747,0.5269682610137031
ACC06971,23,0.6619432850032504,1797127.710295274,1473455.2964066926,0.8198945951173381
ACC06972,8,0.8151511653114234,2007349.6139489359,1097558.5013525141,0.5467699765529904
ACC06973,0,0.8316910243524207,684251.2847268351,199170.77995283197,0.2910784157787068
ACC06974,17,0.691341434228487,1085524.4120884961,894581.9199288342,0.8241011532920777
ACC06975,25,0.833942796877878,837157.698481267,1222020.5291968214,1.4597256065538844
ACC06976,10,0.8008396323471362,1083984.4391035344,708752.9089379008,0.6538404827324332
ACC06977,9,0.8224646961157348,1251934.6109944505,700375.6843752842,0.5594347166574093
ACC06978,0,0.8829172625706616,353225.0892758681,74988.64410763411,0.21229704906116714
ACC06979,2,0.86130769982467,2721569.9294674937,732731.5485856113,0.26923120389156363
ACC06980,2,0.8812275379938572,682118.6169946912,221163.33191808977,0.3242300186622982
ACC06981,21,0.7705705358640922,3507178.3049045815,2266783.022450694,0.6463267120695665
ACC06982,0,0.8534409566935025,1625735.10861795,376438.80103140464,0.23154989951063934
ACC06983,6,0.851380206845006,1171169.704657877,494208.2118959533,0.42197830931796665
ACC06984,9,0.8123629529987585,983969.028745401,608556.9860343601,0.6184716878846219
ACC06985,4,0.8499846339812411,15027264.64381084,4448387.867062217,0.2960211304253791
ACC06986,25,0.9055605269595125,2301368.295587389,3120590.970397185,1.3559719999534896
ACC06987,25,0.8973149805621041,1736856.941788329,1696092.4022849072,0.976529708047544
ACC06988,0,0.8432453892575851,1898289.7095321033,575681.8732957437,0.3032634430903804
ACC06989,18,0.7225684433330385,3501398.4941067947,2508216.9372861637,0.7163471799932926
ACC06990,0,0.8373690427254012,3651715.7428720803,1184836.1559996589,0.3244601276296997
ACC06991,14,0.8417877265109126,798228.2291362574,510801.1108178588,0.63991862499098
ACC06992,7,0.8691441399568525,894829.6633888502,354812.2854054792,0.3965137723103115
ACC06993,12,0.8589056400337227,3007090.666990768,1125670.188136395,0.37433862586619865
ACC06994,2,0.8658642731210315,2345414.217235988,531994.1268098868,0.2268231013952105
ACC06995,0,0.8466875257991883,5209623.21779728,1085635.7507001155,0.20839045460933378
ACC06996,11,0.8369404770755791,5424064.831369287,2364932.45355162,0.4360074090328674
ACC06997,0,0.870141429368444,839252.766046494,256613.91361707685,0.3057647516920553
ACC06998,14,0.7749877177773717,2021110.2955473945,1301366.41258024,0.6438868850686746
ACC06999,3,0.8736648256070725,463308.615401901,227492.5093320901,0.4910172221484588
ACC07000,0,0.8762979721840652,1068868.8856392528,162437.10301797165,0.15197102769141208
ACC07001,11,0.8076613991042193,7444956.736408476,3649716.196211122,0.4902266494528728
ACC07002,0,0.8542973222963993,1323780.302817202,454693.74408208276,0.3434812733762745
ACC07003,5,0.8019095863681854,569082.7136060452,439084.2468077948,0.7715648996355853
ACC07004,0,0.8480388663159585,402011.62036188995,193808.02094036763,0.4820955691925076
ACC07005,25,0.8044352199236836,7085188.832148315,9507896.236042174,1.3419397084945814
ACC07006,3,0.8828892253117265,442092.2490722658,218347.82872980926,0.49389653220117286
ACC07007,0,0.8213395812543767,4000939.33888764,1053299.6117984112,0.26326307963750695
ACC07008,21,0.7529840305415609,1009481.7843024275,809106.2645883182,0.8015065523420287
ACC07009,0,0.8736432088101327,2039344.8792945922,427243.7578061279,0.20950049309654342
ACC07010,18,0.7518219175537924,5921903.659606349,3857518.693654974,0.6513984210799196
ACC07011,13,0.8165183105176577,889067.0227378295,586222.946377451,0.6593686768093275
ACC07012,0,0.8558971668438599,345142.6294778453,68017.86540301648,0.19707175988639375
ACC07013,6,0.8551335594339456,2167531.8559141853,730612.3284273851,0.33707109145080577
ACC07014,24,0.6597625737793457,884383.974203639,808105.4711912291,0.913749564400354
ACC07015,14,0.8191277212861572,992448.4446796415,647287.0040848635,0.6522122207504746
ACC07016,24,0.6414082443649113,803500.2238392853,804055.2769826417,1.0006907940121088
ACC07017,11,0.8374682503645177,2326566.6673522247,1025766.5044547217,0.44089280520042295
ACC07018,15,0.7489508223955386,4272900.607766616,2826354.1096932,0.6614602980832017
ACC07019,20,0.8339610975759951,701609.8668495329,532709.0384122343,0.7592667429326203
ACC07020,25,0.7384040501073506,1997975.3771097842,2956541.6686674412,1.4797688212475835
ACC07021,6,0.843201069709588,1806861.8462615702,814189.3540564752,0.4506096333491394
ACC07022,1,0.8713966960892346,2031466.3630148843,405662.7155930691,0.19968960499598332
ACC07023,24,0.6809995846306618,2403347.0074985325,1897623.3618223483,0.7895752697807235
ACC07024,9,0.8237433977717661,2500399.8570197285,1173110.3867022009,0.4691691144553385
ACC07025,25,0.9857646001194865,2423689.7741427575,5469061.639057482,2.2565023368107626
ACC07026,7,0.8739016201279627,837848.4866694465,307692.7467691991,0.3672415140263804
ACC07027,24,0.7056440390450451,6369524.755007142,5147891.287672347,0.8082064966661041
ACC07028,1,0.8700094676831985,3048984.953316952,465161.54141630424,0.15256275401105568
ACC07029,13,0.845599357829044,362262.2043925527,338079.7980130842,0.93324612370198
ACC07030,1,0.8612701944906014,1683120.888903362,437142.5878411114,0.2597214440882686
ACC07031,10,0.851421379797153,3123119.2893005614,1273385.943337829,0.407728884292156
ACC07032,0,0.8787573952992233,1357873.2123743251,294660.7732692558,0.21700168365058414
ACC07033,0,0.8133833341166966,931942.2597080464,356615.63262128714,0.3826585058316871
ACC07034,10,0.851565182343527,574574.9183368032,368050.8999478205,0.6405620715453458
ACC07035,18,0.8104114942393796,1062854.9157113247,731739.7286929195,0.6884662411362105
ACC07036,6,0.810128236691409,1733932.2237448131,918366.8941879555,0.5296440550626238
ACC07037,10,0.842134467020021,1342339.9329160152,680705.1889135836,0.5071034335057457
ACC07038,0,0.8782533659571908,505260.17142654274,118355.41723153176,0.2342464811690364
ACC07039,25,0.7985654351069924,784921.5852937436,1412545.8637921028,1.7996012471277385
ACC07040,24,0.6531771052256282,1089675.2815420965,1005188.4538337579,0.9224660509975285
ACC07041,25,0.8590763288074132,794802.4285306811,843686.0279214082,1.0615040891119272
ACC07042,7,0.7981302551010571,1071488.3582886697,707488.4377288168,0.6602856972321973
ACC07043,0,0.7864749474146009,2251023.789070229,864867.663596846,0.3842108056770355
ACC07044,7,0.7942855781116077,1235951.1789211778,786280.0611412344,0.6361740451815848
ACC07045,7,0.8590754439088436,1869889.774268726,725896.1220557803,0.38820262672416767
ACC07046,25,0.818072121592254,875363.0723122616,1512826.6772145273,1.7282276635435545
ACC07047,9,0.8099928778133569,1355745.2512131326,797785.0215558202,0.5884475869208874
ACC07048,4,0.8790491398518905,598603.6370532648,228959.4948175182,0.3824893145397728
ACC07049,25,0.7725487373403349,1938955.4231780504,2897015.792453356,1.4941116014441396
ACC07050,3,0.8753090300938455,569994.2264583232,272556.17665590585,0.4781735744052043
ACC07051,25,0.8384785974802278,1074784.7881588144,2077199.8722873416,1.9326658649921329
ACC07052,6,0.9018009790727141,494722.2531681531,161624.31554725955,0.32669708005296544
ACC07053,25,0.9363605505527686,841576.6462120898,1911130.376799074,2.270892835965699
ACC07054,7,0.8693389364323849,835875.9072478936,370917.54051964724,0.44374713675010274
ACC07055,10,0.7815868224588846,2460968.564089233,1479889.8555851027,0.6013444776092812
ACC07056,10,0.8162336301704213,4568791.7829123745,2212016.449394319,0.4841578593420316
ACC07057,5,0.8326755380117477,1258781.0919328355,629038.0737866707,0.4997199892959896
ACC07058,0,0.8278064588090304,4393874.681242434,1060957.4939654912,0.24146284792662534
ACC07059,0,0.8692128077960354,361411.2102514445,62384.69834260508,0.17261417624318348
ACC07060,2,0.8820181754350328,826524.4686271416,241650.78849190506,0.2923697938347638
ACC07061,0,0.8699303334711733,743217.2032239158,175428.15890733316,0.23603888358122455
ACC07062,25,0.8781754957822462,724562.9523932132,796704.3097499209,1.0995653408974702
ACC07063,1,0.849816414442719,830130.9782509503,401952.2693849729,0.48420343285088435
ACC07064,18,0.7852651646497975,4136950.9241230437,2566500.3243661462,0.6203845226687568
ACC07065,24,0.7740975908040075,6091556.80711061,4864184.545141002,0.7985125476402175
ACC07066,25,0.8351091662772866,7927639.6013351595,11074664.461591257,1.3969687092897212
ACC07067,7,0.8021889701838651,2434601.021006759,1357775.344446671,0.5576993243374235
ACC07068,6,0.8617236894800279,827246.0758903712,394568.91247900116,0.476966798608653
ACC07069,4,0.8675064325051585,663875.2686149975,319902.4875066488,0.4818713734796023
ACC07070,4,0.885188316316181,763756.2632875069,239650.70640779243,0.3137790391089451
ACC07071,8,0.8224819802572966,4322300.919529993,1998680.3141994523,0.46241119056948693
ACC07072,3,0.8522404465774863,3586831.2803738248,1082551.0127731669,0.30181263855275114
ACC07073,5,0.8985867555207111,603043.7349775633,149726.1734670883,0.24828410409181847
ACC07074,3,0.891059630072238,412327.9182136028,174392.91572472837,0.4229471447877698
ACC07075,12,0.7398983404499673,3549928.7085354724,2312942.7666224954,0.6515462581153363
ACC07076,0,0.8709811869971474,786345.2101757075,217627.9581637746,0.27675880179284873
ACC07077,0,0.8580586201016411,1428270.42429516,488685.53529287013,0.34215196714868096
ACC07078,1,0.854735789420023,350685.18506798707,263356.4903892557,0.7509769491351593
ACC07079,18,0.790671837351652,1943679.2120513928,1301407.9631930918,0.6695590276028951
ACC07080,0,0.8409752337422497,334531.13456221734,90657.5759142884,0.27099891922743463
ACC07081,10,0.867270214141378,1272178.2000069614,499723.53441756376,0.3928093834769604
ACC07082,9,0.8198065222419492,4303226.494765687,1922594.507478527,0.4467797616084378
ACC07083,10,0.8336764896755116,4876918.512987648,2104274.857642717,0.43147632096760585
ACC07084,5,0.827489796880909,815869.4474459534,481093.2669212435,0.5896694237384262
ACC07085,24,0.7489269021809856,2678880.670017737,2376504.2749904017,0.8871258438602518
ACC07086,6,0.8562501081041328,1787895.8241221865,687436.8629784565,0.3844949206232256
ACC07087,6,0.8772563296084891,1221434.4360529415,399545.74615050247,0.3271119057700979
ACC07088,6,0.8567974605931534,846901.6497284704,408589.47875994234,0.4824520992383737
ACC07089,25,0.8707484416051997,1562183.0906441538,2557951.190229329,1.6374208667017247
ACC07090,4,0.8498138012414728,474322.3691467344,319812.161441358,0.6742506410074499
ACC07091,25,0.9891471290967737,1392143.7214259054,2301509.9622829384,1.6532129024190214
ACC07092,0,0.8713198761727158,1270460.8203525562,329740.9433929945,0.25954436225864136
ACC07093,25,0.9883254041515379,3408032.1260730717,10445791.190300208,3.065050681413746
ACC07094,13,0.8463989652928446,3759513.298967393,1446022.5084561005,0.3846302415935787
ACC07095,7,0.8327563620384087,322781.64926555054,309441.73809305654,0.9586720273508506
ACC07096,14,0.8523485163072753,1405157.480915884,720982.7730421138,0.5130974875301351
ACC07097,11,0.7809905859753342,879367.5251608262,653731.7859770666,0.7434113351610371
ACC07098,6,0.832122966887717,690030.5427620369,426731.05565881915,0.6184234308683074
ACC07099,2,0.8675552920229878,1176685.3898073249,388040.85108693433,0.3297745127527025
ACC07100,25,0.9191923161234369,1531470.0980716583,1951688.2112753615,1.2743887156091511
ACC07101,8,0.8547455886197628,946779.7383054973,461950.71508918476,0.4879178296696155
ACC07102,11,0.846900545378541,4845245.253367168,1722438.3128335937,0.3554904288150528
ACC07103,12,0.8066249562995481,5693282.489402917,2854559.234016286,0.5013907599578215
ACC07104,25,0.9087462716317057,1335722.7293183173,1479493.8184912235,1.1076354291330204
ACC07105,2,0.8893955344162747,376805.5113028752,201172.26920215305,0.5338888714938443
ACC07106,24,0.722874946747379,4074125.852819282,3253308.485563358,0.7985292067774683
ACC07107,21,0.7403676673523497,2399389.218307158,1724570.5839426513,0.7187539940516146
ACC07108,25,0.889755003282961,2794335.8019799865,9053425.081865897,3.239920225568774
ACC07109,4,0.8574352180709444,870940.0257962215,407094.78198310256,0.4674199944030965
ACC07110,9,0.8261451908904446,928240.8984550491,575923.7151360156,0.6204463906886399
ACC07111,2,0.8757400550674774,635227.1235367934,240690.83129209862,0.3789051543517055
ACC07112,0,0.8562447994822805,474184.96209898504,183828.81430352182,0.38767322668732795
ACC07113,17,0.7768045017798048,2343591.08112218,1561199.6808055162,0.666157032846348
ACC07114,7,0.8647043083180236,1210705.6875250686,497519.1675932909,0.4109332042623194
ACC07115,24,0.6967616449364539,1722079.3912715355,1577543.168466332,0.9160687808368217
ACC07116,0,0.8379077507739162,888440.4087146745,247379.7534532797,0.2784427081734938
ACC07117,8,0.8447682596372036,683155.975035168,404196.5902005515,0.5916607699723975
ACC07118,25,0.9779269511760977,5132177.863510588,12320718.658397282,2.4006803711922564
ACC07119,5,0.8470393257096622,624348.4623719552,370814.93628912006,0.5939230391957102
ACC07120,10,0.8134622680065008,3454468.137424073,1700541.6104010744,0.49227306281340716
ACC07121,4,0.8829430090874675,377893.97753845574,208823.6149590642,0.5525984201159004
ACC07122,6,0.8503745425594528,1753424.110079643,696378.7454994029,0.39715362729201453
ACC07123,21,0.7648368914233317,977727.8304036577,779575.8719487279,0.7973342352614404
ACC07124,10,0.8806503330612688,652835.545679644,330944.41462491936,0.5069338163570503
ACC07125,7,0.8516760553821847,2608835.467543053,880006.6164929243,0.3373177908079026
ACC07126,2,0.864028001452771,816122.0449466862,307866.6125530449,0.37723109485806927
ACC07127,8,0.8041175034701027,11740039.180729372,5893049.706079095,0.5019616728155567
ACC07128,0,0.861356756300784,548591.6923665673,97163.37638753801,0.17711419574799855
ACC07129,4,0.8725445323870528,313357.14687184757,240526.28020621426,0.767578728001954
ACC07130,4,0.8612780089643124,1058847.629090031,435765.4948343335,0.4115469335364414
ACC07131,4,0.8491423054172395,508661.27841528703,307437.219375759,0.6044046056219707
ACC07132,15,0.850860202108153,580058.2116583866,412050.48603936424,0.7103605771932989
ACC07133,7,0.8652989625782069,615505.6369444367,321533.7504246623,0.5223896112809897
ACC07134,19,0.8102891448114352,760079.2058684193,613736.5209740549,0.8074639014401634
ACC07135,11,0.8210385045601624,741290.4819712165,504055.0540347371,0.6799696829971021
ACC07136,12,0.8533418152876682,2036049.4360391465,853956.2469949297,0.41941822820185737
ACC07137,14,0.8154392320570437,2762772.321491025,1497044.2718297401,0.5418630627592971
ACC07138,25,0.9736640797296181,904351.6479822889,2962286.9880391234,3.275591960990309
ACC07139,25,0.8171015307409438,4672554.115686552,5561574.857939194,1.1902644079108788
ACC07140,5,0.8525516033357977,2570599.1662210384,818810.2111581571,0.3185289336111727
ACC07141,25,0.7798565233054585,1626200.7185705977,2624729.6914357236,1.6140256620614553
ACC07142,13,0.8161037908280075,1463023.7538523658,903306.3334335854,0.6174242428088001
ACC07143,24,0.6217932342875111,767248.4399021056,847428.3444310239,1.1045031835309416
ACC07144,25,0.7424496934165495,581020.9725586155,787911.8779096232,1.3560816478619209
ACC07145,11,0.8211240039070278,1699174.9114785495,922041.309983287,0.5426406097186111
ACC07146,0,0.8617965303829558,4960537.4638548,982981.9620590031,0.1981603746008471
ACC07147,16,0.8938473528627252,687473.3017534029,296968.295941121,0.4319706600732019
ACC07148,7,0.8193268092577112,2164582.2233601743,1061023.43312017,0.4901746959157308
ACC07149,6,0.8592443412344679,1124418.7285842379,500852.12593729515,0.4454320380877335
ACC07150,21,0.7108360126904008,2198526.2349221096,1680439.2015946356,0.7643480322872612
ACC07151,3,0.8914509219679311,954544.0784099135,214107.4165779485,0.22430333121400764
ACC07152,24,0.7191442094331323,1244186.487286573,1091301.1076886314,0.8771202057246522
ACC07153,25,0.9137515377850062,484096.8955007815,743429.9598572567,1.5357048697620836
ACC07154,11,0.852169444896039,503608.32166715065,370775.6105351259,0.7362380536280777
ACC07155,3,0.8810656780233574,1484385.273126454,280163.42290877836,0.18874036813817902
ACC07156,1,0.8703183195176972,560507.5250017475,244146.4121163962,0.43558097122002953
ACC07157,7,0.856514924262441,850445.0460731286,401452.49353560695,0.47204989362838456
ACC07158,16,0.8337269195548721,2681727.678011348,1377657.2234450185,0.5137200300914331
ACC07159,7,0.8430945952380676,1357841.3491764069,598443.4411814783,0.4407314901291389
ACC07160,9,0.8403202912595225,858017.6531439872,481290.97627723526,0.5609336527210915
ACC07161,0,0.8655051865166719,3046503.779817385,674614.2440278067,0.22143883375330808
ACC07162,0,0.8559819504045514,1924242.9905229283,360453.3744485328,0.18732217096478898
ACC07163,25,0.8493347661353317,610842.2008056052,943523.1888950117,1.5446267262652325
ACC07164,4,0.891247466564243,534984.1464456466,205588.12611329614,0.3842882587814843
ACC07165,3,0.8685030590952735,1313621.305692634,376458.452565281,0.28658065374996755
ACC07166,0,0.846597237088753,1382258.4674902824,415891.9848302857,0.3008785944248228
ACC07167,0,0.9044286174825046,343108.4991612471,121476.7108299373,0.35404751303711707
ACC07168,0,0.8523520239327824,1461002.378467903,341129.5032641712,0.23349003964107204
ACC07169,8,0.8507304047035341,1850413.42985029,727129.0688070687,0.392954924060348
ACC07170,8,0.8280805425959937,501098.61853336537,376440.50414652115,0.7512303770629056
ACC07171,5,0.8856601098816668,402349.4114848198,216903.70514230806,0.5390928853154086
ACC07172,8,0.863749518186184,2071958.994258887,734468.3013888923,0.3544801337400995
ACC07173,0,0.8456206123869092,1615893.8659796892,472770.85731660406,0.2925754390620024
ACC07174,11,0.8152692083761688,4284520.871882755,2229322.947266246,0.5203202444166435
ACC07175,0,0.83739280236023,2068716.8925460775,612014.2908674543,0.2958424582274361
ACC07176,4,0.8283468911944125,965545.9980484609,503477.0766295546,0.5214428703005043
ACC07177,12,0.8367796383964871,997135.8093424311,600640.0060511793,0.6023652951018537
ACC07178,25,0.9791457722840389,733985.7851009028,2415187.0561506418,3.2905093057335164
ACC07179,1,0.8737269406824058,853832.3234564849,253177.0159889835,0.29651842526185007
ACC07180,9,0.8533655902103768,703943.5907160592,411892.0920225441,0.5851208782277042
ACC07181,16,0.7853175158464761,1626126.9482649842,1086415.437077285,0.6681000141080309
ACC07182,1,0.8949483423151942,402903.85975454503,135637.20732844583,0.3366490641491447
ACC07183,25,0.8831080745273462,2736266.1141695976,3610307.2496548956,1.3194284104748168
ACC07184,25,0.840368616962882,1826725.5238249549,4371723.499889223,2.3932021767207434
ACC07185,3,0.8627390556069088,964781.4159523818,407169.62827455613,0.4220330341589546
ACC07186,10,0.8348298616193828,686986.8109928085,465393.3793487287,0.6774415052832804
ACC07187,5,0.8432830896445331,2843758.9493164015,1009560.8818730307,0.35500930278064335
ACC07188,25,0.8721779469493908,1030007.3663493716,1074145.0978927496,1.0428518600792285
ACC07189,20,0.7595919980087321,1378334.9877994035,1062974.5384096557,0.7712018833003434
ACC07190,9,0.8384134663055502,1983581.127919277,872515.7412124312,0.43986894658938236
ACC07191,24,0.6556075931535691,3411090.112918503,2760177.441913172,0.8091775211272813
ACC07192,7,0.8521930019492518,982151.8295190427,462310.6812064999,0.47071202976111376
ACC07193,21,0.7870957775423403,1393962.8662675607,983240.7222082602,0.7053564668052891
ACC07194,18,0.7581129969600111,4892085.306724517,3215682.73645577,0.6573235205108928
ACC07195,2,0.848000292050726,2525568.554396099,869174.0622229582,0.34414985913173546
ACC07196,24,0.6670692583089809,1984365.6281706134,1717938.8689593496,0.865737062046936
ACC07197,1,0.8995870712141507,422571.91370589845,119456.05923607854,0.2826881185464151
ACC07198,17,0.7770175723392455,1524786.1130006702,1066249.2786666113,0.699277931229521
ACC07199,25,0.757382903803609,3562142.1604052973,4281176.982259134,1.2018546114880562
ACC07200,21,0.7135776637892685,1716159.4483576964,1332912.0123407326,0.7766830836238917
ACC07201,0,0.8458172753757196,1139430.503546426,306720.74853095814,0.26918776316440857
ACC07202,8,0.8844273281539407,469637.4669788697,253986.55002958796,0.5408140701879212
ACC07203,0,0.8558526332572457,1150333.046502712,191687.57372157712,0.16663658781633137
ACC07204,12,0.8398007517365392,6603961.747220882,2664935.165367478,0.4035358270342725
ACC07205,0,0.8527322134196373,674166.0374515515,291468.8760849248,0.43233989832344677
ACC07206,6,0.8660659223588625,1170081.7281426387,419331.7376630995,0.3583781607535545
ACC07207,10,0.8246258869270893,1914366.551485483,1014755.7792852102,0.5300739184446126
ACC07208,25,0.9729053775456692,2417390.274518116,6649932.495541362,2.7508725279648787
ACC07209,24,0.7311344064530223,1752462.7487070682,1640458.7482229641,0.9360876568892901
ACC07210,25,0.9927323136543039,2839538.0477855606,6582281.982552622,2.3180819808651183
ACC07211,1,0.8558197042935652,2172606.775754283,699696.5465500973,0.32205392819286294
ACC07212,25,0.9276796441538253,1040340.2142506558,2996989.0765241073,2.8807778796504575
ACC07213,4,0.8591529597532035,5017179.532707482,1374135.919447771,0.2738861367207701
ACC07214,11,0.826065419548053,1461122.1468884444,782367.9796864826,0.5354569303823001
ACC07215,1,0.8639693011332119,1731659.3286554404,451918.95377380145,0.26097451519214077
ACC07216,25,0.6733736362250551,1276534.6791554578,1357562.8381854843,1.0634750942165034
ACC07217,9,0.8536755396046325,1623905.1454737496,697575.8622081986,0.42956687719878583
ACC07218,25,0.8909444291987768,7809639.491081719,10167684.036807016,1.3019402558105382
ACC07219,6,0.8329573269832998,699971.2319093934,434896.51613150846,0.6213062713237376
ACC07220,0,0.8334438777273616,3765842.835118721,1118314.0283396756,0.2969624801945353
ACC07221,10,0.8804248406740997,616160.1020656138,284449.61206813436,0.4616488654727012
ACC07222,7,0.8337626211417036,752653.9423111136,438740.44040250336,0.5829245231285158
ACC07223,6,0.8204784109722477,3669200.018502881,1686455.1312547196,0.4596247472883293
ACC07224,2,0.8806904121201587,443181.82762103394,208055.32456014436,0.4694581582394057
ACC07225,7,0.8589226869499894,1456276.3412781227,539650.7913707544,0.3705689477157349
ACC07226,25,0.8911212242153026,6160870.610876407,6323694.714819475,1.0264287491536699
ACC07227,10,0.8786507977383953,1257978.7728108577,371826.1178242295,0.29557423850118897
ACC07228,24,0.716046160434157,3019660.543372793,2354034.246602052,0.7795691644110189
ACC07229,10,0.8730280696849475,686343.0516747622,342449.8350010058,0.4989484983717483
ACC07230,12,0.7900012965008966,965068.7109466274,685800.5046930506,0.7106234995644558
ACC07231,25,0.8468634397941328,1296899.7980840518,1687871.132241562,1.301466107663139
ACC07232,12,0.8238586357297817,1270076.8682869696,777871.0608865906,0.6124598284635739
ACC07233,8,0.8758999676284553,732879.5201170907,331195.6811556573,0.4519101326541951
ACC07234,24,0.7371568491298428,3790654.0428338028,3225439.383778234,0.8508925761441876
ACC07235,7,0.8104878368611245,2686618.9613125105,1316021.447280977,0.48984298340470755
ACC07236,5,0.8900694609919049,917643.7995423921,226192.78247741773,0.24649301024015513
ACC07237,3,0.8568246979100558,1541351.1058702634,476006.9902271262,0.30882450365412856
ACC07238,8,0.826817549512565,1659031.343936372,853091.7938012535,0.5142107754137596
ACC07239,25,0.9916270162679078,738449.3927493358,1867334.3217746217,2.5287234847906253
ACC07240,23,0.6730792914056783,1540647.319985201,1277308.824207173,0.8290728238955055
ACC07241,9,0.8079954447281007,1753342.1815143058,1039814.8241096626,0.593047287102628
ACC07242,0,0.8564345825992312,1640663.5766281208,305745.49306918116,0.18635477585084623
ACC07243,6,0.8435384595482498,348503.38931593933,288405.9680272385,0.8275557049626887
ACC07244,8,0.8500671568709025,5788207.708608721,2110795.288215074,0.36467165562765097
ACC07245,25,0.9585003903146805,1497582.0968362438,3762152.5061907885,2.5121510961827216
ACC07246,8,0.8440098904052539,1368137.8483869242,679332.8418615807,0.49653830033467367
ACC07247,0,0.898065387294329,469015.21429565735,136480.49667631596,0.29099375141012274
ACC07248,25,0.8301318333633739,1909129.542779572,3305232.7604200137,1.7312773629849147
ACC07249,13,0.7699064268412086,1953042.1329585584,1267213.763526761,0.6488409759021055
ACC07250,6,0.8307778333799891,1973923.1795118784,922391.4435670507,0.46728841990453973
ACC07251,9,0.8782590833837717,411204.9288677461,274728.40830768517,0.6681058251518303
ACC07252,25,0.8563963308831207,600694.7454777642,1261374.9027099607,2.099860057385258
ACC07253,24,0.6692076824180638,1868831.287319291,1666660.9233208923,0.8918198954768154
ACC07254,15,0.9442429835614452,11987615.995187158,15472683.719638443,1.2907223359382287
ACC07255,25,0.8202076386427118,3607058.443885659,4560668.840037217,1.2643734253233483
ACC07256,25,0.850771061116467,1242648.9308940754,1396961.4966972196,1.124180339246836
ACC07257,0,0.8720380071500058,1367558.0301141888,336938.4637808626,0.2463796463194537
ACC07258,19,0.7730473715973699,1352491.9247153427,1003092.5632548488,0.7416625156308926
ACC07259,4,0.8512229607125321,1626632.5982902064,587435.6387757304,0.36113602997579075
ACC07260,1,0.8372059743670844,3533491.4688423197,1162726.3334217377,0.32905876345661095
ACC07261,0,0.8790898867966997,1017816.195999056,268707.30034737586,0.26400375765648076
ACC07262,5,0.8890122089953012,392589.46372429014,225198.86532430793,0.5736243229453092
ACC07263,12,0.7677636601987539,1458337.3865049535,1025464.0010802984,0.7031733606843352
ACC07264,25,0.9728383554100809,2834569.391763482,7005558.396094233,2.4714718279434456
ACC07265,2,0.8380917885266105,3261502.3111290354,1268209.3027431644,0.3888420677844462
ACC07266,10,0.8273817742124748,906633.9919925759,546124.4600799894,0.6023648626715745
ACC07267,0,0.8469679734758252,1047443.759785521,219432.01367509086,0.20949288362749202
ACC07268,25,0.7185574160365935,2269366.7138195867,2281872.293077785,1.005510603104401
ACC07269,23,0.7586765850332778,3361970.091514396,2345550.628763407,0.6976714738431405
ACC07270,25,0.8592062225631388,1077998.5870462516,1457038.801896045,1.3516147603573163
ACC07271,12,0.8460541884848733,1826815.4950215197,856687.4059862931,0.4689512478523188
ACC07272,18,0.8628727511959662,1253858.9177070595,666950.7798869177,0.5319185200728765
ACC07273,11,0.8567266637598633,2335095.9678253867,976474.5794131018,0.4181732112374237
ACC07274,3,0.8775657193138396,2050419.8096246668,434056.41355189617,0.21169148459961037
ACC07275,25,0.9809711708548745,2183324.0039257333,4833226.634260495,2.2137010473800935
ACC07276,12,0.8372119893611638,5407414.704777224,2398631.9486524053,0.44358202202122854
ACC07277,25,0.7385925400081358,1148315.3218580927,1701281.5385971703,1.4815456227165211
ACC07278,25,0.9920009374718745,1152367.313023109,5322650.112950628,4.61888327861994
ACC07279,22,0.7680522918839068,2655461.9922615364,1818127.6787190554,0.6846747134839006
ACC07280,5,0.8558444373854563,1139037.6378287065,498409.352594685,0.43757057365091034
ACC07281,11,0.8225730193995462,4758032.242835494,2251750.628263073,0.47325249459032015
ACC07282,5,0.8683529261012973,3796239.0108018145,915543.6700726235,0.24117124013201924
ACC07283,5,0.8368184328615307,2881549.206682252,1132120.812651475,0.3928861634658574
ACC07284,6,0.8565022883268343,589648.8845926826,322167.5543636925,0.546371854135261
ACC07285,9,0.8176490816775107,1031987.598130184,617577.9473509927,0.5984354351447215
ACC07286,0,0.9029406558445985,367857.3459855975,133037.57870371014,0.3616553540537937
ACC07287,12,0.7838969558466109,1174852.917376534,826225.5884993294,0.7032587452260023
ACC07288,4,0.8384951930274472,1482756.7780042817,678586.4204064814,0.4576518755286525
ACC07289,0,0.858597745118991,1238301.1957198095,236105.08129414287,0.19066854018250207
ACC07290,24,0.7119720644583032,3793305.5902183587,3036244.710839161,0.8004218586207767
ACC07291,7,0.8765385126482094,563680.6859682101,281941.9697358,0.5001802913497388
ACC07292,25,0.9754507367226796,3328905.3170918482,9170242.917292478,2.7547322749640886
ACC07293,0,0.8489444549225658,2406244.0371624697,542705.129191687,0.22554035285284887
ACC07294,16,0.8195889307257538,4147276.568331338,2121552.155607528,0.5115530928917859
ACC07295,10,0.8334198965349033,967046.41316011,572799.8105492414,0.5923188409100745
ACC07296,25,0.9900885422473293,7113650.8185672285,12765502.750334207,1.794507922291486
ACC07297,0,0.8686772289614868,546242.8312636827,115998.47498525283,0.2123569744922803
ACC07298,6,0.8560383581630894,872027.7954758708,403491.3944977559,0.4627047401368304
ACC07299,0,0.8740702714766586,609204.1222816319,232603.28021963272,0.38181501357619085
ACC07300,6,0.8445939862103424,948789.0315949778,510633.29771734733,0.5381947732457854
